[Licensing::Module] Trying to connect to existing licensing client channel...
Built from '6000.3/staging' branch; Version is '6000.3.19f1 (7689f4515d75) revision 7768564'; Using compiler version '194234433'; Build Type 'Release'
[Licensing::IpcConnector] Channel LicenseClient-18163 doesn't exist
OS: 'Windows 10  (10.0.19045) 64bit Professional' Language: 'zh' Physical Memory: 32679 MB
BatchMode: 1, IsHumanControllingUs: 0, StartBugReporterOnCrash: 0, Is64bit: 1
System  architecture: x64
Process architecture: x64
Date: 2026-08-20T09:27:06Z
[Licensing::Module] Successfully launched the LicensingClient (PId: 13276)

COMMAND LINE ARGUMENTS:
C:\Program Files\Unity\Hub\Editor\6000.3.19f1\Editor\Unity.exe
-batchmode
-nographics
-quit
-projectPath
C:\Users\18163\AppData\Local\Temp\fd-b
-executeMethod
FruitDefense.Editor.WebBuild.Build
-logFile
C:\Users\18163\AppData\Local\Temp\fd-b\before-webgl-build.log
Successfully changed project path to: C:\Users\18163\AppData\Local\Temp\fd-b
C:/Users/18163/AppData/Local/Temp/fd-b
[UnityMemory] Configuration Parameters - Can be set up in boot.config
    "memorysetup-temp-allocator-size-nav-mesh-worker=65536"
    "memorysetup-temp-allocator-size-audio-worker=65536"
    "memorysetup-temp-allocator-size-gfx=262144"
    "memorysetup-allocator-temp-initial-block-size-main=262144"
    "memorysetup-allocator-temp-initial-block-size-worker=262144"
    "memorysetup-temp-allocator-size-background-worker=32768"
    "memorysetup-temp-allocator-size-job-worker=262144"
    "memorysetup-temp-allocator-size-preload-manager=33554432"
    "memorysetup-temp-allocator-size-gi-baking-worker=262144"
    "memorysetup-temp-allocator-size-gi-baking-worker=262144"
    "memorysetup-temp-allocator-size-gi-baking-worker=262144"
    "memorysetup-temp-allocator-size-gi-baking-worker=262144"
    "memorysetup-temp-allocator-size-gi-baking-worker=262144"
    "memorysetup-bucket-allocator-granularity=16"
    "memorysetup-bucket-allocator-bucket-count=8"
    "memorysetup-bucket-allocator-block-size=33554432"
    "memorysetup-bucket-allocator-block-count=8"
    "memorysetup-main-allocator-block-size=16777216"
    "memorysetup-thread-allocator-block-size=16777216"
    "memorysetup-gfx-main-allocator-block-size=16777216"
    "memorysetup-gfx-thread-allocator-block-size=16777216"
    "memorysetup-cache-allocator-block-size=4194304"
    "memorysetup-typetree-allocator-block-size=2097152"
    "memorysetup-profiler-bucket-allocator-granularity=16"
    "memorysetup-profiler-bucket-allocator-bucket-count=8"
    "memorysetup-profiler-bucket-allocator-block-size=33554432"
    "memorysetup-profiler-bucket-allocator-block-count=8"
    "memorysetup-profiler-allocator-block-size=16777216"
    "memorysetup-profiler-editor-allocator-block-size=1048576"
    "memorysetup-temp-allocator-size-main=16777216"
    "memorysetup-job-temp-allocator-block-size=2097152"
    "memorysetup-job-temp-allocator-block-size-background=1048576"
    "memorysetup-job-temp-allocator-reduction-small-platforms=262144"
    "memorysetup-temp-allocator-size-cloud-worker=32768"
Player connection [34028]  Target information:

Player connection [34028]  * "[IP] 192.168.3.10 [Port] 55504 [Flags] 2 [Guid] 2371179436 [EditorId] 2371179436 [Version] 1048832 [Id] WindowsEditor(7,DESKTOP-02DUQIQ) [Debug] 1 [PackageName] WindowsEditor [ProjectName] Editor"

Player connection [34028]  * "[IP] 169.254.219.203 [Port] 55504 [Flags] 2 [Guid] 2371179436 [EditorId] 2371179436 [Version] 1048832 [Id] WindowsEditor(7,DESKTOP-02DUQIQ) [Debug] 1 [PackageName] WindowsEditor [ProjectName] Editor"

Player connection [34028] Host joined multi-casting on [225.0.0.222:54997]...
Player connection [34028] Host joined alternative multi-casting on [225.0.0.222:34997]...
Input System module state changed to: Initialized.
[Physics::Module] Initialized fallback backend.
[Physics::Module] Id: 0xdecafbad
[Licensing::IpcConnector] Successfully connected to: "LicenseClient-18163" at "2026-08-20T09:27:07.1510887Z"
[Licensing::Client] Code 10 while verifying Licensing Client signature (process Id: 13276, path: "C:/Program Files/Unity/Hub/Editor/6000.3.19f1/Editor/Data/Resources/Licensing/Client/Unity.Licensing.Client.exe")
[Licensing::Module] LicensingClient has failed validation; ignoring
[Package Manager] Connected to IPC stream "Upm-17316" after 0.4 seconds.
[Licensing::Module] Licensing is not yet initialized.
[Licensing::Client] Handshaking with LicensingClient:
  Version:                 1.18.1+9fbee8e
  Session Id:              91a5e977a21048daa8bf1733a1fa8d51
  Correlation Id:          40506cbf68e03669ffb6c6ca42b1436e
  External correlation Id: 4341039535710510874
  Machine Id:              45/sxUmrq84w1DGaAIO3nlH4R54=
[Licensing::Module] Successfully connected to LicensingClient on channel: "LicenseClient-18163" (connect: 0.38s, validation: 0.29s, handshake: 0.04s)
[Licensing::IpcConnector] Successfully connected to: "LicenseClient-18163-notifications" at "2026-08-20T09:27:07.479238Z"
[Licensing::Module] Connected to LicensingClient (PId: 13276, launch time: 0.01, total connection time: 0.70s)
[Licensing::Module] Error: Access token is unavailable; failed to update
[Licensing::Client] Successfully resolved entitlement details
[Licensing::Module] License group:
  Id: F4-PJMF-AXN2-R4YC-DCT2-XXXX
  Product: Unity Personal
  Type: ULF
  Expiration: 2026-08-31T10:12:45Z
[Licensing::Client] Successfully updated license, isAsync: True, time: 0.01
[Licensing::Client] Successfully resolved entitlement details
[Licensing::Module] Licensing Background thread has ended after 0.75s
[Licensing::Module] Licensing is initialized (took 0.09s).
[Licensing::Client] Successfully resolved entitlement details
Library Redirect Path: Library/
Rebuilding Library because the asset database could not be found!
[Physics::Module] Selected backend.
[Physics::Module] Name: PhysX
[Physics::Module] Id: 0xf2b8ea05
[Physics::Module] SDK Version: 4.1.2
[Physics::Module] Integration Version: 1.0.0
[Physics::Module] Threading Mode: Multi-Threaded
Refreshing native plugins compatible for Editor in 0.00 ms, found 0 plugins.
Preloading 0 native plugins for Editor in 0.00 ms.
Initialize engine version: 6000.3.19f1 (7689f4515d75)
[Subsystems] Discovering subsystems at path C:/Program Files/Unity/Hub/Editor/6000.3.19f1/Editor/Data/Resources/UnitySubsystems
[Subsystems] Discovering subsystems at path C:/Users/18163/AppData/Local/Temp/fd-b/Assets
Forcing GfxDevice: Null
GfxDevice: creating device client; kGfxThreadingModeNonThreaded
NullGfxDevice:
    Version:  NULL 1.0 [1.0]
    Renderer: Null Device
    Vendor:   Unity Technologies
Initialize mono
Mono path[0] = 'C:/Program Files/Unity/Hub/Editor/6000.3.19f1/Editor/Data/Managed'
Mono path[1] = 'C:/Program Files/Unity/Hub/Editor/6000.3.19f1/Editor/Data/MonoBleedingEdge/lib/mono/unityjit-win32'
Mono config path = 'C:/Program Files/Unity/Hub/Editor/6000.3.19f1/Editor/Data/MonoBleedingEdge/etc'
Using monoOptions --debugger-agent=transport=dt_socket,embedding=1,server=y,suspend=n,address=127.0.0.1:56316
Using cacheserver namespaces - metadata:defaultmetadata, artifacts:defaultartifacts
Using cacheserver namespaces - metadata:defaultmetadata, artifacts:defaultartifacts
ImportWorker Server TCP listen port: 0
AcceleratorClientConnectionCallback - disconnected - :0
Begin MonoManager ReloadAssembly
Registering precompiled unity dll's ...
Register platform support module: C:/Program Files/Unity/Hub/Editor/6000.3.19f1/Editor/Data/PlaybackEngines/WebGLSupport/UnityEditor.WebGL.Extensions.dll
Register platform support module: C:/Program Files/Unity/Hub/Editor/6000.3.19f1/Editor/Data/PlaybackEngines/WindowsStandaloneSupport/UnityEditor.WindowsStandalone.Extensions.dll
Registered in 0.002924 seconds.
- Loaded All Assemblies, in  0.379 seconds
Native extension for WindowsStandalone target not found
Native extension for WebGL target not found
Package Manager log level set to [2]
ScheduleIndexationOnStartup MainProcess:False IndexOnStartup:False
Mono: successfully reloaded assembly
- Finished resetting the current domain, in  0.355 seconds
Domain Reload Profiling: 732ms
	BeginReloadAssembly (137ms)
		ExecutionOrderSort (0ms)
		DisableScriptedObjects (0ms)
		BackupInstance (0ms)
		ReleaseScriptingObjects (0ms)
		CreateAndSetChildDomain (8ms)
	RebuildCommonClasses (32ms)
	RebuildNativeTypeToScriptingClass (10ms)
	initialDomainReloadingComplete (47ms)
	LoadAllAssembliesAndSetupDomain (149ms)
		LoadAssemblies (126ms)
		RebuildTransferFunctionScriptingTraits (0ms)
		AnalyzeDomain (146ms)
			TypeCache.Refresh (144ms)
				TypeCache.ScanAssembly (132ms)
			BuildScriptInfoCaches (0ms)
			ResolveRequiredComponents (0ms)
	FinalizeReload (356ms)
		ReleaseScriptCaches (0ms)
		RebuildScriptCaches (0ms)
		SetupLoadedEditorAssemblies (323ms)
			LogAssemblyErrors (0ms)
			InitializePlatformSupportModulesInManaged (49ms)
			SetLoadedEditorAssemblies (3ms)
			BeforeProcessingInitializeOnLoad (73ms)
			ProcessInitializeOnLoadAttributes (123ms)
			ProcessInitializeOnLoadMethodAttributes (75ms)
			AfterProcessingInitializeOnLoad (0ms)
			EditorAssembliesLoaded (0ms)
		ExecutionOrderSort2 (0ms)
		AwakeInstancesAfterBackupRestoration (0ms)
[Licensing::Client] Successfully resolved entitlement details
Application.AssetDatabase Initial Refresh Start
[Package Manager] Done resolving packages in 0.82 seconds
[Licensing::Client] Successfully resolved entitlement details
[Package Manager] Registered 33 packages:
  Built-in packages:
    com.unity.modules.ai@1.0.0 (location: C:\Users\18163\AppData\Local\Temp\fd-b\Library\PackageCache\com.unity.modules.ai)
    com.unity.modules.androidjni@1.0.0 (location: C:\Users\18163\AppData\Local\Temp\fd-b\Library\PackageCache\com.unity.modules.androidjni)
    com.unity.modules.animation@1.0.0 (location: C:\Users\18163\AppData\Local\Temp\fd-b\Library\PackageCache\com.unity.modules.animation)
    com.unity.modules.assetbundle@1.0.0 (location: C:\Users\18163\AppData\Local\Temp\fd-b\Library\PackageCache\com.unity.modules.assetbundle)
    com.unity.modules.audio@1.0.0 (location: C:\Users\18163\AppData\Local\Temp\fd-b\Library\PackageCache\com.unity.modules.audio)
    com.unity.modules.cloth@1.0.0 (location: C:\Users\18163\AppData\Local\Temp\fd-b\Library\PackageCache\com.unity.modules.cloth)
    com.unity.modules.director@1.0.0 (location: C:\Users\18163\AppData\Local\Temp\fd-b\Library\PackageCache\com.unity.modules.director)
    com.unity.modules.imageconversion@1.0.0 (location: C:\Users\18163\AppData\Local\Temp\fd-b\Library\PackageCache\com.unity.modules.imageconversion)
    com.unity.modules.imgui@1.0.0 (location: C:\Users\18163\AppData\Local\Temp\fd-b\Library\PackageCache\com.unity.modules.imgui)
    com.unity.modules.jsonserialize@1.0.0 (location: C:\Users\18163\AppData\Local\Temp\fd-b\Library\PackageCache\com.unity.modules.jsonserialize)
    com.unity.modules.particlesystem@1.0.0 (location: C:\Users\18163\AppData\Local\Temp\fd-b\Library\PackageCache\com.unity.modules.particlesystem)
    com.unity.modules.physics@1.0.0 (location: C:\Users\18163\AppData\Local\Temp\fd-b\Library\PackageCache\com.unity.modules.physics)
    com.unity.modules.physics2d@1.0.0 (location: C:\Users\18163\AppData\Local\Temp\fd-b\Library\PackageCache\com.unity.modules.physics2d)
    com.unity.modules.screencapture@1.0.0 (location: C:\Users\18163\AppData\Local\Temp\fd-b\Library\PackageCache\com.unity.modules.screencapture)
    com.unity.modules.terrain@1.0.0 (location: C:\Users\18163\AppData\Local\Temp\fd-b\Library\PackageCache\com.unity.modules.terrain)
    com.unity.modules.terrainphysics@1.0.0 (location: C:\Users\18163\AppData\Local\Temp\fd-b\Library\PackageCache\com.unity.modules.terrainphysics)
    com.unity.modules.tilemap@1.0.0 (location: C:\Users\18163\AppData\Local\Temp\fd-b\Library\PackageCache\com.unity.modules.tilemap)
    com.unity.modules.ui@1.0.0 (location: C:\Users\18163\AppData\Local\Temp\fd-b\Library\PackageCache\com.unity.modules.ui)
    com.unity.modules.uielements@1.0.0 (location: C:\Users\18163\AppData\Local\Temp\fd-b\Library\PackageCache\com.unity.modules.uielements)
    com.unity.modules.umbra@1.0.0 (location: C:\Users\18163\AppData\Local\Temp\fd-b\Library\PackageCache\com.unity.modules.umbra)
    com.unity.modules.unityanalytics@1.0.0 (location: C:\Users\18163\AppData\Local\Temp\fd-b\Library\PackageCache\com.unity.modules.unityanalytics)
    com.unity.modules.unitywebrequest@1.0.0 (location: C:\Users\18163\AppData\Local\Temp\fd-b\Library\PackageCache\com.unity.modules.unitywebrequest)
    com.unity.modules.unitywebrequestassetbundle@1.0.0 (location: C:\Users\18163\AppData\Local\Temp\fd-b\Library\PackageCache\com.unity.modules.unitywebrequestassetbundle)
    com.unity.modules.unitywebrequestaudio@1.0.0 (location: C:\Users\18163\AppData\Local\Temp\fd-b\Library\PackageCache\com.unity.modules.unitywebrequestaudio)
    com.unity.modules.unitywebrequesttexture@1.0.0 (location: C:\Users\18163\AppData\Local\Temp\fd-b\Library\PackageCache\com.unity.modules.unitywebrequesttexture)
    com.unity.modules.unitywebrequestwww@1.0.0 (location: C:\Users\18163\AppData\Local\Temp\fd-b\Library\PackageCache\com.unity.modules.unitywebrequestwww)
    com.unity.modules.vehicles@1.0.0 (location: C:\Users\18163\AppData\Local\Temp\fd-b\Library\PackageCache\com.unity.modules.vehicles)
    com.unity.modules.video@1.0.0 (location: C:\Users\18163\AppData\Local\Temp\fd-b\Library\PackageCache\com.unity.modules.video)
    com.unity.modules.vr@1.0.0 (location: C:\Users\18163\AppData\Local\Temp\fd-b\Library\PackageCache\com.unity.modules.vr)
    com.unity.modules.wind@1.0.0 (location: C:\Users\18163\AppData\Local\Temp\fd-b\Library\PackageCache\com.unity.modules.wind)
    com.unity.modules.xr@1.0.0 (location: C:\Users\18163\AppData\Local\Temp\fd-b\Library\PackageCache\com.unity.modules.xr)
    com.unity.modules.subsystems@1.0.0 (location: C:\Users\18163\AppData\Local\Temp\fd-b\Library\PackageCache\com.unity.modules.subsystems)
    com.unity.modules.hierarchycore@1.0.0 (location: C:\Users\18163\AppData\Local\Temp\fd-b\Library\PackageCache\com.unity.modules.hierarchycore)
[Subsystems] No new subsystems found in resolved package list.
[Package Manager] Done registering packages in 0.00 seconds
A meta data file (.meta) exists but its folder 'Assets/Battlefield/Maps' can't be found, and has been created. Empty directories cannot be stored in version control, so it's assumed that the meta data file is for an empty directory in version control. When moving or deleting folders outside of Unity, please ensure that the corresponding .meta file is moved or deleted along with it.
[ScriptCompilation] Requested script compilation because: Assetdatabase observed changes in script compilation related files
Starting: C:\Program Files\Unity\Hub\Editor\6000.3.19f1\Editor\Data\Tools\BuildPipeline\bee_backend.exe --ipc --defer-dag-verification --dagfile="Library/Bee/1900b0aE.dag" --continue-on-failure --profile="Library/Bee/backend1.traceevents" ScriptAssemblies
WorkingDir: C:/Users/18163/AppData/Local/Temp/fd-b
ExitCode: 4 Duration: 0s48ms
[             ] Require frontend run.  Library/Bee/1900b0aE.dag couldn't be loaded
DisplayProgressbar: Compiling Scripts
Starting: C:\Program Files\Unity\Hub\Editor\6000.3.19f1\Editor\Data\netcorerun\netcorerun.exe "C:\Program Files\Unity\Hub\Editor\6000.3.19f1\Editor\Data\Tools\BuildPipeline\ScriptCompilationBuildProgram.exe" "Library/Bee/1900b0aE.dag.json" "Library/Bee/1900b0aE-inputdata.json" "Library\Bee\buildprogram0.traceevents"
WorkingDir: C:/Users/18163/AppData/Local/Temp/fd-b
ExitCode: 0 Duration: 0s211ms
Starting: C:\Program Files\Unity\Hub\Editor\6000.3.19f1\Editor\Data\Tools\BuildPipeline\bee_backend.exe --ipc --defer-dag-verification --dagfile="Library/Bee/1900b0aE.dag" --continue-on-failure --dagfilejson="Library\Bee\1900b0aE.dag.json" --profile="Library/Bee/backend2.traceevents" ScriptAssemblies
WorkingDir: C:/Users/18163/AppData/Local/Temp/fd-b
ExitCode: 0 Duration: 3s974ms
Finished compiling graph: 159 nodes, 598 flattened edges (588 ToBuild, 4 ToUse), maximum node priority 18
[  1/156    0s] MovedFromExtractor Library/Bee/artifacts/mvdfrm/UnityEditor.HierarchyModule.dll_9BE80DA536F1FB51.mvfrm
[  2/156    0s] MovedFromExtractor Library/Bee/artifacts/mvdfrm/UnityEditor.GraphicsStateCollectionSerializerModule.dll_10EE8D7DF091C1D2.mvfrm
[  3/156    0s] MovedFromExtractor Library/Bee/artifacts/mvdfrm/UnityEditor.GIModule.dll_86EF8DF7412E354A.mvfrm
[  4/156    0s] MovedFromExtractor Library/Bee/artifacts/mvdfrm/UnityEditor.GridModule.dll_97FFCCB48428337E.mvfrm
[  5/156    0s] MovedFromExtractor Library/Bee/artifacts/mvdfrm/UnityEditor.DiagnosticsModule.dll_B5C67038C2325FB8.mvfrm
[  6/156    0s] MovedFromExtractor Library/Bee/artifacts/mvdfrm/UnityEditor.EmbreeModule.dll_E901368E5C330CB0.mvfrm
[  7/156    0s] MovedFromExtractor Library/Bee/artifacts/mvdfrm/UnityEditor.GridAndSnapModule.dll_BF7F56BA45971CA7.mvfrm
[  8/156    0s] MovedFromExtractor Library/Bee/artifacts/mvdfrm/UnityEditor.GraphViewModule.dll_AE7406C97912BC8F.mvfrm
[  9/156    0s] MovedFromExtractor Library/Bee/artifacts/mvdfrm/UnityEditor.DeviceSimulatorModule.dll_7AEE6DDC660937EA.mvfrm
[ 10/156    0s] MovedFromExtractor Library/Bee/artifacts/mvdfrm/UnityEngine.XRModule.dll_AE265E309838597D.mvfrm
[ 11/156    0s] MovedFromExtractor Library/Bee/artifacts/mvdfrm/UnityEditor.EditorToolbarModule.dll_577AE1259E628C7A.mvfrm
[ 12/156    0s] MovedFromExtractor Library/Bee/artifacts/mvdfrm/UnityEditor.CoreModule.dll_BA8EB0C66BD39D87.mvfrm
[ 13/156    0s] MovedFromExtractor Library/Bee/artifacts/mvdfrm/UnityEditor.CoreBusinessMetricsModule.dll_04893319D12C5CB0.mvfrm
[ 14/156    0s] MovedFromExtractor Library/Bee/artifacts/mvdfrm/UnityEngine.dll_2C4AEE646C788243.mvfrm
[ 15/156    0s] MovedFromExtractor Library/Bee/artifacts/mvdfrm/UnityEngine.WindModule.dll_53FE5F41A50F871B.mvfrm
[ 16/156    0s] MovedFromExtractor Library/Bee/artifacts/mvdfrm/UnityEditor.ClothModule.dll_9A8F645C43C5CB26.mvfrm
[ 17/156    0s] MovedFromExtractor Library/Bee/artifacts/mvdfrm/UnityEngine.UIModule.dll_289574A66D4386A7.mvfrm
[ 18/156    0s] MovedFromExtractor Library/Bee/artifacts/mvdfrm/UnityEditor.AdaptivePerformanceModule.dll_849E399FAAE52DB6.mvfrm
[ 19/156    0s] MovedFromExtractor Library/Bee/artifacts/mvdfrm/UnityEngine.VehiclesModule.dll_40BA8999B424C2EA.mvfrm
[ 20/156    0s] MovedFromExtractor Library/Bee/artifacts/mvdfrm/UnityEditor.AssetComplianceModule.dll_B3C97DCAE0C51C17.mvfrm
[ 21/156    0s] MovedFromExtractor Library/Bee/artifacts/mvdfrm/UnityEngine.VirtualTexturingModule.dll_665F0DD6A50608D0.mvfrm
[ 22/156    0s] MovedFromExtractor Library/Bee/artifacts/mvdfrm/UnityEditor.BuildProfileModule.dll_55781296CAD42AA3.mvfrm
[ 23/156    0s] MovedFromExtractor Library/Bee/artifacts/mvdfrm/UnityEngine.VRModule.dll_7B679B2C0EFE0C1F.mvfrm
[ 24/156    0s] MovedFromExtractor Library/Bee/artifacts/mvdfrm/UnityEngine.VideoModule.dll_1EDD48305DB8388C.mvfrm
[ 25/156    0s] MovedFromExtractor Library/Bee/artifacts/mvdfrm/UnityEngine.VFXModule.dll_AA32729BFA69CED9.mvfrm
[ 26/156    0s] MovedFromExtractor Library/Bee/artifacts/mvdfrm/UnityEngine.UnityWebRequestTextureModule.dll_9254DC7AD52BBAFE.mvfrm
[ 27/156    0s] MovedFromExtractor Library/Bee/artifacts/mvdfrm/UnityEngine.UnityWebRequestModule.dll_FE2C35A862DD97E1.mvfrm
[ 28/156    0s] MovedFromExtractor Library/Bee/artifacts/mvdfrm/UnityEngine.UnityCurlModule.dll_B0162423C3838322.mvfrm
[ 29/156    0s] MovedFromExtractor Library/Bee/artifacts/mvdfrm/UnityEngine.UnityConsentModule.dll_0FB73B47F74AA6B8.mvfrm
[ 30/156    0s] MovedFromExtractor Library/Bee/artifacts/mvdfrm/UnityEngine.UnityConnectModule.dll_3E11A41BEA401068.mvfrm
[ 31/156    0s] MovedFromExtractor Library/Bee/artifacts/mvdfrm/UnityEngine.UnityWebRequestAudioModule.dll_76D28B1F5E8C9A09.mvfrm
[ 32/156    0s] MovedFromExtractor Library/Bee/artifacts/mvdfrm/UnityEngine.UnityWebRequestWWWModule.dll_34BC711E29FC9F7A.mvfrm
[ 33/156    0s] MovedFromExtractor Library/Bee/artifacts/mvdfrm/UnityEngine.UnityWebRequestAssetBundleModule.dll_6E7894F0573FAEE5.mvfrm
[ 34/156    0s] MovedFromExtractor Library/Bee/artifacts/mvdfrm/UnityEngine.UnityAnalyticsModule.dll_BC8A153F21CBDD14.mvfrm
[ 35/156    0s] MovedFromExtractor Library/Bee/artifacts/mvdfrm/UnityEngine.UnityAnalyticsCommonModule.dll_9A14F484F20A6DCF.mvfrm
[ 36/156    0s] MovedFromExtractor Library/Bee/artifacts/mvdfrm/UnityEngine.UmbraModule.dll_74A86FDE284CC85A.mvfrm
[ 37/156    0s] MovedFromExtractor Library/Bee/artifacts/mvdfrm/UnityEditor.AccessibilityModule.dll_217ECB5324CCDB2A.mvfrm
[ 38/156    0s] MovedFromExtractor Library/Bee/artifacts/mvdfrm/UnityEngine.TilemapModule.dll_C15082487421A48F.mvfrm
[ 39/156    0s] MovedFromExtractor Library/Bee/artifacts/mvdfrm/UnityEngine.TextRenderingModule.dll_50FE664668A46B30.mvfrm
[ 40/156    0s] MovedFromExtractor Library/Bee/artifacts/mvdfrm/UnityEngine.TextCoreTextEngineModule.dll_69FA2BC23A3CE30E.mvfrm
[ 41/156    0s] MovedFromExtractor Library/Bee/artifacts/mvdfrm/UnityEngine.TLSModule.dll_2953DA2D23FC656C.mvfrm
[ 42/156    0s] MovedFromExtractor Library/Bee/artifacts/mvdfrm/UnityEngine.TerrainPhysicsModule.dll_9D654D488EE785A5.mvfrm
[ 43/156    0s] MovedFromExtractor Library/Bee/artifacts/mvdfrm/UnityEngine.TerrainModule.dll_22541AC75C64C386.mvfrm
[ 44/156    0s] MovedFromExtractor Library/Bee/artifacts/mvdfrm/UnityEngine.TextCoreFontEngineModule.dll_2211F550AAB929F0.mvfrm
[ 45/156    0s] MovedFromExtractor Library/Bee/artifacts/mvdfrm/UnityEngine.SubstanceModule.dll_0E39848BEE4A4681.mvfrm
[ 46/156    0s] MovedFromExtractor Library/Bee/artifacts/mvdfrm/UnityEngine.UIElementsModule.dll_55C135B3EBBD6EAE.mvfrm
[ 47/156    0s] MovedFromExtractor Library/Bee/artifacts/mvdfrm/UnityEngine.SubsystemsModule.dll_5182D44BE89132B7.mvfrm
[ 48/156    0s] MovedFromExtractor Library/Bee/artifacts/mvdfrm/UnityEngine.StreamingModule.dll_318E7042A2F74873.mvfrm
[ 49/156    0s] MovedFromExtractor Library/Bee/artifacts/mvdfrm/UnityEngine.SpriteShapeModule.dll_9E2051923312490D.mvfrm
[ 50/156    0s] MovedFromExtractor Library/Bee/artifacts/mvdfrm/UnityEngine.SpriteMaskModule.dll_E6D56DEA1A494AA4.mvfrm
[ 51/156    0s] MovedFromExtractor Library/Bee/artifacts/mvdfrm/UnityEngine.SharedInternalsModule.dll_709E6CD3CF16F8B2.mvfrm
[ 52/156    0s] MovedFromExtractor Library/Bee/artifacts/mvdfrm/UnityEngine.ShaderRuntimeModule.dll_3D9766A8EDC8C8C4.mvfrm
[ 53/156    0s] MovedFromExtractor Library/Bee/artifacts/mvdfrm/UnityEngine.ScreenCaptureModule.dll_27BEF43BB16CEB3B.mvfrm
[ 54/156    0s] MovedFromExtractor Library/Bee/artifacts/mvdfrm/UnityEngine.PhysicsBackendPhysXModule.dll_1F41B5E2C8E6C37A.mvfrm
[ 55/156    0s] MovedFromExtractor Library/Bee/artifacts/mvdfrm/UnityEngine.RenderAs2DModule.dll_6C1BFD1E4B1F639D.mvfrm
[ 56/156    0s] MovedFromExtractor Library/Bee/artifacts/mvdfrm/UnityEngine.RuntimeInitializeOnLoadManagerInitializerModule.dll_86BD0CFB741A8D93.mvfrm
[ 57/156    0s] MovedFromExtractor Library/Bee/artifacts/mvdfrm/UnityEngine.PropertiesModule.dll_2AE43A986BC51966.mvfrm
[ 58/156    0s] MovedFromExtractor Library/Bee/artifacts/mvdfrm/UnityEngine.ShaderVariantAnalyticsModule.dll_530EFA2B80F7F679.mvfrm
[ 59/156    0s] MovedFromExtractor Library/Bee/artifacts/mvdfrm/UnityEngine.PhysicsModule.dll_080D9F5886A67A98.mvfrm
[ 60/156    0s] MovedFromExtractor Library/Bee/artifacts/mvdfrm/UnityEngine.Physics2DModule.dll_C99F72E2F46C88CA.mvfrm
[ 61/156    0s] MovedFromExtractor Library/Bee/artifacts/mvdfrm/UnityEngine.PerformanceReportingModule.dll_FED63740D821CF71.mvfrm
[ 62/156    0s] MovedFromExtractor Library/Bee/artifacts/mvdfrm/UnityEngine.ParticleSystemModule.dll_9CEAA47575A48B18.mvfrm
[ 63/156    0s] MovedFromExtractor Library/Bee/artifacts/mvdfrm/UnityEngine.MultiplayerModule.dll_046740C436379E7B.mvfrm
[ 64/156    0s] MovedFromExtractor Library/Bee/artifacts/mvdfrm/UnityEngine.LocalizationModule.dll_0E9B5F7538BBD57C.mvfrm
[ 65/156    0s] MovedFromExtractor Library/Bee/artifacts/mvdfrm/UnityEngine.MarshallingModule.dll_2D27C2CC61983E55.mvfrm
[ 66/156    0s] MovedFromExtractor Library/Bee/artifacts/mvdfrm/UnityEngine.InputLegacyModule.dll_16043F561561C6F4.mvfrm
[ 67/156    0s] MovedFromExtractor Library/Bee/artifacts/mvdfrm/UnityEngine.JSONSerializeModule.dll_0DD746B69D00BED9.mvfrm
[ 68/156    0s] MovedFromExtractor Library/Bee/artifacts/mvdfrm/UnityEngine.InsightsModule.dll_62BE58AAC47842CE.mvfrm
[ 69/156    0s] MovedFromExtractor Library/Bee/artifacts/mvdfrm/UnityEngine.ImageConversionModule.dll_EC8D2DFE57E8FD62.mvfrm
[ 70/156    0s] MovedFromExtractor Library/Bee/artifacts/mvdfrm/UnityEngine.InputModule.dll_60498B76115E418B.mvfrm
[ 71/156    0s] MovedFromExtractor Library/Bee/artifacts/mvdfrm/UnityEngine.InputForUIModule.dll_005B557358FA51E6.mvfrm
[ 72/156    0s] MovedFromExtractor Library/Bee/artifacts/mvdfrm/UnityEngine.IdentifiersModule.dll_5D48AC2D3FE8DF1B.mvfrm
[ 73/156    0s] MovedFromExtractor Library/Bee/artifacts/mvdfrm/UnityEngine.IMGUIModule.dll_3233632C6157B0C8.mvfrm
[ 74/156    0s] MovedFromExtractor Library/Bee/artifacts/mvdfrm/UnityEngine.HotReloadModule.dll_FE4240F82EA2ACB7.mvfrm
[ 75/156    0s] MovedFromExtractor Library/Bee/artifacts/mvdfrm/UnityEngine.HierarchyCoreModule.dll_24DA5A550C72B745.mvfrm
[ 76/156    0s] MovedFromExtractor Library/Bee/artifacts/mvdfrm/UnityEngine.GraphicsStateCollectionSerializerModule.dll_19E25A6DBD910B37.mvfrm
[ 77/156    0s] MovedFromExtractor Library/Bee/artifacts/mvdfrm/UnityEngine.GIModule.dll_C55E1F86ACAB6915.mvfrm
[ 78/156    0s] MovedFromExtractor Library/Bee/artifacts/mvdfrm/UnityEngine.GameCenterModule.dll_FDA8FB59F8D9B52A.mvfrm
[ 79/156    0s] MovedFromExtractor Library/Bee/artifacts/mvdfrm/UnityEngine.GridModule.dll_BB20A0072C2D9EA9.mvfrm
[ 80/156    0s] MovedFromExtractor Library/Bee/artifacts/mvdfrm/UnityEngine.DSPGraphModule.dll_CE48F183AC5BC470.mvfrm
[ 81/156    0s] MovedFromExtractor Library/Bee/artifacts/mvdfrm/UnityEngine.CrashReportingModule.dll_49D85B290792FF8A.mvfrm
[ 82/156    0s] MovedFromExtractor Library/Bee/artifacts/mvdfrm/UnityEngine.DirectorModule.dll_C8F7901A39FAF34F.mvfrm
[ 83/156    0s] MovedFromExtractor Library/Bee/artifacts/mvdfrm/UnityEngine.ContentLoadModule.dll_1DD57D784BF2B8F0.mvfrm
[ 84/156    0s] MovedFromExtractor Library/Bee/artifacts/mvdfrm/UnityEngine.CoreModule.dll_DDAF841913D908B2.mvfrm
[ 85/156    0s] MovedFromExtractor Library/Bee/artifacts/mvdfrm/UnityEngine.ClusterInputModule.dll_D04E9522A13FE283.mvfrm
[ 86/156    0s] MovedFromExtractor Library/Bee/artifacts/mvdfrm/UnityEngine.ClusterRendererModule.dll_809B304DD5C4456E.mvfrm
[ 87/156    0s] MovedFromExtractor Library/Bee/artifacts/mvdfrm/UnityEngine.ClothModule.dll_60BC20C07542FBCB.mvfrm
[ 88/156    0s] MovedFromExtractor Library/Bee/artifacts/mvdfrm/UnityEngine.AssetBundleModule.dll_84BF24377D701103.mvfrm
[ 89/156    0s] MovedFromExtractor Library/Bee/artifacts/mvdfrm/UnityEngine.AudioModule.dll_F9D3C3C59B261CE7.mvfrm
[ 90/156    0s] MovedFromExtractor Library/Bee/artifacts/mvdfrm/UnityEngine.AnimationModule.dll_7CF982F2536F9135.mvfrm
[ 91/156    0s] MovedFromExtractor Library/Bee/artifacts/mvdfrm/UnityEditor.dll_F9A6A78C0E04F55E.mvfrm
[ 92/156    0s] MovedFromExtractor Library/Bee/artifacts/mvdfrm/UnityEngine.ARModule.dll_E6949B7C6E19DFC4.mvfrm
[ 93/156    0s] MovedFromExtractor Library/Bee/artifacts/mvdfrm/UnityEngine.AIModule.dll_2D21D67910FC80FB.mvfrm
[ 94/156    0s] MovedFromExtractor Library/Bee/artifacts/mvdfrm/UnityEngine.AndroidJNIModule.dll_D35BB13F3298C439.mvfrm
[ 95/156    0s] MovedFromExtractor Library/Bee/artifacts/mvdfrm/UnityEditor.VideoModule.dll_58B08BCC2C3B07E7.mvfrm
[ 96/156    0s] MovedFromExtractor Library/Bee/artifacts/mvdfrm/UnityEditor.XRModule.dll_6FB7CCA12CBB25B2.mvfrm
[ 97/156    0s] MovedFromExtractor Library/Bee/artifacts/mvdfrm/UnityEditor.VFXModule.dll_9E10D0488AB9C0D4.mvfrm
[ 98/156    0s] MovedFromExtractor Library/Bee/artifacts/mvdfrm/UnityEditor.VectorGraphicsModule.dll_790D790EEBBE6D56.mvfrm
[ 99/156    0s] MovedFromExtractor Library/Bee/artifacts/mvdfrm/UnityEditor.UmbraModule.dll_AE7BB379F6CF97B5.mvfrm
[100/156    0s] MovedFromExtractor Library/Bee/artifacts/mvdfrm/UnityEditor.UnityConnectModule.dll_50B2200CEFB80FBD.mvfrm
[101/156    0s] MovedFromExtractor Library/Bee/artifacts/mvdfrm/UnityEditor.UIToolkitAuthoringModule.dll_D7090E8AB641EEE5.mvfrm
[102/156    0s] MovedFromExtractor Library/Bee/artifacts/mvdfrm/UnityEditor.UIElementsSamplesModule.dll_8876BC4FBB1BD33A.mvfrm
[103/156    0s] MovedFromExtractor Library/Bee/artifacts/mvdfrm/UnityEditor.UIAutomationModule.dll_061901876747F363.mvfrm
[104/156    0s] MovedFromExtractor Library/Bee/artifacts/mvdfrm/UnityEditor.TreeModule.dll_183AA5D4F39932C6.mvfrm
[105/156    0s] MovedFromExtractor Library/Bee/artifacts/mvdfrm/UnityEditor.UIElementsModule.dll_5512C86BE9795563.mvfrm
[106/156    0s] MovedFromExtractor Library/Bee/artifacts/mvdfrm/UnityEditor.UIBuilderModule.dll_02FCB3E5EBCB35C3.mvfrm
[107/156    0s] MovedFromExtractor Library/Bee/artifacts/mvdfrm/UnityEditor.TilemapModule.dll_CED5C99E0F12BD4A.mvfrm
[108/156    0s] MovedFromExtractor Library/Bee/artifacts/mvdfrm/UnityEditor.TextRenderingModule.dll_C4BD741EEFABE80B.mvfrm
[109/156    0s] MovedFromExtractor Library/Bee/artifacts/mvdfrm/UnityEditor.TextCoreFontEngineModule.dll_A3B279FD97BB6B25.mvfrm
[110/156    0s] MovedFromExtractor Library/Bee/artifacts/mvdfrm/UnityEditor.TextCoreTextEngineModule.dll_EB9AB06F273F2443.mvfrm
[111/156    0s] MovedFromExtractor Library/Bee/artifacts/mvdfrm/UnityEditor.SubstanceModule.dll_585393A308CA949C.mvfrm
[112/156    0s] MovedFromExtractor Library/Bee/artifacts/mvdfrm/UnityEditor.SpriteShapeModule.dll_985A820320D83888.mvfrm
[113/156    0s] MovedFromExtractor Library/Bee/artifacts/mvdfrm/UnityEditor.SketchUpModule.dll_B5F5B2EA0161B7DF.mvfrm
[114/156    0s] MovedFromExtractor Library/Bee/artifacts/mvdfrm/UnityEditor.TerrainModule.dll_2FD9621CF755DC41.mvfrm
[115/156    0s] MovedFromExtractor Library/Bee/artifacts/mvdfrm/UnityEditor.ShaderBuildSettingsModule.dll_8CC480487DE45EF8.mvfrm
[116/156    0s] MovedFromExtractor Library/Bee/artifacts/mvdfrm/UnityEditor.ShaderCompilationModule.dll_94451EC79E1FC80A.mvfrm
[117/156    0s] MovedFromExtractor Library/Bee/artifacts/mvdfrm/UnityEditor.SpriteMaskModule.dll_E62700A218053159.mvfrm
[118/156    0s] MovedFromExtractor Library/Bee/artifacts/mvdfrm/UnityEditor.ShaderFoundryModule.dll_B9FA2226BFFEB340.mvfrm
[119/156    0s] MovedFromExtractor Library/Bee/artifacts/mvdfrm/UnityEditor.SceneViewModule.dll_ED23E9D16E35899D.mvfrm
[120/156    0s] WriteText Library/Bee/artifacts/1900b0aE.dag/Assembly-CSharp.rsp2
[121/156    0s] WriteText Library/Bee/artifacts/1900b0aE.dag/Assembly-CSharp.UnityAdditionalFile.txt
[122/156    0s] WriteText Library/Bee/artifacts/1900b0aE.dag/Assembly-CSharp.dll.mvfrm.rsp
[123/156    0s] WriteText Library/Bee/artifacts/1900b0aE.dag/Assembly-CSharp.rsp
[124/156    0s] MovedFromExtractor Library/Bee/artifacts/mvdfrm/UnityEditor.SceneTemplateModule.dll_7B1A51E39D4F36B2.mvfrm
[125/156    0s] MovedFromExtractor Library/Bee/artifacts/mvdfrm/UnityEditor.SafeModeModule.dll_CDE0CD99B6301BC8.mvfrm
[126/156    0s] MovedFromExtractor Library/Bee/artifacts/mvdfrm/UnityEditor.QuickSearchModule.dll_40D5F1461B095C11.mvfrm
[127/156    0s] MovedFromExtractor Library/Bee/artifacts/mvdfrm/UnityEditor.QuickInstallModule.dll_345760D60C5A98D6.mvfrm
[128/156    0s] MovedFromExtractor Library/Bee/artifacts/mvdfrm/UnityEditor.PropertiesModule.dll_2A35CD506981001B.mvfrm
[129/156    0s] MovedFromExtractor Library/Bee/artifacts/mvdfrm/UnityEditor.PhysicsModule.dll_1592E6AE21979353.mvfrm
[130/156    0s] MovedFromExtractor Library/Bee/artifacts/mvdfrm/UnityEditor.PlayModeModule.dll_13D4BF5354F92B2F.mvfrm
[131/156    0s] MovedFromExtractor Library/Bee/artifacts/mvdfrm/UnityEditor.PresetsUIModule.dll_69DA3FAB7B6B1494.mvfrm
[132/156    0s] MovedFromExtractor Library/Bee/artifacts/mvdfrm/UnityEditor.MultiplayerModule.dll_FEA1713523FD8DF6.mvfrm
[133/156    0s] WriteText Library/Bee/artifacts/1900b0aE.dag/Assembly-CSharp-Editor.rsp2
[134/156    0s] WriteText Library/Bee/artifacts/1900b0aE.dag/Assembly-CSharp-Editor.UnityAdditionalFile.txt
[135/156    0s] MovedFromExtractor Library/Bee/artifacts/mvdfrm/UnityEditor.MediaModule.dll_FF6720F2E7F574D0.mvfrm
[136/156    0s] WriteText Library/Bee/artifacts/1900b0aE.dag/Assembly-CSharp-Editor.dll.mvfrm.rsp
[137/156    0s] WriteText Library/Bee/artifacts/1900b0aE.dag/Assembly-CSharp-Editor.rsp
[138/156    0s] MovedFromExtractor Library/Bee/artifacts/mvdfrm/UnityEditor.WindowsStandalone.Extensions.dll_849A2E77E2A47B89.mvfrm
[139/156    0s] MovedFromExtractor Library/Bee/artifacts/mvdfrm/UnityEditor.Physics2DModule.dll_13B981FA0EECD6E5.mvfrm
[140/156    0s] MovedFromExtractor Library/Bee/artifacts/mvdfrm/UnityEditor.WebGL.Extensions.dll_6D38A881E3CBEB19.mvfrm
[141/156    0s] MovedFromExtractor Library/Bee/artifacts/mvdfrm/UnityEngine.VectorGraphicsModule.dll_3431DAAA07AB0161.mvfrm
[142/156    0s] MovedFromExtractor Library/Bee/artifacts/mvdfrm/UnityEngine.NVIDIAModule.dll_41124E75B9D0275E.mvfrm
[143/156    0s] MovedFromExtractor Library/Bee/artifacts/mvdfrm/UnityEngine.HierarchyModule.dll_51CDFE8E1C71AD36.mvfrm
[144/156    0s] MovedFromExtractor Library/Bee/artifacts/mvdfrm/UnityEngine.AdaptivePerformanceModule.dll_452DCE55E62A80BB.mvfrm
[145/156    0s] MovedFromExtractor Library/Bee/artifacts/mvdfrm/UnityEngine.AccessibilityModule.dll_ADBFBD7A9DC55E4F.mvfrm
[146/156    0s] MovedFromExtractor-Combine Library/Bee/artifacts/1900b0aE.dag/Assembly-CSharp.dll.mvfrm
[147/156    0s] MovedFromExtractor Library/Bee/artifacts/mvdfrm/UnityEditor.Graphs.dll_DB28F98ADF73E0B9.mvfrm
[148/156    0s] MovedFromExtractor Library/Bee/artifacts/mvdfrm/UnityEngine.AMDModule.dll_2AC416C7FCCBEA19.mvfrm
[149/156    0s] MovedFromExtractor-Combine Library/Bee/artifacts/1900b0aE.dag/Assembly-CSharp-Editor.dll.mvfrm
[150/156    1s] Csc Library/Bee/artifacts/1900b0aE.dag/Assembly-CSharp.dll (+2 others)
[151/156    0s] CopyFiles Library/ScriptAssemblies/Assembly-CSharp.pdb
[152/156    0s] CopyFiles Library/ScriptAssemblies/Assembly-CSharp.dll
[153/156    0s] Csc Library/Bee/artifacts/1900b0aE.dag/Assembly-CSharp-Editor.dll (+2 others)
Assets\Editor\Tools\CanonicalBattlefieldMapEditorWindow.cs(209,17): warning CS0618: 'AssetDatabase.GetAssetPath(int)' is obsolete: 'Please use GetAssetPath(EntityId) with the EntityId parameter type instead.'

Assets\Editor\Tools\ProjectSetup.cs(57,13): warning CS0618: 'PlayerSettings.SetApplicationIdentifier(BuildTargetGroup, string)' is obsolete: 'Use SetApplicationIdentifier(NamedBuildTarget buildTarget, string identifier) instead'

Assets\Editor\Tests\RuntimeUiVisualSystemSmoke.cs(908,24): warning CS0252: Possible unintended reference comparison; to get a value comparison, cast the left hand side to type 'Object'
[154/156    0s] CopyFiles Library/ScriptAssemblies/Assembly-CSharp-Editor.pdb
[155/156    0s] CopyFiles Library/ScriptAssemblies/Assembly-CSharp-Editor.dll
*** Tundra build success (3.95 seconds), 155 items updated, 156 evaluated
Assets\Editor\Tools\CanonicalBattlefieldMapEditorWindow.cs(209,17): warning CS0618: 'AssetDatabase.GetAssetPath(int)' is obsolete: 'Please use GetAssetPath(EntityId) with the EntityId parameter type instead.'
Assets\Editor\Tools\ProjectSetup.cs(57,13): warning CS0618: 'PlayerSettings.SetApplicationIdentifier(BuildTargetGroup, string)' is obsolete: 'Use SetApplicationIdentifier(NamedBuildTarget buildTarget, string identifier) instead'
Assets\Editor\Tests\RuntimeUiVisualSystemSmoke.cs(908,24): warning CS0252: Possible unintended reference comparison; to get a value comparison, cast the left hand side to type 'Object'
AssetDatabase: script compilation time: 4.587675s
Begin MonoManager ReloadAssembly
Total cache size 36279705
Total cache size after purge 36279705, took 00:00:00.0363014
- Loaded All Assemblies, in  0.273 seconds
Start importing Assets using Guid(00000000000000001000000000000000) (DefaultImporter) -> (artifact id: '4b55c7cb15071bfc086d0e52a7664a41') in 0.0123022 seconds
Start importing ProjectSettings/InputManager.asset using Guid(00000000000000002000000000000000) (LibraryAssetImporter) -> (artifact id: '19a79a9c4cb23a7053f290e44d3ed2e3') in 0.0027203 seconds
Start importing ProjectSettings/TagManager.asset using Guid(00000000000000003000000000000000) (LibraryAssetImporter) -> (artifact id: '249e6ae193fe15b5f85390eb796f563d') in 0.0016901 seconds
Start importing ProjectSettings/ProjectSettings.asset using Guid(00000000000000004000000000000000) (LibraryAssetImporter) -> (artifact id: 'd9e309875527d59feec9a137dd38392d') in 0.0030006 seconds
Start importing ProjectSettings/AudioManager.asset using Guid(00000000000000006000000000000000) (LibraryAssetImporter) -> (artifact id: '6532307993a7aa40f288daf5a3230fde') in 0.0017466 seconds
Start importing ProjectSettings/TimeManager.asset using Guid(00000000000000007000000000000000) (LibraryAssetImporter) -> (artifact id: '61d7747d291260b0ca62f73a2daad72b') in 0.0015991 seconds
Start importing ProjectSettings/DynamicsManager.asset using Guid(00000000000000008000000000000000) (LibraryAssetImporter) -> (artifact id: '5c88dab609a98929eeaa50d5eae8968c') in 0.0016077 seconds
Start importing ProjectSettings/QualitySettings.asset using Guid(00000000000000009000000000000000) (LibraryAssetImporter) -> (artifact id: 'd1ce40a5c59d19602d9cea8109e0f4ba') in 0.0018461 seconds
Start importing ProjectSettings/EditorBuildSettings.asset using Guid(0000000000000000b000000000000000) (LibraryAssetImporter) -> (artifact id: 'e9778816ece7a6d30daa92f0db01c317') in 0.0015566 seconds
Start importing ProjectSettings/EditorSettings.asset using Guid(0000000000000000c000000000000000) (LibraryAssetImporter) -> (artifact id: 'cde089171ddd08ab959b38df8d41c4b6') in 0.0015675 seconds
Start importing ProjectSettings/NavMeshAreas.asset using Guid(00000000000000004100000000000000) (LibraryAssetImporter) -> (artifact id: 'f37b65488e76097b2f0106c8e0f4e6c3') in 0.001618 seconds
Start importing ProjectSettings/Physics2DSettings.asset using Guid(00000000000000005100000000000000) (LibraryAssetImporter) -> (artifact id: 'a9b7ba3d7aaf1b9ccb89025d189f22a7') in 0.0017425 seconds
Start importing ProjectSettings/GraphicsSettings.asset using Guid(00000000000000006100000000000000) (LibraryAssetImporter) -> (artifact id: '47fb1951cb61c751d1e83cd65977ccbf') in 0.0018174 seconds
Start importing ProjectSettings/ClusterInputManager.asset using Guid(00000000000000007100000000000000) (LibraryAssetImporter) -> (artifact id: '3c1cab539eb3118ee267d5d6e129e2cb') in 0.0015979 seconds
Start importing ProjectSettings/UnityConnectSettings.asset using Guid(0000000000000000a100000000000000) (LibraryAssetImporter) -> (artifact id: '57b38cec883f9b745b9cb40018dac9a5') in 0.0015728 seconds
Start importing ProjectSettings/PresetManager.asset using Guid(0000000000000000b100000000000000) (LibraryAssetImporter) -> (artifact id: '4f49b9ada1a03f31fba73abe7ee69594') in 0.0016474 seconds
Start importing ProjectSettings/VFXManager.asset using Guid(0000000000000000c100000000000000) (LibraryAssetImporter) -> (artifact id: '4ee93bd7f16988a0a1ab13205dfb6f84') in 0.0015598 seconds
Start importing ProjectSettings/VersionControlSettings.asset using Guid(0000000000000000d100000000000000) (LibraryAssetImporter) -> (artifact id: '804110e2248b06f29bd944cea4451e06') in 0.0015437 seconds
Start importing ProjectSettings/MemorySettings.asset using Guid(0000000000000000f100000000000000) (LibraryAssetImporter) -> (artifact id: 'b9de0faef65a2ae6bede5df0e58ed156') in 0.0018775 seconds
Start importing ProjectSettings/MultiplayerManager.asset using Guid(00000000000000000200000000000000) (LibraryAssetImporter) -> (artifact id: 'aae5546ec9abd835fd9f5081b9386b4c') in 0.0017018 seconds
Start importing Library/BuildInstructions using Guid(00000000000000002300000000000000) (DefaultImporter) -> (artifact id: 'ade3aeda13ad9960ede0e143cb33502a') in 0.000373 seconds
Start importing Packages/com.unity.modules.imgui using Guid(c060426bfd6e82575228df6656368eaa) (DefaultImporter) -> (artifact id: '7d484ab5933192f91b6a2fb9f7498a1e') in 0.0003778 seconds
Start importing Packages/com.unity.modules.animation using Guid(1158e311a3101950348dcecb1bebc42d) (DefaultImporter) -> (artifact id: 'ad15220686cb46a8486da5a82128437e') in 0.0003911 seconds
Start importing Packages/com.unity.modules.xr using Guid(515638b803bef8599dbd6d5c8bdaa53e) (DefaultImporter) -> (artifact id: '5cc0ee7d1c42b8eaef23530dfcf3e4db') in 0.000326 seconds
Start importing Assets/Editor using Guid(8140d58cb992cef4cb5bfb78be90db27) (DefaultImporter) -> (artifact id: '28fc600cc0ff114c7c64f72385694f4a') in 0.0004233 seconds
Start importing Assets/WebGLTemplates using Guid(b17a269e10e74acda35b93b5b98d7d92) (DefaultImporter) -> (artifact id: 'e7693d04b5dac6bfcedd2ccfba432152') in 0.0004278 seconds
Start importing Packages/com.unity.modules.assetbundle using Guid(b219c86ce508e478367c0a46e1aa9fe4) (DefaultImporter) -> (artifact id: 'bc1ccff54e0e81e719a299f618cbc700') in 0.0003361 seconds
Start importing Assets/DualGridTerrain using Guid(b38573b7be2aeed4ca54204e2cfaca84) (DefaultImporter) -> (artifact id: '26daba424f04655ca73159350321b389') in 0.0004125 seconds
Start importing Packages/com.unity.modules.screencapture using Guid(5469ef0820152a4ae45d400fdc4626e4) (DefaultImporter) -> (artifact id: '1b898430acdbbeb6302342e1f16ef5fd') in 0.0003325 seconds
Start importing Packages/com.unity.modules.cloth using Guid(c4df1124e2787ee0c8d1a911de17ee73) (DefaultImporter) -> (artifact id: 'b88b693b590a4a0a52eea9c60170b5d2') in 0.0003248 seconds
Start importing Packages/com.unity.modules.imageconversion using Guid(850c54ee0b9e1aa740b1c67792eb1f26) (DefaultImporter) -> (artifact id: '77f78b27bd9bac81a00a007ef6f28867') in 0.0003407 seconds
Start importing Packages/com.unity.modules.terrainphysics using Guid(95f85adeda79e994f011eb2152cf4fc9) (DefaultImporter) -> (artifact id: '361f0b2a768839d40a5a079492e0ff7f') in 0.0003425 seconds
Start importing Packages/com.unity.modules.unitywebrequest using Guid(c522a644a29fcab2eaf63298c118a65b) (DefaultImporter) -> (artifact id: 'd98f38a0b0a3a6ad84b730beb63727de') in 0.0003324 seconds
Start importing Packages/com.unity.modules.unitywebrequestassetbundle using Guid(d5f0b0adc6826e9dd3b72e292e8438be) (DefaultImporter) -> (artifact id: '4efb6f2729456c035f8d2599b921b1ba') in 0.0003394 seconds
Start importing Packages/com.unity.modules.subsystems using Guid(56b94a5b6990c879bb0f057719d1064b) (DefaultImporter) -> (artifact id: '04a7449add44c3b40bdab2ee56a390af') in 0.0003188 seconds
Start importing Packages/com.unity.modules.unityanalytics using Guid(d6c6a000a805f00649b36b542e8426c2) (DefaultImporter) -> (artifact id: '50e342d51c4bbc49e9992c96072b1439') in 0.0003177 seconds
Start importing Packages/com.unity.modules.physics using Guid(d6db7caf2e852b75ebb9c6098418179c) (DefaultImporter) -> (artifact id: 'b562405fb5bd1c9305c356f8cfe7a672') in 0.0003165 seconds
Start importing Packages/com.unity.modules.vr using Guid(178008567c08e6d84014fa87825d10bb) (DefaultImporter) -> (artifact id: '73cec448275baf0a5bb22c2b6702dc1b') in 0.0003335 seconds
Start importing Assets/DualGridDemo using Guid(27ccf3eb0630f104ea40916cd2c9e909) (DefaultImporter) -> (artifact id: '7efff96a7f99c62126c2115d9657a43e') in 0.0004363 seconds
Start importing Packages/com.unity.modules.physics2d using Guid(376c84ea405e0f2b80562c23bb977216) (DefaultImporter) -> (artifact id: 'f030ba7c21f8c3d36c2700ba9484429e') in 0.0003237 seconds
Start importing Packages/com.unity.modules.wind using Guid(b77b1ad9c05af0412725856c6c53b037) (DefaultImporter) -> (artifact id: '61b7785e224d7c7b869e66861a5b4394') in 0.0003196 seconds
Start importing Packages/com.unity.modules.uielements using Guid(2808ba6bccb2478ec9c7209d8bf1f3cc) (DefaultImporter) -> (artifact id: '49f971d306aab8cb20ddbc00ca94734a') in 0.0003206 seconds
Start importing Packages/com.unity.modules.unitywebrequestaudio using Guid(38e3a8976f0b9c586b6dfbcef4e4066c) (DefaultImporter) -> (artifact id: 'd22a0a5dce520265216aede629a15820') in 0.0003208 seconds
Start importing Packages/com.unity.modules.particlesystem using Guid(48b10b41f58d5b49717f376cda59eeb8) (DefaultImporter) -> (artifact id: '52931c3585e961751803a41152ba5f0c') in 0.000322 seconds
Start importing Assets/Resources using Guid(c89398750119cbd469836411d399f7bb) (DefaultImporter) -> (artifact id: 'cf5719c7a7519d7e42d0e14c92cab5c2') in 0.0004079 seconds
Start importing Packages/com.unity.modules.tilemap using Guid(09e28640d754a611467eebfb261ed749) (DefaultImporter) -> (artifact id: 'e25ff35afe7ee7ac44e2f5154ec1bf6d') in 0.0003164 seconds
Start importing Packages/com.unity.modules.ui using Guid(39728903e57c60021f80449a8bbc0096) (DefaultImporter) -> (artifact id: '9ba448b29b75a8a1f5c4c31201266424') in 0.0003158 seconds
Start importing Packages/com.unity.modules.androidjni using Guid(995c08a3305ff9f0dab5e86f340bd9a7) (DefaultImporter) -> (artifact id: 'cb17bea8d2250c1b95c120c742c59ba3') in 0.0003176 seconds
Start importing Packages/com.unity.modules.hierarchycore using Guid(6b81377a4453ba7362eb3322f9bcc6c6) (DefaultImporter) -> (artifact id: 'b5ba94375de312bec58cfc03230046fb') in 0.0003248 seconds
Start importing Packages/com.unity.modules.vehicles using Guid(1cf2469083ffa484da4d78dd70d708e8) (DefaultImporter) -> (artifact id: '9c6c089c957cf9dd84e226d7cd597cc4') in 0.0003207 seconds
Start importing Packages/com.unity.modules.umbra using Guid(9c7c268fa6492449654839df69f2a2f4) (DefaultImporter) -> (artifact id: '281c95feba9f039879135a452ddf9925') in 0.0003226 seconds
Start importing Packages/com.unity.modules.unitywebrequestwww using Guid(dcc8c6e92b172a65719af5ddf47dd968) (DefaultImporter) -> (artifact id: '7f5a98437b302707aa44474c2ba685a9') in 0.0003206 seconds
Start importing Assets/LayeredTerrain using Guid(dc8aff328fdb46749961e2a45a25d4c4) (DefaultImporter) -> (artifact id: '85b858af3647ca8755c34d6ceac94840') in 0.0004106 seconds
Start importing Packages/com.unity.modules.jsonserialize using Guid(fc3a810351931f5e6183e16b9beb5563) (DefaultImporter) -> (artifact id: 'ae149b8f46567b37c6b77b16bb572fe8') in 0.0003156 seconds
Start importing Packages/com.unity.modules.director using Guid(2d142b475fbfb8cf12ba3a795194300a) (DefaultImporter) -> (artifact id: '048fe235c538004c98f298dced6201df') in 0.000318 seconds
Start importing Assets/UI using Guid(2d5b80a3f6c24d9897f109ae4301b672) (DefaultImporter) -> (artifact id: 'edaa3cf75d4b34daffdf67c77c79287d') in 0.0004013 seconds
Start importing Packages/com.unity.modules.audio using Guid(2d6ba5cbe47e6ad3c87474c56174d4e0) (DefaultImporter) -> (artifact id: '2ad5535b0c9fde796c0a268a703c42c8') in 0.0003194 seconds
Start importing Packages/com.unity.modules.video using Guid(ede0462698a4a5643aa9872c074acd38) (DefaultImporter) -> (artifact id: '3172065d6af8ff17b025e0af8d219d15') in 0.0003442 seconds
Start importing Packages/com.unity.modules.ai using Guid(fd871a8be47119612f7c254e96a822b7) (DefaultImporter) -> (artifact id: '619e67a2820f0fb43e606df1f0c95aa2') in 0.000316 seconds
Start importing Packages/com.unity.modules.terrain using Guid(6e1c8b97ec8aa0464e92506ffe099558) (DefaultImporter) -> (artifact id: 'd262e4fb78f6fff54404eb87b88b9ac4') in 0.0003161 seconds
Start importing Assets/Content using Guid(8e24cbc1fa7c73d418d7088c5db7655b) (DefaultImporter) -> (artifact id: '7e2370140c897fe681f07b6b15dc6c07') in 0.000398 seconds
Start importing Assets/Scripts using Guid(de8041918f398b24488f1fb5094eb201) (DefaultImporter) -> (artifact id: '578b949e3245761b37f009a984946c5d') in 0.0003963 seconds
Start importing Assets/ArtSources using Guid(0f8fae7cb2e44fd8ab52459fca17a63c) (DefaultImporter) -> (artifact id: 'c8a6e0a855a7378ba05c699fc62669b7') in 0.0004251 seconds
Start importing Assets/Plugins using Guid(1f78f8d317807da4586fb37b58ed5dfb) (DefaultImporter) -> (artifact id: 'a54185c65bbafd16893ec906e10ed0d5') in 0.000406 seconds
Start importing Packages/com.unity.modules.unitywebrequesttexture using Guid(6f1c7ebc8ac78cb951be24c238cbd3ba) (DefaultImporter) -> (artifact id: '590a54cd80ec2a1da1d11f7ee409e01f') in 0.0003324 seconds
Start importing Assets/Scenes using Guid(9fb9b698840ea4a49996bc8db99ffa4f) (DefaultImporter) -> (artifact id: 'aa1e5c290bc931ed5f908cfbcbd2305f') in 0.000394 seconds
Start importing Assets/Battlefield using Guid(ef1347154992c4545bfab86c41964e89) (DefaultImporter) -> (artifact id: '470c398de930cf6df7bc173974709274') in 0.0003925 seconds
Start importing Assets/Scripts/Presentation using Guid(7182d7bbd18424a4da84f31533051f3a) (DefaultImporter) -> (artifact id: 'e89cdca2a5e560a3e387eb4dab281148') in 0.0004046 seconds
Start importing Assets/UI/Art using Guid(71a40dfbfc2242b68a8774296882cc51) (DefaultImporter) -> (artifact id: 'fa2c2762db2d5af12e1ec36d5f2255e8') in 0.0004216 seconds
Start importing Assets/Resources/TempArt using Guid(815ca5b6d90a1844980fb036dccbde29) (DefaultImporter) -> (artifact id: 'c25dbace63c0b739316ba8732eab8ff4') in 0.0003977 seconds
Start importing Assets/LayeredTerrain/Trials using Guid(6245a08804377804f892498cde803045) (DefaultImporter) -> (artifact id: '8ff7d9f63991401e6acb57f368803e48') in 0.0004182 seconds
Start importing Assets/Editor/Tests using Guid(821772fe77244dfcb894ca6a5500b589) (DefaultImporter) -> (artifact id: '6cf86791e5747ff970c8fd4a65d6ac22') in 0.0003969 seconds
Start importing Assets/Scripts/App using Guid(e25ccfc978673774d8fbd373001b415e) (DefaultImporter) -> (artifact id: 'd9f447a1c21a5ed09f3428366e470ac6') in 0.0004077 seconds
Start importing Assets/DualGridDemo/Tiles using Guid(03de961abc81c8740a46f7f7ada0da0e) (DefaultImporter) -> (artifact id: 'fd5199b0a6e23af22d18dbb0fef73c7e') in 0.0004027 seconds
Start importing Assets/ArtSources/TempArt using Guid(65d3fd0f2f3b455188f0e52de2d3c600) (DefaultImporter) -> (artifact id: 'd36855e1eebae67196ead8bf749ae2ad') in 0.0003915 seconds
Start importing Assets/Scripts/Content using Guid(95222d666abc59249a9bfbd8f4c7aa50) (DefaultImporter) -> (artifact id: '419c7a566348db039e74a605c1bef6c5') in 0.0003939 seconds
Start importing Assets/Battlefield/Terrain using Guid(0603406c30169f841ac688ac4fa946d8) (DefaultImporter) -> (artifact id: '625b4820110da1cf2be5d21ca94173ea') in 0.0003936 seconds
Start importing Assets/Scripts/Shell using Guid(c6508b0049904f5aa4d07d17db8fbab8) (DefaultImporter) -> (artifact id: 'e4743f9b7c1e0f5f214bf58d12d629d8') in 0.0004004 seconds
Start importing Assets/Plugins/WebGL using Guid(389121503eaed4b4a9a95ee08fb7dc88) (DefaultImporter) -> (artifact id: '7d9572a5ccb524e38513c851a831fc32') in 0.0004029 seconds
Start importing Assets/DualGridDemo/CartoonGrass using Guid(3836600a8ce1af1438b6d84e3aa864c9) (DefaultImporter) -> (artifact id: 'd7f2bda0506e1dacf185c5d8b53f07af') in 0.0004025 seconds
Start importing Assets/Editor/Tools using Guid(58e95435d4ad4b5ead1045825b3a10b2) (DefaultImporter) -> (artifact id: '6a4ffbd8553639b5c6c7093d8160649d') in 0.0004006 seconds
Start importing Assets/DualGridTerrain/StoneFloor using Guid(99a5a1f215c9a9a4c94685753e695d03) (DefaultImporter) -> (artifact id: 'b2a73b8c4700a8579201267c79cc21d4') in 0.0003953 seconds
Start importing Assets/Scripts/Core using Guid(a9beffb126461414d9603eacad20803d) (DefaultImporter) -> (artifact id: '38d07bb8c02b82380a4a3b8da80df7e6') in 0.0004224 seconds
Start importing Assets/DualGridDemo/PixelGrass using Guid(b94d755000724494987a39aaff045083) (DefaultImporter) -> (artifact id: 'c4af02732af0bd0d5127adf014c3b95f') in 0.0003959 seconds
Start importing Assets/LayeredTerrain/CompositeBrushes using Guid(c9d6ac13e16374447bcfaf72c12da398) (DefaultImporter) -> (artifact id: 'f0d2f048c10b0bddd787ec0c064b9666') in 0.0004014 seconds
Start importing Assets/Battlefield/Maps using Guid(bad482abca2c3774aa0c39434d6ffd68) (DefaultImporter) -> (artifact id: '42179842358f206479b656e72fc003d5') in 0.0003904 seconds
Start importing Assets/Scripts/Tilemaps using Guid(cb6335ffb291e5842805774b28c2add6) (DefaultImporter) -> (artifact id: '9ba71cffe43bec9c12d5dead72b3d623') in 0.00039 seconds
Start importing Assets/WebGLTemplates/FruitDefensePortraitContain using Guid(0ca8999a3b984df3b4e891e6577bb740) (DefaultImporter) -> (artifact id: '8fce835ef48923a03516fc677f9d2466') in 0.0004534 seconds
Start importing Assets/Resources/Content using Guid(cc66fe1b8a9ff4341825cad3d865063a) (DefaultImporter) -> (artifact id: 'c1874dc8a52b267f3a36b7a3f2d8dc9c') in 0.0003996 seconds
Start importing Assets/UI/Theme using Guid(7ec56b6bbd8344409294c4be1301e7e1) (DefaultImporter) -> (artifact id: 'd5cd3377ae251d005bec8a74c7b1d246') in 0.0004074 seconds
Start importing Assets/LayeredTerrain/GrassSoil using Guid(9e0f7491bebaa7842bfa91e9e55c07f6) (DefaultImporter) -> (artifact id: 'ddaa589822579a0cf3938b5b2dc7cb8d') in 0.0004107 seconds
Start importing Assets/Resources/Fonts using Guid(ce11500f3be91004097474e328b998ab) (DefaultImporter) -> (artifact id: '02071b18d5249a75874acd7f09995010') in 0.0004097 seconds
Start importing Assets/Scripts/UI using Guid(dec8a6c5d6554c5abc7ac4f57fad5c7d) (DefaultImporter) -> (artifact id: '7e3373c82b329e3f8df5bc7319e8e775') in 0.0003857 seconds
Start importing Assets/Scripts/Platform using Guid(5f3102c80c49fd344aa3329848bd5ea1) (DefaultImporter) -> (artifact id: 'c9fb60b1f5ec1c74bf80e276460a584b') in 0.0003997 seconds
Start importing Assets/Scripts/App/Services using Guid(60b16ddbae5d9ee4dacf563bc1a2232d) (DefaultImporter) -> (artifact id: 'cea5db71f64c816e2c00e46787bd153e') in 0.0003928 seconds
Start importing Assets/LayeredTerrain/CompositeBrushes/OriginalGrassSoil using Guid(80dc6b73975e63b48b1ea5ee993e5050) (DefaultImporter) -> (artifact id: '0cc3aad50f43e151166fb1924e71b2fc') in 0.0004089 seconds
Start importing Assets/LayeredTerrain/GrassSoil/Square using Guid(e093430085da4484bbacb19b4f3b52f1) (DefaultImporter) -> (artifact id: '967e2c27e30ca2fdb6abdea5f3986922') in 0.0004042 seconds
Start importing Assets/LayeredTerrain/GrassSoil/Base using Guid(c268f49411cb42342983ca9426007b44) (DefaultImporter) -> (artifact id: '028195167724c55ee2239656cfa2446e') in 0.0003963 seconds
Start importing Assets/WebGLTemplates/FruitDefensePortraitContain/TemplateData using Guid(43c3171609e84f96955887ca0e44a21f) (DefaultImporter) -> (artifact id: '386bf4ee6f69f66793112ea57118139e') in 0.0003959 seconds
Start importing Assets/UI/Art/Sources using Guid(c4d2d4aff098434782fd0c32d63b64a7) (DefaultImporter) -> (artifact id: '8b27710bbc75e7b4fce09f944fce117d') in 0.0003976 seconds
Start importing Assets/LayeredTerrain/Trials/CombinedWorkflowProtected using Guid(c40fd8b9dbec8474ca1e48438f8a28ba) (DefaultImporter) -> (artifact id: '5b6b1ad474c1c0a53d2d7128136709a0') in 0.0003973 seconds
Start importing Assets/LayeredTerrain/GrassSoil/EdgeGrassOnSoilRefined using Guid(d47c98203b2773a4bb9df93b1c54b08c) (DefaultImporter) -> (artifact id: '6e6e63e4fadc4c052a8fdd2f88897125') in 0.0004007 seconds
Start importing Assets/LayeredTerrain/GrassSoil/Authoring using Guid(459d5cd4fec10cd4cbf748db861ecfda) (DefaultImporter) -> (artifact id: 'd8e67453fd9b65c8a7efee172593f5cf') in 0.0003894 seconds
Start importing Assets/Editor/Tests/Fixtures using Guid(f58b44d01f314cc4cb1e91fffe795380) (DefaultImporter) -> (artifact id: 'bc8af8ed4dabcffc88cd64a79a809455') in 0.0003944 seconds
Start importing Assets/LayeredTerrain/GrassSoil/EdgeSoilOnGrassRefined using Guid(065e40f4e67d4074081bdddcbd6b072e) (DefaultImporter) -> (artifact id: 'e65611d12d7a1c6efb2aff7012d53b7a') in 0.0004037 seconds
Start importing Assets/LayeredTerrain/GrassSoil/LandformGrass using Guid(2699d5af1bf51bc41814014b25126aef) (DefaultImporter) -> (artifact id: '210a55d5046f94ae763cab3ccf33fd98') in 0.0004027 seconds
Start importing Assets/LayeredTerrain/CompositeBrushes/GrassSoil using Guid(c8cc9961c1adc484f88931601f0c5da2) (DefaultImporter) -> (artifact id: '1219926d25c85ac60739aeb26709e2fb') in 0.0003908 seconds
Start importing Assets/DualGridDemo/PixelGrass/Sources using Guid(a947ebf7f1697d446bb0dc275ccd9ae2) (DefaultImporter) -> (artifact id: '303da46e9bcfa73419e92786759411f5') in 0.0003891 seconds
Start importing Assets/LayeredTerrain/CompositeBrushes/StoneWater using Guid(b9aba71360092634c99129731d4e3075) (DefaultImporter) -> (artifact id: '4e4d70225e9d934d6c59b943e140798b') in 0.0004024 seconds
Start importing Assets/DualGridDemo/PixelGrass/Generated using Guid(3a239a591c2826146be8e4fd1ce4fbdb) (DefaultImporter) -> (artifact id: 'a1c3b9edd23e2288bde971fad28c4a99') in 0.0004053 seconds
Start importing Assets/UI/Art/Runtime using Guid(4b93fc134f2a4e149845467b3789f56e) (DefaultImporter) -> (artifact id: '24340df672eb929ae97bb9c7f8d1ee94') in 0.0004021 seconds
Start importing Assets/LayeredTerrain/GrassSoil/Sources using Guid(5d04189279d57d54794b6c22232d5b94) (DefaultImporter) -> (artifact id: '514af20e65b2f70e879a4cda84966aec') in 0.0003941 seconds
Start importing Assets/DualGridTerrain/StoneFloor/Generated using Guid(5d9b9a1fb7dbcca41833e44738453e0a) (DefaultImporter) -> (artifact id: '87d066c87b5c70a9b99b8a1a20f70afb') in 0.0004051 seconds
Start importing Assets/UI/Art/Sets using Guid(6db4b2040dc9428e8bf9a52b3e801b94) (DefaultImporter) -> (artifact id: 'b723d1e57e4593dfdbd6cf75a5a64881') in 0.0003894 seconds
Start importing Assets/DualGridTerrain/StoneFloor/Sources using Guid(9d244c5c1b5bf8c48ab83b5a11ffa099) (DefaultImporter) -> (artifact id: '480400b9a09133e2ef0ad6b4ab5f6275') in 0.0003942 seconds
Start importing Assets/LayeredTerrain/GrassSoil/LandformSoil using Guid(3f4117f652e57664cbff47a8644e0cbc) (DefaultImporter) -> (artifact id: 'a54dab526bb85f5f5a6fdbee081e7dac') in 0.0003974 seconds
Start importing Assets/UI/Art/Runtime/sunny-orchard-painted using Guid(e0465a9a73db85885247338a9afb688c) (DefaultImporter) -> (artifact id: 'ea2fe63a139174c96d7b8d1ca75cc6b7') in 0.0004531 seconds
Start importing Assets/LayeredTerrain/GrassSoil/Square/LandformStoneRoad using Guid(e0cbdef813b34e14fa20dc20792d773b) (DefaultImporter) -> (artifact id: '050c9dc3eeddb2bf51e3a929b9540654') in 0.0004291 seconds
Start importing Assets/LayeredTerrain/GrassSoil/Square/EdgeGrassOnSoilPainted using Guid(210bc2506ebc10440a912bf92747bf0f) (DefaultImporter) -> (artifact id: '1ae2db740b6ee2875f9479d5147c8989') in 0.0004055 seconds
Start importing Assets/LayeredTerrain/CompositeBrushes/StoneWater/Runtime64 using Guid(53c01f9c9fd407947bad2094daf1d990) (DefaultImporter) -> (artifact id: '3d78d089740e70a9967a20fd494059e1') in 0.0004043 seconds
Start importing Assets/UI/Art/Sources/sunny-orchard-painted using Guid(635770480979b457923f71b67b710377) (DefaultImporter) -> (artifact id: '2ed984cf98e5fec958c69b52e6b05e4e') in 0.0004037 seconds
Start importing Assets/LayeredTerrain/GrassSoil/Square/Sources using Guid(75af497e3808498596ac65573ad8ee2b) (DefaultImporter) -> (artifact id: '2eccb20aad333b8ac002ce7192bd0d97') in 0.0004647 seconds
Start importing Assets/LayeredTerrain/GrassSoil/Square/LandformSoil using Guid(e5631cc941f776e4ba0b2142f5c2caaf) (DefaultImporter) -> (artifact id: '69e51387da56533b9736c6d91bffdfe4') in 0.0004123 seconds
Start importing Assets/LayeredTerrain/Trials/CombinedWorkflowProtected/Runtime32 using Guid(46799a2925cb6d24ca309daef4e39fa8) (DefaultImporter) -> (artifact id: 'c4c49c9af1d13cdda5934ef72a98a4a6') in 0.0004232 seconds
Start importing Assets/UI/Art/Sources/sunny-orchard using Guid(e87a4f5441ad44d5bf836bb4d541950a) (DefaultImporter) -> (artifact id: '908e93d7f1f95694b867977204cc6280') in 0.0005106 seconds
Start importing Assets/Editor/Tests/Fixtures/CanonicalBattlefieldMap using Guid(8a12cb03bd976604db9316348591ec11) (DefaultImporter) -> (artifact id: '60b8c595aec37f05729095b22fd56e5f') in 0.0004222 seconds
Start importing Assets/LayeredTerrain/GrassSoil/Square/Topology using Guid(8b3183fd3ec64c60849d6e4b84644c00) (DefaultImporter) -> (artifact id: '5af327d7f7bc273f8bdbaa9b795f290b') in 0.0004158 seconds
Start importing Assets/UI/Art/Runtime/sunny-orchard using Guid(5ca5834271744f859519906525c9aa79) (DefaultImporter) -> (artifact id: 'f86644c3bb9e32a3961c81725f194382') in 0.0004278 seconds
Start importing Assets/LayeredTerrain/GrassSoil/Square/LandformGrass using Guid(fcdd2d3b4707e724b93033a5d4e8e550) (DefaultImporter) -> (artifact id: '0d5d8cdc8f5792526c9cad3428ae2acf') in 0.0004198 seconds
Start importing Assets/UI/Art/Sources/ReferenceBoards using Guid(1f0f799c374c417cbe654497080522bd) (DefaultImporter) -> (artifact id: 'b36062aa19e4b3b9b034fe4270185583') in 0.0004132 seconds
Start importing Assets/LayeredTerrain/CompositeBrushes/GrassSoil/Runtime64 using Guid(8f435a64d9e6df8419aedb27899e1735) (DefaultImporter) -> (artifact id: '91639ca1d1c54cafe74c5941207024c6') in 0.000408 seconds
Start importing Assets/Editor/Tests/Fixtures/RuntimeUi using Guid(bfd1190a4f874251b81c28a7946e5c89) (DefaultImporter) -> (artifact id: 'cd9c1d1187303d25eacd853dcd2293d5') in 0.0003986 seconds
Start importing Assets/UI/Art/Runtime/sunny-orchard-painted/ornaments using Guid(206aba6b00939f0a5b6c2ff3ea109646) (DefaultImporter) -> (artifact id: '83d9d4967d257394c269de661b11be8f') in 0.0004167 seconds
Start importing Assets/UI/Art/Sources/sunny-orchard-painted/ornaments using Guid(a1918c5858a401bd720b5b1c04d0719c) (DefaultImporter) -> (artifact id: '762ee52e7bad55ebcd8906aa5c811c14') in 0.000414 seconds
Start importing Assets/UI/Art/Runtime/sunny-orchard-painted/surfaces using Guid(c11caab24a8e37cb77434f53f758174f) (DefaultImporter) -> (artifact id: 'db12844efe272757339be420a1ee3d39') in 0.0004326 seconds
Start importing Assets/UI/Art/Runtime/sunny-orchard-painted/illustrations using Guid(23628d6009c35d585dea456d0eaa07db) (DefaultImporter) -> (artifact id: '44039a8310da085bdcc2ffd234808fa0') in 0.0004066 seconds
Start importing Assets/UI/Art/Runtime/sunny-orchard-painted/icons using Guid(d4bdbf2fc64c4264b894759092676d6c) (DefaultImporter) -> (artifact id: '76629eca99becd923e3b2681ef33e77a') in 0.0004507 seconds
Start importing Assets/UI/Art/Sources/sunny-orchard-painted/surfaces using Guid(d6d9e7c95764c47ddaf2e3d17acc20a5) (DefaultImporter) -> (artifact id: '78871fb84fe4cb3cbda047bdc0b83a81') in 0.0004223 seconds
Start importing Assets/UI/Art/Sources/ReferenceBoards/Approved using Guid(3a80959ab53e46f3bb88236fc642f696) (DefaultImporter) -> (artifact id: '63f91dec8277bc6479a2ef97ec7f3b3d') in 0.000412 seconds
Start importing Assets/UI/Art/Sources/sunny-orchard-painted/illustrations using Guid(3c728b4ed3972ca770e3476a7e7e382f) (DefaultImporter) -> (artifact id: 'de3da11476f0adb509dbc2d49dfbd476') in 0.0004052 seconds
Start importing Assets/UI/Art/Sources/ReferenceBoards/Review using Guid(6c0dc8e68a22377fdcdfe166a0c64be0) (DefaultImporter) -> (artifact id: 'ee83489d96e2cf2d4b8f3b56ca4839cf') in 0.0003977 seconds
Start importing Assets/UI/Art/Sources/sunny-orchard-painted/icons using Guid(9ddf86e10f974cc89447569821225a5e) (DefaultImporter) -> (artifact id: 'f7410c226d2a546907e3f12b03df669b') in 0.000404 seconds
Start importing Packages/com.unity.modules.ui/package.ModuleCompilationTrigger using Guid(51fa60bb2bd1e5bc74e8cc95a7bfd5b7) (DefaultImporter) -> (artifact id: '237e32f9541121b786ca4b06eace0dfe') in 0.012844 seconds
Start importing Packages/com.unity.modules.unityanalytics/package.ModuleCompilationTrigger using Guid(71136fc5cf34f2cc10be0e33c0b08019) (DefaultImporter) -> (artifact id: '9b0cf4eb7c767f90f530cd263ba24ee4') in 0.0005907 seconds
Start importing Packages/com.unity.modules.tilemap/package.ModuleCompilationTrigger using Guid(a1c42005fe7c5d78585a77ce396a5eea) (DefaultImporter) -> (artifact id: 'd923349cce1d10fbf9fab4491e59c38f') in 0.0004975 seconds
Start importing Packages/com.unity.modules.hierarchycore/package.ModuleCompilationTrigger using Guid(d104359075a97392b803d3d5aebc77f7) (DefaultImporter) -> (artifact id: '5f087c93c58d9b1c35f89c539ed3a98d') in 0.0004882 seconds
Start importing Packages/com.unity.modules.assetbundle/package.ModuleCompilationTrigger using Guid(222fc39b0c85d800342910da2cd64781) (DefaultImporter) -> (artifact id: '9a6a8c4ae725acd0e4d082b2f7469352') in 0.0004773 seconds
Start importing Packages/com.unity.modules.unitywebrequest/package.ModuleCompilationTrigger using Guid(d2ec2d1228c8e67cdd913cb5609176a2) (DefaultImporter) -> (artifact id: '8af4f3e306c0241d03204a437a8fc5e0') in 0.0006482 seconds
Start importing Packages/com.unity.modules.ai/package.ModuleCompilationTrigger using Guid(e2d09a26ce46dc617b54e49a534ace20) (DefaultImporter) -> (artifact id: 'a71f1fd08e4e9bf1ecd2d64209645034') in 0.0004976 seconds
Start importing Packages/com.unity.modules.terrain/package.ModuleCompilationTrigger using Guid(23032f4383e95e772bce465c5896d0fd) (DefaultImporter) -> (artifact id: '491a7f75d3e9187fba07a3d515b1da29') in 0.000497 seconds
Start importing Packages/com.unity.modules.imageconversion/package.ModuleCompilationTrigger using Guid(830a36a23cf3ab1e61fa47940a6dc35e) (DefaultImporter) -> (artifact id: 'ee0f0c801f95c19382d8b454dc7586e1') in 0.0004892 seconds
Start importing Packages/com.unity.modules.unitywebrequesttexture/package.ModuleCompilationTrigger using Guid(a31a332ce3485f00f7df8d987302a29c) (DefaultImporter) -> (artifact id: '5b56561b2c8cae5c48817dca1565364f') in 0.0005058 seconds
Start importing Packages/com.unity.modules.audio/package.ModuleCompilationTrigger using Guid(042dc296246916648e55a43d0eeb2036) (DefaultImporter) -> (artifact id: '93cfeb7be8bf6df4dc4fc167223dc2d5') in 0.0004834 seconds
Start importing Packages/com.unity.modules.unitywebrequestaudio/package.ModuleCompilationTrigger using Guid(553737203d61a8109f9544a97201e1aa) (DefaultImporter) -> (artifact id: '29c8c1952ecab40326be6fe65bf2dc75') in 0.0004777 seconds
Start importing Packages/com.unity.modules.vr/package.ModuleCompilationTrigger using Guid(b5bd8fa6f4c55ab6f09322b86d18b0e3) (DefaultImporter) -> (artifact id: '7fb6f5a64a18b8abc92ffb2611727976') in 0.0004745 seconds
Start importing Packages/com.unity.modules.vehicles/package.ModuleCompilationTrigger using Guid(e5c46c19ce0ce2e0103aa6f82df1043a) (DefaultImporter) -> (artifact id: '4efeb502fc9ade03fc8da1a2020cc14d') in 0.0004606 seconds
Start importing Packages/com.unity.modules.unitywebrequestassetbundle/package.ModuleCompilationTrigger using Guid(7610600f5c83e01041a6fe849d39279f) (DefaultImporter) -> (artifact id: '5ea653cc184754456a13dd8d09c34205') in 0.0004711 seconds
Start importing Packages/com.unity.modules.jsonserialize/package.ModuleCompilationTrigger using Guid(e6a135e3ea9cb46795d1b0e05ac3e1e5) (DefaultImporter) -> (artifact id: '8d26f1c211bce77f7cf17eccccd57b0d') in 0.0004701 seconds
Start importing Packages/com.unity.modules.video/package.ModuleCompilationTrigger using Guid(f62135e79edb837b2d2ee3c524da864c) (DefaultImporter) -> (artifact id: '6ebda327ae83705f04de3efed3db9873') in 0.0004605 seconds
Start importing Packages/com.unity.modules.particlesystem/package.ModuleCompilationTrigger using Guid(17f093324b67f5bd57e55b546736750e) (DefaultImporter) -> (artifact id: '2ff549dcfdc7b1fa23811cebe1444f07') in 0.0004601 seconds
Start importing Packages/com.unity.modules.xr/package.ModuleCompilationTrigger using Guid(c7a8b0317f4e68556d7509828e9e211e) (DefaultImporter) -> (artifact id: 'cff4c28c132f8374585e00aa928dde3a') in 0.0004698 seconds
Start importing Packages/com.unity.modules.cloth/package.ModuleCompilationTrigger using Guid(082fbee38a82835433261a5e9c00e267) (DefaultImporter) -> (artifact id: 'fb60fe65bd12026494280cd2600d4c8d') in 0.0004662 seconds
Start importing Packages/com.unity.modules.androidjni/package.ModuleCompilationTrigger using Guid(c82e859b16636ddd2ca4a1f63fd34938) (DefaultImporter) -> (artifact id: '28e4fd36d397729ef98ce8a6b5fe53a2') in 0.0004575 seconds
Start importing Packages/com.unity.modules.director/package.ModuleCompilationTrigger using Guid(c88e90bad18cceb5d182d0c805883056) (DefaultImporter) -> (artifact id: '8e742e385eae214c44fd937134cf600f') in 0.0004667 seconds
Start importing Packages/com.unity.modules.wind/package.ModuleCompilationTrigger using Guid(2adec19fac7df68adf1fd6eb83197bb1) (DefaultImporter) -> (artifact id: '7db7181525b7da8ee072e519f9529aab') in 0.0004761 seconds
Start importing Packages/com.unity.modules.uielements/package.ModuleCompilationTrigger using Guid(8a752aaaadd2410dd9a84e01c1bace9f) (DefaultImporter) -> (artifact id: 'ae37e7f0f1483578fc0d8d28fd17e0e2') in 0.0004657 seconds
Start importing Packages/com.unity.modules.umbra/package.ModuleCompilationTrigger using Guid(1b6246f2248883964991eac9e9b4817c) (DefaultImporter) -> (artifact id: 'd1507e2ccffaa842e8d211f5b4e1425f') in 0.000459 seconds
Start importing Packages/com.unity.modules.terrainphysics/package.ModuleCompilationTrigger using Guid(cbb1a39d56ce4d9ac1a46ac505893fa7) (DefaultImporter) -> (artifact id: '8d1d3ac1946fa5f9233e968059d3fb13') in 0.0004672 seconds
Start importing Packages/com.unity.modules.animation/package.ModuleCompilationTrigger using Guid(db8e609a39b9b231fccc54e5fa4cbd1b) (DefaultImporter) -> (artifact id: '76194af19b6b83e46d258b902c79f26f') in 0.0004492 seconds
Start importing Packages/com.unity.modules.physics/package.ModuleCompilationTrigger using Guid(5c1ee4056d0ac7ad3c5a16597fcaa38a) (DefaultImporter) -> (artifact id: '288b7a03d6481d4e92cee0ae908758ad') in 0.0004499 seconds
Start importing Packages/com.unity.modules.subsystems/package.ModuleCompilationTrigger using Guid(8d4bc6bfa28760b29f13174d6b6ea710) (DefaultImporter) -> (artifact id: '86683c86d6892e456463f75256ee724d') in 0.0004724 seconds
Start importing Packages/com.unity.modules.screencapture/package.ModuleCompilationTrigger using Guid(cd561f5f687aed43bf280c27a84f79e3) (DefaultImporter) -> (artifact id: '9675ccd07d8427f33d815eef637fd3c3') in 0.0004674 seconds
Start importing Packages/com.unity.modules.unitywebrequestwww/package.ModuleCompilationTrigger using Guid(ae87256f29d9c8b50490f4caf75b2c41) (DefaultImporter) -> (artifact id: '8a97098fbd52b5ae1a5755ce8a67debb') in 0.000465 seconds
Start importing Packages/com.unity.modules.imgui/package.ModuleCompilationTrigger using Guid(be13c398521e3c1ad21fb9da30ab2ab6) (DefaultImporter) -> (artifact id: 'ea0574aa05344c7e80357502346d73fc') in 0.000538 seconds
Start importing Packages/com.unity.modules.physics2d/package.ModuleCompilationTrigger using Guid(fe6a6957b37b61417b457a1e0541791d) (DefaultImporter) -> (artifact id: 'a5a6ae7d64235baf32ceb35097cc3c10') in 0.0004768 seconds
Refreshing native plugins compatible for Editor in 0.16 ms, found 0 plugins.
Native extension for WindowsStandalone target not found
Native extension for WebGL target not found
ScheduleIndexationOnStartup MainProcess:True IndexOnStartup:True
Mono: successfully reloaded assembly
- Finished resetting the current domain, in  0.364 seconds
Domain Reload Profiling: 634ms
	BeginReloadAssembly (193ms)
		ExecutionOrderSort (0ms)
		DisableScriptedObjects (22ms)
		BackupInstance (0ms)
		ReleaseScriptingObjects (0ms)
		CreateAndSetChildDomain (36ms)
	RebuildCommonClasses (30ms)
	RebuildNativeTypeToScriptingClass (10ms)
	initialDomainReloadingComplete (20ms)
	LoadAllAssembliesAndSetupDomain (16ms)
		LoadAssemblies (105ms)
		RebuildTransferFunctionScriptingTraits (0ms)
		AnalyzeDomain (10ms)
			TypeCache.Refresh (8ms)
				TypeCache.ScanAssembly (3ms)
			BuildScriptInfoCaches (1ms)
			ResolveRequiredComponents (0ms)
	FinalizeReload (365ms)
		ReleaseScriptCaches (0ms)
		RebuildScriptCaches (0ms)
		SetupLoadedEditorAssemblies (250ms)
			LogAssemblyErrors (0ms)
			InitializePlatformSupportModulesInManaged (25ms)
			SetLoadedEditorAssemblies (3ms)
			BeforeProcessingInitializeOnLoad (89ms)
			ProcessInitializeOnLoadAttributes (95ms)
			ProcessInitializeOnLoadMethodAttributes (31ms)
			AfterProcessingInitializeOnLoad (7ms)
			EditorAssembliesLoaded (0ms)
		ExecutionOrderSort2 (0ms)
		AwakeInstancesAfterBackupRestoration (22ms)
Start importing Library/BuildPlayer.prefs using Guid(00000000000000005000000000000000) (DefaultImporter) -> (artifact id: '083d37eb6b0e82b8f5c1ec86344d848d') in 0.0045477 seconds
Start importing Assets/Scenes/Main.unity using Guid(24bc9a9fae5affd488f4a62010c930f0) (DefaultImporter) -> (artifact id: 'cf75a764201a81240e118c70392541a8') in 0.0005297 seconds
Start importing Assets/Scenes/Settlement.unity using Guid(e51e0d66e4be32440aac008c4c833174) (DefaultImporter) -> (artifact id: 'e48736d1e177464785e9fc44d21c29b8') in 0.0004336 seconds
Start importing Assets/Scenes/Battle.unity using Guid(666ad54910dd4a94daf19bd05f437a41) (DefaultImporter) -> (artifact id: 'fb54189e7850186c9db212b2d85e63f8') in 0.0004284 seconds
Start importing Assets/Scenes/Lobby.unity using Guid(488b7604975b30e4dad9e933a7db34d2) (DefaultImporter) -> (artifact id: '1ee4c9fde377b6b35378f3c933d49e9d') in 0.0004166 seconds
Start importing Assets/Scenes/LayeredTerrainDemo.unity using Guid(092d5d403c445a349baf0262361b9ef8) (DefaultImporter) -> (artifact id: '4d99f53d52b7c5d84a65161c985523f2') in 0.0004408 seconds
Start importing Assets/Scenes/CombinedWorkflowTrialBattle.unity using Guid(eac7e010e57e4aa4f9954e0be1306e65) (DefaultImporter) -> (artifact id: 'f0a9f6afb6d1a0c13ff0bbf64b3589f7') in 0.0004123 seconds
Start importing Assets/Scenes/CombinedWorkflowTrialTerrainLab.unity using Guid(0b747c276eb1d15439526760cb0105af) (DefaultImporter) -> (artifact id: '0368c5ba3002b225887d973833d26802') in 0.0004212 seconds
Start importing Assets/Scenes/DualGridDemo.unity using Guid(1f346fb0f90d7114ca0e0a3ca4a419fe) (DefaultImporter) -> (artifact id: '2e09042102e86bdc1f88ccf2ebf4bbb9') in 0.0004057 seconds
Start importing Assets/Scenes/Bootstrap.unity using Guid(8fce1f2bb9e4d6a43aefedc189850ca8) (DefaultImporter) -> (artifact id: '96b5e0e1d11e10e299af04524fde65cc') in 0.0004168 seconds
Start importing Assets/WebGLTemplates/FruitDefensePortraitContain/index.html using Guid(381f9a6b0d9947fdb0b84d20ca2c8dde) (DefaultImporter) -> (artifact id: 'b571608fbfff462dc99d11ef8f2970dc') in 0.0041878 seconds
Start importing Assets/WebGLTemplates/FruitDefensePortraitContain/TemplateData/fruit-defense-host.css using Guid(e9657a3d45df4e1c8ba8fa0060333732) (DefaultImporter) -> (artifact id: 'd615a00ba655a87ba5f372cc6cccbc84') in 0.0030028 seconds
Start importing Assets/WebGLTemplates/FruitDefensePortraitContain/TemplateData/fruit-defense-host.js using Guid(3a304f7844ee46caa6e08d87a3e49bd7) (DefaultImporter) -> (artifact id: 'cbf9d095e146a4e9730bdd3d011d5828') in 0.002608 seconds
Start importing Assets/UI/Art/Sources/sunny-orchard-painted/export_sunny_orchard_painted.py using Guid(d1051723bc3140df94f7da87dd670f23) (DefaultImporter) -> (artifact id: '71e217e0d23aaa392900b229cea66c11') in 0.0040215 seconds
Start importing Assets/UI/Art/Sources/sunny-orchard/export_sunny_orchard.py using Guid(8752d27d7c6e4b4e99b541566f204743) (DefaultImporter) -> (artifact id: '07cd228068079f2353796d62d89b606c') in 0.0004588 seconds
Start importing Assets/UI/Art/Sources/sunny-orchard-painted/icons/icon-resource-wave.png using Guid(00e188eff60287e602eafe3c83c88647) (TextureImporter) -> (artifact id: '3158e42b818925aa50288357429afa27') in 0.0208089 seconds
Start importing Assets/DualGridTerrain/StoneFloor/Generated/Mask-12.png using Guid(0023e33bb8c6dc14284ea1a11a8f368e) (TextureImporter) -> (artifact id: '65e5f1f40594be0e64584b6cdfd79e3d') in 0.0033378 seconds
Start importing Assets/LayeredTerrain/GrassSoil/Square/LandformGrass/Mask-12.png using Guid(103723b588325574893e57370794baa1) (TextureImporter) -> (artifact id: '863bfc43d4847ff51596726e708649f0') in 0.0048262 seconds
Start importing Assets/LayeredTerrain/GrassSoil/Square/LandformGrass/Mask-14.png using Guid(2065e4c33439aee4fb837db7be5a9a99) (TextureImporter) -> (artifact id: 'f92aabe7baca772a877ed5a93a152d10') in 0.0047805 seconds
Start importing Assets/LayeredTerrain/GrassSoil/Square/LandformSoil/Mask-09.png using Guid(20eb8f11b0bda85428b0795096d3b70b) (TextureImporter) -> (artifact id: '7f00508701f7d826306ceced2cf1f293') in 0.0044916 seconds
Start importing Assets/UI/Art/Runtime/sunny-orchard/surface-status.png using Guid(204d7d4a485bc29a14acf4293df1d98d) (TextureImporter) -> (artifact id: '3e775b2ddd5f696c0e6ebcd4927c2452') in 0.0027255 seconds
Start importing Assets/DualGridTerrain/StoneFloor/Generated/Mask-13.png using Guid(30b5f79d83f30b6489c81da83b323049) (TextureImporter) -> (artifact id: 'cb20e1042bd19bae57ff0d524c3e21ae') in 0.002562 seconds
Start importing Assets/LayeredTerrain/Trials/CombinedWorkflowProtected/Runtime32/Mask-08.png using Guid(306840a150d199043a775ae02ef2dc90) (TextureImporter) -> (artifact id: '3f56899ae21a478faaef87c180e8735a') in 0.0023025 seconds
Start importing Assets/UI/Art/Runtime/sunny-orchard/icon-control-retry.png using Guid(309e75ce25d35b3553439ce42c02a651) (TextureImporter) -> (artifact id: '8efb6555c883c6425eb9d54803a19dbe') in 0.0024666 seconds
Start importing Assets/LayeredTerrain/CompositeBrushes/GrassSoil/Runtime64/Mask-06.png using Guid(504b02bbd779d964eb0efad6d1a51ad0) (TextureImporter) -> (artifact id: 'a4b850e9c1ec6df6a2f6f66a7f6f3fec') in 0.0024369 seconds
Start importing Assets/LayeredTerrain/CompositeBrushes/GrassSoil/Runtime64/Mask-07.png using Guid(60482049515b41e47a539a16aea0f3c3) (TextureImporter) -> (artifact id: 'b8c76a99bae9aa9e487411f886e02a38') in 0.0022549 seconds
Start importing Assets/LayeredTerrain/CompositeBrushes/GrassSoil/Runtime64/Mask-05.png using Guid(80f859656c69bef44bc53c26b580f9b1) (TextureImporter) -> (artifact id: '20ec0c12c3d41012bccb3e31fdea7169') in 0.0026638 seconds
Start importing Assets/LayeredTerrain/GrassSoil/Square/LandformStoneRoad/Mask-10.png using Guid(803fb6c8b698a624bbdfab527d403701) (TextureImporter) -> (artifact id: '9dac36525adb3cab9b6af7e4bb47c111') in 0.0043469 seconds
Start importing Assets/LayeredTerrain/GrassSoil/Square/EdgeGrassOnSoilPainted/Mask-15.png using Guid(809f8978eb255d64ab634b6555f1b0c5) (TextureImporter) -> (artifact id: 'acd0e9e0224de10c86fdb8e5c81b79ab') in 0.003228 seconds
Start importing Assets/UI/Art/Runtime/sunny-orchard-painted/icons/icon-control-retry.png using Guid(904369e03566f44f56bdbfe64002a620) (TextureImporter) -> (artifact id: 'b42524166a81b3daf4bb120756b8a209') in 0.0027484 seconds
Start importing Assets/LayeredTerrain/Trials/CombinedWorkflowProtected/Runtime32/Mask-06.png using Guid(a0917fbf855ca50459efd22f4c379371) (TextureImporter) -> (artifact id: '34438bf6e8a2b6dc42846722ada9eaa6') in 0.0022986 seconds
Start importing Assets/UI/Art/Sources/sunny-orchard-painted/icons/indicator-warning.png using Guid(a0c7b120984fea5833da29400350b95f) (TextureImporter) -> (artifact id: 'bbb6c55093b2141d288772657981496c') in 0.0126881 seconds
Start importing Assets/UI/Art/Sources/sunny-orchard-painted/surfaces/surface-scrim.png using Guid(b0bc89105d7e0abdb9fe1bfb8fab3058) (TextureImporter) -> (artifact id: 'e7169024bde800c7004228016007bbcb') in 0.0023911 seconds
Start importing Assets/UI/Art/Runtime/sunny-orchard-painted/icons/indicator-swap.png using Guid(c0aa6cbe9037902afe21cc1d0aadc829) (TextureImporter) -> (artifact id: '5e0e9c56e8fbb148220329e61085c73a') in 0.0026765 seconds
Start importing Assets/LayeredTerrain/GrassSoil/LandformGrass/Mask-08.png using Guid(d01c73861443e9941939778d165782f0) (TextureImporter) -> (artifact id: '2ae4f8fef5380be54c8a59d033d31d19') in 0.0022036 seconds
Start importing Assets/UI/Art/Sources/sunny-orchard-painted/surfaces/surface-result.png using Guid(d0cc9c9339e4f73afab319a4ea0fb361) (TextureImporter) -> (artifact id: '9d5ff36b1a770cd64032144d2412f4cc') in 0.0035755 seconds
Start importing Assets/LayeredTerrain/CompositeBrushes/StoneWater/Runtime64/Mask-04.png using Guid(d04e0ab54e9227e4988ba749e9f26d91) (TextureImporter) -> (artifact id: '32b11e86b266fb77ffa8eb6784316254') in 0.0027484 seconds
Start importing Assets/UI/Art/Runtime/sunny-orchard-painted/icons/icon-resource-wave.png using Guid(e0514cd902427d2b589227cb9e8db0f0) (TextureImporter) -> (artifact id: 'd052421babdcf3889936ddabea741047') in 0.0025742 seconds
Start importing Assets/LayeredTerrain/GrassSoil/Square/LandformGrass/Mask-05.png using Guid(e06b928d93e31fb45bde888e79f34d35) (TextureImporter) -> (artifact id: '7b9e39816e97d6618e7cea3fbb347057') in 0.0041345 seconds
Start importing Assets/LayeredTerrain/GrassSoil/Square/LandformStoneRoad/Mask-06.png using Guid(01509a9788b7bee49babc3267c22fc66) (TextureImporter) -> (artifact id: '627ece66b99bf4242e555399e5e12620') in 0.0041844 seconds
Start importing Assets/UI/Art/Runtime/sunny-orchard-painted/surfaces/surface-metric.png using Guid(115def71075d5a3d3e3ab7727835dae6) (TextureImporter) -> (artifact id: '7314152d55020defa89eed0e474ef762') in 0.0029769 seconds
Start importing Assets/UI/Art/Sources/sunny-orchard-painted/illustrations/illustration-lobby-orchard-01.png using Guid(21599cb2ed74d3f84fbc298ad71eaeb5) (TextureImporter) -> (artifact id: 'd4317a42ceba2c2eec3f87f574be984d') in 0.0436526 seconds
Start importing Assets/UI/Art/Sources/sunny-orchard-painted/surfaces/surface-illustration-frame.png using Guid(3135cc88b2530d012cc5bdc48d077c9d) (TextureImporter) -> (artifact id: '0ff13e9a26657195cd315495e093f34b') in 0.0375737 seconds
Start importing Assets/LayeredTerrain/GrassSoil/Square/EdgeGrassOnSoilPainted/Mask-10.png using Guid(61e85c257348ee64088c9df4e2c086b8) (TextureImporter) -> (artifact id: '37ca4d7c85e73f7c73e37e932ce5b6b5') in 0.0046255 seconds
Start importing Assets/LayeredTerrain/CompositeBrushes/StoneWater/Runtime64/Mask-09.png using Guid(61cbf06333210d549812ad871f4e95f8) (TextureImporter) -> (artifact id: '500132ffe84010d2cbaf3df277d87846') in 0.0024265 seconds
Start importing Assets/LayeredTerrain/Trials/CombinedWorkflowProtected/Runtime32/Mask-07.png using Guid(71719e3a94f6ecf4e956effb5f3c055f) (TextureImporter) -> (artifact id: '4399a3200c241425d229d45472a78534') in 0.0023036 seconds
Start importing Assets/UI/Art/Runtime/sunny-orchard/icon-resource-core.png using Guid(71fac1f7b79712ba80c6855ee2e16112) (TextureImporter) -> (artifact id: 'cebaec93670d065bac5797f19cfcd920') in 0.0028422 seconds
Start importing Assets/LayeredTerrain/GrassSoil/Square/LandformGrass/Mask-08.png using Guid(717c396cc4d98fc49b09a50e349bca28) (TextureImporter) -> (artifact id: '387460df85a780e820df8bd6fd293135') in 0.0038687 seconds
Start importing Assets/UI/Art/Runtime/sunny-orchard/surface-screen-background.png using Guid(81c25e15dd0bd2802865ef47410f7840) (TextureImporter) -> (artifact id: '6226da57d82f0e67ff7c3b066311b0fd') in 0.0031467 seconds
Start importing Assets/LayeredTerrain/GrassSoil/LandformSoil/Mask-01.png using Guid(910a6b8007efc4540a413eedb4c78a1d) (TextureImporter) -> (artifact id: '6a4f108d79fcdacb13d7ed46077694ef') in 0.0023801 seconds
Start importing Assets/LayeredTerrain/CompositeBrushes/StoneWater/Runtime64/Mask-11.png using Guid(b1ea026a125020f4cbcfad56527c330d) (TextureImporter) -> (artifact id: '0dcb3660dcd6eeb830444ff720ac8479') in 0.002348 seconds
Start importing Assets/LayeredTerrain/GrassSoil/EdgeSoilOnGrassRefined/Mask-10.png using Guid(c193185b7ecc72348848dc7463dc85c2) (TextureImporter) -> (artifact id: '8d8339608d56369743c8a99e745be09c') in 0.0025596 seconds
Start importing Assets/UI/Art/Runtime/sunny-orchard/indicator-warning.png using Guid(d13c1f542c02af12a6ce13561f8c5de1) (TextureImporter) -> (artifact id: '1632e2477e10090796efdca3f9795de3') in 0.0024365 seconds
Start importing Assets/UI/Art/Runtime/sunny-orchard-painted/icons/icon-control-continue.png using Guid(e1c7d4470e9a8f06add0e800bd1e23bb) (TextureImporter) -> (artifact id: '9197f635d8a0570f0cc48bfef73625f5') in 0.0026061 seconds
Start importing Assets/UI/Art/Runtime/sunny-orchard-painted/surfaces/slot-nursery.png using Guid(e1dc825dd016d7387ea066f85be08ab3) (TextureImporter) -> (artifact id: 'eac4e58c359a255188fd05b9ae6452b1') in 0.0025808 seconds
Start importing Assets/UI/Art/Sources/sunny-orchard-painted/icons/indicator-drag-legal.png using Guid(0202702b50babdbe015d7ea863c1346b) (TextureImporter) -> (artifact id: '0f1ced1f80231f02f9001f0a8773f2c0') in 0.0139974 seconds
Start importing Assets/UI/Art/Runtime/sunny-orchard-painted/ornaments/ornament-metric-divider.png using Guid(02af40a798a6746b98d0280ccca18543) (TextureImporter) -> (artifact id: '23844bdd4f4b40534ee1ef05f32430b8') in 0.0026251 seconds
Start importing Assets/UI/Art/Runtime/sunny-orchard-painted/surfaces/surface-section-ribbon.png using Guid(22afc06bbb1b2476b565d5ddeb029bfa) (TextureImporter) -> (artifact id: 'd58d84884832647c80ef7fb0835bb01a') in 0.0026594 seconds
Start importing Assets/LayeredTerrain/CompositeBrushes/StoneWater/Runtime64/Mask-15.png using Guid(3223a6246f2f27743be6e032971cf4d1) (TextureImporter) -> (artifact id: '19b5b42ffd5eb55f63e0b3333fa35dbf') in 0.0026472 seconds
Start importing Assets/UI/Art/Runtime/sunny-orchard/slot-tool.png using Guid(42ed9160585d74781cc083778152eb44) (TextureImporter) -> (artifact id: 'd625ed686e64dc739aae5b86d1516d19') in 0.0025312 seconds
Start importing Assets/LayeredTerrain/GrassSoil/Square/Sources/GrassOnSoilSquareCandidate.png using Guid(822706f20a5690046b65fc5b686f5b4d) (TextureImporter) -> (artifact id: '44530cc93bae4ebfbcb6de0949174bb4') in 0.0369743 seconds
Start importing Assets/UI/Art/Runtime/sunny-orchard-painted/surfaces/surface-safe-area.png using Guid(82f763a9fcef976d97dbd5f1934a9c9d) (TextureImporter) -> (artifact id: 'dd3a5095cee88760ab57cd77ea46c031') in 0.0031891 seconds
Start importing Assets/UI/Art/Runtime/sunny-orchard/indicator-drag-illegal.png using Guid(92f3f1be059c0bb2937419790add2c68) (TextureImporter) -> (artifact id: 'd7b5a5e7bee49febb5a18a55e79ad8a2') in 0.0027678 seconds
Start importing Assets/LayeredTerrain/CompositeBrushes/GrassSoil/Runtime64/Mask-04.png using Guid(921977688f4a07543ba24e1bdf53f90c) (TextureImporter) -> (artifact id: '6d1a23761e25720424adf21118e248c8') in 0.0023699 seconds
Start importing Assets/UI/Art/Runtime/sunny-orchard-painted/icons/icon-control-close.png using Guid(92c98d40a864bdd506dd4109e2c041ee) (TextureImporter) -> (artifact id: '003b37e8c9b6a8bcdd53b273785b8662') in 0.0026225 seconds
Start importing Assets/LayeredTerrain/CompositeBrushes/StoneWater/Runtime64/Mask-02.png using Guid(922c03a59f0f66d4eb83fd4e173b7f37) (TextureImporter) -> (artifact id: 'c093e29532b1d3c2910a2032c38af2ef') in 0.0025095 seconds
Start importing Assets/LayeredTerrain/GrassSoil/LandformSoil/Mask-12.png using Guid(c2a70b60e89c21d41aaf86cdcf940c76) (TextureImporter) -> (artifact id: '06d84fbee6b47b3636aa6b113810ebbb') in 0.0022934 seconds
Start importing Assets/UI/Art/Sources/sunny-orchard-painted/icons/indicator-error.png using Guid(c2eb6244bcb4ed52a144a0a0aa7d25a1) (TextureImporter) -> (artifact id: 'c5623b5747d752b872607fe5add0f549') in 0.0129367 seconds
Start importing Assets/UI/Art/Sources/sunny-orchard-painted/icons/indicator-success.png using Guid(d28184ff962f5bcf1e2d325a88986ca0) (TextureImporter) -> (artifact id: '5102da79f9c7a9f21307c98b48bd1d55') in 0.0138121 seconds
Start importing Assets/UI/Art/Sources/sunny-orchard-painted/ornaments/ornament-screen-corner.png using Guid(f2212a267c733b7167be2b5cc578b146) (TextureImporter) -> (artifact id: 'e97190373aa8ee167bccb7d4da352489') in 0.0367296 seconds
Start importing Assets/LayeredTerrain/GrassSoil/EdgeGrassOnSoilRefined/Mask-09.png using Guid(f29a2c6cbc1884340bb4fec9851beef2) (TextureImporter) -> (artifact id: 'c62be07e25248183ee646965c9dbe0fa') in 0.0028642 seconds
Start importing Assets/UI/Art/Runtime/sunny-orchard/action-quiet.png using Guid(f2cbed108745232ff2667c3b0f7a8350) (TextureImporter) -> (artifact id: '9191f40c54eeb593609d3d5a259417e3') in 0.002646 seconds
Start importing Assets/LayeredTerrain/GrassSoil/Square/LandformSoil/Mask-05.png using Guid(1365fabeb58dfeb4988deaee139f64df) (TextureImporter) -> (artifact id: 'da777673a1491bb8a62eb0b231eb1254') in 0.0041773 seconds
Start importing Assets/UI/Art/Runtime/sunny-orchard/indicator-loading.png using Guid(138782b9ac68450bd85ad47ff61f0a09) (TextureImporter) -> (artifact id: '5910029339bde50adb4e786d81e3bf2b') in 0.002398 seconds
Start importing Assets/LayeredTerrain/GrassSoil/Square/EdgeGrassOnSoilPainted/Mask-01.png using Guid(23729b1e79ca9194bb6b4f5e12d537e5) (TextureImporter) -> (artifact id: '2f9446b451d1585d076615bf3bcd6d8f') in 0.0037035 seconds
Start importing Assets/LayeredTerrain/GrassSoil/EdgeGrassOnSoilRefined/Mask-07.png using Guid(23578a98837849c409fe815afd8abfe6) (TextureImporter) -> (artifact id: 'cf52855eb594edddac21f195d2cd4cdb') in 0.0026385 seconds
Start importing Assets/LayeredTerrain/GrassSoil/Square/LandformGrass/Mask-00.png using Guid(236921e035d1ce44f830c0ca0e7cf8a5) (TextureImporter) -> (artifact id: 'a443e8c92be4a6168bbafec2cc4a1204') in 0.0035329 seconds
Start importing Assets/DualGridDemo/CartoonGrass/Mask-04.png using Guid(238c5462651a68d4186746606006cae0) (TextureImporter) -> (artifact id: '8453508c297d1b1e8697c1bac1c52e20') in 0.0130341 seconds
Start importing Assets/UI/Art/Sources/sunny-orchard-painted/icons/marker-selected.png using Guid(33ceaa93d08c8fc4aa6e889219969d9b) (TextureImporter) -> (artifact id: 'fee4f9e5f13ee232b6a9defcad64daab') in 0.0128295 seconds
Start importing Assets/DualGridDemo/PixelGrass/Generated/Mask-01.png using Guid(43c2578f3370ad347a32109aed180b66) (TextureImporter) -> (artifact id: 'fdedd6169f7fa09b274befb9fa914c20') in 0.0025068 seconds
Start importing Assets/UI/Art/Sources/sunny-orchard-painted/surfaces/surface-status.png using Guid(53b9831bce6d3f1d000f0a0026812e82) (TextureImporter) -> (artifact id: '086baf075941864e79016be46c6b0251') in 0.0037824 seconds
Start importing Assets/DualGridDemo/CartoonGrass/Mask-15.png using Guid(6387b39485813f7468cee6cd7c39db7c) (TextureImporter) -> (artifact id: 'e06a947504e39ef8f717ebefd5d06cf6') in 0.0150917 seconds
Start importing Assets/UI/Art/Runtime/sunny-orchard/action-secondary.png using Guid(63bb732a5425a69dd29d8b142cc42b2b) (TextureImporter) -> (artifact id: '0e8a6b144f416a60066d21c45b61da67') in 0.0026705 seconds
Start importing Assets/DualGridDemo/CartoonGrass/Mask-06.png using Guid(739b09e63a09d484f861ff45a9c3897d) (TextureImporter) -> (artifact id: '500ca6caac4c82271619e59386bd1cf0') in 0.0139676 seconds
Start importing Assets/LayeredTerrain/CompositeBrushes/StoneWater/Runtime64/Mask-03.png using Guid(8382e034a3f34cb48a4bef0a8a9617cd) (TextureImporter) -> (artifact id: '8d50d3d0fad2141036b2b09f316d5bb9') in 0.0024507 seconds
Start importing Assets/LayeredTerrain/GrassSoil/Square/LandformSoil/Mask-00.png using Guid(83ed5084a69ef564b8c94026c428eba2) (TextureImporter) -> (artifact id: 'c4da2e65f3e24face59ed50bcf32b9e1') in 0.0028533 seconds
Start importing Assets/LayeredTerrain/GrassSoil/Square/EdgeGrassOnSoilPainted/Mask-07.png using Guid(9345e6ffcd6fed74f8e2d583a3273740) (TextureImporter) -> (artifact id: 'f2b88d1bdd49692567e4c27d0e89f5dc') in 0.0037742 seconds
Start importing Assets/DualGridTerrain/StoneFloor/Generated/Mask-15.png using Guid(93eba4ea59da2e549bd78ceef16a4c2b) (TextureImporter) -> (artifact id: 'abd994339d37217dd2d5dd1a9ef26f5c') in 0.0022511 seconds
Start importing Assets/LayeredTerrain/CompositeBrushes/StoneWater/Runtime64/Mask-13.png using Guid(a37419bfaeff7764386ee1b3a3eded4b) (TextureImporter) -> (artifact id: '8fac7f0100386d28a9cc026880f0a15c') in 0.0023211 seconds
Start importing Assets/UI/Art/Runtime/sunny-orchard-painted/icons/icon-resource-sun.png using Guid(a31e27a660a3a70ce0514fc9a7bfe2dd) (TextureImporter) -> (artifact id: '91d55053e48d48fe01df04f4f0281495') in 0.0025835 seconds
Start importing Assets/LayeredTerrain/CompositeBrushes/GrassSoil/Runtime64/Mask-01.png using Guid(b3e6d9fac0402e5429af155b56c60877) (TextureImporter) -> (artifact id: '8dd53850ff6bd76ad51b7e1cf3d4e627') in 0.002235 seconds
Start importing Assets/UI/Art/Sources/ReferenceBoards/Approved/sunny-orchard-style-board.png using Guid(c3a4bb7dc11a40b7ab661b6e5193d692) (TextureImporter) -> (artifact id: '4ac04ae76424319bc1b739ca2d2edd1e') in 0.0419693 seconds
Start importing Assets/LayeredTerrain/Trials/CombinedWorkflowProtected/Runtime32/Mask-09.png using Guid(c3a64f6b37dce12428992cafa08462cc) (TextureImporter) -> (artifact id: '8c0d96ed066e74be80a1513951253078') in 0.0028122 seconds
Start importing Assets/LayeredTerrain/GrassSoil/Square/LandformStoneRoad/Mask-05.png using Guid(c3276d2c5fbea1142ab6ae49eeed81ce) (TextureImporter) -> (artifact id: '2716f4b12adffb780cf4e6cf894c649a') in 0.0044678 seconds
Start importing Assets/LayeredTerrain/GrassSoil/EdgeSoilOnGrassRefined/Mask-11.png using Guid(c3e84efee84842d48ace93d0b6decb4f) (TextureImporter) -> (artifact id: 'f1d25b3c5e17c6a856fab1fee256ebfb') in 0.0024453 seconds
Start importing Assets/LayeredTerrain/CompositeBrushes/GrassSoil/Runtime64/Mask-02.png using Guid(c3bd29b7dcc4c314ea30686a8450b1a3) (TextureImporter) -> (artifact id: '18af8766335cddce4182c909ae545090') in 0.0024802 seconds
Start importing Assets/LayeredTerrain/GrassSoil/LandformSoil/Mask-03.png using Guid(d32ec1276ebd0a8458c55395c69bb6c1) (TextureImporter) -> (artifact id: '563b9832c1e7904440031707ee2e69a5') in 0.002345 seconds
Start importing Assets/LayeredTerrain/GrassSoil/EdgeGrassOnSoilRefined/Mask-10.png using Guid(d36e55096daaa0842a5df7b6b10d4f2f) (TextureImporter) -> (artifact id: 'f08c0003cb084b047866dfaa2928dc6e') in 0.0022992 seconds
Start importing Assets/LayeredTerrain/GrassSoil/Square/EdgeGrassOnSoilPainted/Mask-13.png using Guid(e3a4bef18533ce44d82dcd4b0122b038) (TextureImporter) -> (artifact id: '41ad3562d1d32e0b0fc7aa73b7b518cd') in 0.0036537 seconds
Start importing Assets/UI/Art/Sources/sunny-orchard-painted/ornaments/ornament-result-banner.png using Guid(e3f9e6f9166235cf88bfc7652748c874) (TextureImporter) -> (artifact id: 'cd93d5adbf6d1baec0fed604fd848eb7') in 0.0317714 seconds
Start importing Assets/UI/Art/Runtime/sunny-orchard-painted/surfaces/action-primary.png using Guid(f3a4968a2afcfb59d13ed53ec5977f60) (TextureImporter) -> (artifact id: 'db31858a5586b71973087ed41b4d684e') in 0.0033995 seconds
Start importing Assets/LayeredTerrain/GrassSoil/Square/LandformGrass/Mask-09.png using Guid(f36720cada626d746a550acd1037048d) (TextureImporter) -> (artifact id: 'a24645af5bbaa6a2ad98fa1c668cb501') in 0.0041547 seconds
Start importing Assets/LayeredTerrain/GrassSoil/Square/LandformSoil/Mask-08.png using Guid(048930e900c003c4382ff9da1c315b8f) (TextureImporter) -> (artifact id: '699616f50c86e1d3584e13c7aa743078') in 0.0039554 seconds
Start importing Assets/LayeredTerrain/GrassSoil/Square/LandformSoil/Mask-01.png using Guid(144443f29a050064b9428a8c81c9fb9d) (TextureImporter) -> (artifact id: '017e6eb73cbc8b33c0fbe23201ca2a03') in 0.003733 seconds
Start importing Assets/LayeredTerrain/GrassSoil/Square/LandformStoneRoad/Mask-11.png using Guid(145a3fb3e573cbd40b3bd284f1c89681) (TextureImporter) -> (artifact id: 'a6cd45a064ad9cd930c8672e28c127a0') in 0.0045736 seconds
Start importing Assets/UI/Art/Runtime/sunny-orchard-painted/surfaces/surface-illustration-frame.png using Guid(24a137e3a7f3cbeccb0db0b0294c4c2b) (TextureImporter) -> (artifact id: '92268a29ca04816db1f49840d8be8fea') in 0.0027733 seconds
Start importing Assets/UI/Art/Runtime/sunny-orchard-painted/surfaces/action-secondary.png using Guid(248c291ce629562b508210a448a9834a) (TextureImporter) -> (artifact id: 'c6a589f0f12a5a446b9f90a66dcf8263') in 0.0026413 seconds
Start importing Assets/LayeredTerrain/GrassSoil/EdgeSoilOnGrassRefined/Mask-03.png using Guid(24af54743a38398459c61ed7a0db2362) (TextureImporter) -> (artifact id: 'cfc89b3a2128d3057e3b2877617d5ad4') in 0.0022925 seconds
Start importing Assets/UI/Art/Runtime/sunny-orchard/indicator-swap.png using Guid(34829cf1b6d6595ed3d05147ff69bb16) (TextureImporter) -> (artifact id: '739d0d50a97f5105b6739ae1459d83cd') in 0.0024324 seconds
Start importing Assets/UI/Art/Runtime/sunny-orchard/marker-selected.png using Guid(442fb1ad1a18b59b6ddf6246c1b01946) (TextureImporter) -> (artifact id: 'abf30e8cd309a14b96d7ce234cf703e5') in 0.0026865 seconds
Start importing Assets/DualGridTerrain/StoneFloor/Generated/Mask-08.png using Guid(5451563083990f74696d9c8d30beb5be) (TextureImporter) -> (artifact id: 'e8e5cdf80b45e40fecae9e43426ea08c') in 0.0022523 seconds
Start importing Assets/LayeredTerrain/GrassSoil/LandformGrass/Mask-06.png using Guid(544a39d074a9a9848b6b7a297a991b19) (TextureImporter) -> (artifact id: '9d87d8c1cbb4683017a42359deeb348c') in 0.0022324 seconds
Start importing Assets/UI/Art/Sources/sunny-orchard-painted/surfaces/action-primary.png using Guid(6481b1d0663f0f9c549ae091c071be78) (TextureImporter) -> (artifact id: '4994e317e6870fa0d1105ab85badc02f') in 0.0373279 seconds
Start importing Assets/DualGridDemo/PixelGrass/Generated/Mask-02.png using Guid(640f4cbcfa82b2a4a8a119980c90af1d) (TextureImporter) -> (artifact id: '3f045fd946d5ba2d0e1d0b6c1410a8a1') in 0.0028491 seconds
Start importing Assets/LayeredTerrain/GrassSoil/Square/LandformSoil/Mask-04.png using Guid(740062b6e70c3604fb8de53ea1455cd4) (TextureImporter) -> (artifact id: '3c55c6d1ddc9eb9682cb9c3aa1858745') in 0.0038389 seconds
Start importing Assets/LayeredTerrain/GrassSoil/Square/LandformStoneRoad/Mask-13.png using Guid(74babd24b5b00894d89eb919141ce5c4) (TextureImporter) -> (artifact id: '0a8316f4bf397947d6688a192170c04e') in 0.0045692 seconds
Start importing Assets/UI/Art/Runtime/sunny-orchard/surface-result.png using Guid(8472c53e9b0507a7757ada88b40a40ee) (TextureImporter) -> (artifact id: '6e68d026a77e50c1bc22201f2149db1d') in 0.0025426 seconds
Start importing Assets/LayeredTerrain/GrassSoil/LandformSoil/Mask-05.png using Guid(84eb249b32649db429e5ab903df7a39d) (TextureImporter) -> (artifact id: 'a4e03fda937e0898f46d829fe5abc3e0') in 0.0022578 seconds
Start importing Assets/UI/Art/Runtime/sunny-orchard-painted/surfaces/surface-detail.png using Guid(d462939c7b376f58b8d8dd4aedb7c28d) (TextureImporter) -> (artifact id: 'f0eb7adf6137ccd0f5ab4b2cb956eac1') in 0.0029426 seconds
Start importing Assets/DualGridDemo/PixelGrass/Sources/PixelSoilSource.png using Guid(d47929c54f0764a4d89c377bdd1c8d2b) (TextureImporter) -> (artifact id: '843d7956a2e7a732731831595dcb6fd6') in 0.032327 seconds
Start importing Assets/DualGridDemo/CartoonGrass/Mask-02.png using Guid(e4d6f7ed1e4c3654e8a02df5cc3e5e97) (TextureImporter) -> (artifact id: '0ba2f687b054cc6b322193914daa4ce7') in 0.0127955 seconds
Start importing Assets/UI/Art/Sources/sunny-orchard-painted/icons/indicator-merge.png using Guid(0537bb868b98dea828f2db7f45fc3e97) (TextureImporter) -> (artifact id: 'ab3087d7bbf0e75b4f776e227e658bcb') in 0.013597 seconds
Start importing Assets/LayeredTerrain/GrassSoil/Square/LandformSoil/Mask-11.png using Guid(05d75eb1aa744b3448fc8ab474572075) (TextureImporter) -> (artifact id: '4864a15b53a80866725a056043c153bb') in 0.0045468 seconds
Start importing Assets/LayeredTerrain/GrassSoil/EdgeGrassOnSoilRefined/Mask-03.png using Guid(0509417c29bf8194fad12d5e5565193e) (TextureImporter) -> (artifact id: '7196e013bd1e4108ce9e81485eafe047') in 0.0024882 seconds
Start importing Assets/UI/Art/Sources/sunny-orchard-painted/surfaces/slot-tool.png using Guid(05ef9651fb241c103f4fd70347e3967b) (TextureImporter) -> (artifact id: '6de210bf61d0ed08f12bcf175edbd89d') in 0.0039208 seconds
Start importing Assets/LayeredTerrain/CompositeBrushes/GrassSoil/Runtime64/Mask-09.png using Guid(258192adbbf1dd64db71bd4abb09eec9) (TextureImporter) -> (artifact id: 'a03921ddfdb4d85e760ecc3a90f119f0') in 0.0023334 seconds
Start importing Assets/UI/Art/Runtime/sunny-orchard-painted/icons/indicator-drag-legal.png using Guid(45f3778aa93c2ed717f563223da0418c) (TextureImporter) -> (artifact id: '678dd7ac4e4d51339bdcf269816fa821') in 0.0028597 seconds
Start importing Assets/UI/Art/Runtime/sunny-orchard/surface-panel-raised.png using Guid(45c54eb7badec942d8a826438f4c3d3a) (TextureImporter) -> (artifact id: '1974b07bc3a16b658232c15028533490') in 0.0026485 seconds
Start importing Assets/LayeredTerrain/Trials/CombinedWorkflowProtected/Runtime32/Mask-10.png using Guid(4516f3298d1940343a75f230065f7048) (TextureImporter) -> (artifact id: 'ed4137f96106f23013416281d2b08590') in 0.0022641 seconds
Start importing Assets/UI/Art/Runtime/sunny-orchard-painted/icons/indicator-error.png using Guid(459ce6468dfd1a7d1428715e18f2aff8) (TextureImporter) -> (artifact id: '14c6fd2650f40e6b5516bec7c52af755') in 0.0025808 seconds
Start importing Assets/UI/Art/Sources/sunny-orchard-painted/ornaments/ornament-metric-divider.png using Guid(55e460cbb553587e66fba5bfd43e463d) (TextureImporter) -> (artifact id: 'cdb65473e775b92c4832796f67772160') in 0.0352366 seconds
Start importing Assets/UI/Art/Runtime/sunny-orchard/icon-resource-sun.png using Guid(559dde2e10e9cd5fc43ace372341eeb1) (TextureImporter) -> (artifact id: 'b4f70c5656cc511d5f7f2c2a62288953') in 0.0031607 seconds
Start importing Assets/LayeredTerrain/GrassSoil/LandformSoil/Mask-00.png using Guid(75203b2d9a7e88240af20f8e6ff64214) (TextureImporter) -> (artifact id: '1d365f67778fb3089148c2bdad806fbd') in 0.0022552 seconds
Start importing Assets/LayeredTerrain/GrassSoil/LandformSoil/Mask-07.png using Guid(75422b321875c784f87121d67669ec64) (TextureImporter) -> (artifact id: '63b054c9ecda119ef3fe98add53af3e4') in 0.0022105 seconds
Start importing Assets/LayeredTerrain/GrassSoil/LandformSoil/Mask-09.png using Guid(754f8bcad0325e442815b58971b85af9) (TextureImporter) -> (artifact id: '77ba5baa5da233bd0c8c1a35be9a48cc') in 0.0021978 seconds
Start importing Assets/UI/Art/Runtime/sunny-orchard-painted/icons/indicator-success.png using Guid(852d929e2aebb50c6997cae92bcd85a9) (TextureImporter) -> (artifact id: 'be43400c82fc144b798828a5c5425360') in 0.0024528 seconds
Start importing Assets/LayeredTerrain/GrassSoil/EdgeSoilOnGrassRefined/Mask-06.png using Guid(95b7a60a77f863941b1f3b81937c2679) (TextureImporter) -> (artifact id: 'e5d348d9e1a8984ca3cc78cbcbc8efe8') in 0.0024096 seconds
Start importing Assets/LayeredTerrain/Trials/CombinedWorkflowProtected/Runtime32/Mask-05.png using Guid(95ce7d2b062d3334e8d1fc686f9b637a) (TextureImporter) -> (artifact id: '3d1986a5a7420a9f92e725a694c619fd') in 0.0022494 seconds
Start importing Assets/LayeredTerrain/GrassSoil/Square/Sources/GrassOnSoilSquareSemanticSamplingRejected.png using Guid(a5eb4fa40e8f91447978e12e3700c00a) (TextureImporter) -> (artifact id: 'c0cff4ed9c0e164804cd934b2e293ff6') in 0.0180165 seconds
Start importing Assets/UI/Art/Runtime/sunny-orchard/icon-control-return.png using Guid(a5df09bdf77ff8b6dc7313a82a06f9af) (TextureImporter) -> (artifact id: '5bfcd55a1fd699ac08c6377afc5fa175') in 0.0031518 seconds
Start importing Assets/UI/Art/Sources/sunny-orchard-painted/surfaces/slot-nursery.png using Guid(b5d7a38f69c6ed493e6a9f022119092c) (TextureImporter) -> (artifact id: 'bf2567b29b6eab99e87db1f9d5de82a1') in 0.0035371 seconds
Start importing Assets/UI/Art/Runtime/sunny-orchard-painted/icons/icon-control-pause.png using Guid(b5ce2b12365fc6ef269cbf31420bc514) (TextureImporter) -> (artifact id: '883beb700eed35b9f82ec04b2225b3e8') in 0.0025416 seconds
Start importing Assets/LayeredTerrain/CompositeBrushes/StoneWater/Runtime64/Mask-06.png using Guid(b5cf9cea00932e241b1f35457d4c99cf) (TextureImporter) -> (artifact id: '7f383ee7bac26e2c205b9811d5eec5fd') in 0.0024715 seconds
Start importing Assets/UI/Art/Sources/sunny-orchard-painted/surfaces/surface-safe-area.png using Guid(c5b3628e0f8f5c56804a263ba5f80a08) (TextureImporter) -> (artifact id: 'fc9b00aea2cda5f4014b4ae95dda4373') in 0.0036632 seconds
Start importing Assets/Resources/TempArt/fruit-defense-temp-atlas.png using Guid(e5a53d0d4c78d5548a1983808134c437) (TextureImporter) -> (artifact id: '91572622f393c780e7be0dbdd2d04eb7') in 0.0427624 seconds
Start importing Assets/LayeredTerrain/GrassSoil/LandformSoil/Mask-14.png using Guid(e508d36d9bd546b46acd65dcc246292d) (TextureImporter) -> (artifact id: '54172e05c16cb0c23de8c0ae471d3c1c') in 0.0031106 seconds
Start importing Assets/DualGridDemo/PixelGrass/Sources/PixelGrassSource.png using Guid(e53845201b7421e42bff10f46f40a7a8) (TextureImporter) -> (artifact id: '8abfa7a3cc16a8f7a5faf08c70d19955') in 0.0342196 seconds
Start importing Assets/LayeredTerrain/GrassSoil/LandformGrass/Mask-07.png using Guid(0680c363b93611448a9ce1dfa48c6f03) (TextureImporter) -> (artifact id: '7591ed4624f1231cd1ced8308cd0f426') in 0.0028118 seconds
Start importing Assets/UI/Art/Sources/sunny-orchard-painted/icons/icon-control-return.png using Guid(165005e61af5afe29788f00ec8332061) (TextureImporter) -> (artifact id: 'ad7e1e558cb50fa2671f7ca7e8dec347') in 0.0140501 seconds
Start importing Assets/LayeredTerrain/GrassSoil/Square/LandformStoneRoad/Mask-12.png using Guid(1662abcf8d4fcc44cac2669fde3d2cf6) (TextureImporter) -> (artifact id: '5cf650eeb94d2c744275f23f6678692f') in 0.0043737 seconds
Start importing Assets/UI/Art/Runtime/sunny-orchard-painted/ornaments/ornament-result-banner.png using Guid(16feca0f7c9657fbe51d94571bd62948) (TextureImporter) -> (artifact id: 'b167900d43195ab1bc03c6a5145aaea3') in 0.0027773 seconds
Start importing Assets/LayeredTerrain/GrassSoil/Square/LandformSoil/Mask-10.png using Guid(46f4b894e4263e14ab6ade52f6769a1c) (TextureImporter) -> (artifact id: 'f53e2fcfedb78547a6efdd3a3b5df92a') in 0.0040821 seconds
Start importing Assets/UI/Art/Sources/sunny-orchard-painted/icons/icon-tool-pot.png using Guid(4699c257bf454a982e74bfd400d48b13) (TextureImporter) -> (artifact id: 'd1aa136623b0887aa5d0a83b5dcc181b') in 0.0145224 seconds
Start importing Assets/LayeredTerrain/GrassSoil/Square/Sources/GrassOnSoilSquareImagegenAttempt01Rejected.png using Guid(66048ea5253f4674b336c6b81a6951d5) (TextureImporter) -> (artifact id: '2c38c5365b3917313802b101bc9b1837') in 0.0408202 seconds
Start importing Assets/DualGridTerrain/StoneFloor/Generated/Mask-07.png using Guid(6684e1f8d97606e47a181b39db0a979b) (TextureImporter) -> (artifact id: '50d1ca3e3746e083396cae1c0764431d') in 0.0039606 seconds
Start importing Assets/UI/Art/Sources/sunny-orchard-painted/surfaces/surface-card-selectable.png using Guid(661975e56ff9a385d5c29e71f47f3216) (TextureImporter) -> (artifact id: '5eabd19c6212c717177d1d6a4f6c79f4') in 0.0038278 seconds
Start importing Assets/LayeredTerrain/CompositeBrushes/StoneWater/Runtime64/Mask-01.png using Guid(76d9c92b95a053142a538411afa7df78) (TextureImporter) -> (artifact id: '288833386e4e67f107837bbb8210548f') in 0.0024663 seconds
Start importing Assets/UI/Art/Sources/ReferenceBoards/Review/sunny-orchard-painted-49-gallery.png using Guid(76da78dbbe3ed6f5ba05c0e689e103ea) (TextureImporter) -> (artifact id: 'aa4daad7df613bec1929cc0d4a67d474') in 0.0532546 seconds
Start importing Assets/UI/Art/Runtime/sunny-orchard-painted/icons/icon-control-refresh.png using Guid(769dbb3d6263bbb2c65bad050acf6cc9) (TextureImporter) -> (artifact id: '3df89484253617dc4345a9ff5ee5d961') in 0.0041637 seconds
Start importing Assets/LayeredTerrain/GrassSoil/EdgeGrassOnSoilRefined/Mask-01.png using Guid(86d1b200d4af65a4ab23212f423eaa5d) (TextureImporter) -> (artifact id: '6b38aee3f57d9f84491f899d0668b276') in 0.0025871 seconds
Start importing Assets/DualGridDemo/CartoonGrass/Mask-13.png using Guid(966cbda4b380a97469c3fec7ddf16ff0) (TextureImporter) -> (artifact id: '3dd572154dd63ab05dcdaa7d64596341') in 0.0149596 seconds
Start importing Assets/LayeredTerrain/CompositeBrushes/GrassSoil/Runtime64/Mask-10.png using Guid(a684a6b81237f5a4e9dd1bcb0ef5a6b5) (TextureImporter) -> (artifact id: '46d451be84909e5096af81e2683605b7') in 0.0024428 seconds
Start importing Assets/DualGridDemo/PixelGrass/Generated/Mask-00.png using Guid(a65b1f35be4465844a124e71dfa54fb1) (TextureImporter) -> (artifact id: 'df846404cd57d6fd6730b372feb1e068') in 0.002232 seconds
Start importing Assets/UI/Art/Runtime/sunny-orchard-painted/illustrations/illustration-lobby-orchard-02.png using Guid(a6ef738fd26cca9fb049c749def123b9) (TextureImporter) -> (artifact id: 'acd828e0738f3cfcb2424e58951ad712') in 0.0027705 seconds
Start importing Assets/LayeredTerrain/GrassSoil/LandformSoil/Mask-02.png using Guid(b6322e576aea4af408e7c46f67e402ee) (TextureImporter) -> (artifact id: 'b3187ba8f5d7dc438c6b1d11190c134d') in 0.0023945 seconds
Start importing Assets/DualGridTerrain/StoneFloor/Generated/Mask-03.png using Guid(b61e0d3967c56554b8361ed7b4864113) (TextureImporter) -> (artifact id: 'dec4c3c46195309b37f1eda433a51f40') in 0.0022139 seconds
Start importing Assets/LayeredTerrain/Trials/CombinedWorkflowProtected/Runtime32/Mask-01.png using Guid(c6624335936f1064eb085ad59ddac420) (TextureImporter) -> (artifact id: '633d8f163b9bc10c952f03efe692e823') in 0.0022875 seconds
Start importing Assets/DualGridDemo/CartoonGrass/Mask-01.png using Guid(c666e3350b03bd34a84cd83c030cc299) (TextureImporter) -> (artifact id: 'e857225c0301c4bf29142ed3a3961d4e') in 0.0122629 seconds
Start importing Assets/LayeredTerrain/GrassSoil/EdgeSoilOnGrassRefined/Mask-13.png using Guid(c66fa95accda7fb46819892d2aa9169f) (TextureImporter) -> (artifact id: '627935ebe0ffcb850d6623e14b9f026d') in 0.0024494 seconds
Start importing Assets/UI/Art/Runtime/sunny-orchard-painted/surfaces/slot-tool.png using Guid(d622e8316c6b878ee9b1c57cfcb737e2) (TextureImporter) -> (artifact id: '4716ffb143b190c23e0f4e3605d8fca1') in 0.002611 seconds
Start importing Assets/LayeredTerrain/GrassSoil/EdgeSoilOnGrassRefined/Mask-05.png using Guid(e6506ab1acf02f3448cd2c2c1de5de26) (TextureImporter) -> (artifact id: 'aefa2dd0f97abbed702eb26ec0a76036') in 0.0023076 seconds
Start importing Assets/LayeredTerrain/GrassSoil/LandformGrass/Mask-02.png using Guid(e6c8a82a923f4c746b8c41ca956834f7) (TextureImporter) -> (artifact id: '4f74f2b8c836b4f67442b8d61c54e3c7') in 0.0021875 seconds
Start importing Assets/UI/Art/Sources/sunny-orchard-painted/surfaces/action-secondary.png using Guid(e6cd2e814883f4f2442ff5fafe16212a) (TextureImporter) -> (artifact id: 'e9cfced17f272572434b879effc7c6f6') in 0.0038337 seconds
Start importing Assets/LayeredTerrain/GrassSoil/Square/LandformStoneRoad/Mask-14.png using Guid(f6596876cd842b74b95c4ebc749191b1) (TextureImporter) -> (artifact id: 'ef6e83f849f36e1e06c75a23d60b771c') in 0.0046464 seconds
Start importing Assets/DualGridDemo/PixelGrass/Generated/Mask-07.png using Guid(07234c5d2e0a4ac4e824efac9c7d5124) (TextureImporter) -> (artifact id: '3c82713bc0ee00df711e5fc78582a8df') in 0.0022754 seconds
Start importing Assets/LayeredTerrain/GrassSoil/LandformSoil/Mask-06.png using Guid(07dfb1d103cc85f45bd49614f10f6041) (TextureImporter) -> (artifact id: 'efe70b7d9dbfa427c15d29ab12803c74') in 0.0021962 seconds
Start importing Assets/LayeredTerrain/CompositeBrushes/GrassSoil/Runtime64/Mask-12.png using Guid(179cf7e5666648848b8eb627a096e20e) (TextureImporter) -> (artifact id: '59f8a9af78ccbc01e727a6dd9e2588a7') in 0.0022066 seconds
Start importing Assets/LayeredTerrain/CompositeBrushes/GrassSoil/Runtime64/Mask-00.png using Guid(2700b5e627fcfca4297dda40e75437af) (TextureImporter) -> (artifact id: 'c761c60b62bce2b50e6eab440042dfbc') in 0.0024126 seconds
Start importing Assets/LayeredTerrain/GrassSoil/Square/Topology/DualGridSwastikaReference.png using Guid(27e7f0becc7348fdbefb990f03c5c502) (TextureImporter) -> (artifact id: '5466a4e872527c3bd77784a8cbd5f08a') in 0.0148169 seconds
Start importing Assets/LayeredTerrain/GrassSoil/Square/LandformStoneRoad/Mask-00.png using Guid(27adceb6565c7234caafa93237fade59) (TextureImporter) -> (artifact id: '207cb99614d9fa4ed4faea5245e45f48') in 0.0030732 seconds
Start importing Assets/ArtSources/TempArt/cartoon-grass-seamless-hd.png using Guid(37b8677f44ff1514f8eaab6ad0e296c1) (TextureImporter) -> (artifact id: 'a7cdd073f6db82596a31a0874ff4a618') in 0.0525118 seconds
Start importing Assets/DualGridDemo/PixelGrass/Generated/Mask-15.png using Guid(37cbabe1798786844809770302214d0f) (TextureImporter) -> (artifact id: '63a9d645b4b72e66d0b1aa93dc045534') in 0.0025302 seconds
Start importing Assets/LayeredTerrain/GrassSoil/LandformSoil/Mask-10.png using Guid(47117265eaa22834490873a427745392) (TextureImporter) -> (artifact id: '7019e20335babe488226bca60a565307') in 0.0034976 seconds
Start importing Assets/UI/Art/Sources/sunny-orchard-painted/surfaces/surface-detail.png using Guid(97624bb2346c5051b3eca2be889f5be8) (TextureImporter) -> (artifact id: '6e77ae3248524c9aad82ba157993efb7') in 0.003622 seconds
Start importing Assets/LayeredTerrain/CompositeBrushes/StoneWater/Runtime64/Mask-05.png using Guid(b7f0adeb9e2c1e542a98f8fa3aecb601) (TextureImporter) -> (artifact id: 'a0fcd42635c792b95d3e0dd4f239bfc3') in 0.0022751 seconds
Start importing Assets/DualGridDemo/PixelGrass/Generated/Mask-11.png using Guid(b7a61dfbc4ad26f45b5ccd1e3c370cd4) (TextureImporter) -> (artifact id: 'b0150c85af34f1c40ca468e78a44ed9a') in 0.0022999 seconds
Start importing Assets/DualGridTerrain/StoneFloor/Sources/StoneFloor-Soil.png using Guid(b71939ad230d0bd4a9e48f38909f65bd) (TextureImporter) -> (artifact id: '6069d80cbbf5ae517a7a63c763b0bad9') in 0.0364296 seconds
Start importing Assets/LayeredTerrain/GrassSoil/LandformSoil/Mask-08.png using Guid(f733331992a75b34fa751cc531a9ad99) (TextureImporter) -> (artifact id: 'db57a258d363a2be0be81d461976bbf5') in 0.0031173 seconds
Start importing Assets/UI/Art/Sources/sunny-orchard-painted/surfaces/action-quiet.png using Guid(f726a86c0622ba0145f3239f8de5cfcf) (TextureImporter) -> (artifact id: 'fdfbacc096f17720aadcfee2f34e7f80') in 0.0039123 seconds
Start importing Assets/UI/Art/Runtime/sunny-orchard/icon-control-refresh.png using Guid(f7e601e0328cea5ce7fa06272d135c87) (TextureImporter) -> (artifact id: '5b5b29c68073d24fa653614d9b2cabd9') in 0.0026148 seconds
Start importing Assets/LayeredTerrain/Trials/CombinedWorkflowProtected/Runtime32/Mask-13.png using Guid(082123a3b3ce0d941abb0e6655d28386) (TextureImporter) -> (artifact id: '8204a14829337016fd637a00251ef6f9') in 0.0023064 seconds
Start importing Assets/LayeredTerrain/GrassSoil/EdgeGrassOnSoilRefined/Mask-08.png using Guid(0874debd66171ac40af1c09fc4f35490) (TextureImporter) -> (artifact id: 'eb58e9d596566fa11ee3ca60c17928c1') in 0.0022902 seconds
Start importing Assets/DualGridTerrain/StoneFloor/Generated/Mask-00.png using Guid(08d502d5c195a1945b7dbc68494f3b53) (TextureImporter) -> (artifact id: '19b5329a88c4f0da395683d89ebf671a') in 0.0016705 seconds
Start importing Assets/LayeredTerrain/GrassSoil/Square/EdgeGrassOnSoilPainted/Mask-09.png using Guid(084f697b91fa74749badf52cb07941bf) (TextureImporter) -> (artifact id: '3750160fb44f43073e5a57a71c83467a') in 0.0038502 seconds
Start importing Assets/LayeredTerrain/GrassSoil/Square/LandformSoil/Mask-15.png using Guid(1818656c11186cd42965fdec91704045) (TextureImporter) -> (artifact id: 'db1a05c56ad722d288668aee8f8b6ec4') in 0.0040399 seconds
Start importing Assets/DualGridTerrain/StoneFloor/Generated/Mask-02.png using Guid(1838dfefd42fed640bbdaa2631de69a4) (TextureImporter) -> (artifact id: 'd3d62dfd74af2ab3d7df2a458de9f4df') in 0.0022161 seconds
Start importing Assets/LayeredTerrain/GrassSoil/LandformGrass/Mask-10.png using Guid(28dd78ca911694b4a87e22efd816c9be) (TextureImporter) -> (artifact id: 'e389614100c3776836ff45a0c7affd3d') in 0.0023713 seconds
Start importing Assets/LayeredTerrain/CompositeBrushes/GrassSoil/Runtime64/Mask-15.png using Guid(3894f90109b3dfd41868cada90555f94) (TextureImporter) -> (artifact id: '4417bc778e911a71ae1cce10ab15ff9e') in 0.0023266 seconds
Start importing Assets/LayeredTerrain/Trials/CombinedWorkflowProtected/Runtime32/Mask-15.png using Guid(38656de081afa684eacc3ea7ecf9d0a9) (TextureImporter) -> (artifact id: '6d84bf7eedc3278afb9658a10c42e24e') in 0.0022665 seconds
Start importing Assets/LayeredTerrain/GrassSoil/Square/LandformStoneRoad/Mask-03.png using Guid(48406405bb5261c4a827b2a4efcd05fb) (TextureImporter) -> (artifact id: 'd29a9ab1981362a00deefcf1d02c2857') in 0.0037924 seconds
Start importing Assets/DualGridDemo/PixelGrass/Generated/Mask-14.png using Guid(48f314c132e24de4392e44d678265da8) (TextureImporter) -> (artifact id: '8f92aee2774513b178b947cc60397423') in 0.0022701 seconds
Start importing Assets/DualGridDemo/CartoonGrass/Mask-00.png using Guid(48757850c50d8ba4fb1014fc207b67ef) (TextureImporter) -> (artifact id: 'a52b573521b6ddb3989544962f0f617e') in 0.0114 seconds
Start importing Assets/UI/Art/Runtime/sunny-orchard-painted/illustrations/illustration-lobby-orchard-01.png using Guid(58809df3ea6ed298b68d75b342dba31c) (TextureImporter) -> (artifact id: '81fa4ebfc8451b47d39beca5832eb2f1') in 0.0030006 seconds
Start importing Assets/DualGridTerrain/StoneFloor/Generated/Mask-09.png using Guid(583ce805d0799db4d95819cfd65d6a05) (TextureImporter) -> (artifact id: 'dd61a02db969af7d85977ecf84fe7f6a') in 0.0022834 seconds
Start importing Assets/UI/Art/Runtime/sunny-orchard/action-danger.png using Guid(78ab4add444969d9b0cb53a9ae0bc0c7) (TextureImporter) -> (artifact id: 'ccfa5a0037662813d40172f0b29e23c9') in 0.0028666 seconds
Start importing Assets/LayeredTerrain/GrassSoil/Square/Sources/GrassOnSoilSquareImagegenDraft.png using Guid(889254a3cfe5d364b85928e9d4e8fcf2) (TextureImporter) -> (artifact id: '76116d27aba478f40c19263b6e5a2a12') in 0.0478697 seconds
Start importing Assets/LayeredTerrain/CompositeBrushes/GrassSoil/Runtime64/Mask-11.png using Guid(88ba278fe22d9874faeb875ce55ad45f) (TextureImporter) -> (artifact id: '9859eb031513dbb0747efe8585b54252') in 0.0027924 seconds
Start importing Assets/LayeredTerrain/GrassSoil/Square/LandformStoneRoad/Mask-08.png using Guid(984c20641d1c48741a48665e372b36bd) (TextureImporter) -> (artifact id: '6cbf18554fff6e443f7dfceffde03e38') in 0.0037724 seconds
Start importing Assets/UI/Art/Sources/sunny-orchard-painted/icons/indicator-swap.png using Guid(a8b0ea89b10f2b0f0bb1eccb9f610ede) (TextureImporter) -> (artifact id: 'd008737ab6740b066b4f6b60a11c7e27') in 0.0138221 seconds
Start importing Assets/LayeredTerrain/GrassSoil/Square/LandformGrass/Mask-15.png using Guid(a849eccd0a07cd5408dab51a5c5e58da) (TextureImporter) -> (artifact id: 'a5c4ab4e4fe157e2ad8a81d0bc718d57') in 0.0045443 seconds
Start importing Assets/LayeredTerrain/GrassSoil/Square/LandformGrass/Mask-02.png using Guid(c894766a274359a40a2b8dccb2592dad) (TextureImporter) -> (artifact id: 'ad171695c2dd53e65afe3d03199dc824') in 0.0038087 seconds
Start importing Assets/UI/Art/Runtime/sunny-orchard/indicator-merge.png using Guid(c8db5507433273b6532e39de66d8a682) (TextureImporter) -> (artifact id: '84ef96c91e8ef74b649ee1660e8e9246') in 0.0024611 seconds
Start importing Assets/UI/Art/Runtime/sunny-orchard-painted/icons/indicator-warning.png using Guid(d8f02eaa7df58c0be17ba66cc6ca5002) (TextureImporter) -> (artifact id: '67105d4dc4729be80ba38814f124be3d') in 0.0025326 seconds
Start importing Assets/LayeredTerrain/GrassSoil/Square/LandformStoneRoad/Mask-15.png using Guid(d8d20b5e3bc1bd54ab27d98f286d2767) (TextureImporter) -> (artifact id: 'b8eaa70e2aca607817553085af84b1e4') in 0.0041192 seconds
Start importing Assets/LayeredTerrain/GrassSoil/Square/LandformGrass/Mask-03.png using Guid(d8d953e2392edcc40be15628c2abafbc) (TextureImporter) -> (artifact id: 'c7eb013fa11d3bdab8df858965864946') in 0.003814 seconds
Start importing Assets/DualGridDemo/CartoonGrass/Mask-03.png using Guid(e8d940c2cf2394144a7c17a03235c7f9) (TextureImporter) -> (artifact id: '6fbd8b33d74bb0eef0990e61845b023c') in 0.0142346 seconds
Start importing Assets/UI/Art/Sources/sunny-orchard-painted/surfaces/surface-screen-background.png using Guid(e8aec71b998cb4c0c1d44d84c45b10ae) (TextureImporter) -> (artifact id: '68adf8df5e65d83ae67dd9dfe157a02f') in 0.0039168 seconds
Start importing Assets/LayeredTerrain/GrassSoil/EdgeSoilOnGrassRefined/Mask-04.png using Guid(f85131215eb3d8948a6538c2e65b869d) (TextureImporter) -> (artifact id: 'f535c71cc3d85edf50893af33df510cf') in 0.0023856 seconds
Start importing Assets/LayeredTerrain/GrassSoil/LandformGrass/Mask-09.png using Guid(f882d7d1251303d4ebcee017ffc851ee) (TextureImporter) -> (artifact id: 'efbad37efdd919689ae80545f5161638') in 0.002266 seconds
Start importing Assets/UI/Art/Sources/sunny-orchard-painted/icons/icon-control-pause.png using Guid(f8b34e2e738ed8d6a0fce5211deeacab) (TextureImporter) -> (artifact id: 'a5c50049bfc3eee3feded108c078d2c9') in 0.0143694 seconds
Start importing Assets/UI/Art/Sources/sunny-orchard-painted/surfaces/surface-section-ribbon.png using Guid(f80928a3a6d1d495515ad67805775a1f) (TextureImporter) -> (artifact id: '10e8a360f601f9bb60825a031518f6b3') in 0.0410772 seconds
Start importing Assets/LayeredTerrain/GrassSoil/Square/Sources/GrassOnSoilContinuousRibbon-v1.png using Guid(f80a68b73b10c7e4daa5777a87c3bdcd) (TextureImporter) -> (artifact id: '6fe000785c4a47007a7bc61c8775f6de') in 0.0486782 seconds
Start importing Assets/DualGridDemo/PixelGrass/Generated/Mask-04.png using Guid(f8bd074fbc1009f49a6f8c7e5846ee80) (TextureImporter) -> (artifact id: '754e9e2c482120202de88cbc20b231f4') in 0.003182 seconds
Start importing Assets/DualGridTerrain/StoneFloor/Generated/Mask-01.png using Guid(1923ecb3fd4bd664ca57daf5c2dd3cd3) (TextureImporter) -> (artifact id: '504b145c2ace24cffc01cf7f2aef6f42') in 0.0023896 seconds
Start importing Assets/LayeredTerrain/GrassSoil/LandformGrass/Mask-13.png using Guid(19a8d40a808822942be5ad06d0e7140c) (TextureImporter) -> (artifact id: 'cf115714e6d5d458fe9719f50521c16c') in 0.0021451 seconds
Start importing Assets/UI/Art/Runtime/sunny-orchard/slot-nursery.png using Guid(29a52cfbbf47d8ef5e436a8b8939a235) (TextureImporter) -> (artifact id: '323bdf927bd7947667276ca17359da8b') in 0.0024633 seconds
Start importing Assets/LayeredTerrain/CompositeBrushes/StoneWater/Runtime64/Mask-10.png using Guid(39fd80fe2153b6140894abb0b90c7a97) (TextureImporter) -> (artifact id: '3040febeb7ddf691960e82a36bc6f934') in 0.0022974 seconds
Start importing Assets/UI/Art/Runtime/sunny-orchard/indicator-error.png using Guid(495839732be5c60ff755ea2d4d72540c) (TextureImporter) -> (artifact id: '7919519975726380cda757361c870df0') in 0.0026324 seconds
Start importing Assets/LayeredTerrain/GrassSoil/LandformGrass/Mask-05.png using Guid(5942ebe985dc29745b9d8d101cc4ad07) (TextureImporter) -> (artifact id: '7c99a841bf6771d400c03b49bf0d1313') in 0.002281 seconds
Start importing Assets/Resources/TempArt/combat-vfx-atlas.png using Guid(5974dd4614fa0204caa7659fa9fad9d5) (TextureImporter) -> (artifact id: 'ba0c15ee1b34fcff7b9bdede7d884677') in 0.0402093 seconds
Start importing Assets/UI/Art/Sources/sunny-orchard-painted/illustrations/illustration-lobby-orchard-03.png using Guid(697008ff606e8594be011d8150d9a294) (TextureImporter) -> (artifact id: '75148918792156682d1894cbd7637046') in 0.0418843 seconds
Start importing Assets/UI/Art/Sources/sunny-orchard-painted/surfaces/surface-panel-raised.png using Guid(79a0cd111c35c15c05e68d7e30799b75) (TextureImporter) -> (artifact id: 'ffa2d175ac62dc573827f303ee85d2f6') in 0.0041527 seconds
Start importing Assets/LayeredTerrain/GrassSoil/EdgeSoilOnGrassRefined/Mask-07.png using Guid(793506699e553004a988c5370d05d6e2) (TextureImporter) -> (artifact id: '94412342c3ccb593a6bd9f847e8e174c') in 0.0024677 seconds
Start importing Assets/LayeredTerrain/GrassSoil/Base/Soil.png using Guid(79bfd5d0bde8065458005f12a1edaebe) (TextureImporter) -> (artifact id: '08cc3f00a9d5793ff6d409616909c185') in 0.0022597 seconds
Start importing Assets/UI/Art/Sources/sunny-orchard-painted/surfaces/surface-panel-standard.png using Guid(89776df4a9c3767d7317c48f9006b13f) (TextureImporter) -> (artifact id: 'b86733e36585e4e1a06893f6b1cc91c0') in 0.003661 seconds
Start importing Assets/LayeredTerrain/GrassSoil/EdgeGrassOnSoilRefined/Mask-15.png using Guid(89b769b8176e2834ba1ddfa8bb26f88f) (TextureImporter) -> (artifact id: 'b011eb08f9a9127bcbd9ac6c4be1e4a1') in 0.0022476 seconds
Start importing Assets/LayeredTerrain/GrassSoil/EdgeGrassOnSoilRefined/Mask-02.png using Guid(a966f24b79e88b54d8c1b3f236162b43) (TextureImporter) -> (artifact id: '66f6d8b73ecf5ef876b3ac04cb19f696') in 0.0022101 seconds
Start importing Assets/UI/Art/Sources/sunny-orchard-painted/surfaces/surface-modal.png using Guid(c958abc1990c794d56331c3d02690e07) (TextureImporter) -> (artifact id: '19cb8f1f02ea31e1bd83146cca7f1ebd') in 0.0037796 seconds
Start importing Assets/UI/Art/Runtime/sunny-orchard/indicator-drag-legal.png using Guid(c96a85d959748ea5d0babc77f1d78cda) (TextureImporter) -> (artifact id: '37d58dfce6d340bea9dcd798127b7d70') in 0.0026384 seconds
Start importing Assets/LayeredTerrain/GrassSoil/Square/LandformGrass/Mask-06.png using Guid(c97a435cafa475c4d8e0219c2329936d) (TextureImporter) -> (artifact id: 'f4cf9e4e684a1e8bdd8dface0e708868') in 0.0039988 seconds
Start importing Assets/LayeredTerrain/GrassSoil/Square/EdgeGrassOnSoilPainted/Mask-05.png using Guid(c9ed46b69b851a5498a06a19f636b2a7) (TextureImporter) -> (artifact id: '4c3db2fefc8254ae1c814de84fb93fe5') in 0.0039647 seconds
Start importing Assets/DualGridDemo/PixelGrass/Generated/Mask-06.png using Guid(d98f02ae8a05d56408d2c3a6afe1990f) (TextureImporter) -> (artifact id: '39f7d4f336a2f0b57bf536a2aa0b7329') in 0.0022026 seconds
Start importing Assets/LayeredTerrain/CompositeBrushes/StoneWater/Runtime64/Mask-08.png using Guid(e9e29fcef77690d429bf05bf7a24c6e4) (TextureImporter) -> (artifact id: '5df6d50c4384fe3e39fd9777b413e783') in 0.0024719 seconds
Start importing Assets/UI/Art/Runtime/sunny-orchard-painted/icons/indicator-drag-illegal.png using Guid(e97f65bce38252808c830dad91974fdb) (TextureImporter) -> (artifact id: 'df3ed3cf8a6885f614bca82119d69e52') in 0.0024527 seconds
Start importing Assets/UI/Art/Runtime/sunny-orchard-painted/icons/icon-tool-pot.png using Guid(f9d06a6a23be886792d5e023ee84294e) (TextureImporter) -> (artifact id: '1a32addd19a0d944c94742c597a188d6') in 0.0025864 seconds
Start importing Assets/DualGridTerrain/StoneFloor/Generated/Mask-04.png using Guid(f964f22231450e84eb3344fc7ff45ad3) (TextureImporter) -> (artifact id: '2882eaebf64e5ab3d477c73c8dc25545') in 0.0022692 seconds
Start importing Assets/UI/Art/Runtime/sunny-orchard/surface-scrim.png using Guid(f92c557f9eae432f27cddfcfb4ceb9c5) (TextureImporter) -> (artifact id: 'af72d3f0d7f5b177ff8b600dff061e30') in 0.0023392 seconds
Start importing Assets/LayeredTerrain/GrassSoil/EdgeGrassOnSoilRefined/Mask-05.png using Guid(1ab21c761be328344951e682a2269533) (TextureImporter) -> (artifact id: '5e45d709e297c7ae96a76a81c75403e1') in 0.0022565 seconds
Start importing Assets/UI/Art/Runtime/sunny-orchard/surface-modal.png using Guid(2a2ef291622a05c71c0f27f8e577bdb8) (TextureImporter) -> (artifact id: '7eb6e3781d1a00e10df352861a8e468c') in 0.002657 seconds
Start importing Assets/LayeredTerrain/GrassSoil/Square/EdgeGrassOnSoilPainted/Mask-14.png using Guid(4ac2bf51053d28f41b3ab33ab5a263d5) (TextureImporter) -> (artifact id: '045f5e01adb6034d8f595548cd34b9c6') in 0.0037826 seconds
Start importing Assets/DualGridDemo/PixelGrass/Generated/Mask-09.png using Guid(4a4d2b76d7bd29442a68533deb55b9ec) (TextureImporter) -> (artifact id: '6dc527ebadfea3b18734ace651f99c2d') in 0.0021483 seconds
Start importing Assets/LayeredTerrain/GrassSoil/Square/LandformSoil/Mask-12.png using Guid(5afc737d30bdf184a821b82c81d946ad) (TextureImporter) -> (artifact id: '2c5303651cf46aed2c8ce994d16b8c92') in 0.0041228 seconds
Start importing Assets/UI/Art/Sources/sunny-orchard-painted/icons/icon-resource-core.png using Guid(8a4f628ace92805493150ce349298061) (TextureImporter) -> (artifact id: '89a29a76a68174d96c1088128c99f63f') in 0.0137569 seconds
Start importing Assets/LayeredTerrain/GrassSoil/LandformGrass/Mask-04.png using Guid(9a001c2eddb1b1843a6a86549dc16706) (TextureImporter) -> (artifact id: '421623fedd562489ef72eedf008dc121') in 0.0027054 seconds
Start importing Assets/UI/Art/Runtime/sunny-orchard/indicator-disabled.png using Guid(9a302bf9ab1844dc77fd993ceab50675) (TextureImporter) -> (artifact id: 'bdc2bbe74bf17da027bfd8e1bbd1b8b8') in 0.0027595 seconds
Start importing Assets/UI/Art/Runtime/sunny-orchard-painted/icons/indicator-merge.png using Guid(9a35a20c7614a793ce9cd7a9c8149a7e) (TextureImporter) -> (artifact id: 'b88edd3f2663feb99c51450911b4a3c8') in 0.0025908 seconds
Start importing Assets/LayeredTerrain/GrassSoil/Square/LandformSoil/Mask-06.png using Guid(9a982f4049710d343ae006e3b8b7138f) (TextureImporter) -> (artifact id: '94f8d3962ede06b9f95a2d3231888654') in 0.0041784 seconds
Start importing Assets/LayeredTerrain/GrassSoil/Square/LandformSoil/Mask-07.png using Guid(aa478851dea02a2449209cbc35cf4c83) (TextureImporter) -> (artifact id: '83f7fb65b15104e4bbd4e63807fbe6a6') in 0.004141 seconds
Start importing Assets/LayeredTerrain/GrassSoil/Square/LandformSoil/Mask-02.png using Guid(aa9f84d052cb2a348adc6ed23555a928) (TextureImporter) -> (artifact id: '53c40716555f8c488bcfca0a332af867') in 0.0039076 seconds
Start importing Assets/UI/Art/Runtime/sunny-orchard/icon-resource-wave.png using Guid(baeace2658f788359fd9581a3129b47f) (TextureImporter) -> (artifact id: '33e6faa1eb0eaee1f815c8d6afaaf3d5') in 0.0026731 seconds
Start importing Assets/UI/Art/Sources/sunny-orchard-painted/illustrations/illustration-lobby-orchard-02.png using Guid(bafb2368ef34f826ee24ad690ce695a9) (TextureImporter) -> (artifact id: '4ff1d41caf274e09eba7c5941b60eb02') in 0.0457456 seconds
Start importing Assets/UI/Art/Runtime/sunny-orchard-painted/surfaces/surface-panel-raised.png using Guid(ca6d054466a7f7e47e9d08f61f3c1fc8) (TextureImporter) -> (artifact id: '2646a5a6425c2f7f26db8bb9ecde15e0') in 0.0031448 seconds
Start importing Assets/LayeredTerrain/GrassSoil/Square/LandformGrass/Mask-07.png using Guid(da272db91bb89a742adc35f6a33098d2) (TextureImporter) -> (artifact id: 'b7ab616854aab8f5348877180868e202') in 0.0047403 seconds
Start importing Assets/UI/Art/Runtime/sunny-orchard/surface-detail.png using Guid(da4e4d55ca7174cb97c433962ba94f30) (TextureImporter) -> (artifact id: 'b5c00aacba64bac0b2202ba9744aca68') in 0.0026753 seconds
Start importing Assets/UI/Art/Runtime/sunny-orchard-painted/icons/indicator-loading.png using Guid(eaf59d86d571f66b1e8c75d86a58a802) (TextureImporter) -> (artifact id: 'c551e5bab0d7443fe01dcc62670df110') in 0.0026753 seconds
Start importing Assets/LayeredTerrain/Trials/CombinedWorkflowProtected/Runtime32/Mask-11.png using Guid(0bc6d0bdf067eb548a807a6b5c895789) (TextureImporter) -> (artifact id: 'a861299ebae661bfb0426456f9551db3') in 0.0021802 seconds
Start importing Assets/LayeredTerrain/CompositeBrushes/GrassSoil/Runtime64/Mask-03.png using Guid(0b5baa3ba85ccad4f97e7a4c9ab09c4c) (TextureImporter) -> (artifact id: 'cb10ca01954813569feaea4048a6b119') in 0.0023044 seconds
Start importing Assets/LayeredTerrain/GrassSoil/Square/LandformGrass/Mask-10.png using Guid(0bed231ed19db8246809032a67b4f3fc) (TextureImporter) -> (artifact id: '0a741562eb0f8624d9df8f896c7e8234') in 0.0042288 seconds
Start importing Assets/UI/Art/Runtime/sunny-orchard/surface-safe-area.png using Guid(0b6f35333564fcaaedfe0b6f4939638b) (TextureImporter) -> (artifact id: '50d3bcb8f2db75a97c8ec4067c66bd37') in 0.0025666 seconds
Start importing Assets/LayeredTerrain/GrassSoil/Square/EdgeGrassOnSoilPainted/Mask-00.png using Guid(0bbf86e1edc816c42b393c9159e780e9) (TextureImporter) -> (artifact id: 'c62a4eb3fcc04362869b562a780924ad') in 0.0031046 seconds
Start importing Assets/LayeredTerrain/GrassSoil/LandformGrass/Mask-01.png using Guid(2bd8b731c59e45840af7e07c84b75ed4) (TextureImporter) -> (artifact id: 'efaea3c06cdbe35ef50554f8ca41dc00') in 0.0026721 seconds
Start importing Assets/LayeredTerrain/GrassSoil/Base/Grass.png using Guid(3b57ca72d97b98946b5a31c3b6da2452) (TextureImporter) -> (artifact id: '211f0f0df4ef717ad2f10370e111647b') in 0.0023001 seconds
Start importing Assets/LayeredTerrain/GrassSoil/EdgeGrassOnSoilRefined/Mask-04.png using Guid(3b0850f71507f414ca29f042250ad78c) (TextureImporter) -> (artifact id: '9c9fc89b4bbec94e531f14e6b1f5dfba') in 0.0023283 seconds
Start importing Assets/UI/Art/Runtime/sunny-orchard-painted/icons/indicator-disabled.png using Guid(3b98294cee2ccd99674b8d6922128c86) (TextureImporter) -> (artifact id: 'c07e3c819c6c3e3fac3947978f8d4870') in 0.0025468 seconds
Start importing Assets/LayeredTerrain/GrassSoil/Square/LandformStoneRoad/Mask-01.png using Guid(4be69dec0facca64cb7ef82490d62b0a) (TextureImporter) -> (artifact id: '83e7fc480fa1130dab34fb0d7d8c4e3c') in 0.0039354 seconds
Start importing Assets/UI/Art/Runtime/sunny-orchard-painted/surfaces/surface-panel-standard.png using Guid(4b7cae1cf3370e8ef6224428d92c471e) (TextureImporter) -> (artifact id: 'cf252923f4c96db3fa1e3098f9e11c2a') in 0.0027181 seconds
Start importing Assets/UI/Art/Runtime/sunny-orchard/surface-card-selectable.png using Guid(4b0dd75ed1f8f987d2e508cb47da4768) (TextureImporter) -> (artifact id: 'e1efed0b4c91fe1afdaad75e72f157d6') in 0.0025634 seconds
Start importing Assets/LayeredTerrain/CompositeBrushes/StoneWater/Runtime64/Mask-00.png using Guid(5bc146104e7127f4ba0664237ac225b3) (TextureImporter) -> (artifact id: '96e26668f0d049c78a3a99e4ebbb6fd0') in 0.0023094 seconds
Start importing Assets/LayeredTerrain/GrassSoil/EdgeGrassOnSoilRefined/Mask-00.png using Guid(6b89c4b5b2bb2c645ae77e4f75bad420) (TextureImporter) -> (artifact id: '8280b3bac84cd9a7cf11cdff68ad7e34') in 0.002288 seconds
Start importing Assets/LayeredTerrain/GrassSoil/EdgeGrassOnSoilRefined/Mask-11.png using Guid(7bc01956d5e797947ade39d27c5389c3) (TextureImporter) -> (artifact id: 'fb764c9a1e2532cb14d29c6126c9b7b1') in 0.0021224 seconds
Start importing Assets/UI/Art/Runtime/sunny-orchard-painted/ornaments/ornament-screen-corner.png using Guid(8b29f204b254f88d5ff6a91bc1997cc1) (TextureImporter) -> (artifact id: '4313a7629fdffe513123a8dec75688a8') in 0.0024826 seconds
Start importing Assets/UI/Art/Sources/sunny-orchard-painted/icons/icon-resource-sun.png using Guid(8b9951f98f4856873fe97463ad92a9b8) (TextureImporter) -> (artifact id: '2cf50e6d332969c5f675dc876372e057') in 0.013172 seconds
Start importing Assets/LayeredTerrain/GrassSoil/EdgeSoilOnGrassRefined/Mask-00.png using Guid(8b1e0328d3d184f4eaa2d23771a8de8e) (TextureImporter) -> (artifact id: '243ba5b79feb97f681c036fc9f9f9a78') in 0.0026454 seconds
Start importing Assets/UI/Art/Runtime/sunny-orchard-painted/illustrations/illustration-lobby-orchard-03.png using Guid(9b87167019fe5829f79df476ff29f3ef) (TextureImporter) -> (artifact id: '603c8c5f9e69ca290ebb779a96c4174a') in 0.0027975 seconds
Start importing Assets/LayeredTerrain/CompositeBrushes/StoneWater/Runtime64/Mask-12.png using Guid(9b1aea4785f3fcb43b73823fd140254f) (TextureImporter) -> (artifact id: '27db84fa59b245b11c34256f13041260') in 0.0023706 seconds
Start importing Assets/LayeredTerrain/GrassSoil/Square/Sources/ApprovedStyleReference.png using Guid(ab1cf68101594749bf50cb3358f606cb) (TextureImporter) -> (artifact id: '4dc79b79f2237e9e682e3299498d881e') in 0.0057404 seconds
Start importing Assets/LayeredTerrain/GrassSoil/EdgeGrassOnSoilRefined/Mask-06.png using Guid(bb06148f5efe9a045a2cb76c8144aa8f) (TextureImporter) -> (artifact id: '5dd61ebcd8f8d20a215bfab1d5e89aee') in 0.0026127 seconds
Start importing Assets/LayeredTerrain/GrassSoil/Square/LandformGrass/Mask-01.png using Guid(bb47c342a345ef345b3f047b2534b0c8) (TextureImporter) -> (artifact id: 'cd50d05e6f6fb421a2746d00e59a6c92') in 0.0037365 seconds
Start importing Assets/LayeredTerrain/Trials/CombinedWorkflowProtected/Runtime32/Mask-03.png using Guid(bb77660a2ea82824197a598d42195da1) (TextureImporter) -> (artifact id: '14788e30a13bd486395528998487872f') in 0.0022482 seconds
Start importing Assets/DualGridDemo/CartoonGrass/Mask-10.png using Guid(bba8e45038e45ae43a43b0936f4d13bd) (TextureImporter) -> (artifact id: '72745b3571e80ebcce47a22767ef7bd6') in 0.013967 seconds
Start importing Assets/UI/Art/Runtime/sunny-orchard-painted/surfaces/surface-card-selectable.png using Guid(bb8b22a7c34fae3ac4757a58c64b776f) (TextureImporter) -> (artifact id: '6986a536299532605b73128849e51020') in 0.0028898 seconds
Start importing Assets/LayeredTerrain/GrassSoil/Square/LandformGrass/Mask-13.png using Guid(bb8f03f4d95205e4c9d3932ae83beeb1) (TextureImporter) -> (artifact id: '05e79a178e46804e002684cfb332165b') in 0.0045028 seconds
Start importing Assets/LayeredTerrain/Trials/CombinedWorkflowProtected/Runtime32/Mask-02.png using Guid(cbf05beb21037b54f8236607817d63fb) (TextureImporter) -> (artifact id: '74beacc025b634de39b7c3460954de12') in 0.0024257 seconds
Start importing Assets/UI/Art/Sources/sunny-orchard-painted/icons/indicator-disabled.png using Guid(cb8888169b342c4c3516ca2078a8e635) (TextureImporter) -> (artifact id: 'bcadc182db6a3411caf2d9990126606a') in 0.012944 seconds
Start importing Assets/LayeredTerrain/GrassSoil/Square/Topology/SquareContourTopologyGuide.png using Guid(cbeea235c94c1724ead1b2b2caab2685) (TextureImporter) -> (artifact id: 'd9efe45f08807bf23f37d7071e323f8d') in 0.0176388 seconds
Start importing Assets/DualGridDemo/CartoonGrass/Mask-09.png using Guid(ebe70631cff32cd42998e62243d493a3) (TextureImporter) -> (artifact id: '6aab1148c6751c1a98a22ffb16d8fcc1') in 0.0145981 seconds
Start importing Assets/UI/Art/Runtime/sunny-orchard-painted/icons/icon-control-speed.png using Guid(fb4c422d6646ae4aba60104a1c9d5305) (TextureImporter) -> (artifact id: 'f91c432117edb315569c4bdb25e8ac7c') in 0.0028438 seconds
Start importing Assets/LayeredTerrain/GrassSoil/EdgeGrassOnSoilRefined/Mask-14.png using Guid(3c755f985b4f5ec42acbf35b251ff93d) (TextureImporter) -> (artifact id: '871a2597720a4db538fbab410d58abd3') in 0.0026259 seconds
Start importing Assets/UI/Art/Runtime/sunny-orchard/icon-control-close.png using Guid(3c4914eb522977e1065661da7e254909) (TextureImporter) -> (artifact id: 'c995e5ec7bc0a049823d89856dc5b511') in 0.0024372 seconds
Start importing Assets/LayeredTerrain/GrassSoil/Square/EdgeGrassOnSoilPainted/Mask-04.png using Guid(4c1487c41187e3a419bbfa79a778611b) (TextureImporter) -> (artifact id: 'e4c04a2a205316578a516cf292e5c1f0') in 0.0036776 seconds
Start importing Assets/LayeredTerrain/GrassSoil/LandformGrass/Mask-11.png using Guid(5c01248b52860e34685aae93fcb944b4) (TextureImporter) -> (artifact id: 'a80594cf2f42f896c4a51921d01b704d') in 0.00229 seconds
Start importing Assets/DualGridDemo/CartoonGrass/Mask-07.png using Guid(5cd4d391bf6dbdf4fb90d9eac1bac1e3) (TextureImporter) -> (artifact id: '43657de5e33c5550830173e3c5dcc880') in 0.0151724 seconds
Start importing Assets/UI/Art/Runtime/sunny-orchard-painted/surfaces/surface-scrim.png using Guid(5caaa4a48fae43875e333f0c92a00d96) (TextureImporter) -> (artifact id: '50f949d2279b08dbea0df3fb28dfb5ec') in 0.0023655 seconds
Start importing Assets/LayeredTerrain/GrassSoil/LandformGrass/Mask-12.png using Guid(6cb69dcb46557964c8e2d4ba14261786) (TextureImporter) -> (artifact id: 'ad9bc452c16ac09e28ff7ac986ebf001') in 0.0023956 seconds
Start importing Assets/LayeredTerrain/GrassSoil/Square/EdgeGrassOnSoilPainted/Mask-08.png using Guid(6c7ccc8749f40904e9113c1543ea8815) (TextureImporter) -> (artifact id: 'ec28c77240dfe4746a2695671a46f3e8') in 0.0039495 seconds
Start importing Assets/LayeredTerrain/GrassSoil/Square/Topology/SquareContourImagegenReference.png using Guid(7c136cc936a0fc04bbb5618319c51b16) (TextureImporter) -> (artifact id: 'acbf697c851a5ba54ecd096d7e5cfdd8') in 0.0180034 seconds
Start importing Assets/LayeredTerrain/GrassSoil/LandformSoil/Mask-15.png using Guid(7c739335f209ed444a9e80a3148e4824) (TextureImporter) -> (artifact id: '3af60d4536bfdf5cf7cd69b232930028') in 0.0025721 seconds
Start importing Assets/LayeredTerrain/GrassSoil/Square/LandformGrass/Mask-04.png using Guid(8c001b2f99b0dd14c875cc73a0601ecd) (TextureImporter) -> (artifact id: '27d1cc81a009e6e782a707627f3a93e6') in 0.0038192 seconds
Start importing Assets/LayeredTerrain/GrassSoil/LandformGrass/Mask-03.png using Guid(8c02e61e916814940b3434fb19d9cbcb) (TextureImporter) -> (artifact id: 'b23f5ae4a59ceecb8a0f8a324a6d9fdc') in 0.0022521 seconds
Start importing Assets/LayeredTerrain/GrassSoil/EdgeSoilOnGrassRefined/Mask-09.png using Guid(8ccaa54c92d9d2e449930061201030af) (TextureImporter) -> (artifact id: 'a95557422e34e657df4aa40674737992') in 0.0023717 seconds
Start importing Assets/LayeredTerrain/Trials/CombinedWorkflowProtected/Runtime32/Mask-14.png using Guid(8cfe0935345a3354e9a6b1f3217ceb93) (TextureImporter) -> (artifact id: '91281abac83295eb7c81c3a17ae52096') in 0.0021368 seconds
Start importing Assets/UI/Art/Runtime/sunny-orchard-painted/surfaces/surface-result.png using Guid(9c09f2250803ee7a8a0533b475df6c32) (TextureImporter) -> (artifact id: 'a911a2ef37c5fb8848dfa8f11114cdef') in 0.002621 seconds
Start importing Assets/LayeredTerrain/GrassSoil/Square/LandformStoneRoad/Mask-07.png using Guid(ace32c37b3263cd4a9a8fdd514d305c4) (TextureImporter) -> (artifact id: 'e2f65e7c38a6952ce3230d7e21827c4a') in 0.004261 seconds
Start importing Assets/UI/Art/Runtime/sunny-orchard-painted/surfaces/surface-modal.png using Guid(ac2b1ee48d947c66d89c7f1d0efce993) (TextureImporter) -> (artifact id: '7374b4084e6f9456eef7927bf335c312') in 0.0030088 seconds
Start importing Assets/UI/Art/Runtime/sunny-orchard/action-primary.png using Guid(acfd468232bad9aea7b5bf3e72ac4449) (TextureImporter) -> (artifact id: 'bfe1d8cdc44bc897304bbe11030a680b') in 0.0028676 seconds
Start importing Assets/LayeredTerrain/GrassSoil/EdgeGrassOnSoilRefined/Mask-13.png using Guid(ccb6f83f5fa254548ba4f570473c12f9) (TextureImporter) -> (artifact id: '3a4a7a2e822f365ada6a171a82865c1b') in 0.0024429 seconds
Start importing Assets/DualGridTerrain/StoneFloor/Sources/StoneFloor-Grass.png using Guid(dc0232d060536404bbfd0db9fdd6a00c) (TextureImporter) -> (artifact id: '63135e60356283db286fd6241209e836') in 0.0360448 seconds
Start importing Assets/LayeredTerrain/GrassSoil/LandformGrass/Mask-14.png using Guid(dca360676601dad4da6324effc163d21) (TextureImporter) -> (artifact id: '957d74a7aad16e92475af7d486fb6055') in 0.0027743 seconds
Start importing Assets/UI/Art/Sources/sunny-orchard-painted/icons/icon-control-refresh.png using Guid(dc57cfdf23673247e4853181a7706946) (TextureImporter) -> (artifact id: '8aa37549a0bf1422a41cd5415bebab37') in 0.0133186 seconds
Start importing Assets/DualGridDemo/PixelGrass/Generated/Mask-08.png using Guid(dc3889886fa6c3c40bf839a0055d84d4) (TextureImporter) -> (artifact id: '021f302ba063a21b8ce43ae10460d696') in 0.0035316 seconds
Start importing Assets/DualGridTerrain/StoneFloor/Generated/Mask-05.png using Guid(ec2fb875c9a176546bda301d9bddc79b) (TextureImporter) -> (artifact id: '422aa1e3b66973cc838185af96a1d5c4') in 0.0026292 seconds
Start importing Assets/DualGridTerrain/StoneFloor/Generated/Mask-14.png using Guid(ecbf4c74e9cf15b478910ac1b11d7d3e) (TextureImporter) -> (artifact id: 'c09840acae478b3329a8db4742672347') in 0.0022802 seconds
Start importing Assets/LayeredTerrain/CompositeBrushes/GrassSoil/Runtime64/Mask-08.png using Guid(fc4459dbef606414c9add9f6e21f5532) (TextureImporter) -> (artifact id: '3507077bd45153662a179a67b2279dc5') in 0.0023245 seconds
Start importing Assets/LayeredTerrain/GrassSoil/EdgeGrassOnSoilRefined/Mask-12.png using Guid(fc5a33284a5ef3349bdbd319c4dda761) (TextureImporter) -> (artifact id: '18e756628285cd748c27a968c5cfba3c') in 0.0022148 seconds
Start importing Assets/UI/Art/Runtime/sunny-orchard/icon-control-continue.png using Guid(0d6193450ebd89c93c675d3ea0283ad2) (TextureImporter) -> (artifact id: 'eea4c60a9baa70aeff23f0c9f6e6337e') in 0.0024138 seconds
Start importing Assets/UI/Art/Sources/sunny-orchard-painted/icons/indicator-loading.png using Guid(0d7860cb01b8810094cfbec60e3ab527) (TextureImporter) -> (artifact id: 'f482e0bd1960cc3c5dc13ee78334b4b4') in 0.01337 seconds
Start importing Assets/LayeredTerrain/CompositeBrushes/GrassSoil/Runtime64/Mask-14.png using Guid(0de96a3762fd7574a9d72ca21259d8bb) (TextureImporter) -> (artifact id: 'fe1cfe27492269b893d303462b728fbc') in 0.0028053 seconds
Start importing Assets/LayeredTerrain/CompositeBrushes/StoneWater/Runtime64/Mask-07.png using Guid(4d7b70ec11859464f88e12a89ba2ca10) (TextureImporter) -> (artifact id: '080592eb5d5a97eb37766da7488ef522') in 0.0025884 seconds
Start importing Assets/LayeredTerrain/GrassSoil/Square/EdgeGrassOnSoilPainted/Mask-11.png using Guid(5da985cdf5b29334abc1e1ee777fa483) (TextureImporter) -> (artifact id: '5eca2781c2ebdca3b25ebb722a971d41') in 0.0036343 seconds
Start importing Assets/DualGridDemo/PixelGrass/Generated/Mask-12.png using Guid(6d35acff5f3504a44baa2e1d9716078e) (TextureImporter) -> (artifact id: 'c538138b7c07c12a9f17308d74233eaf') in 0.0023372 seconds
Start importing Assets/LayeredTerrain/GrassSoil/LandformGrass/Mask-15.png using Guid(7da38525e617b97459f293579cf36501) (TextureImporter) -> (artifact id: '029b722a90ddeabeeae3ad384339b836') in 0.0021645 seconds
Start importing Assets/LayeredTerrain/GrassSoil/LandformGrass/Mask-00.png using Guid(8dc04b933d2ce7846ad005246f5fb84f) (TextureImporter) -> (artifact id: 'b715d09affda9caccac547a233b93c11') in 0.0022504 seconds
Start importing Assets/LayeredTerrain/CompositeBrushes/GrassSoil/Runtime64/Mask-13.png using Guid(8da61c72a8bd9884ebc4f01c5ab0b84a) (TextureImporter) -> (artifact id: '8f51618e7ef244a16f0351303d5e868c') in 0.0025267 seconds
Start importing Assets/UI/Art/Runtime/sunny-orchard/icon-tool-pot.png using Guid(9d8695cffe358c056b1dfa4dd1d9cf4c) (TextureImporter) -> (artifact id: '2617e06334026cb2e1db3262efe6f6ea') in 0.0026207 seconds
Start importing Assets/LayeredTerrain/GrassSoil/EdgeSoilOnGrassRefined/Mask-01.png using Guid(9d2903a6d9c492b498319912cfd12d28) (TextureImporter) -> (artifact id: 'd697fd9fb7b97479fefc57fe9b54237b') in 0.002243 seconds
Start importing Assets/DualGridTerrain/StoneFloor/Generated/Mask-10.png using Guid(9ddc5620367ab204ca73ffc49804f40b) (TextureImporter) -> (artifact id: 'fe60e062e26e5b320611730c9fda7ef4') in 0.0022178 seconds
Start importing Assets/LayeredTerrain/GrassSoil/Square/LandformStoneRoad/Mask-09.png using Guid(ad74cd53239fcdf419d9554e908bdd16) (TextureImporter) -> (artifact id: '123be0cab344aa0ecce3085b878bc92c') in 0.0041096 seconds
Start importing Assets/DualGridDemo/PixelGrass/Generated/Mask-05.png using Guid(bd0118daf03b945498dbbc4f20c13a1e) (TextureImporter) -> (artifact id: 'bc52adc8acdef30a83e7a9f05afa4793') in 0.0024739 seconds
Start importing Assets/DualGridDemo/CartoonGrass/Mask-14.png using Guid(bd64e785aae94264a88b8a68ab22f19e) (TextureImporter) -> (artifact id: '7731f580b79951ffa29a51633c693959') in 0.0157534 seconds
Start importing Assets/LayeredTerrain/GrassSoil/Square/LandformSoil/Mask-13.png using Guid(bd9549e4439dece4e985e4382c649da8) (TextureImporter) -> (artifact id: '93279f12010b363da12150bc5c58589a') in 0.0046113 seconds
Start importing Assets/UI/Art/Runtime/sunny-orchard-painted/icons/marker-selected.png using Guid(cdb99773905648e7f2a7432cb509135e) (TextureImporter) -> (artifact id: '3e314c7ba54a10ba3207fa8267e3cd49') in 0.0026569 seconds
Start importing Assets/UI/Art/Runtime/sunny-orchard/surface-metric.png using Guid(dd50a08e3c160f11844e3f94c97700a1) (TextureImporter) -> (artifact id: 'ce3c187b2d19c04fb705697c12fa9641') in 0.0024832 seconds
Start importing Assets/UI/Art/Sources/sunny-orchard-painted/icons/icon-control-speed.png using Guid(ddd0181f4522b957d0c3ec3bb062acfe) (TextureImporter) -> (artifact id: '0b861323b405eb5c7e4d428ee136db64') in 0.013232 seconds
Start importing Assets/UI/Art/Sources/sunny-orchard-painted/surfaces/surface-metric.png using Guid(dd9968578c3862961cf9170d9a85c1e0) (TextureImporter) -> (artifact id: 'bcc7852d2583bc9f515db9ca9cd043f9') in 0.0041688 seconds
Start importing Assets/LayeredTerrain/Trials/CombinedWorkflowProtected/Runtime32/Mask-00.png using Guid(dd5aab9d647dcf647826012d2eb982eb) (TextureImporter) -> (artifact id: 'ff77be487aa17b75c7aeea7401b7bf0d') in 0.0026417 seconds
Start importing Assets/LayeredTerrain/CompositeBrushes/StoneWater/Runtime64/Mask-14.png using Guid(edb047b0a8c6bb3458663c042379833c) (TextureImporter) -> (artifact id: '6c065d1c01ecb7e8b9fa187ae2503258') in 0.0024712 seconds
Start importing Assets/UI/Art/Sources/sunny-orchard-painted/illustrations/illustration-orchard-vista.png using Guid(ed53b7a74868632d4845f8c2d3823c6c) (TextureImporter) -> (artifact id: 'de60640243f93d08f4abb9f40720a3e6') in 0.0394323 seconds
Start importing Assets/LayeredTerrain/GrassSoil/Square/LandformStoneRoad/Mask-02.png using Guid(0e01f6221d37b744da6ef6a278162668) (TextureImporter) -> (artifact id: 'c4c6963fe396b2d00e861deacef60c52') in 0.0048924 seconds
Start importing Assets/UI/Art/Sources/sunny-orchard-painted/surfaces/action-danger.png using Guid(0e76554ae9a985e80eab19d083eb728e) (TextureImporter) -> (artifact id: '6870d1f018c5fe4b760d3c2cd68c30c0') in 0.0038287 seconds
Start importing Assets/UI/Art/Sources/sunny-orchard-painted/icons/icon-control-retry.png using Guid(1e3dff607487904655cf93da5e8a6cfb) (TextureImporter) -> (artifact id: '26b4eb29ff6be95960cdc64162740d4e') in 0.0138505 seconds
Start importing Assets/UI/Art/Runtime/sunny-orchard/surface-panel-standard.png using Guid(2e88c9cc3c80092ae60113a8f7ad3dae) (TextureImporter) -> (artifact id: '554687ac25e18d2792054a5dce17faaa') in 0.0028723 seconds
Start importing Assets/DualGridDemo/CartoonGrass/Mask-12.png using Guid(2ea8c1b0fda33bd4fbcc3ec64d1ded59) (TextureImporter) -> (artifact id: '3a912e22cd24d9ff7e2e0a385418a3a5') in 0.0145915 seconds
Start importing Assets/LayeredTerrain/GrassSoil/EdgeSoilOnGrassRefined/Mask-12.png using Guid(3e55d835b410fcc48b7c3efb0198c7e1) (TextureImporter) -> (artifact id: '4190c870d952831237d4e7ecea1882c2') in 0.0024991 seconds
Start importing Assets/LayeredTerrain/GrassSoil/EdgeSoilOnGrassRefined/Mask-08.png using Guid(3ebec0f9f93baa840912a02d788f4079) (TextureImporter) -> (artifact id: 'ef1f4c6620fe6e4f9ac9187c36b11607') in 0.0022339 seconds
Start importing Assets/LayeredTerrain/GrassSoil/Square/EdgeGrassOnSoilPainted/Mask-06.png using Guid(4e1a9aada6eeca245b4c960694b5774b) (TextureImporter) -> (artifact id: 'c54337378ad4dadc4094dcbbeab2015e') in 0.0042357 seconds
Start importing Assets/DualGridDemo/CartoonGrass/CartoonGrassSoilBase.png using Guid(5e775d70f72d54847accd96fc554997c) (TextureImporter) -> (artifact id: '132a3643350cd0ce339047a678382d5e') in 0.0147156 seconds
Start importing Assets/UI/Art/Sources/sunny-orchard-painted/icons/indicator-drag-illegal.png using Guid(5eab030db75badd5fea92ad98c85352c) (TextureImporter) -> (artifact id: 'd2e867269e81e521f6095a3dc44a28dc') in 0.0123648 seconds
Start importing Assets/LayeredTerrain/GrassSoil/LandformSoil/Mask-13.png using Guid(5edccef50fcd3c04b8d5ce80a545af4b) (TextureImporter) -> (artifact id: '7be66cd53bbbcf60fad89133ae72bb80') in 0.0030289 seconds
Start importing Assets/LayeredTerrain/GrassSoil/LandformSoil/Mask-11.png using Guid(6ef4b3049decebe41b93878eed8a2ef0) (TextureImporter) -> (artifact id: '8cf43a357b4eb57f8124ea39bb48c32a') in 0.0023915 seconds
Start importing Assets/DualGridTerrain/StoneFloor/Generated/Mask-06.png using Guid(6eb901927cf71f04081a66fe89606b10) (TextureImporter) -> (artifact id: '16510cfc6f290c8ed4cf7cf261d741f7') in 0.002523 seconds
Start importing Assets/LayeredTerrain/GrassSoil/Square/LandformStoneRoad/Mask-04.png using Guid(6e7ce79edf3f7e540b250ee3d5195037) (TextureImporter) -> (artifact id: '249843e1b499ce4c9ca06f5016524f80') in 0.0039305 seconds
Start importing Assets/UI/Art/Sources/sunny-orchard-painted/icons/icon-control-continue.png using Guid(7ef1015d5937e87d350f43ad2c390b7a) (TextureImporter) -> (artifact id: 'dcda057030fb4514adc39aba72407a16') in 0.0153571 seconds
Start importing Assets/UI/Art/Runtime/sunny-orchard-painted/icons/icon-control-return.png using Guid(7ed6fffab755e14d6e9bab3ec87299dc) (TextureImporter) -> (artifact id: '9b9db7506881c7b717ac2f9c7dddd5f6') in 0.0032878 seconds
Start importing Assets/DualGridDemo/CartoonGrass/Mask-08.png using Guid(9e60c13610603544f8b11dc4bffb1bd5) (TextureImporter) -> (artifact id: 'daae97e24e25c4806ea3503c6859bee7') in 0.0122211 seconds
Start importing Assets/LayeredTerrain/Trials/CombinedWorkflowProtected/Runtime32/Mask-12.png using Guid(9eb3d0aa3f5574b40b6101856c76d43a) (TextureImporter) -> (artifact id: '018c63347e8c17f5f22561ff3925c98f') in 0.002522 seconds
Start importing Assets/LayeredTerrain/GrassSoil/LandformSoil/Mask-04.png using Guid(9e9bc225f5c522a428557f21897225bb) (TextureImporter) -> (artifact id: '640635f2628638f17d5cee5be556803a') in 0.0025587 seconds
Start importing Assets/LayeredTerrain/GrassSoil/Square/LandformSoil/Mask-14.png using Guid(ae311ff60edcfb2489c8cac5df566556) (TextureImporter) -> (artifact id: '5c942023996fc076f3d51c42eed9af30') in 0.0047409 seconds
Start importing Assets/LayeredTerrain/Trials/CombinedWorkflowProtected/Runtime32/Mask-04.png using Guid(aeca72c83261b864c92aef5e38f16780) (TextureImporter) -> (artifact id: '62d8f22242d5ca0190c50298d5ceecae') in 0.0022577 seconds
Start importing Assets/DualGridDemo/CartoonGrass/Mask-05.png using Guid(ae3c42ed7cafdd347a8f2d67e5971306) (TextureImporter) -> (artifact id: '517322410579e6be8858116cb2258564') in 0.0138066 seconds
Start importing Assets/LayeredTerrain/GrassSoil/Square/EdgeGrassOnSoilPainted/Mask-12.png using Guid(ce2169c531e83394fa70dec485b2ff89) (TextureImporter) -> (artifact id: 'c11dde360fab534c16de8b4c22e6e23d') in 0.0035837 seconds
Start importing Assets/UI/Art/Runtime/sunny-orchard-painted/surfaces/surface-status.png using Guid(fe716352f6e5480af889aaecf98b5df8) (TextureImporter) -> (artifact id: '1921e0a9d9bedbfadab781cc0f7cffd0') in 0.0027954 seconds
Start importing Assets/LayeredTerrain/GrassSoil/Square/LandformSoil/Mask-03.png using Guid(fedca43db3c1c1f46918702acbc8125a) (TextureImporter) -> (artifact id: '29a712ec89572b488028f87f394946bb') in 0.003928 seconds
Start importing Assets/DualGridDemo/CartoonGrass/Mask-11.png using Guid(0f379052ccc1efa4489091ebb5551b67) (TextureImporter) -> (artifact id: '666d7a75e5be6b4017cca7e8ae1a4f4a') in 0.0146061 seconds
Start importing Assets/UI/Art/Runtime/sunny-orchard-painted/surfaces/action-danger.png using Guid(1fc23fa236f1a4ed0dce0fe174f6a1a3) (TextureImporter) -> (artifact id: 'c1104051cc8d9dedff9391dc3a7a9586') in 0.0028126 seconds
Start importing Assets/UI/Art/Runtime/sunny-orchard/indicator-success.png using Guid(1faf646bd184ab8414584124efc24e99) (TextureImporter) -> (artifact id: '9157433d1a43a6480056ed0ef7705317') in 0.0025412 seconds
Start importing Assets/LayeredTerrain/GrassSoil/EdgeSoilOnGrassRefined/Mask-15.png using Guid(2f9b8f822f8c0a8498a194d6752d96d1) (TextureImporter) -> (artifact id: '51f57309587345fb08416f1aa64f6fa7') in 0.0022094 seconds
Start importing Assets/UI/Art/Runtime/sunny-orchard-painted/icons/icon-resource-core.png using Guid(2fbcc2322b2774cd5f9d15249d946952) (TextureImporter) -> (artifact id: '5f6ab8d1a071b8dca783b0313d9331b9') in 0.0024598 seconds
Start importing Assets/LayeredTerrain/GrassSoil/EdgeSoilOnGrassRefined/Mask-14.png using Guid(4fd2644f6b0b5ad4982e3f2491c54d61) (TextureImporter) -> (artifact id: '007edc71debe8ea755254556c7d07ffb') in 0.0024773 seconds
Start importing Assets/LayeredTerrain/GrassSoil/EdgeSoilOnGrassRefined/Mask-02.png using Guid(4fe7c185f5bcc784ab9a860970320b8a) (TextureImporter) -> (artifact id: '2059b5e685981730ebdc647e2a8f31eb') in 0.0022937 seconds
Start importing Assets/DualGridDemo/PixelGrass/Generated/Mask-10.png using Guid(4faca5dfbbc3fe84f865ff6256f33538) (TextureImporter) -> (artifact id: 'ba807fd2fa336ee3a2795f8cb96b62d1') in 0.0023111 seconds
Start importing Assets/UI/Art/Runtime/sunny-orchard-painted/surfaces/surface-screen-background.png using Guid(5fb878b839d12d1f37a65b2679a46488) (TextureImporter) -> (artifact id: 'cada90649505af4682673e703ed8df8a') in 0.0034749 seconds
Start importing Assets/UI/Art/Runtime/sunny-orchard-painted/surfaces/action-quiet.png using Guid(5f69d95b0cb4c6769fdf02de793731da) (TextureImporter) -> (artifact id: '7b00d493676e90097dd61ef071166849') in 0.0026426 seconds
Start importing Assets/UI/Art/Runtime/sunny-orchard/icon-control-speed.png using Guid(8f75c76f95b1048ecb56ad32b687c690) (TextureImporter) -> (artifact id: 'e0e9c57cf406920fa1cc26fa732362a5') in 0.0023443 seconds
Start importing Assets/UI/Art/Runtime/sunny-orchard/icon-control-pause.png using Guid(9fa185fd1ba54dbc274f3d225e45af77) (TextureImporter) -> (artifact id: '3ec86d6acbdc69805cf32f75df981b4e') in 0.0027178 seconds
Start importing Assets/LayeredTerrain/GrassSoil/Square/EdgeGrassOnSoilPainted/Mask-03.png using Guid(9fb6275dacac46b4a9eab45c7f1660f3) (TextureImporter) -> (artifact id: '3d9b5976470056aeb3d5aa359e87128f') in 0.003421 seconds
Start importing Assets/DualGridDemo/PixelGrass/Generated/Mask-13.png using Guid(af50dadf63a7a9044b8ca5495a54ea52) (TextureImporter) -> (artifact id: 'cd51407fe41eaef7e89c5b0cc01a2d69') in 0.0023632 seconds
Start importing Assets/ArtSources/TempArt/cartoon-soil-seamless-hd.png using Guid(bfdbac09411691b4eb229a0e10d41d48) (TextureImporter) -> (artifact id: 'fbbd3d56c54affc817c88c359e4eb73d') in 0.0519935 seconds
Start importing Assets/UI/Art/Runtime/sunny-orchard-painted/illustrations/illustration-orchard-vista.png using Guid(bfae69afc310f82c7ecaefd52d47032e) (TextureImporter) -> (artifact id: '0623f62c8728369d46a2150bb4382ce0') in 0.0038911 seconds
Start importing Assets/DualGridTerrain/StoneFloor/Generated/Mask-11.png using Guid(cf209172ea507ff44961abc3abca0f88) (TextureImporter) -> (artifact id: 'd850e7cb63911dd44b6ed625270a6001') in 0.0024049 seconds
Start importing Assets/UI/Art/Sources/sunny-orchard-painted/icons/icon-control-close.png using Guid(cfadebbed75d7cc045b37f3a36b3dd59) (TextureImporter) -> (artifact id: 'ce807aa36f48db65ab6712613a6e63d0') in 0.0130867 seconds
Start importing Assets/LayeredTerrain/GrassSoil/Square/LandformGrass/Mask-11.png using Guid(cfef6f52332346245ac067a720f57709) (TextureImporter) -> (artifact id: 'b790884cf481c11546d8d225317e84c1') in 0.0045941 seconds
Start importing Assets/DualGridDemo/PixelGrass/Generated/Mask-03.png using Guid(ff0c71ef5899f454e921b0efb11b9945) (TextureImporter) -> (artifact id: '464901be9d9b9e2375c25b3b06802b53') in 0.0023571 seconds
Start importing Assets/LayeredTerrain/GrassSoil/Square/EdgeGrassOnSoilPainted/Mask-02.png using Guid(ff4cfdcced0146a43ad51632939abae5) (TextureImporter) -> (artifact id: '425d128efc605cc573b23fc98f2fe4e7') in 0.0040179 seconds
Start importing Assets/Resources/Fonts/NotoSansSC-UI.ttf using Guid(0445ac40b415f994eb06b41378ac9953) (TrueTypeFontImporter) -> (artifact id: 'c67cc59d2a9ef3d0acde6d3e04955947') in 0.0088419 seconds
Start importing Assets/DualGridDemo/PixelGrass/PixelGrassBakeProfile.asset using Guid(103ef79b7e3d6684db30d07526361e92) (NativeFormatImporter) -> (artifact id: 'c013f611435495fd97c2c9fa193342f0') in 0.0056447 seconds
Start importing Assets/LayeredTerrain/GrassSoil/LandformSoil/Mask-07.asset using Guid(40244693c163e6541baff892b129cb00) (NativeFormatImporter) -> (artifact id: '35db1a2b0bb22836c17966e14d63a892') in 0.0028141 seconds
Start importing Assets/DualGridDemo/CartoonGrass/Mask-12.asset using Guid(402cdf7bbbbf81a4f8c48db293851b69) (NativeFormatImporter) -> (artifact id: '05430daf7f24a0a7108a73075326e97f') in 0.0018197 seconds
Start importing Assets/LayeredTerrain/CompositeBrushes/GrassSoil/Mask-06.asset using Guid(608003cc9c42bd54c9a053cafb72539b) (NativeFormatImporter) -> (artifact id: '91730910ba594b5f502de526339d6722') in 0.0017338 seconds
Start importing Assets/DualGridDemo/CartoonGrass/Mask-13.asset using Guid(70f74b06ee2589e4a9ba40897af500f9) (NativeFormatImporter) -> (artifact id: '820edfb87e85fe4297300d8b30a2e8ba') in 0.0018881 seconds
Start importing Assets/LayeredTerrain/CompositeBrushes/GrassSoil/Mask-01.asset using Guid(b09e1f038f27d89418564df5cb287a0d) (NativeFormatImporter) -> (artifact id: '2a452cd2def5b7969e2f8f7cbcea92c4') in 0.0018841 seconds
Start importing Assets/LayeredTerrain/GrassSoil/Square/LandformStoneRoad/Mask-07.asset using Guid(b02fd980a2abc6b41974d859a777fb1d) (NativeFormatImporter) -> (artifact id: '66c0daf930ed09d4e510527d7d8d269f') in 0.0018678 seconds
Start importing Assets/DualGridTerrain/StoneFloor/Generated/Mask-15.asset using Guid(c0026cedd955ac54a9c3c14cbb1de4f1) (NativeFormatImporter) -> (artifact id: 'a3473609afc2966aeb8a7634128fa5fe') in 0.0017806 seconds
Start importing Assets/LayeredTerrain/GrassSoil/Square/LandformGrass/Mask-05.asset using Guid(d04330ef8020b8a41b9e4589cb202101) (NativeFormatImporter) -> (artifact id: '0998980f246e5774bd6c46ca9223461f') in 0.0017544 seconds
Start importing Assets/LayeredTerrain/GrassSoil/Square/LandformGrass/Mask-12.asset using Guid(d00b41817e9bc0741ad148ea3e94519a) (NativeFormatImporter) -> (artifact id: 'dbcbf7e1a5d69d6111ddac5152ecc40e') in 0.0018808 seconds
Start importing Assets/DualGridDemo/Tiles/Mask-04.asset using Guid(e0bdcf7bef6b729428df29c72837629d) (NativeFormatImporter) -> (artifact id: '467cebf0c6360f502817707cdbbe282d') in 0.0019921 seconds
Start importing Assets/LayeredTerrain/CompositeBrushes/StoneWater/Mask-15.asset using Guid(015e728561b74634c814fb8f6f56953f) (NativeFormatImporter) -> (artifact id: '4a0141d91b1422fd2a550c21b02aad39') in 0.0017532 seconds
Start importing Assets/DualGridDemo/PixelGrass/Generated/Mask-01.asset using Guid(018ecaba40d96ae4288fb74f2de79cec) (NativeFormatImporter) -> (artifact id: 'f0af2cba67505f07c28923a6acbaa494') in 0.0018531 seconds
Start importing Assets/DualGridDemo/CartoonGrass/CartoonGrassBakeProfile.asset using Guid(11b02d7a82d90a443b66ab39e7b6058a) (NativeFormatImporter) -> (artifact id: '799808574c1a0a73629d85312b2708bf') in 0.0083613 seconds
Start importing Assets/LayeredTerrain/GrassSoil/Square/LandformStoneRoad/Mask-13.asset using Guid(116a8c3b6ac195a4ebb8e3c7a9989ddc) (NativeFormatImporter) -> (artifact id: '8cd4dcf9f329e70600c06948b34e3d04') in 0.0020691 seconds
Start importing Assets/LayeredTerrain/CompositeBrushes/OriginalGrassSoil/OriginalGrassSoilBrush.asset using Guid(21a71232d6e654e4b8c7960242ff7182) (NativeFormatImporter) -> (artifact id: 'b9e30bd949e73de53b23705d4f213e35') in 0.0112866 seconds
Start importing Assets/DualGridDemo/DemoDualGridTileSet.asset using Guid(215aa7c0f7d6ee24f8dfbe9584614601) (NativeFormatImporter) -> (artifact id: 'd81d006369364edef289da8b557fe394') in 0.0042322 seconds
Start importing Assets/LayeredTerrain/GrassSoil/Square/LandformGrass/Mask-02.asset using Guid(315648227c153724090125e98f4cba15) (NativeFormatImporter) -> (artifact id: '5e93d28f5fe6fe9d12f0751c018305a4') in 0.0019031 seconds
Start importing Assets/LayeredTerrain/GrassSoil/EdgeGrassOnSoilRefined/Mask-07.asset using Guid(418e9fec0ca97b64ab0f4c86dc0fd006) (NativeFormatImporter) -> (artifact id: 'dc87f0d929cb07fea173e81deca8c148') in 0.002004 seconds
Start importing Assets/LayeredTerrain/GrassSoil/Square/LandformStoneRoad/Mask-11.asset using Guid(519050a0a5a9f5847b095ee0b83437a0) (NativeFormatImporter) -> (artifact id: 'f3fa48a5c5ac640472e9c96d43409126') in 0.0019066 seconds
Start importing Assets/LayeredTerrain/CompositeBrushes/StoneWater/Mask-12.asset using Guid(61d024decd426d246bd810dbbd0c1b3d) (NativeFormatImporter) -> (artifact id: 'aaed7d6c9899a055da91995001bb2d65') in 0.0018749 seconds
Start importing Assets/DualGridDemo/PixelGrass/Generated/Mask-11.asset using Guid(71b6471c5f77f4b4da54b93b744135c2) (NativeFormatImporter) -> (artifact id: '895afc2d6bbcbc28d0561b6f1ca268b4') in 0.0017575 seconds
Start importing Assets/LayeredTerrain/GrassSoil/Square/LandformGrass/Mask-14.asset using Guid(81815b76ad7c06c47bf1bc7b65624ffd) (NativeFormatImporter) -> (artifact id: '1e9a1a8dd8a29d6ed3c7966394a1028d') in 0.0028179 seconds
Start importing Assets/LayeredTerrain/CompositeBrushes/OriginalGrassSoil/OriginalGrassSoilReverseLandformTileSet.asset using Guid(813c3f8ce1d51a24093ce2c5ed1547fa) (NativeFormatImporter) -> (artifact id: '086c6d68d1e82c67d9a5042653ee3bc3') in 0.0013273 seconds
Start importing Assets/UI/Art/Sets/SunnyOrchardPaintedRuntimeUiArtSet.asset using Guid(91aa538ae02449cba8c971ffe4d427eb) (NativeFormatImporter) -> (artifact id: '7b19210d2aeedce588a1d1acdb41a05b') in 0.0208543 seconds
Start importing Assets/DualGridDemo/CartoonGrass/Mask-00.asset using Guid(91fd98ea83327b4469f719082101046b) (NativeFormatImporter) -> (artifact id: 'e2db6cd7ddd630013b10b71d7506e757') in 0.001906 seconds
Start importing Assets/LayeredTerrain/GrassSoil/Authoring/SoilBase.asset using Guid(a158e7b4dd9e7c448b398f9b22a9f9c2) (NativeFormatImporter) -> (artifact id: '6eaee8e8b43ffcb9bbc141a5f0ec8831') in 0.0013546 seconds
Start importing Assets/LayeredTerrain/GrassSoil/Square/EdgeGrassOnSoilPainted/Mask-15.asset using Guid(a17969b175ec3354c8fe533c48257f94) (NativeFormatImporter) -> (artifact id: '6cfdd36a4eca7bb96270cf1810933368') in 0.0012665 seconds
Start importing Assets/DualGridDemo/PixelGrass/Generated/Mask-07.asset using Guid(a1cbb0bcfd65240468e9f4a0f16112c3) (NativeFormatImporter) -> (artifact id: '940a7f4cc0a332763edaf53df3d876b1') in 0.0017397 seconds
Start importing Assets/LayeredTerrain/GrassSoil/Square/LandformSoil/Mask-03.asset using Guid(b1c5384b4651e4a4a82d483cc64aae79) (NativeFormatImporter) -> (artifact id: '4e2920a1e6c5ba6205df0d41eac84800') in 0.0018433 seconds
Start importing Assets/LayeredTerrain/GrassSoil/EdgeGrassOnSoilRefined/Mask-05.asset using Guid(f15a3346efbbefb40babba4ef8f6ffa7) (NativeFormatImporter) -> (artifact id: '1980b1b6c649f0b5a57ad2e31ccd8992') in 0.0018182 seconds
Start importing Assets/LayeredTerrain/GrassSoil/LandformSoil/Mask-04.asset using Guid(f1fab5de0afca5445ba4970fcd52bbbe) (NativeFormatImporter) -> (artifact id: '4d5eb65e4f5407e76dc2b9ced46c2bea') in 0.0018606 seconds
Start importing Assets/LayeredTerrain/GrassSoil/Square/LandformGrass/Mask-15.asset using Guid(027119ab30d86a546a5d935d6e9ec608) (NativeFormatImporter) -> (artifact id: 'c1f984c9db308b672464d43185d5fe2a') in 0.0019005 seconds
Start importing Assets/LayeredTerrain/GrassSoil/EdgeGrassOnSoilRefined/Mask-14.asset using Guid(1292b21714ab41b4197a410a29053ee2) (NativeFormatImporter) -> (artifact id: '28224bc7a4db03024805e14c295b2b2f') in 0.001932 seconds
Start importing Assets/UI/Art/Sets/SunnyOrchardRuntimeUiArtSet.asset using Guid(12cc0c638d174040bb0384d7bf17ea92) (NativeFormatImporter) -> (artifact id: '20207e9f6d3f11b79fe1999577e9b1a9') in 0.0176974 seconds
Start importing Assets/LayeredTerrain/GrassSoil/EdgeSoilOnGrassRefined/Mask-09.asset using Guid(32ae7530518a83a4a88006a4a950d1f8) (NativeFormatImporter) -> (artifact id: '2e73ee78687fd9814b986b01b4ec882c') in 0.0019174 seconds
Start importing Assets/LayeredTerrain/Trials/CombinedWorkflowProtected/Mask-14.asset using Guid(42fa3bb30f3830440a291c6a18729b7b) (NativeFormatImporter) -> (artifact id: '86849d6e73d6cc90f7f647fd3bf863cb') in 0.001896 seconds
Start importing Assets/DualGridDemo/Tiles/Mask-09.asset using Guid(420b33f916037c043b501bcb8d2f6475) (NativeFormatImporter) -> (artifact id: 'a7837de98e072f126b03cc2061f3d0fd') in 0.001472 seconds
Start importing Assets/LayeredTerrain/CompositeBrushes/StoneWater/Mask-03.asset using Guid(5210aedad4220114e86a458604dee4e4) (NativeFormatImporter) -> (artifact id: 'f25cf6f0f4e502ed42036a137525549c') in 0.0017484 seconds
Start importing Assets/LayeredTerrain/GrassSoil/LandformGrass/Mask-08.asset using Guid(52e1998e35a61a047bd24dd910b6bb8c) (NativeFormatImporter) -> (artifact id: 'bd707ea3e0ef04dc0d5b550c4a207183') in 0.0016722 seconds
Start importing Assets/LayeredTerrain/CompositeBrushes/GrassSoil/Mask-07.asset using Guid(72d176b00172a2146aabefed506e7d78) (NativeFormatImporter) -> (artifact id: 'b8ab0c31cd451f73b7bdc71a74ce722e') in 0.0016585 seconds
Start importing Assets/LayeredTerrain/CompositeBrushes/GrassSoil/Mask-09.asset using Guid(72257d13c53ef914cb364aac1ceaf120) (NativeFormatImporter) -> (artifact id: '076b039d84079c605fc81afcd786ea3d') in 0.0017925 seconds
Start importing Assets/LayeredTerrain/CompositeBrushes/GrassSoil/GrassSoilBrush.asset using Guid(726729ead6459b54d9f680a99aa44ea6) (NativeFormatImporter)Main Object Name '草地 + 泥土' does not match filename 'GrassSoilBrush'
 -> (artifact id: 'a1015b267ba3d7ef2838c81787859bac') in 0.0074286 seconds
Start importing Assets/LayeredTerrain/GrassSoil/EdgeSoilOnGrassRefined/Mask-12.asset using Guid(723f2e823bb3d704894a4922c63b157c) (NativeFormatImporter) -> (artifact id: '58990da113a379be5e784638af451b6e') in 0.0017533 seconds
Start importing Assets/LayeredTerrain/CompositeBrushes/GrassSoil/Mask-08.asset using Guid(920131ebc6807ef4aa799fea741ad469) (NativeFormatImporter) -> (artifact id: '9b854cd7e1bd85693c3dfc136a82cf2e') in 0.0012224 seconds
Start importing Assets/DualGridTerrain/StoneFloor/Generated/Mask-09.asset using Guid(a24b01cd6c807c94b8a71331fd5399da) (NativeFormatImporter) -> (artifact id: '43d169218d32ed1b34cb49d602e6dba2') in 0.0017488 seconds
Start importing Assets/LayeredTerrain/GrassSoil/EdgeGrassOnSoilRefined/Mask-15.asset using Guid(a2ee8cf7722d54542bb6934c3c7acca3) (NativeFormatImporter) -> (artifact id: '9ed22dedc4a6d7a365ab24de04d4d9a5') in 0.0017361 seconds
Start importing Assets/LayeredTerrain/GrassSoil/EdgeGrassOnSoilRefined/Mask-11.asset using Guid(c29b700cc6f883f4d8d20d2a190eee05) (NativeFormatImporter) -> (artifact id: '41be18b907b84f495b15026a55b62d91') in 0.0017 seconds
Start importing Assets/LayeredTerrain/GrassSoil/LandformGrass/Mask-07.asset using Guid(d285b7a144ce1134ba6f4b02b003db14) (NativeFormatImporter) -> (artifact id: '4f1ba0215b95d236eced0b8d71d9872a') in 0.0017309 seconds
Start importing Assets/Content/BundledBattleContent.asset using Guid(e2045778452d7b94185008efe361a9df) (NativeFormatImporter) -> (artifact id: 'bd8b4dd1c4edfa66f84dff2bad582863') in 0.0047031 seconds
Start importing Assets/LayeredTerrain/GrassSoil/Square/EdgeGrassOnSoilPainted/Mask-04.asset using Guid(e2449efc0c1116648a5b9cbfe33d8e81) (NativeFormatImporter) -> (artifact id: 'de781b46a5bb2833e96321d2bacf8961') in 0.0015173 seconds
Start importing Assets/LayeredTerrain/CompositeBrushes/StoneWater/Mask-09.asset using Guid(038b0e41b2f00474f9042622405b8ff0) (NativeFormatImporter) -> (artifact id: '1001830d82ab011837fe39b5a49642a8') in 0.001701 seconds
Start importing Assets/LayeredTerrain/GrassSoil/LandformSoil/Mask-01.asset using Guid(030d3f064f313fe4aa4dd2ab0ae33f07) (NativeFormatImporter) -> (artifact id: '060e6637762125e42692b4ee3955b304') in 0.0017362 seconds
Start importing Assets/LayeredTerrain/GrassSoil/Square/LandformGrass/Mask-00.asset using Guid(13f70a46e499e0146bffd256e7c14483) (NativeFormatImporter) -> (artifact id: '3fc8ce7af59948b5360fce9202589ba7') in 0.0016635 seconds
Start importing Assets/DualGridDemo/Tiles/Mask-07.asset using Guid(131b969ba9842aa47a39ebe824c46e5a) (NativeFormatImporter) -> (artifact id: '0b1f6b01f6c4904c15a885337b80cb4f') in 0.00137 seconds
Start importing Assets/DualGridDemo/PixelGrass/Generated/Mask-05.asset using Guid(135bb006f680bc141a78616950799827) (NativeFormatImporter) -> (artifact id: 'e76a8eb6b2dfa34f869b26f7cb5fb137') in 0.0018053 seconds
Start importing Assets/LayeredTerrain/GrassSoil/Square/EdgeGrassOnSoilPainted/Mask-14.asset using Guid(4328f421ed4ea34439d6e4e50990e24a) (NativeFormatImporter) -> (artifact id: '8eedb98e635f21141157136eaeae420b') in 0.0015164 seconds
Start importing Assets/LayeredTerrain/GrassSoil/Square/LandformSoil/Mask-00.asset using Guid(8303f71f8469fd7459473d47391ab0b3) (NativeFormatImporter) -> (artifact id: '98f63c51026e496722d62525aeb685d2') in 0.0016982 seconds
Start importing Assets/UI/Theme/ReleaseRuntimeUiTheme.asset using Guid(932a9783b6b3eee45970ab3ef84a4c39) (NativeFormatImporter) -> (artifact id: '9613d6c4fcbdafb651c08d8471789ad6') in 0.0031403 seconds
Start importing Assets/LayeredTerrain/GrassSoil/EdgeSoilOnGrassRefined/Mask-10.asset using Guid(a3856d4bc01f69c4b9fabc1e58f3eb6a) (NativeFormatImporter) -> (artifact id: '3e207efa76adb75e16963ec01296687e') in 0.0018075 seconds
Start importing Assets/DualGridDemo/CartoonGrass/Mask-07.asset using Guid(a3083cf7bcc18e04fa5ca720ce63d0df) (NativeFormatImporter) -> (artifact id: '94266a617640af8158f55de19f925f9b') in 0.0018865 seconds
Start importing Assets/LayeredTerrain/GrassSoil/EdgeSoilOnGrassRefined/Mask-15.asset using Guid(a33ce53457ec210428217ec6c46d994d) (NativeFormatImporter) -> (artifact id: '45597c167107260bddd64bceabef444f') in 0.00173 seconds
Start importing Assets/DualGridDemo/CartoonGrass/Mask-09.asset using Guid(b3c20497d1b6e014582640c2ce96e056) (NativeFormatImporter) -> (artifact id: '2e200f9e48f0bf4f5c1fdb051ecb98c4') in 0.0018055 seconds
Start importing Assets/DualGridDemo/CartoonGrass/Mask-11.asset using Guid(b3c36efb30b747246b29276af291ef29) (NativeFormatImporter) -> (artifact id: 'e4c71131fd717e8980d22d7979b727a2') in 0.001818 seconds
Start importing Assets/DualGridDemo/Tiles/Mask-06.asset using Guid(b3742fd06e1436b429b27b33c0b9cdfc) (NativeFormatImporter) -> (artifact id: 'e1b413678913e76dac9c5ca232ecd72e') in 0.0013951 seconds
Start importing Assets/LayeredTerrain/GrassSoil/EdgeGrassOnSoilRefined/Mask-10.asset using Guid(c32eb2f88b196e04f96b1b2b04ea7efe) (NativeFormatImporter) -> (artifact id: 'de4c894526d0d7cde321f65b62d339c6') in 0.0016594 seconds
Start importing Assets/LayeredTerrain/GrassSoil/Square/LandformSoil/Mask-01.asset using Guid(d33072ada9e1bb749adcc5938680d51a) (NativeFormatImporter) -> (artifact id: '04ba66eccbf16f906804253724256b33') in 0.0017678 seconds
Start importing Assets/LayeredTerrain/GrassSoil/Square/LandformStoneRoad/Mask-09.asset using Guid(d30b19c2c64338a4fa9211b305cf65b1) (NativeFormatImporter) -> (artifact id: '77e5bd0a2c271dc227298c72fce3e754') in 0.001771 seconds
Start importing Assets/LayeredTerrain/CompositeBrushes/GrassSoil/Mask-10.asset using Guid(e31c48dc06ae6bf419aadb37ae8f1b41) (NativeFormatImporter) -> (artifact id: '284ba6372da56acce44a596353935904') in 0.0012573 seconds
Start importing Assets/LayeredTerrain/Trials/CombinedWorkflowProtected/Mask-01.asset using Guid(f32df796a8ecee34f81ed6f0b5e96ab1) (NativeFormatImporter) -> (artifact id: 'c3046c2587f147e742359be237d665de') in 0.0017117 seconds
Start importing Assets/DualGridTerrain/StoneFloor/Generated/Mask-00.asset using Guid(f3efee2b61fb51748aa4fdf9a8952011) (NativeFormatImporter) -> (artifact id: '9bb389a7649e6a372ca723935eec6f56') in 0.0017675 seconds
Start importing Assets/LayeredTerrain/Trials/CombinedWorkflowProtected/Mask-11.asset using Guid(0420c47acc2c7f54799fb91525c60518) (NativeFormatImporter) -> (artifact id: 'cb250897ef729996b8262be8718ae158') in 0.0017403 seconds
Start importing Assets/LayeredTerrain/GrassSoil/Square/EdgeGrassOnSoilPainted/Mask-11.asset using Guid(04aab987cd98a4440b66bb727667d8db) (NativeFormatImporter) -> (artifact id: '84f978df2ae113e141dc6198f8bf7688') in 0.001493 seconds
Start importing Assets/LayeredTerrain/CompositeBrushes/GrassSoil/Mask-14.asset using Guid(041d8680b1e2a5240a93b209b86e9159) (NativeFormatImporter) -> (artifact id: '657965e7a89bf9cb8b32d5effa3606ba') in 0.0012483 seconds
Start importing Assets/LayeredTerrain/GrassSoil/LandformSoil/Mask-13.asset using Guid(04bdecbe02f95ef46986c7056c2b7c3b) (NativeFormatImporter) -> (artifact id: '97f0b6cf999060336e6fccdd33edef20') in 0.0017316 seconds
Start importing Assets/DualGridDemo/Tiles/Mask-13.asset using Guid(148764581d4290b418172a3a61fa59c8) (NativeFormatImporter) -> (artifact id: '71e54151328f4044ec29b6fc20a9c69b') in 0.0014059 seconds
Start importing Assets/LayeredTerrain/CompositeBrushes/StoneWater/Mask-02.asset using Guid(14ba059c5e62e9c47b8dd937d58e0d77) (NativeFormatImporter) -> (artifact id: '63f452b59a04f5628b72c5d326015e05') in 0.0016791 seconds
Start importing Assets/LayeredTerrain/GrassSoil/Square/LandformSoil/Mask-13.asset using Guid(548b829df136ae948902efdc96ee70bb) (NativeFormatImporter) -> (artifact id: '7e495f4fd2e56fda1a8ed02de13e7879') in 0.0016751 seconds
Start importing Assets/DualGridDemo/Tiles/Mask-14.asset using Guid(6481eed8dc775c54b9d5acf3872b6993) (NativeFormatImporter) -> (artifact id: 'ec10126203a747bb749e6b6ff101fbce') in 0.0013899 seconds
Start importing Assets/LayeredTerrain/GrassSoil/Square/LandformStoneRoad/Mask-00.asset using Guid(74d1d4b679c3aec43af1bd30b6c4aea1) (NativeFormatImporter) -> (artifact id: '296b667ac9afe2f55f45e906cca3438c') in 0.0016287 seconds
Start importing Assets/LayeredTerrain/CompositeBrushes/StoneWater/Mask-06.asset using Guid(74469ef33ea5ff04496bb245320bfc9b) (NativeFormatImporter) -> (artifact id: 'cc8fd261124d9d5c3171ca2d310bce0c') in 0.0017382 seconds
Start importing Assets/LayeredTerrain/GrassSoil/EdgeSoilOnGrassRefined/Mask-01.asset using Guid(841eab845b5300547946ef0902fdaaf8) (NativeFormatImporter) -> (artifact id: '829f61301a112f3fc75f191d569267c1') in 0.0020195 seconds
Start importing Assets/DualGridDemo/Tiles/Mask-02.asset using Guid(945922eab5f5aef46b3425e3d237abf2) (NativeFormatImporter) -> (artifact id: '518965ff019c95e20841ba04ba3fed54') in 0.0014173 seconds
Start importing Assets/DualGridDemo/Tiles/LogicalPaint.asset using Guid(b4a421f38c39e654ba7f7836c30a1524) (NativeFormatImporter) -> (artifact id: 'a212484be0464eae81bd5d99056eb962') in 0.001416 seconds
Start importing Assets/LayeredTerrain/GrassSoil/EdgeGrassOnSoilRefined/Mask-00.asset using Guid(e4a3c845026f4254892939518018693f) (NativeFormatImporter) -> (artifact id: 'a550b44638e26f631161bc4f80e6920b') in 0.0017548 seconds
Start importing Assets/LayeredTerrain/CompositeBrushes/StoneWater/Mask-07.asset using Guid(f41038a7af5eb5248a3f577f8dbc2925) (NativeFormatImporter) -> (artifact id: '064f5c70fdc790ca534aad93915d41f3') in 0.001771 seconds
Start importing Assets/DualGridDemo/CartoonGrass/Mask-08.asset using Guid(0577de9677123a249bdafec604620704) (NativeFormatImporter) -> (artifact id: 'dd92b9a265f1e3fa219a63196e87c3c2') in 0.0016988 seconds
Start importing Assets/LayeredTerrain/GrassSoil/LandformSoil/Mask-03.asset using Guid(15a3542839f831f41a0a24e5e9e2f22c) (NativeFormatImporter) -> (artifact id: '4c6ebe1ade8f93ef91d876a329deeeab') in 0.0016401 seconds
Start importing Assets/DualGridDemo/CartoonGrass/CartoonGrassDualGridTileSet.asset using Guid(150de5513a96ba2469465b6752fdd4b4) (NativeFormatImporter) -> (artifact id: '5e4ba4c6baa08717411243e5a75436e6') in 0.0056053 seconds
Start importing Assets/LayeredTerrain/GrassSoil/Square/LandformGrass/Mask-01.asset using Guid(35cbc7e6bd8f2f84d9c7965779c9b2eb) (NativeFormatImporter) -> (artifact id: '6a1d61bd8944ac2574f5123ebfd251bf') in 0.0017155 seconds
Start importing Assets/DualGridTerrain/StoneFloor/Generated/Mask-07.asset using Guid(453db406c6729e64bb36a3b0aa71d7af) (NativeFormatImporter) -> (artifact id: '6a1231e47bdd9961c6468187f1064671') in 0.0016987 seconds
Start importing Assets/DualGridDemo/CartoonGrass/Mask-04.asset using Guid(65871eb0fb17967498a1f40549aadbc3) (NativeFormatImporter) -> (artifact id: 'ad4f381e01a98196199dc80b110fbd09') in 0.0012414 seconds
Start importing Assets/LayeredTerrain/GrassSoil/Square/EdgeGrassOnSoilPainted/Mask-13.asset using Guid(75f61e4d96323eb4e906226b1dd8a16a) (NativeFormatImporter) -> (artifact id: '8e86ef599469adbd2a4666745b789187') in 0.0014293 seconds
Start importing Assets/DualGridTerrain/StoneFloor/Generated/Mask-02.asset using Guid(7578634664d5a0c41ab63228dc80c491) (NativeFormatImporter) -> (artifact id: 'ecbac42c5e9c88132ca570b573f27ef9') in 0.0017119 seconds
Start importing Assets/LayeredTerrain/CompositeBrushes/StoneWater/Mask-11.asset using Guid(758ba831d80a5b644951fcfb9f843c7a) (NativeFormatImporter) -> (artifact id: '85a36eb89abe7d6910a680370c1f8b9a') in 0.0016995 seconds
Start importing Assets/LayeredTerrain/GrassSoil/EdgeSoilOnGrassRefined/Mask-07.asset using Guid(a5b8221080b768f4392e3bd4ba5b52d9) (NativeFormatImporter) -> (artifact id: '86e3846b3c1b806a6af07a59fe49ff91') in 0.0018316 seconds
Start importing Assets/DualGridDemo/PixelGrass/Generated/Mask-06.asset using Guid(a53cb9080776ea24d81abff6dc2f9ddf) (NativeFormatImporter) -> (artifact id: '22683d167c37209885e5590456ce8567') in 0.0018663 seconds
Start importing Assets/DualGridDemo/PixelGrass/Generated/Mask-13.asset using Guid(b5d896d78613da84ab4179a32a361654) (NativeFormatImporter) -> (artifact id: 'e243e6b406c3938a4fb3ab3ed9e4a37c') in 0.0019166 seconds
Start importing Assets/LayeredTerrain/CompositeBrushes/GrassSoil/GrassSoilCompositeTileSet.asset using Guid(b57b287881df5404a9320385b2898ecb) (NativeFormatImporter) -> (artifact id: '5144edab71311276b64c305102591796') in 0.0015446 seconds
Start importing Assets/DualGridDemo/Tiles/Mask-12.asset using Guid(c5c2e8c6f3e79d4479ab9ad59981cab3) (NativeFormatImporter) -> (artifact id: '44757ce186f69618068cd8e399813037') in 0.0015669 seconds
Start importing Assets/LayeredTerrain/CompositeBrushes/StoneWater/Mask-04.asset using Guid(d5e3488ae50ae9340821968cb5fae546) (NativeFormatImporter) -> (artifact id: 'dd716211dfaae4159def9e6a759e70e2') in 0.0018145 seconds
Start importing Assets/DualGridDemo/CartoonGrass/Mask-15.asset using Guid(d568d77ad90ab5343a5abaca2e3e875f) (NativeFormatImporter) -> (artifact id: '9c59b1b4ce31839ae7322e7970ceb59c') in 0.0014715 seconds
Start importing Assets/DualGridTerrain/StoneFloor/Generated/Mask-13.asset using Guid(e59d9d7036f97a44bb0d5fe0325bc340) (NativeFormatImporter) -> (artifact id: 'e5a4bc0075f280df086cf5584b423b73') in 0.0018198 seconds
Start importing Assets/LayeredTerrain/GrassSoil/LandformSoil/Mask-02.asset using Guid(f587922c248637745a6249f84c52611e) (NativeFormatImporter) -> (artifact id: '0a034c6b82c0d7648e9ca99b8e7d33e2') in 0.0018568 seconds
Start importing Assets/DualGridTerrain/StoneFloor/Generated/Mask-08.asset using Guid(f56a3292a9f74824da24667c5f51f758) (NativeFormatImporter) -> (artifact id: '6f832d4ce63f1955df95871d3d63be18') in 0.0020248 seconds
Start importing Assets/LayeredTerrain/GrassSoil/Square/EdgeGrassOnSoilPainted/Mask-08.asset using Guid(062a9acbc752b0342becc47471c8dad4) (NativeFormatImporter) -> (artifact id: '22c343f3987cb40bb88f96533030f4cd') in 0.0015492 seconds
Start importing Assets/LayeredTerrain/GrassSoil/LandformGrass/Mask-09.asset using Guid(165dc20b52db7d14488b55217f6ac108) (NativeFormatImporter) -> (artifact id: '22f2401bb64495f60c54a37da6c16aca') in 0.0021394 seconds
Start importing Assets/DualGridTerrain/StoneFloor/Generated/Mask-05.asset using Guid(262ae6d9ff9bff242af51174e3a05c19) (NativeFormatImporter) -> (artifact id: '20e03b3959332b68b101803f38f4a474') in 0.0017766 seconds
Start importing Assets/DualGridDemo/CartoonGrass/Mask-10.asset using Guid(3675da6851a17be48bed477ab98b9c38) (NativeFormatImporter) -> (artifact id: '4ee8b36c0dbf57cda996e42e60a64203') in 0.0012995 seconds
Start importing Assets/LayeredTerrain/CompositeBrushes/GrassSoil/Mask-03.asset using Guid(46ae95ff638beab4d97463392b531581) (NativeFormatImporter) -> (artifact id: '420e62588d2c19531568ae74ab96714a') in 0.0012405 seconds
Start importing Assets/LayeredTerrain/GrassSoil/EdgeSoilOnGrassRefined/Mask-03.asset using Guid(66797b1b48b26e94bb447960d28d2be0) (NativeFormatImporter) -> (artifact id: '239cd9adb31130c63ffe121e8354753b') in 0.0017313 seconds
Start importing Assets/LayeredTerrain/CompositeBrushes/StoneWater/Mask-13.asset using Guid(66ff2c5316e902b47871d47a8d1afce8) (NativeFormatImporter) -> (artifact id: '475892691c87c87004ca0a00feba43ed') in 0.0017261 seconds
Start importing Assets/LayeredTerrain/Trials/CombinedWorkflowProtected/Mask-03.asset using Guid(7645acdce680829458992a0bca2b1f32) (NativeFormatImporter) -> (artifact id: 'ecd15e17bb7828d73b8af1394c6abea7') in 0.0018131 seconds
Start importing Assets/LayeredTerrain/GrassSoil/EdgeSoilOnGrassRefined/Mask-08.asset using Guid(766afa7edccbb334090e81aa3291f5aa) (NativeFormatImporter) -> (artifact id: 'd43e1d32b55dc8f163b0ef8c771275b1') in 0.0018561 seconds
Start importing Assets/LayeredTerrain/GrassSoil/LandformSoil/Mask-11.asset using Guid(86718e5a68b1dcc47854d71bba5a1c17) (NativeFormatImporter) -> (artifact id: 'd74cc212fbcb8cab74cea1e6167470a4') in 0.0017919 seconds
Start importing Assets/LayeredTerrain/GrassSoil/EdgeGrassOnSoilRefined/Mask-09.asset using Guid(86c349d56e9db3e4e849d6749cdfbfbe) (NativeFormatImporter) -> (artifact id: '30e9d7a8a9c18e451e938b0407ad0936') in 0.0017848 seconds
Start importing Assets/DualGridDemo/CartoonGrass/Mask-14.asset using Guid(a62c5be3466da2d48a39453fb32fc94c) (NativeFormatImporter) -> (artifact id: 'cc7a4262b78162245aca53554a3af2b6') in 0.0012997 seconds
Start importing Assets/DualGridDemo/Tiles/Mask-05.asset using Guid(a62de63508b976f40a0fe0b77cdcfb43) (NativeFormatImporter) -> (artifact id: 'c584accf64550b3854defa244b18d95b') in 0.0013855 seconds
Start importing Assets/LayeredTerrain/CompositeBrushes/GrassSoil/Mask-00.asset using Guid(b6c13d083d5a16d43a89e8af3007055e) (NativeFormatImporter) -> (artifact id: 'd26e8696e9e6273fd8f93b0d33c4447f') in 0.0013007 seconds
Start importing Assets/DualGridDemo/Tiles/Mask-03.asset using Guid(e611658b92ea1a246886c20e106b535c) (NativeFormatImporter) -> (artifact id: 'c9aecf7f5fc3f9e110e72971fb74005f') in 0.0013542 seconds
Start importing Assets/LayeredTerrain/Trials/CombinedWorkflowProtected/Mask-10.asset using Guid(e61f71bbb3fb4394d933aced76a64b17) (NativeFormatImporter) -> (artifact id: '510e23f9d4cb0cbf2adfaf0754cf594d') in 0.0016948 seconds
Start importing Assets/DualGridDemo/PixelGrass/Generated/Mask-08.asset using Guid(f6a3cbe9507afe441b49530b748ef226) (NativeFormatImporter) -> (artifact id: '3dd118346c38a0468840cc2bdec172f5') in 0.0017175 seconds
Start importing Assets/LayeredTerrain/GrassSoil/Square/EdgeGrassOnSoilPainted/Mask-12.asset using Guid(17347530ba5655e4cb59ff249a976ea1) (NativeFormatImporter) -> (artifact id: 'c1d82fefe17e5c06b121f6264b1041db') in 0.001441 seconds
Start importing Assets/DualGridDemo/Tiles/Mask-10.asset using Guid(172d7440bb05ce44e9fee61fda4f7e4e) (NativeFormatImporter) -> (artifact id: '00a09a48b3e631f0cee547c607c5af37') in 0.0013897 seconds
Start importing Assets/LayeredTerrain/CompositeBrushes/GrassSoil/GrassSoilReverseLandformTileSet.asset using Guid(17ff6febab517824eb695d29e0459a1f) (NativeFormatImporter) -> (artifact id: '9a35c3207c79d7d48ef6bbda395cceea') in 0.001242 seconds
Start importing Assets/DualGridDemo/Tiles/Mask-08.asset using Guid(2735d68af75c1ab40b231a491d73638f) (NativeFormatImporter) -> (artifact id: '86e06e7af67c75f3f2035dcf26b4232a') in 0.0014286 seconds
Start importing Assets/LayeredTerrain/GrassSoil/LandformSoil/Mask-09.asset using Guid(478b7d64a48c32541abd22cde03a7210) (NativeFormatImporter) -> (artifact id: '3d76f28b9f2c891c8a1370630b86b177') in 0.0016789 seconds
Start importing Assets/LayeredTerrain/GrassSoil/Square/LandformGrass/Mask-10.asset using Guid(5728d44dd2630ff40849746ce5d849d7) (NativeFormatImporter) -> (artifact id: 'a23882a0a0b342974316019af5b4c29b') in 0.0017108 seconds
Start importing Assets/LayeredTerrain/GrassSoil/Square/LandformSoil/Mask-09.asset using Guid(67347eef4df492941b15d16b687e2cb7) (NativeFormatImporter) -> (artifact id: '9ffa1aaa6c62e6a287c4dc24d293bd5e') in 0.001744 seconds
Start importing Assets/LayeredTerrain/GrassSoil/Square/EdgeGrassOnSoilPainted/Mask-00.asset using Guid(676ca911d7a7bbf408a30856d7cc6990) (NativeFormatImporter) -> (artifact id: '6055788d796090732bab1e9e669fc94f') in 0.0014191 seconds
Start importing Assets/LayeredTerrain/CompositeBrushes/GrassSoil/Mask-12.asset using Guid(87b29fe3cc0550043846443b9dec323b) (NativeFormatImporter) -> (artifact id: '30142454ea7d002068e938ed9511ee80') in 0.001245 seconds
Start importing Assets/LayeredTerrain/GrassSoil/Square/LandformGrass/Mask-04.asset using Guid(87737865bdb87ec43864ad3d997d7626) (NativeFormatImporter) -> (artifact id: 'f8cf2ed3997e4b0904d27f88f6bd82da') in 0.0018096 seconds
Start importing Assets/LayeredTerrain/GrassSoil/Square/LandformSoil/Mask-02.asset using Guid(87e33da937f65d34fb027eebfd8c1343) (NativeFormatImporter) -> (artifact id: '1f5c0fa349a99b53ef1682a8e5560b44') in 0.0017382 seconds
Start importing Assets/LayeredTerrain/GrassSoil/LandformSoil/Mask-05.asset using Guid(878e7bb9dfa805f47b4b88fef4623c4b) (NativeFormatImporter) -> (artifact id: 'a652c808387c5ec9b8308cfbd171f8bb') in 0.0016933 seconds
Start importing Assets/LayeredTerrain/CompositeBrushes/StoneWater/StoneWaterReverseLandformTileSet.asset using Guid(97ffcbb8c3ab6264e80693ccaf0c43de) (NativeFormatImporter) -> (artifact id: '74c257140668ff81a766fbefa75a4477') in 0.003954 seconds
Start importing Assets/LayeredTerrain/GrassSoil/LandformSoil/Mask-14.asset using Guid(a7806afe4f019d445bbf552f9eece05e) (NativeFormatImporter) -> (artifact id: '99b1c4cd2f7e14880ed70a2aee1fcd0d') in 0.001733 seconds
Start importing Assets/LayeredTerrain/GrassSoil/EdgeGrassOnSoilRefined/Mask-13.asset using Guid(a7d1a82699efeae47a6ca0a5bb112ae7) (NativeFormatImporter) -> (artifact id: '9198eb93ec9f664e6b2a1e6bf9dc3227') in 0.0017073 seconds
Start importing Assets/LayeredTerrain/GrassSoil/EdgeSoilOnGrassRefined/Mask-05.asset using Guid(a76e89a770ec1bb4d8b6ac4921c7159a) (NativeFormatImporter) -> (artifact id: 'c900888f4f26c6aa7dce4ccf4322ce30') in 0.0018133 seconds
Start importing Assets/LayeredTerrain/GrassSoil/Square/LandformGrass/Mask-08.asset using Guid(b781c12832a4cd84392ab7d35a405505) (NativeFormatImporter) -> (artifact id: 'c59006922c3e77987c6af8cc0e0f69db') in 0.0020112 seconds
Start importing Assets/LayeredTerrain/GrassSoil/EdgeGrassOnSoilRefined/GrassOnSoilRefinedTileSet.asset using Guid(b75665e5083dab441a2805aa7b5e1562) (NativeFormatImporter) -> (artifact id: 'e7c69de3443037ee433711cf96cf024f') in 0.0044772 seconds
Start importing Assets/DualGridDemo/CartoonGrass/Mask-03.asset using Guid(c7d70a51eac1e81479c86a142f844431) (NativeFormatImporter) -> (artifact id: '69a61347e967aece39aa39c20285863a') in 0.001269 seconds
Start importing Assets/LayeredTerrain/GrassSoil/LandformGrass/Mask-14.asset using Guid(c7287b8c949516949b483b111ceb39a0) (NativeFormatImporter) -> (artifact id: '327ee345cea1d3be690500577439866c') in 0.0016935 seconds
Start importing Assets/LayeredTerrain/GrassSoil/Square/EdgeGrassOnSoilPainted/Mask-10.asset using Guid(e75c1031ec799e0448fd29d3082006b4) (NativeFormatImporter) -> (artifact id: '2c2b7c23b198ed249c60399dc2d436ad') in 0.0015218 seconds
Start importing Assets/DualGridDemo/PixelGrass/Generated/Mask-15.asset using Guid(e75d1274b31126d44b87c0c0e419c6eb) (NativeFormatImporter) -> (artifact id: '0c6bcab30442a952f7294c0b4305971f') in 0.0017621 seconds
Start importing Assets/DualGridDemo/PixelGrass/Generated/Mask-12.asset using Guid(e76ead566d57d0f4d91b3c45b962c33c) (NativeFormatImporter) -> (artifact id: 'f11956940eec311fa982fe2f35c7bd35') in 0.0016695 seconds
Start importing Assets/DualGridDemo/Tiles/Mask-01.asset using Guid(e76f86583b87eff4da685c739f9e1f4d) (NativeFormatImporter) -> (artifact id: 'fe31a397add1ba11d1186ac42c20cfce') in 0.0015003 seconds
Start importing Assets/LayeredTerrain/GrassSoil/Square/LandformStoneRoad/Mask-04.asset using Guid(f70ec30b59552144a97e4da8fea5520c) (NativeFormatImporter) -> (artifact id: 'e386ee8d9ec2744afbac85b496f96c00') in 0.0017461 seconds
Start importing Assets/DualGridDemo/Tiles/Mask-15.asset using Guid(f76fd1ac98841d44189ffecb05132a8b) (NativeFormatImporter) -> (artifact id: 'b3e1de4ebe7a4126b38fb41c96ea95fa') in 0.0014152 seconds
Start importing Assets/LayeredTerrain/GrassSoil/Square/LandformStoneRoad/Mask-05.asset using Guid(08c7afe6a1108a84b9f8ac99c7fa610e) (NativeFormatImporter) -> (artifact id: '35b59d674367efd0ac0d8d43271f9e82') in 0.0018624 seconds
Start importing Assets/LayeredTerrain/Trials/CombinedWorkflowProtected/ProtectedHybridTrialTileSet.asset using Guid(081daab61475dc44994806c42a858f7e) (NativeFormatImporter) -> (artifact id: '3152b0b742afcbdeee3575dc24c26f64') in 0.0059411 seconds
Start importing Assets/DualGridDemo/CartoonGrass/Mask-05.asset using Guid(28d223b509c09de4187f8e8d17eacb61) (NativeFormatImporter) -> (artifact id: '37b1be31deb8fda577a8d017e601b983') in 0.001262 seconds
Start importing Assets/LayeredTerrain/CompositeBrushes/StoneWater/StoneWaterCompositeTileSet.asset using Guid(38c1ae3a913d0534789495b8d9dfed35) (NativeFormatImporter) -> (artifact id: '4bdc5dcb36aacd0fe7d8295fb3cc27ab') in 0.0015703 seconds
Start importing Assets/LayeredTerrain/Trials/CombinedWorkflowProtected/ProtectedHybridTrialPalette.asset using Guid(3869725e4d1d6cb47acecb6e33100c0c) (NativeFormatImporter) -> (artifact id: '51f90e8a0a67e5fe384a43007cd42708') in 0.0309998 seconds
Start importing Assets/LayeredTerrain/Trials/CombinedWorkflowProtected/Mask-12.asset using Guid(385bdc947cc089541a6b3cb7f3297bba) (NativeFormatImporter) -> (artifact id: '8be1c72c0dc99996872fe84958b00f4c') in 0.00162 seconds
Start importing Assets/LayeredTerrain/GrassSoil/LandformSoil/Mask-00.asset using Guid(88d5b3d83381240419fa7d0a9d6c2c63) (NativeFormatImporter) -> (artifact id: '09fae1c6d2e2fd5e056c3519564b115b') in 0.0014024 seconds
Start importing Assets/LayeredTerrain/GrassSoil/Square/EdgeGrassOnSoilPainted/Mask-09.asset using Guid(a8a7730f3a6dd484198f1b19fed8a24f) (NativeFormatImporter) -> (artifact id: '4301842c63dfa80755c4752093f1b29b') in 0.0015306 seconds
Start importing Assets/DualGridDemo/CartoonGrass/Mask-01.asset using Guid(b8a260f1e2efc1d488b6e2b64c400b1a) (NativeFormatImporter) -> (artifact id: 'fc29c70d93ce998bf386b8563a4dd804') in 0.001416 seconds
Start importing Assets/DualGridDemo/PixelGrass/Generated/Mask-00.asset using Guid(b85f26579b6b81042bfc58cb46cfb9a3) (NativeFormatImporter) -> (artifact id: '1b99527b8ed98d3811ca793ec93a72fa') in 0.0017496 seconds
Start importing Assets/DualGridDemo/PixelGrass/Generated/PixelGrassDualGridTileSet.asset using Guid(c85fd6cb1fa2a4140b4204feb4c5c4d6) (NativeFormatImporter) -> (artifact id: '3de3244f4de3472181fbf8605bfaa360') in 0.00424 seconds
Start importing Assets/LayeredTerrain/GrassSoil/LandformGrass/Mask-13.asset using Guid(e80621ea42744c243ac2ec385c32b338) (NativeFormatImporter) -> (artifact id: 'b1376c7e92455618151d3f20bb710a54') in 0.0013094 seconds
Start importing Assets/LayeredTerrain/GrassSoil/Square/EdgeGrassOnSoilPainted/Mask-07.asset using Guid(f8b2f90201834fa478634d3f30f6af16) (NativeFormatImporter) -> (artifact id: '398aae79a1c6d620fc908fee44698af1') in 0.0015972 seconds
Start importing Assets/LayeredTerrain/CompositeBrushes/StoneWater/StoneWaterBrush.asset using Guid(09f46cd396af5c04dab55f76b3ece396) (NativeFormatImporter)Main Object Name '石头 + 水' does not match filename 'StoneWaterBrush'
 -> (artifact id: '6a4ba144216ef9ce43283f9e43d1ea46') in 0.0024189 seconds
Start importing Assets/LayeredTerrain/GrassSoil/EdgeSoilOnGrassRefined/Mask-13.asset using Guid(19c4f167cd014434c9f460344641a548) (NativeFormatImporter) -> (artifact id: '475ba292efa6c0e7a902412a077f532f') in 0.0023259 seconds
Start importing Assets/LayeredTerrain/GrassSoil/Square/EdgeGrassOnSoilPainted/Mask-06.asset using Guid(19882d23e028ac94e8abd02f91624ba8) (NativeFormatImporter) -> (artifact id: 'd84a2e0de2f767dbd308409e4c90beaa') in 0.001508 seconds
Start importing Assets/LayeredTerrain/GrassSoil/Square/LandformStoneRoad/Mask-14.asset using Guid(39202684bd500f14184c5131ac46a6dd) (NativeFormatImporter) -> (artifact id: '780cc6817b38575be7c12a4e526a5c59') in 0.0012869 seconds
Start importing Assets/DualGridDemo/CartoonGrass/CartoonGrassSoilBase.asset using Guid(59a81e5c60727e448a548f35c1be38e9) (NativeFormatImporter) -> (artifact id: '0224bc3b47604a28f6f5e956dc195434') in 0.0019411 seconds
Start importing Assets/DualGridDemo/Tiles/Mask-11.asset using Guid(69d1de73f01e0ae44a7723c951c0df7b) (NativeFormatImporter) -> (artifact id: '2bfcaa4c1f2b8530dcedef3ae78b2016') in 0.0014632 seconds
Start importing Assets/LayeredTerrain/CompositeBrushes/StoneWater/Mask-05.asset using Guid(694f5db1300fccc4b81b7f5daf5dfbe6) (NativeFormatImporter) -> (artifact id: '2c2248ffdee415a18b7086c1ec172f1c') in 0.0012719 seconds
Start importing Assets/LayeredTerrain/Trials/CombinedWorkflowProtected/Mask-13.asset using Guid(89445bbf893fb8142b14b0093bf56b40) (NativeFormatImporter) -> (artifact id: '88fb4f63d0ec523f1ac5d3aa02d98c3e') in 0.0012458 seconds
Start importing Assets/LayeredTerrain/CompositeBrushes/GrassSoil/Mask-13.asset using Guid(89f5b8b5767d9114bb033c96971972f7) (NativeFormatImporter) -> (artifact id: '43583f25a5a5ab6a4164a3ac7f9e8747') in 0.0012939 seconds
Start importing Assets/LayeredTerrain/GrassSoil/Square/LandformSoil/SoilSquareLandformTileSet.asset using Guid(897d878e9497c6e4d935ea42058d6001) (NativeFormatImporter) -> (artifact id: '9a8f4d872d0d0634a4c8b498b6ac91b5') in 0.001375 seconds
Start importing Assets/LayeredTerrain/CompositeBrushes/GrassSoil/Mask-04.asset using Guid(a992a37e03429264183502b620dd056b) (NativeFormatImporter) -> (artifact id: '452e1b3aad5704db04ea3a129a4c1268') in 0.0012422 seconds
Start importing Assets/Editor/Tests/Fixtures/CanonicalBattlefieldMap/EditorOperationsSmoke.asset using Guid(b96a6df669e584148be8256f6384ecee) (NativeFormatImporter) -> (artifact id: '095bcd6fdd1d540e6fe6e06d603e23b3') in 0.0032833 seconds
Start importing Assets/LayeredTerrain/GrassSoil/Square/EdgeGrassOnSoilPainted/Mask-01.asset using Guid(b94d4b2cd03a1b04b83a81974d966227) (NativeFormatImporter) -> (artifact id: '9846ca55047502a7c2b6551cb738ad8b') in 0.0013898 seconds
Start importing Assets/LayeredTerrain/GrassSoil/LandformGrass/Mask-00.asset using Guid(c92ffc9e81d587840892eb05cf844fbf) (NativeFormatImporter) -> (artifact id: 'da2a7ddf43aab2c2b38b17640877297b') in 0.0012558 seconds
Start importing Assets/LayeredTerrain/GrassSoil/LandformSoil/Mask-08.asset using Guid(d98e1448816e2f443a1e4e6b40e7cc25) (NativeFormatImporter) -> (artifact id: '91acb17f6074c82df8fbb9c5655e807b') in 0.0012836 seconds
Start importing Assets/LayeredTerrain/GrassSoil/LandformSoil/Mask-15.asset using Guid(e95509ac4ec30484ab37daa221658805) (NativeFormatImporter) -> (artifact id: '6b95bb9010576f251dba70200c5c62bd') in 0.0012483 seconds
Start importing Assets/LayeredTerrain/GrassSoil/EdgeGrassOnSoilRefined/Mask-06.asset using Guid(e9ac41d989ad93f4ca1a691487107c16) (NativeFormatImporter) -> (artifact id: '5930569c0f5b808d3958dcd900a27cef') in 0.001232 seconds
Start importing Assets/DualGridDemo/PixelGrass/Generated/Mask-04.asset using Guid(e96f24ccf3e740b478fca88f5756e31f) (NativeFormatImporter) -> (artifact id: 'd61d21dfe0ba9e55fb1a273f19e2effc') in 0.0012121 seconds
Start importing Assets/LayeredTerrain/Trials/CombinedWorkflowProtected/Mask-08.asset using Guid(f982440ae99af8c45a22f5167cf6f048) (NativeFormatImporter) -> (artifact id: 'de409b362258902b0fa2ec30a1e530c6') in 0.0016067 seconds
Start importing Assets/LayeredTerrain/GrassSoil/LandformSoil/Mask-10.asset using Guid(f95d6c7578efacd4cb1f12c63e1d8ff8) (NativeFormatImporter) -> (artifact id: '933ce487e67e323b98ff6accf36efc4b') in 0.0012755 seconds
Start importing Assets/LayeredTerrain/GrassSoil/EdgeSoilOnGrassRefined/Mask-00.asset using Guid(0a73dde9315ded245ae90e4a41cab2ce) (NativeFormatImporter) -> (artifact id: 'ef5762592ed2ddbdc2cbf1f452a06f05') in 0.0012562 seconds
Start importing Assets/LayeredTerrain/GrassSoil/LandformGrass/Mask-10.asset using Guid(0a64b675a1f765c409b8f9deea1eb208) (NativeFormatImporter) -> (artifact id: 'e28ba3f80053d38a6ac809feee56406b') in 0.0012875 seconds
Start importing Assets/LayeredTerrain/GrassSoil/Square/LandformStoneRoad/StoneRoadSquareLandformTileSet.asset using Guid(0a6730ef0e26d5b49b9ae3129ee21909) (NativeFormatImporter) -> (artifact id: 'df291dc2c7bd56eae8ab14d450c63d1a') in 0.0013293 seconds
Start importing Assets/LayeredTerrain/GrassSoil/EdgeSoilOnGrassRefined/SoilOnGrassRefinedTileSet.asset using Guid(0a9be948b7d77d945a662aee1cceff82) (NativeFormatImporter) -> (artifact id: '49efb524a4eafc31f96ee3d4dfd95a57') in 0.0012754 seconds
Start importing Assets/LayeredTerrain/GrassSoil/Square/EdgeGrassOnSoilPainted/Mask-03.asset using Guid(1a4a3cc4af69bbc4aaabde52016c4f95) (NativeFormatImporter) -> (artifact id: 'dba669fd0f282f980ef7770f2c90e557') in 0.0016216 seconds
Start importing Assets/LayeredTerrain/CompositeBrushes/StoneWater/Mask-14.asset using Guid(2aa4037294a07f44d93fcec8ae2bc84b) (NativeFormatImporter) -> (artifact id: '860e0dadb7f84f90366a70226444738d') in 0.0013191 seconds
Start importing Assets/LayeredTerrain/GrassSoil/EdgeGrassOnSoilRefined/Mask-12.asset using Guid(3a09b8d94e4515f4fa39c4292c8052a7) (NativeFormatImporter) -> (artifact id: '6507350b64b43ccb8a4b33d02d968578') in 0.0012414 seconds
Start importing Assets/LayeredTerrain/GrassSoil/LandformSoil/Mask-06.asset using Guid(4ab46eb735954bf45977209e4a936a01) (NativeFormatImporter) -> (artifact id: 'f2496bcc453d04b95eb49390c4ed9566') in 0.0012173 seconds
Start importing Assets/LayeredTerrain/GrassSoil/LandformGrass/Mask-15.asset using Guid(7a5208b63b1d6284285e932c3708e65d) (NativeFormatImporter) -> (artifact id: '3d3602d88455cf5bc85f542ebf0a3482') in 0.0013189 seconds
Start importing Assets/LayeredTerrain/GrassSoil/Square/EdgeGrassOnSoilPainted/Mask-05.asset using Guid(bacdc75efb95eda42aa6803845d196c4) (NativeFormatImporter) -> (artifact id: 'b47a32a933640e234443611d8dce9a80') in 0.0014279 seconds
Start importing Assets/LayeredTerrain/GrassSoil/Square/LandformStoneRoad/Mask-10.asset using Guid(caa578d738fb0414e820ab1e3541b03f) (NativeFormatImporter) -> (artifact id: 'd00b0e7a6cee5a32b5e19df0013dac48') in 0.001264 seconds
Start importing Assets/LayeredTerrain/Trials/CombinedWorkflowProtected/Mask-07.asset using Guid(ea9bbcf5aece8da4d85c20fccebc60e8) (NativeFormatImporter) -> (artifact id: '2d86bc941ec63182c89d8c083e4910c2') in 0.0012328 seconds
Start importing Assets/LayeredTerrain/GrassSoil/Square/EdgeGrassOnSoilPainted/GrassOnSoilSquarePaintedTileSet.asset using Guid(1b984e39e61f8734d8c54b032e84c3a3) (NativeFormatImporter) -> (artifact id: 'ad66eebc550cab674b2f8321a8148e58') in 0.0015546 seconds
Start importing Assets/LayeredTerrain/CompositeBrushes/StoneWater/Mask-08.asset using Guid(2b807cb15df8e3647b7f334cc9a1ecff) (NativeFormatImporter) -> (artifact id: '49f018bda43b52823a9511e955bdc527') in 0.0012503 seconds
Start importing Assets/LayeredTerrain/Trials/CombinedWorkflowProtected/Mask-00.asset using Guid(2b08eeaebf3ac5b44b19a40356f791a0) (NativeFormatImporter) -> (artifact id: 'c14e323606ffd4563bb1d72bd649dda0') in 0.0013119 seconds
Start importing Assets/LayeredTerrain/GrassSoil/LandformGrass/Mask-05.asset using Guid(3b4a2864fb45c5b4fae56fc1f697bbdd) (NativeFormatImporter) -> (artifact id: '587c10c08275737d9c70b0671d8d5535') in 0.0012653 seconds
Start importing Assets/Editor/Tests/Fixtures/CanonicalBattlefieldMap/CanonicalEditorAcceptanceMap.asset using Guid(7ba00af98401925468e944d6a0778041) (NativeFormatImporter) -> (artifact id: '55794da017197eb1da14df73a505a684') in 0.0016869 seconds
Start importing Assets/LayeredTerrain/Trials/CombinedWorkflowProtected/Mask-05.asset using Guid(7bec070389b15e94e8f9850d769c42bc) (NativeFormatImporter) -> (artifact id: '3f482329ca2c77825d311977f75b718d') in 0.0012505 seconds
Start importing Assets/DualGridTerrain/StoneFloor/Generated/Mask-04.asset using Guid(8ba336028e2a8994b8213d98c73e4e52) (NativeFormatImporter) -> (artifact id: '1b3845f519c48d4b3a0437fe0945f165') in 0.0013311 seconds
Start importing Assets/LayeredTerrain/GrassSoil/EdgeGrassOnSoilRefined/Mask-08.asset using Guid(9b3d0613b51d86146bf5ea0994b42ddd) (NativeFormatImporter) -> (artifact id: 'b0ce9f6badfc34fef04f86324cd8c744') in 0.0012642 seconds
Start importing Assets/LayeredTerrain/GrassSoil/LandformGrass/Mask-11.asset using Guid(bb6bc251a6bbcf54480e7f80f2181f2a) (NativeFormatImporter) -> (artifact id: 'c50e1ecd1770908a062b938efa826d9e') in 0.001262 seconds
Start importing Assets/DualGridDemo/CartoonGrass/Mask-02.asset using Guid(db360819573bb1b4f92c2bb7f73fe38c) (NativeFormatImporter) -> (artifact id: 'e8ea44600cef0d2f09a2fa023bb41daa') in 0.0012555 seconds
Start importing Assets/LayeredTerrain/Trials/CombinedWorkflowProtected/Mask-09.asset using Guid(dbc794c2b5c3c7a469902ae6be24f48a) (NativeFormatImporter) -> (artifact id: 'dd1de484f0cb9ddf1b0817e0fd52c1ba') in 0.0012398 seconds
Start importing Assets/DualGridDemo/PixelGrass/Generated/Mask-03.asset using Guid(ebc02a35657099242a655eb27085f06c) (NativeFormatImporter) -> (artifact id: '5dfd2df9bcfb989549ca43cb89cf6129') in 0.001239 seconds
Start importing Assets/LayeredTerrain/GrassSoil/Square/LandformSoil/Mask-07.asset using Guid(2ce20b5da48d1ae43956c41d22ecd92e) (NativeFormatImporter) -> (artifact id: '56a16d1484bb38d4d0326b03181dfe66') in 0.00134 seconds
Start importing Assets/LayeredTerrain/GrassSoil/Square/LandformSoil/Mask-11.asset using Guid(2c6bd62321830da498ea7724ae626857) (NativeFormatImporter) -> (artifact id: 'fa0db65df4b58c5b70fd089f3cb0398f') in 0.0013751 seconds
Start importing Assets/DualGridDemo/PixelGrass/Generated/Mask-09.asset using Guid(3c2aba6d38bab754ebca07dd65df25ad) (NativeFormatImporter) -> (artifact id: 'cd235c8e303ea6bd367474d39a7d361a') in 0.001343 seconds
Start importing Assets/LayeredTerrain/GrassSoil/LandformSoil/Mask-12.asset using Guid(3cfb4949c07b1bf43bc66661515525d7) (NativeFormatImporter) -> (artifact id: 'b452a7b8510d39fbdb6b3986eeb950b3') in 0.001256 seconds
Start importing Assets/DualGridTerrain/StoneFloor/Generated/Mask-14.asset using Guid(4c9667bd134177e478996f07b01d642f) (NativeFormatImporter) -> (artifact id: '3ee59ca133799353378a3f62a437a1ea') in 0.0012396 seconds
Start importing Assets/DualGridTerrain/StoneFloor/Generated/StoneFloorDualGridTileSet.asset using Guid(4c995549933a8ed48897e6b4e5760de1) (NativeFormatImporter) -> (artifact id: '05190d0b05ee5d12386230d6d416df4d') in 0.0015818 seconds
Start importing Assets/LayeredTerrain/GrassSoil/Square/LandformStoneRoad/Mask-15.asset using Guid(5cbc1f25709453b4a90de7054d0ce9b7) (NativeFormatImporter) -> (artifact id: '52811fc885bbb1bd78fe7e6056b96fd1') in 0.0012559 seconds
Start importing Assets/LayeredTerrain/GrassSoil/EdgeGrassOnSoilRefined/Mask-04.asset using Guid(6cca3f06a711ab34992417d66eeec087) (NativeFormatImporter) -> (artifact id: '831f8b3e0647b4d7bdf7df8ad667238f') in 0.001333 seconds
Start importing Assets/LayeredTerrain/GrassSoil/EdgeSoilOnGrassRefined/Mask-11.asset using Guid(7c83d0c3c19897e49b1ffdc4f4698cb4) (NativeFormatImporter) -> (artifact id: '2edc3b58b663e99ca491bbcad99d4b0d') in 0.0012465 seconds
Start importing Assets/LayeredTerrain/Trials/CombinedWorkflowProtected/Mask-02.asset using Guid(7c958ac8e9f821946aeb8c887ca0b137) (NativeFormatImporter) -> (artifact id: '468799cdfabc27ab934ac0bcaacc73c3') in 0.0013453 seconds
Start importing Assets/LayeredTerrain/GrassSoil/Square/LandformGrass/Mask-09.asset using Guid(8c5fb632240287d48a17621f58d3a651) (NativeFormatImporter) -> (artifact id: '50c1608dee2a7a19e1d38825a8bdbf31') in 0.0012111 seconds
Start importing Assets/DualGridTerrain/StoneFloor/Generated/Mask-12.asset using Guid(acd904b5cc1e229408b58b1b7e9cf896) (NativeFormatImporter) -> (artifact id: '7fb14148eef82fcd88cb14a57fe7a59f') in 0.0013876 seconds
Start importing Assets/LayeredTerrain/CompositeBrushes/GrassSoil/Mask-02.asset using Guid(accebb9cfb148a440ab0ce26d8b01c73) (NativeFormatImporter) -> (artifact id: '037d92675dfe68512f1c280210f23b28') in 0.0014433 seconds
Start importing Assets/LayeredTerrain/GrassSoil/Square/LandformSoil/Mask-12.asset using Guid(bc85f424c35a6c845b2186949136a828) (NativeFormatImporter) -> (artifact id: '19ebe4cd8b970a8aa8eb182f93af00d1') in 0.0013894 seconds
Start importing Assets/DualGridTerrain/StoneFloor/Generated/Mask-06.asset using Guid(dc70478a599ce1e42a36e391c667a311) (NativeFormatImporter) -> (artifact id: '81555f1f33f424905a745d6bd9ed2982') in 0.0013777 seconds
Start importing Assets/LayeredTerrain/CompositeBrushes/GrassSoil/Mask-11.asset using Guid(ec3c282249bc76e40918cc19d5bbf5a6) (NativeFormatImporter) -> (artifact id: 'b9301903b7d92a617acc6b8f4f39b174') in 0.0013392 seconds
Start importing Assets/LayeredTerrain/GrassSoil/Square/LandformSoil/Mask-10.asset using Guid(0dfe2c0efe3330c4d9570f0061d459b9) (NativeFormatImporter) -> (artifact id: '9adb97a93d8d197775da4662d79ce254') in 0.0013407 seconds
Start importing Assets/DualGridDemo/PixelGrass/Generated/Mask-10.asset using Guid(0d2fd1163dce80c47a0bd92586324133) (NativeFormatImporter) -> (artifact id: 'cb6d5d29511c3fd0d9f024c249c08cd6') in 0.0012972 seconds
Start importing Assets/LayeredTerrain/GrassSoil/Square/LandformGrass/Mask-03.asset using Guid(1db706b3e9547554e9081663c6442ba0) (NativeFormatImporter) -> (artifact id: '4f4d4e78f864a3673b4b30af7d9dca47') in 0.0013533 seconds
Start importing Assets/LayeredTerrain/GrassSoil/Authoring/MarkerB.asset using Guid(1d7afb0e246313249b07419893ea275b) (NativeFormatImporter) -> (artifact id: '223b99afe52ee29989dc471de27442f7') in 0.0016173 seconds
Start importing Assets/LayeredTerrain/GrassSoil/Square/LandformStoneRoad/Mask-02.asset using Guid(1d9b71389b4697e4586703b25f185da7) (NativeFormatImporter) -> (artifact id: 'faa88c3c78bce07dd256254bed4700b1') in 0.0013468 seconds
Start importing Assets/LayeredTerrain/GrassSoil/Square/LandformSoil/Mask-05.asset using Guid(2de42da45e48f974e9a74a6970e6e643) (NativeFormatImporter) -> (artifact id: '6ed8d05b28f0ff65029a341c75fa1a48') in 0.0012928 seconds
Start importing Assets/LayeredTerrain/CompositeBrushes/GrassSoil/Mask-05.asset using Guid(3d0053fa4f3cd8b41840b5228bbdd0e8) (NativeFormatImporter) -> (artifact id: '311ecc441dcdf62902e3dd7c518294bc') in 0.0012575 seconds
Start importing Assets/LayeredTerrain/GrassSoil/Authoring/GrassBase.asset using Guid(3d71b1ea4e270714eb43b3b4541cda21) (NativeFormatImporter) -> (artifact id: '1143002ca98cd6df6d000b335a61d7c7') in 0.001403 seconds
Start importing Assets/LayeredTerrain/GrassSoil/LandformGrass/Mask-06.asset using Guid(5d15d49b3c156ae479bd995b33107c67) (NativeFormatImporter) -> (artifact id: 'ebea867d2e0ae15ef08d187ded82e89a') in 0.0012169 seconds
Start importing Assets/LayeredTerrain/GrassSoil/Square/LandformGrass/Mask-11.asset using Guid(5d253dc28016ae64db4653758ac0af88) (NativeFormatImporter) -> (artifact id: '169f43f71cee29087924db38ce9b32dd') in 0.001241 seconds
Start importing Assets/LayeredTerrain/CompositeBrushes/StoneWater/Mask-00.asset using Guid(5d97f45b8c076c54788611217a51fa26) (NativeFormatImporter) -> (artifact id: '16be1111f64b69d7ca98103ac5e5a7f1') in 0.0014746 seconds
Start importing Assets/LayeredTerrain/GrassSoil/Square/LandformSoil/Mask-04.asset using Guid(5d4806f722710eb40b1cf937cc6498b6) (NativeFormatImporter) -> (artifact id: '218a0679e0badd0252f68b013d02437a') in 0.001275 seconds
Start importing Assets/LayeredTerrain/GrassSoil/Authoring/MarkerA.asset using Guid(5d6bfb08cac622c44b446bf22046bbca) (NativeFormatImporter) -> (artifact id: '9a1daba47cca3629b8121eabcbb1412f') in 0.0015184 seconds
Start importing Assets/DualGridTerrain/StoneFloor/Generated/Mask-03.asset using Guid(6d2d8d8dfe413694d872e52d1c06502e) (NativeFormatImporter) -> (artifact id: '8b83f4f3470707b4786b95c35907c525') in 0.0012768 seconds
Start importing Assets/LayeredTerrain/GrassSoil/LandformGrass/Mask-01.asset using Guid(7d609e3f17078a44f9a89e21b68ae180) (NativeFormatImporter) -> (artifact id: '3224619f2c83674d972b0132ec22dbbf') in 0.001315 seconds
Start importing Assets/DualGridTerrain/StoneFloor/Generated/Mask-01.asset using Guid(7d1194ea9828c804292ae6a36b1ad34a) (NativeFormatImporter) -> (artifact id: '4c743ce51d1eb08f73dff2dbb333371f') in 0.0012824 seconds
Start importing Assets/DualGridDemo/PixelGrass/Generated/Mask-02.asset using Guid(7da3cb3696481604e8e9557069b6cd45) (NativeFormatImporter) -> (artifact id: '4d9b8c49fdaabecb25f7ec5a5f007a06') in 0.0012713 seconds
Start importing Assets/LayeredTerrain/GrassSoil/Square/EdgeGrassOnSoilPainted/Mask-02.asset using Guid(8d6a7e51f29762f4796204a57546e522) (NativeFormatImporter) -> (artifact id: '561226440cc3645cc4692bfb08785be3') in 0.0014997 seconds
Start importing Assets/LayeredTerrain/GrassSoil/Square/LandformStoneRoad/Mask-01.asset using Guid(add98a42caf91414387900c1b29b92c6) (NativeFormatImporter) -> (artifact id: '577aed0e23a5aff45e2321c3c38dd9d4') in 0.0013037 seconds
Start importing Assets/LayeredTerrain/GrassSoil/EdgeSoilOnGrassRefined/Mask-14.asset using Guid(bdd7fb51f57273d45b5c79d3797460cc) (NativeFormatImporter) -> (artifact id: '799f56ab922c6f3dfba08c7c6742d655') in 0.0012344 seconds
Start importing Assets/LayeredTerrain/GrassSoil/Square/LandformGrass/Mask-06.asset using Guid(cd0f4d7279da9f84caa8c319e7ab29f9) (NativeFormatImporter) -> (artifact id: 'f242bf8a756bf5ec3200209cb2bb6249') in 0.001376 seconds
Start importing Assets/LayeredTerrain/CompositeBrushes/GrassSoil/Mask-15.asset using Guid(dd132c49aca36304d882322d793faf05) (NativeFormatImporter) -> (artifact id: 'c976475a6c1f1b28aa0f83a9dad08348') in 0.0012666 seconds
Start importing Assets/LayeredTerrain/GrassSoil/EdgeSoilOnGrassRefined/Mask-06.asset using Guid(dd09144358a0d5c4096379f2165161b9) (NativeFormatImporter) -> (artifact id: '9f741aa40f7ed1de99f7e4b1984de057') in 0.0012391 seconds
Start importing Assets/LayeredTerrain/GrassSoil/LandformGrass/Mask-04.asset using Guid(ede22ab8e9b7bcc4da28aa41887e8614) (NativeFormatImporter) -> (artifact id: '3fb90e41dc0c802d6d0bc7dec442beba') in 0.0013099 seconds
Start importing Assets/LayeredTerrain/GrassSoil/Authoring/EdgeEnabled.asset using Guid(edea08aa13b03c54ea30a8c283eee758) (NativeFormatImporter) -> (artifact id: 'eaab5657c5ac1e84e1e9db61c5605b9c') in 0.001414 seconds
Start importing Assets/DualGridTerrain/StoneFloor/StoneFloorBakeProfile.asset using Guid(ed9d8ac2b7599df4e8911effcb102f92) (NativeFormatImporter) -> (artifact id: '9e1cfabaf5f3efd1689094acf457b511') in 0.0043069 seconds
Start importing Assets/DualGridTerrain/StoneFloor/Generated/Mask-10.asset using Guid(fd01555f6f9060b4290fded6b8824c60) (NativeFormatImporter) -> (artifact id: 'c90954b38ce6acc39e7d14593451ab88') in 0.0013228 seconds
Start importing Assets/Editor/Tests/Fixtures/CanonicalBattlefieldMap/RoundTripSmoke.asset using Guid(fd1864aeb5536f24da3ce7a771137ea3) (NativeFormatImporter) -> (artifact id: '4f6e68812dc5ef2f7ef8f6fc08b06e5c') in 0.0015835 seconds
Start importing Assets/LayeredTerrain/GrassSoil/LandformSoil/SoilLandformTileSet.asset using Guid(3e1155418d0567f44af4b96697c9dd09) (NativeFormatImporter) -> (artifact id: '4e73725bff9e0edbe010983bfe0a7e0a') in 0.0014882 seconds
Start importing Assets/DualGridDemo/Tiles/Mask-00.asset using Guid(4e202b3910127864d92076ca43f05bd0) (NativeFormatImporter) -> (artifact id: 'c95d756d309d18b47d8c274dd74d6c35') in 0.0015112 seconds
Start importing Assets/LayeredTerrain/GrassSoil/Square/LandformGrass/Mask-07.asset using Guid(4e65cf042fab2c1448282809779edb8a) (NativeFormatImporter) -> (artifact id: '2d112a2a32282903d8012f2c930eb748') in 0.0012835 seconds
Start importing Assets/LayeredTerrain/Trials/CombinedWorkflowProtected/Mask-04.asset using Guid(5e2d968011446324481de9128f0f2305) (NativeFormatImporter) -> (artifact id: '881e4f13c624498b479b7b4a19fb62e2') in 0.0012444 seconds
Start importing Assets/LayeredTerrain/GrassSoil/EdgeGrassOnSoilRefined/Mask-02.asset using Guid(6ef5433501c908740932ed7d05777790) (NativeFormatImporter) -> (artifact id: '7956484044d4a20fe8d17b3f92e1935c') in 0.0012269 seconds
Start importing Assets/LayeredTerrain/GrassSoil/EdgeSoilOnGrassRefined/Mask-02.asset using Guid(6e7b9c8936988884cbb92785b41d1ddb) (NativeFormatImporter) -> (artifact id: '0b891120343242e3e27c49a37de5c2ee') in 0.0012762 seconds
Start importing Assets/LayeredTerrain/GrassSoil/Square/LandformGrass/Mask-13.asset using Guid(7e2014d33d57f294f97dea5ed30b730c) (NativeFormatImporter) -> (artifact id: '35e9a7df48deef2da40ba097cca3815f') in 0.0012561 seconds
Start importing Assets/LayeredTerrain/GrassSoil/EdgeGrassOnSoilRefined/Mask-01.asset using Guid(8e0671f07975b7c43b734d81c5ff11bc) (NativeFormatImporter) -> (artifact id: '9bbdcd45010e3a364892d9f3d35af4ab') in 0.0012344 seconds
Start importing Assets/LayeredTerrain/GrassSoil/Square/LandformSoil/Mask-14.asset using Guid(ae949dd8d7965fa41b1d3481d8bf8e30) (NativeFormatImporter) -> (artifact id: 'dd03f36fe5114794ba1316d198ed3a46') in 0.0012711 seconds
Start importing Assets/DualGridDemo/PixelGrass/Generated/Mask-14.asset using Guid(aeb7d1a664d67444987950b4d08b80df) (NativeFormatImporter) -> (artifact id: '92aea4ba11258f3280a49bbee46d941b') in 0.0012834 seconds
Start importing Assets/LayeredTerrain/GrassSoil/Square/LandformStoneRoad/Mask-08.asset using Guid(aecab5b9f537b5349adcff0900809717) (NativeFormatImporter) -> (artifact id: 'f00a90b8aa5eb2ca320057bc34ace682') in 0.0012532 seconds
Start importing Assets/LayeredTerrain/GrassSoil/Square/LandformSoil/Mask-15.asset using Guid(ce833c44287e15a44945e738038eb1c3) (NativeFormatImporter) -> (artifact id: '85e2d587dd5ce5b57c44f31e8eba62f8') in 0.0014296 seconds
Start importing Assets/LayeredTerrain/Trials/CombinedWorkflowProtected/Mask-06.asset using Guid(cecdb611ac79328438632c2913556e84) (NativeFormatImporter) -> (artifact id: 'dd89b4c903cd6686812f0778aa191245') in 0.0012407 seconds
Start importing Assets/LayeredTerrain/GrassSoil/EdgeGrassOnSoilRefined/Mask-03.asset using Guid(de5135a77f40df84b9a7170011242e63) (NativeFormatImporter) -> (artifact id: 'c3a15867dd7bb9c8bc8b50d15939720f') in 0.0012703 seconds
Start importing Assets/LayeredTerrain/GrassSoil/Square/LandformSoil/Mask-08.asset using Guid(ee6f4f16a4085914dbcb15919c60654c) (NativeFormatImporter) -> (artifact id: '759167ba5804731894b13968d57a22b3') in 0.0012738 seconds
Start importing Assets/DualGridTerrain/StoneFloor/Generated/Mask-11.asset using Guid(1f29b2c03dd123845b1a96702c5f30b1) (NativeFormatImporter) -> (artifact id: 'abf8c60e9f7624180044dbab29d1429e') in 0.0012029 seconds
Start importing Assets/LayeredTerrain/GrassSoil/LandformGrass/GrassLandformTileSet.asset using Guid(2fc47b69529dfb541a089c835adb5ce8) (NativeFormatImporter) -> (artifact id: '25bc10780b67f1794ad1f042bee0004f') in 0.0014141 seconds
Start importing Assets/LayeredTerrain/GrassSoil/Square/LandformStoneRoad/Mask-12.asset using Guid(2f49f6b2d05a8804097e79c69e515dc3) (NativeFormatImporter) -> (artifact id: 'f303999b966e7628e9d906bae634ca5d') in 0.0012938 seconds
Start importing Assets/LayeredTerrain/GrassSoil/Square/LandformSoil/Mask-06.asset using Guid(3ff6ff5cd14cc7441a6a84cdde5ff745) (NativeFormatImporter) -> (artifact id: 'd2d7b37978a3e74995f4869b4bb1856e') in 0.0012554 seconds
Start importing Assets/LayeredTerrain/Trials/CombinedWorkflowProtected/Mask-15.asset using Guid(5fb1569968790a042924812d056a47b8) (NativeFormatImporter) -> (artifact id: 'df6c61548b09b2df451f2a9305520cc5') in 0.0012221 seconds
Start importing Assets/LayeredTerrain/CompositeBrushes/StoneWater/Mask-10.asset using Guid(6f30c29e2db1a9d47b4bc97217a4af97) (NativeFormatImporter) -> (artifact id: 'c28d180505f70b8c5a7ec7544c5984e3') in 0.0012607 seconds
Start importing Assets/LayeredTerrain/CompositeBrushes/StoneWater/Mask-01.asset using Guid(6fda586ad1721dd4eb00fc59e4a193f8) (NativeFormatImporter) -> (artifact id: '2e674ac88b3c6f0fafebd91026abe786') in 0.0012792 seconds
Start importing Assets/Battlefield/Terrain/OrchardDefaultTerrainPalette.asset using Guid(8f09d513b82ee0048abd5a50378dbb0c) (NativeFormatImporter) -> (artifact id: '3f1d2e19750442bb5aa1ed3b0400815e') in 0.0015974 seconds
Start importing Assets/DualGridDemo/CartoonGrass/Mask-06.asset using Guid(9fb6f51baa1ba684b957b167bc4aebea) (NativeFormatImporter) -> (artifact id: 'af53b4e642d783cf01264f9f1c1e1fd6') in 0.0012978 seconds
Start importing Assets/LayeredTerrain/GrassSoil/LandformGrass/Mask-12.asset using Guid(bfcde0f6045b297478b7cca21b2bd212) (NativeFormatImporter) -> (artifact id: 'f07316f696c39ea8ee7870d68b2fe33a') in 0.0012934 seconds
Start importing Assets/LayeredTerrain/GrassSoil/LandformGrass/Mask-02.asset using Guid(cfb8b16aec24e064ba3c8b202f110c99) (NativeFormatImporter) -> (artifact id: '998689fd9e470cd83f2b910fa8d99cce') in 0.0012694 seconds
Start importing Assets/LayeredTerrain/GrassSoil/LandformGrass/Mask-03.asset using Guid(cf797356fdd5ba54fb021059b4e0c786) (NativeFormatImporter) -> (artifact id: '6957ec44760e67f66041afefd134d128') in 0.0012518 seconds
Start importing Assets/LayeredTerrain/GrassSoil/Square/LandformStoneRoad/Mask-06.asset using Guid(df46002ea561b404889b370e84a77f83) (NativeFormatImporter) -> (artifact id: '0ccd487a9615a37296f24d515da47866') in 0.0012702 seconds
Start importing Assets/LayeredTerrain/GrassSoil/Square/LandformStoneRoad/Mask-03.asset using Guid(df1e863caf3bc5441a0d4c507b76c311) (NativeFormatImporter) -> (artifact id: 'f8b42cd0254c7f12f490caa4fbf23ba0') in 0.0012091 seconds
Start importing Assets/LayeredTerrain/GrassSoil/EdgeSoilOnGrassRefined/Mask-04.asset using Guid(ef93fc5e93b8522458fec8dc5343c486) (NativeFormatImporter) -> (artifact id: 'b0492759032c3d539a4dbaa90ee2aab4') in 0.0012539 seconds
Start importing Assets/LayeredTerrain/GrassSoil/Square/LandformGrass/GrassSquareLandformTileSet.asset using Guid(ef399dc10411dd84ab6a276f72e506ea) (NativeFormatImporter) -> (artifact id: 'e1bdc391286e4608b1eac8357ce5f66e') in 0.0012385 seconds
Start importing Assets/Editor/Tests/Fixtures/CanonicalBattlefieldMap/BattlefieldMapPublicationManifest.asset using Guid(ffc596608bae1b549bb090ca44f9f73a) (NativeFormatImporter) -> (artifact id: 'dadd50bd250a584a4244395ad393ea85') in 0.0016618 seconds
Start importing Packages/com.unity.modules.subsystems/package.json using Guid(30b312a167534621b316172253b08723) (PackageManifestImporter) -> (artifact id: '5fddaf95e1048f20ba7f7820d94a41a8') in 0.0025163 seconds
Start importing Packages/com.unity.modules.jsonserialize/package.json using Guid(40bf3cec17fa0b49fe04443c8332d638) (PackageManifestImporter) -> (artifact id: '4c54406cdf6f27a0dfd74653ac191550') in 0.002028 seconds
Start importing Packages/com.unity.modules.screencapture/package.json using Guid(80beef77cb19e713c7c2d481b65ed485) (PackageManifestImporter) -> (artifact id: '2f4796478e898a299d67d69a4e932b6a') in 0.0018941 seconds
Start importing Assets/UI/Art/Sources/README.md using Guid(90e758d662934580ae216446892489ae) (TextScriptImporter) -> (artifact id: '835be028c337816a2464a9c1eb599799') in 0.0019164 seconds
Start importing Packages/com.unity.modules.cloth/package.json using Guid(906c12bc9cd95d3963c6d58f62522c78) (PackageManifestImporter) -> (artifact id: '3d693bca45ffae6fac5cd7db888ef115') in 0.0019137 seconds
Start importing Packages/com.unity.modules.unitywebrequesttexture/package.json using Guid(d0e3ad91972c66f5238f5b9b7d5ae58a) (PackageManifestImporter) -> (artifact id: 'e55c9ecf8b6cd2df41ad2d48f83627ef') in 0.0018871 seconds
Start importing Packages/com.unity.modules.ai/package.json using Guid(f0f13f2ab3d6d13cfc6e4656824bfca8) (PackageManifestImporter) -> (artifact id: '993ffce69848b7fc2884f536f4e72d66') in 0.0017655 seconds
Start importing Assets/UI/Art/Sources/sunny-orchard/indicator-success.svg using Guid(210cb18c2dc9e4f3dabe98fa67462854) (ScriptedImporter)Launched and connected shader compiler UnityShaderCompiler.exe after 0.02 seconds
 -> (artifact id: 'da65fc1d4d5209096bff5403c2c36e99') in 0.4350083 seconds
Start importing Assets/UI/Art/Sources/sunny-orchard/art_manifest.json using Guid(4138e4a5126d9b020b8e0a00bd8cbe64) (TextScriptImporter) -> (artifact id: 'f39d7be757e49e3f53e634514cf5bc98') in 0.0027937 seconds
Start importing Assets/UI/Art/Sources/sunny-orchard/indicator-disabled.svg using Guid(81fc968077fa4d17125b491ecf64cd1e) (ScriptedImporter) -> (artifact id: 'a2b5a4386e82b68c90da840e1430f425') in 0.0045427 seconds
Start importing Assets/UI/Art/Sources/sunny-orchard/README.md using Guid(a1f171d9fc2949d5932d4a2ca3dc027b) (TextScriptImporter) -> (artifact id: '7b44b4c57b41fa03b23a826003574867') in 0.0018763 seconds
Start importing Assets/UI/Art/Sources/sunny-orchard/icon-resource-sun.svg using Guid(c13a931cc96e9c4ac6594b06a994b39a) (ScriptedImporter) -> (artifact id: '4c842271a35c9b110fb2b2d503319f89') in 0.0095127 seconds
Start importing Packages/com.unity.modules.assetbundle/package.json using Guid(e1ef8466c8fd01a549f10baa4d51fa17) (PackageManifestImporter) -> (artifact id: 'bd1378d04a55ff92f406f64b548a4dfc') in 0.0019927 seconds
Start importing Assets/Resources/Fonts/README.md using Guid(f11d44950b8c1db42a815bb2f909ede2) (TextScriptImporter) -> (artifact id: '4e6eba128ecf73b20e1e1e83fd0f95ae') in 0.0019242 seconds
Start importing Assets/LayeredTerrain/GrassSoil/Square/Sources/GrassOnSoilSquareCandidate.provenance.json using Guid(02ad89191a56473eb81e196c8c5a642e) (TextScriptImporter) -> (artifact id: 'a02eebff553c3f293ddd51902f45deee') in 0.0019074 seconds
Start importing Assets/UI/Art/Sources/sunny-orchard/surface-card-selectable.svg using Guid(22102393a950451a6b614eff9a6e336a) (ScriptedImporter) -> (artifact id: '6207a3efa6df08d33e9ba3fec3f108ab') in 0.0068045 seconds
Start importing Packages/com.unity.modules.imgui/package.json using Guid(42fe78c8fe682715a2cb531422e6ccb3) (PackageManifestImporter) -> (artifact id: 'b643c636c8e55776455f8adce1983951') in 0.002192 seconds
Start importing Assets/UI/Art/Sources/sunny-orchard/icon-control-refresh.svg using Guid(52ce45b58a0a69c849e7e96bb6cfb451) (ScriptedImporter) -> (artifact id: '9c44793b0e008070e889c15f2d39a111') in 0.0046434 seconds
Start importing Assets/UI/Art/Sources/sunny-orchard/icon-control-continue.svg using Guid(82a2ab7c386d61384bf98be02e9b1a88) (ScriptedImporter) -> (artifact id: 'ebc60378668d4f08fb2b18111936e53c') in 0.0034037 seconds
Start importing Packages/com.unity.modules.tilemap/package.json using Guid(92a378669877c05c6071d0fed687bb95) (PackageManifestImporter) -> (artifact id: '4056b6dbe265f7ea644917ceb3d938ad') in 0.0018522 seconds
Start importing Assets/UI/Art/Sources/ReferenceBoards/Approved/README.md using Guid(b2905a63cdd341e9a524de38765db71d) (TextScriptImporter) -> (artifact id: 'cad8edd81f74a8fe144f557216df82ad') in 0.0020178 seconds
Start importing Assets/UI/Art/Sources/sunny-orchard/surface-scrim.svg using Guid(b25f10508ee82321b39cd5686668fff1) (ScriptedImporter) -> (artifact id: 'a3bfa384e305bcd39882e6aa6a55414b') in 0.0047405 seconds
Start importing Assets/UI/Art/Sources/sunny-orchard/icon-control-pause.svg using Guid(23b6d12090843be3b68bf415ae16afcf) (ScriptedImporter) -> (artifact id: '13ea5b086dc4c68894bd3081d05a7cde') in 0.0034466 seconds
Start importing Assets/LayeredTerrain/CompositeBrushes/OriginalGrassSoil/SourceManifest.json using Guid(335e96df42a47814e8f729c23316d076) (TextScriptImporter) -> (artifact id: '925f15ed7e0e0651829933eb09a37be7') in 0.0019677 seconds
Start importing Assets/LayeredTerrain/GrassSoil/Square/Topology/README.md using Guid(a3cf0b6dd59d40e4b174f4ca08737c1a) (TextScriptImporter) -> (artifact id: '87cc0fcab01eb9c7034e8580543749fa') in 0.0018859 seconds
Start importing Packages/com.unity.modules.terrainphysics/package.json using Guid(d3cbe921f7b3d9a3257e7c61a5761796) (PackageManifestImporter) -> (artifact id: 'f5e2c961ee3d9c345b9cfb0721893363') in 0.001847 seconds
Start importing Assets/LayeredTerrain/GrassSoil/Square/Sources/GrassOnSoilContinuousRibbon-v1.prompt.txt using Guid(f3d0ea4b709d0814188559382c8dd480) (TextScriptImporter) -> (artifact id: 'c6a7639943a167f0ee591450581edd15') in 0.001853 seconds
Start importing Assets/UI/Art/Sources/sunny-orchard/surface-screen-background.svg using Guid(340050b3d4babff9683b4a91b956e22b) (ScriptedImporter) -> (artifact id: 'b3e74e95286b0bdc2041a346697690bd') in 0.004367 seconds
Start importing Assets/UI/Art/Sources/sunny-orchard/action-secondary.svg using Guid(345b751136496f701a7653589ba087ac) (ScriptedImporter) -> (artifact id: '933924920eaace09a9d81ad521bece7d') in 0.0038101 seconds
Start importing Assets/LayeredTerrain/GrassSoil/Square/Sources/GrassOnSoilContinuousRibbon-v1.provenance.json using Guid(4441002244839304fb5e875f4ea3c5dc) (TextScriptImporter) -> (artifact id: '60d63de35c986585ba5d873a33672da5') in 0.00195 seconds
Start importing Assets/Editor/Tests/Fixtures/RuntimeUi/README.md using Guid(846513434f2d4d57882fcd2f23d1b28e) (TextScriptImporter) -> (artifact id: '16e30bbde6cea11d149d7bf0f79f79f3') in 0.0022299 seconds
Start importing Assets/LayeredTerrain/GrassSoil/Square/Sources/GrassOnSoilSquareAttempt01.prompt.txt using Guid(d4f556b65c124704a377316184e5dfeb) (TextScriptImporter) -> (artifact id: '613b2e286aeeccd91e075ec670ea0c75') in 0.0018856 seconds
Start importing Assets/UI/Art/Runtime/README.md using Guid(d42e6bbf5b9f42c68a07d29bbc9535bd) (TextScriptImporter) -> (artifact id: '9215971ee2fb2e69522fc02cb39bd7c5') in 0.0018472 seconds
Start importing Assets/UI/Art/Sources/sunny-orchard/indicator-warning.svg using Guid(f4c873f9a344f852ef99bdc33a639b0f) (ScriptedImporter) -> (artifact id: '3cea78a1d1abd3bd24348daa6650e415') in 0.0046428 seconds
Start importing Packages/com.unity.modules.unitywebrequestassetbundle/package.json using Guid(05f7f519769978b79b31d063a7fc6fa1) (PackageManifestImporter) -> (artifact id: '4f2160dda0ab469cf2df5b0cd4f92db7') in 0.0020649 seconds
Start importing Assets/UI/Art/Sources/sunny-orchard-painted/prompt-record.json using Guid(35bfe246ed7a70e8e9fa4ab26e1e473d) (TextScriptImporter) -> (artifact id: 'b9b5f6f33c1f8959b602793c5c879558') in 0.0018803 seconds
Start importing Packages/com.unity.modules.imageconversion/package.json using Guid(953fab16d15d5885b3600fcd6388b2ad) (PackageManifestImporter) -> (artifact id: '4914195fadd462954a635b65250787ed') in 0.001976 seconds
Start importing Assets/UI/Art/Sources/sunny-orchard/surface-metric.svg using Guid(b53795bd3b266171ba931c169696a3d3) (ScriptedImporter) -> (artifact id: 'c828478d04b4e3b4bb0bbb2fcb0f9542') in 0.0036046 seconds
Start importing Assets/UI/Art/Runtime/sunny-orchard/README.md using Guid(e5df56ac1f0349ac932b0d85e3d252a8) (TextScriptImporter) -> (artifact id: '6e993edcea0c3bf762e63284328ad8eb') in 0.0027017 seconds
Start importing Packages/com.unity.modules.unityanalytics/package.json using Guid(26a4f29db434fd79025c91f6126382cc) (PackageManifestImporter) -> (artifact id: '4f55ed6c07c9d593d430c69b12caecd5') in 0.0051776 seconds
Start importing Assets/UI/Art/Sources/sunny-orchard/indicator-swap.svg using Guid(56b31fb7925b180001dc8571c17c72c9) (ScriptedImporter) -> (artifact id: '4bf6e6fa4a0cb36e6bd38a65718492f0') in 0.0040772 seconds
Start importing Assets/UI/Art/Sources/sunny-orchard/icon-resource-wave.svg using Guid(6678c2f250ebb13080e61fa45688456a) (ScriptedImporter) -> (artifact id: 'baef7cfee7b6951c7a14498841f930f9') in 0.0056464 seconds
Start importing Packages/com.unity.modules.video/package.json using Guid(96d14b71b907bb52333b2886e665aba6) (PackageManifestImporter) -> (artifact id: '5663ce496606d4af708204c817adcf41') in 0.0031562 seconds
Start importing Assets/UI/Art/Sources/sunny-orchard/surface-panel-raised.svg using Guid(a6ca90f666cf2920522aaec6856ea4f2) (ScriptedImporter) -> (artifact id: '6399a4cfd1c1954d19f10a2347083f95') in 0.0070348 seconds
Start importing Assets/UI/Art/Sets/README.md using Guid(f6b0f170d9144ec1ab10f0c1380c9fd7) (TextScriptImporter) -> (artifact id: '04ccf5dca61ec4d4d61d3c71e6f7f5b1') in 0.0021207 seconds
Start importing Assets/UI/Art/Sources/sunny-orchard/icon-control-retry.svg using Guid(f6dea7245f28c43ce415152a33e21d57) (ScriptedImporter) -> (artifact id: '2ddd90021882d3f370a8281e4e9208f5') in 0.0038022 seconds
Start importing Assets/UI/Theme/README.md using Guid(073c51ab45764ec2a4db039d90722b30) (TextScriptImporter) -> (artifact id: 'b3daa68cb5507cd99dbf9b47861e41f0') in 0.0020007 seconds
Start importing Assets/UI/Art/Sources/sunny-orchard/surface-result.svg using Guid(57811dd4bc8f2e226dd1d93a9affd8db) (ScriptedImporter) -> (artifact id: 'd2b2eea26ca93528e8895db4ec076b45') in 0.0038728 seconds
Start importing Assets/Resources/Fonts/OFL-NotoSansSC.txt using Guid(7724cbeb9bf86754e878b85a904d2f66) (TextScriptImporter) -> (artifact id: 'd59bf8d85c3def6a2ee0298da6654f29') in 0.0020203 seconds
Start importing Assets/UI/Art/Sources/sunny-orchard-painted/art_manifest.json using Guid(7756bd7f1d654f78a51fcf32d82bd76f) (TextScriptImporter) -> (artifact id: '30312cb659119200089333d2db1cc04e') in 0.0018616 seconds
Start importing Packages/com.unity.modules.particlesystem/package.json using Guid(87d720faa37005c08600090e04d8c739) (PackageManifestImporter) -> (artifact id: 'd6aa8c20d84b997ec285a739a17be19d') in 0.0021927 seconds
Start importing Assets/UI/Art/Sources/sunny-orchard/indicator-merge.svg using Guid(871d025c8ae2d2813672f93a4b5119fe) (ScriptedImporter) -> (artifact id: '06904ea53ad30cd9576f1d53b9c95d7b') in 0.00482 seconds
Start importing Assets/UI/Art/Sources/sunny-orchard/icon-resource-core.svg using Guid(c7d1010dce7e7a5ba1e798eb5be286c2) (ScriptedImporter) -> (artifact id: '298ded2ea5d3e45ea2c2fb1b773b40f3') in 0.0036798 seconds
Start importing Assets/UI/Art/Sources/sunny-orchard/surface-panel-standard.svg using Guid(c709a0183d216873ad80e17b8eda2f02) (ScriptedImporter) -> (artifact id: 'f0cb4ebb364f66ba8720bb4f124db5c7') in 0.0035927 seconds
Start importing Packages/com.unity.modules.physics2d/package.json using Guid(f7a8357347c80dc69c08d0b1a05e2122) (PackageManifestImporter) -> (artifact id: 'e2187f6cfb7435ccc7f0487e9567b857') in 0.0023029 seconds
Start importing Assets/UI/Art/Sources/sunny-orchard/indicator-loading.svg using Guid(08e3565868f36147b8bef20c09c5729f) (ScriptedImporter) -> (artifact id: '5331e750b0cf162778b95fcece539661') in 0.0035066 seconds
Start importing Packages/com.unity.modules.vr/package.json using Guid(18a4fadfef534684d5af39ca8dc48fe9) (PackageManifestImporter) -> (artifact id: '84052aabb171f6ab790f35d596f62a3c') in 0.0019688 seconds
Start importing Assets/LayeredTerrain/Trials/CombinedWorkflowProtected/TrialSourceManifest.json using Guid(6857a804864b35e46bb6fa113912e1bd) (TextScriptImporter) -> (artifact id: 'd864b5f6637e54aafc3648abb58c2848') in 0.0019813 seconds
Start importing Assets/UI/Art/Sources/sunny-orchard-painted/icons/prompt-record.md using Guid(881c2a987a734c0baca66edc4c8217ed) (TextScriptImporter) -> (artifact id: '06fc0e583ef05aaa7b89816d9a41b237') in 0.002034 seconds
Start importing Packages/com.unity.modules.wind/package.json using Guid(b83f06ac0c0696e9563230865ca72b81) (PackageManifestImporter) -> (artifact id: '48870b0fad529c24ec23948838d08134') in 0.0019564 seconds
Start importing Packages/com.unity.modules.umbra/package.json using Guid(d85e5eeaf8f135aeaaebdc8aa3cff6c3) (PackageManifestImporter) -> (artifact id: '6d849251c9e4cdd9848460d7e0ea0550') in 0.0020495 seconds
Start importing Assets/UI/Art/Sources/sunny-orchard/slot-nursery.svg using Guid(e8e8713705fcb8a16a7cb6a3b9186c1e) (ScriptedImporter) -> (artifact id: '03175b59e4bf24d5b85e7b0b8dce6c5a') in 0.0052282 seconds
Start importing Assets/UI/Art/Sources/sunny-orchard/icon-tool-pot.svg using Guid(09ddc5dc83a8536d8351885eb732275c) (ScriptedImporter) -> (artifact id: '8e947db0a02b805cc06735baa8ece5d7') in 0.0040476 seconds
Start importing Assets/UI/Art/Sources/sunny-orchard/slot-tool.svg using Guid(393034340e7bf89adf4eb722b3fdcff1) (ScriptedImporter) -> (artifact id: 'd6675d6d5aa034026a54e2f37fc06063') in 0.0038199 seconds
Start importing Assets/UI/Art/Sources/sunny-orchard-painted/README.md using Guid(392f9a44bcd144beb1f90c6d2f57dde0) (TextScriptImporter) -> (artifact id: '7804ccbfed666166fcb29c7325b61910') in 0.0021264 seconds
Start importing Assets/LayeredTerrain/CompositeBrushes/StoneWater/SourceManifest.json using Guid(a9851b8f444ddd04c8a663f681865ed0) (TextScriptImporter) -> (artifact id: 'c665cb8ebb1d34bf338fc0479d39e532') in 0.0021152 seconds
Start importing Packages/com.unity.modules.audio/package.json using Guid(e9df95f53f1c1d0c9199e235d6c42b50) (PackageManifestImporter) -> (artifact id: '14bdb854ae6daae762f5873a0a889a4a') in 0.0018631 seconds
Start importing Packages/com.unity.modules.physics/package.json using Guid(1a4266815e998967becf686f9c71f0a6) (PackageManifestImporter) -> (artifact id: '4fbeefd29956a8cb2b920ec02d72eda6') in 0.0019639 seconds
Start importing Assets/LayeredTerrain/CompositeBrushes/GrassSoil/SourceManifest.json using Guid(3a856c13bb4cf734eb6dd676c9a9ee51) (TextScriptImporter) -> (artifact id: '8479f61ee5c543b63d5d0754a7809eb3') in 0.0019518 seconds
Start importing Assets/UI/Art/Sources/sunny-orchard/icon-control-close.svg using Guid(6ab490ac24b4e89c431e31e4f9ecc51a) (ScriptedImporter) -> (artifact id: '567572b82a66702cecb4a656eda62839') in 0.0046058 seconds
Start importing Packages/com.unity.modules.vehicles/package.json using Guid(6afb166a156df2d20433d981f4bb2832) (PackageManifestImporter) -> (artifact id: '16ef665dac3746b447ea167f980da255') in 0.0019394 seconds
Start importing Assets/UI/Art/Sources/sunny-orchard/action-primary.svg using Guid(8a7b8fca3b2f631b822ad774d1ad69c6) (ScriptedImporter) -> (artifact id: 'eb6f514889b1b08b6e73a57d1393f4c2') in 0.0037082 seconds
Start importing Assets/UI/Art/Sources/sunny-orchard/marker-selected.svg using Guid(9a299cb6929b7b3ba72da497a54a71b8) (ScriptedImporter) -> (artifact id: 'abb96f2c669ae43c17343920ccac61b3') in 0.0036157 seconds
Start importing Assets/Resources/Content/battle-content-bundled.v1.json using Guid(dac12d24da0b10646b59b97553c31eda) (TextScriptImporter) -> (artifact id: '32f838def6dea25cde184a4fbb80f593') in 0.0019581 seconds
Start importing Packages/com.unity.modules.unitywebrequestwww/package.json using Guid(fa27413e9edb06a6058d6c894eca0338) (PackageManifestImporter) -> (artifact id: '544e02c2e4fff416b5755915f1fd3dbb') in 0.0019417 seconds
Start importing Packages/com.unity.modules.unitywebrequestaudio/package.json using Guid(4b518b37798c97b0f860962cbf615533) (PackageManifestImporter) -> (artifact id: 'ef897d7e225c33dae9315c5417c1634d') in 0.002103 seconds
Start importing Assets/LayeredTerrain/CompositeBrushes/StoneWater/BrushImport.json using Guid(4be1a41dfa055ff4fb287fb5863274c8) (TextScriptImporter) -> (artifact id: 'fa6949c3b77fe6186a054392e372d194') in 0.0020962 seconds
Start importing Assets/UI/Art/Sources/sunny-orchard/surface-modal.svg using Guid(5b45cbd12c77d692eadff5783fa3faa2) (ScriptedImporter) -> (artifact id: 'da642741c75230b944ed6c8b00ea4a1e') in 0.0041695 seconds
Start importing Assets/UI/Art/Sources/sunny-orchard-painted/icons/alignment-audit.md using Guid(6b3603647e344c68be100586ccf6f6ba) (TextScriptImporter) -> (artifact id: '9681300bde4554c0defdebc020646342') in 0.0021856 seconds
Start importing Packages/com.unity.modules.hierarchycore/package.json using Guid(9b1a5759726ef9d39a0ab82047b615f1) (PackageManifestImporter) -> (artifact id: '2c156e03cb13bcc2a06b8c9b0a7a8ac4') in 0.0019511 seconds
Start importing Packages/com.unity.modules.xr/package.json using Guid(2c814623cb42764d304be0c5ddd03ceb) (PackageManifestImporter) -> (artifact id: '5cf90f838d6837d1fee4108bf50e9644') in 0.0019646 seconds
Start importing Assets/LayeredTerrain/GrassSoil/Square/Sources/GrassOnSoilSquareAttempt02.prompt.txt using Guid(2c0fcf9006714cb98bd66d4e25d38326) (TextScriptImporter) -> (artifact id: '3cbe88873f3695b9759b376d61e8a76f') in 0.0019534 seconds
Start importing Assets/UI/Art/Sources/sunny-orchard/surface-detail.svg using Guid(4c1964ff28c852a746896adc8b7b9242) (ScriptedImporter) -> (artifact id: 'aa06a8012648aeea847ebf29edcf34d1') in 0.0055041 seconds
Start importing Assets/UI/Art/Sources/sunny-orchard/surface-status.svg using Guid(9c673129ca3b9b2f46e3d2a26b8c526e) (ScriptedImporter) -> (artifact id: 'b540593a1b446696a237fa82426abdc1') in 0.0038621 seconds
Start importing Packages/com.unity.modules.director/package.json using Guid(ec02776fe29df900b897106d61977735) (PackageManifestImporter) -> (artifact id: '050663fa3328fcc8ba0607ef180c9ff4') in 0.0021171 seconds
Start importing Assets/UI/Art/Sources/sunny-orchard/indicator-drag-illegal.svg using Guid(1d493ed101cfe2f2c8478ab6d66dda5b) (ScriptedImporter) -> (artifact id: '7fd6dfecc609b0c308accff5c5444022') in 0.0036207 seconds
Start importing Assets/UI/Art/Sources/sunny-orchard/icon-control-speed.svg using Guid(2d1b26879c3707bfd9708585b6855786) (ScriptedImporter) -> (artifact id: '28d1268cd33e2973846da28a3fce63b5') in 0.0050092 seconds
Start importing Assets/UI/Art/Runtime/sunny-orchard-painted/README.md using Guid(4d8f1c8fe0a54a758e10193141eac308) (TextScriptImporter) -> (artifact id: '6d2745169c1a3d51f32bdaa7f8ab8449') in 0.002124 seconds
Start importing Packages/com.unity.modules.terrain/package.json using Guid(6d56244f8c39a851975d3c0bd432c66f) (PackageManifestImporter) -> (artifact id: '7f03c5409fa603fad1c4d8ccf7d0f4c3') in 0.0020031 seconds
Start importing Assets/UI/Art/Sources/sunny-orchard/icon-control-return.svg using Guid(9d2661e96305bd99610c5da0dff8c711) (ScriptedImporter) -> (artifact id: 'bf91b0aa73370267ecade8364d296892') in 0.0038083 seconds
Start importing Assets/UI/Art/Sources/sunny-orchard/indicator-error.svg using Guid(bd602595a5ac9d5a771c9ecc2b5ecad9) (ScriptedImporter) -> (artifact id: 'f2d505feda4ce11ded3377fefa8a283a') in 0.0035035 seconds
Start importing Packages/com.unity.modules.androidjni/package.json using Guid(bd1af0a6633ee94ae21c7d1d702cdc12) (PackageManifestImporter) -> (artifact id: 'e8484e022b3ccedd12256bf63c408f83') in 0.0019094 seconds
Start importing Assets/LayeredTerrain/GrassSoil/Sources/ai-edge-prompts.md using Guid(5e4d3a74457057b47a0539e1a2ea2c3a) (TextScriptImporter) -> (artifact id: '5ff23628e6c1be02042c5db98ec7a124') in 0.0021421 seconds
Start importing Packages/com.unity.modules.animation/package.json using Guid(7ef8348b8ea834d7e1bc214b07f7fb87) (PackageManifestImporter) -> (artifact id: '0ce165297b0905ed3c714c8d81c161e8') in 0.0019425 seconds
Start importing Assets/UI/Art/Sources/sunny-orchard/indicator-drag-legal.svg using Guid(beba0b15e74848abca1d7a43474f1d19) (ScriptedImporter) -> (artifact id: '450d7893894460fcbadf41e42f40a4bf') in 0.0035438 seconds
Start importing Assets/UI/Art/Sources/sunny-orchard/action-quiet.svg using Guid(dee88cc0a807caa41bf51e914f39ebd8) (ScriptedImporter) -> (artifact id: '0a76a6727d24af37be47c45ec5320e06') in 0.0036312 seconds
Start importing Assets/Editor/Tests/Fixtures/battlefield-layered-pre-migration.json using Guid(eec44652dd5d83f4097077a4752dd4c9) (TextScriptImporter) -> (artifact id: 'd568df5e550327dd89c77f57c1c2856e') in 0.002039 seconds
Start importing Assets/LayeredTerrain/CompositeBrushes/GrassSoil/BrushImport.json using Guid(eefc7c1ae56f1734095b2f23b44349be) (TextScriptImporter) -> (artifact id: 'bbb1a069ea2570e9915599ad928f8d0b') in 0.0019713 seconds
Start importing Assets/UI/Art/Sources/sunny-orchard/surface-safe-area.svg using Guid(2f48a67380ba9c3773a08f1984f55f38) (ScriptedImporter) -> (artifact id: '0891a16e464e55b2adc71507d03a78ce') in 0.0046815 seconds
Start importing Assets/DualGridTerrain/StoneFloor/Sources/StoneFloor-imagegen-request.json using Guid(3fb68bfe11b1807439c6c74d7bcffaf2) (TextScriptImporter) -> (artifact id: '053ba6110ea4497d4d30f923f1d46632') in 0.0019271 seconds
Start importing Packages/com.unity.modules.unitywebrequest/package.json using Guid(3fdd83b151eb8d25c5e2f82fc39dcb04) (PackageManifestImporter) -> (artifact id: 'dd8e3d3d718b3295cafb73aeafc2d7e8') in 0.0018292 seconds
Start importing Packages/com.unity.modules.uielements/package.json using Guid(4f0f9b9f3ed97ad2b9ba8f1a8e4666c2) (PackageManifestImporter) -> (artifact id: 'b4bf06aa21c6a6487308088a12a0a110') in 0.0019661 seconds
Start importing Assets/UI/Art/Sources/sunny-orchard/action-danger.svg using Guid(6fe00cb840fcace4dfb06e79a4ca4395) (ScriptedImporter) -> (artifact id: 'e9c80f5cd03b0fb605c3500e8014ebfc') in 0.0041157 seconds
Start importing Assets/UI/README.md using Guid(8fdd2564ab1f4383a8b2b0e245cf07ca) (TextScriptImporter) -> (artifact id: '45ba38777325ca01c90bfdd659dc0765') in 0.0020596 seconds
Start importing Packages/com.unity.modules.ui/package.json using Guid(bfd567a3d1631a761bca9e99fa53d86d) (PackageManifestImporter) -> (artifact id: 'b6a9b41c4f747864b57f61357f87e39b') in 0.0019759 seconds
Loading style catalogs (6)
	StyleSheets/Extensions/base/common.uss
	UIPackageResources/StyleSheets/Default/Variables/Public/common.uss
	StyleSheets/Northstar/common.uss
	StyleSheets/Extensions/fonts/inter.uss
	StyleSheets/Extensions/base/dark.uss
	UIPackageResources/StyleSheets/Default/Northstar/Palette/dark.uss
Refreshing native plugins compatible for Editor in 0.21 ms, found 0 plugins.
Preloading 0 native plugins for Editor in 0.00 ms.
Asset Pipeline Refresh (id=a77b4cc8ae54fac47bc9e0a84e34c78d): Total: 10.548 seconds - Initiated by InitialRefreshV2(ForceSynchronousImport)
	Summary:
		Imports: total=955 (actual=955, local cache=0, cache server=0)
		Asset DB Process Time: managed=39 ms, native=4608 ms
		Asset DB Callback time: managed=126 ms, native=903 ms
		Scripting: domain reloads=1, domain reload time=273 ms, compile time=4589 ms, other=7 ms
		Project Asset Count: scripts=175, non-scripts=780
		Asset File Changes: new=1081, changed=1081, moved=0, deleted=0
		Scan Filter Count: 0
	InvokeCustomDependenciesCallbacks: 0.002ms
	InvokePackagesCallback: 835.401ms
	ApplyChangesToAssetFolders: 0.391ms
	Scan: 74.270ms
	OnSourceAssetsModified: 2.474ms
	CategorizeAssetsWithTransientArtifact: 0.647ms
	ProcessAssetsWithTransientArtifactChanges: 2.052ms
	CategorizeAssets: 5.264ms
	ImportOutOfDateAssets: 4499.989ms (-4196.019ms without children)
		ImportManagerImport: 4105.955ms (22.079ms without children)
			ImportInProcess: 4081.397ms
			UpdateCategorizedAssets: 2.479ms
		CompileScripts: 4589.254ms
		ReloadNativeAssets: 0.001ms
		UnloadImportedAssets: 0.154ms
		ReloadImportedAssets: 0.095ms
		EnsureUptoDateAssetsAreRegisteredWithGuidPM: 0.121ms
		InitializingProgressBar: 0.006ms
		PostProcessAllAssetNotificationsAddChangedAssets: 0.000ms
		OnDemandSchedulerStart: 0.422ms
	PostProcessAllAssets: 200.397ms
	Hotreload: 1.220ms
	GatherAllCurrentPrimaryArtifactRevisions: 0.059ms
	UnloadStreamsBegin: 0.994ms
	PersistCurrentRevisions: 0.771ms
	UnloadStreamsEnd: 0.093ms
	GenerateScriptTypeHashes: 0.059ms
	Untracked: 4924.228ms

Application.AssetDatabase Initial Refresh End
Scanning for USB devices : 12.399ms
Initializing Unity extensions:
[MODES] ModeService[none].Initialize
[MODES] ModeService[none].LoadModes
[MODES] Loading mode Default (0) for mode-current-id-水果塔防
Unloading 4 Unused Serialized files (Serialized files now loaded: 0)
Unloading 147 unused Assets / (0.7 MB). Loaded Objects now: 785.
Memory consumption went from 142.1 MB to 141.4 MB.
Total: 4.782900 ms (FindLiveObjects: 0.055300 ms CreateObjectMapping: 0.009000 ms MarkObjects: 4.387800 ms  DeleteObjects: 0.330300 ms)

Start importing ProjectSettings/ProjectSettings.asset using Guid(00000000000000004000000000000000) (LibraryAssetImporter) -> (artifact id: '69332c56fbc265e8560b1fcddff6f0d3') in 0.0032906 seconds
Refreshing native plugins compatible for Editor in 0.15 ms, found 0 plugins.
Preloading 0 native plugins for Editor in 0.00 ms.
Asset Pipeline Refresh (id=c66a7390e72a2a74f9c3b3a24c02e2c5): Total: 0.015 seconds - Initiated by StopAssetImportingV2(NoUpdateAssetOptions)
Starting: C:\Program Files\Unity\Hub\Editor\6000.3.19f1\Editor\Data\Tools\BuildPipeline\bee_backend.exe --ipc --defer-dag-verification --dagfile="Library/Bee/1900b0aESkipCompile.dag" --continue-on-failure --profile="Library/Bee/backend1.traceevents" ScriptAssembliesAndTypeDB
WorkingDir: C:/Users/18163/AppData/Local/Temp/fd-b
ExitCode: 4 Duration: 0s39ms
[             ] Require frontend run.  Library/Bee/1900b0aESkipCompile.dag couldn't be loaded
Starting: C:\Program Files\Unity\Hub\Editor\6000.3.19f1\Editor\Data\netcorerun\netcorerun.exe "C:\Program Files\Unity\Hub\Editor\6000.3.19f1\Editor\Data\Tools\BuildPipeline\ScriptCompilationBuildProgram.exe" "Library/Bee/1900b0aESkipCompile.dag.json" "Library/Bee/1900b0aESkipCompile-inputdata.json" "Library\Bee\buildprogram0.traceevents"
WorkingDir: C:/Users/18163/AppData/Local/Temp/fd-b
ExitCode: 0 Duration: 0s183ms
Starting: C:\Program Files\Unity\Hub\Editor\6000.3.19f1\Editor\Data\Tools\BuildPipeline\bee_backend.exe --ipc --defer-dag-verification --dagfile="Library/Bee/1900b0aESkipCompile.dag" --continue-on-failure --dagfilejson="Library\Bee\1900b0aESkipCompile.dag.json" --profile="Library/Bee/backend2.traceevents" ScriptAssembliesAndTypeDB
WorkingDir: C:/Users/18163/AppData/Local/Temp/fd-b
ExitCode: 0 Duration: 0s214ms
Finished compiling graph: 4 nodes, 5 flattened edges (5 ToBuild, 0 ToUse), maximum node priority 3
[2/3        0s] BuildPlayerDataGenerator Library/BuildPlayerData/Editor/TypeDb-All.json
*** Tundra build success (0.19 seconds), 1 items updated, 3 evaluated
Asset Pipeline Refresh (id=3ee265bc2574c5b4a8d62b4d306777dd): Total: 0.009 seconds - Initiated by RefreshV2(NoUpdateAssetOptions)
[ScriptCompilation] Requested script compilation because: Recompiling scripts for player build.
BuildPlayer: start building target 20
Total cache size 36279705
Total cache size after purge 36279705, took 00:00:00.0361230
Starting: C:\Program Files\Unity\Hub\Editor\6000.3.19f1\Editor\Data\Tools\BuildPipeline\bee_backend.exe --ipc --defer-dag-verification --dagfile="Library/Bee/2000b0aP.dag" --continue-on-failure --profile="Library/Bee/backend1.traceevents" ScriptAssembliesAndTypeDB
WorkingDir: C:/Users/18163/AppData/Local/Temp/fd-b
Starting: C:\Program Files\Unity\Hub\Editor\6000.3.19f1\Editor\Data\netcorerun\netcorerun.exe "C:\Program Files\Unity\Hub\Editor\6000.3.19f1\Editor\Data\Tools\BuildPipeline\ScriptCompilationBuildProgram.exe" "Library/Bee/2000b0aP.dag.json" "Library/Bee/2000b0aP-inputdata.json" "Library\Bee\buildprogram0.traceevents"
WorkingDir: C:/Users/18163/AppData/Local/Temp/fd-b
ExitCode: 4 Duration: 0s28ms
[             ] Require frontend run.  Library/Bee/2000b0aP.dag couldn't be loaded
ExitCode: 0 Duration: 0s199ms
Starting: C:\Program Files\Unity\Hub\Editor\6000.3.19f1\Editor\Data\Tools\BuildPipeline\bee_backend.exe --ipc --defer-dag-verification --dagfile="Library/Bee/2000b0aP.dag" --continue-on-failure --dagfilejson="Library\Bee\2000b0aP.dag.json" --profile="Library/Bee/backend2.traceevents" ScriptAssembliesAndTypeDB
WorkingDir: C:/Users/18163/AppData/Local/Temp/fd-b
ExitCode: 0 Duration: 1s885ms
Finished compiling graph: 83 nodes, 240 flattened edges (236 ToBuild, 2 ToUse), maximum node priority 14
[ 1/82      0s] MovedFromExtractor Library/Bee/artifacts/mvdfrm/UnityEngine.VRModule.dll_E31612C9D91AF813.mvfrm
[ 2/82      0s] MovedFromExtractor Library/Bee/artifacts/mvdfrm/UnityEngine.UnityWebRequestWWWModule.dll_470796506A5A7F6E.mvfrm
[ 3/82      0s] MovedFromExtractor Library/Bee/artifacts/mvdfrm/UnityEngine.VideoModule.dll_E973D35C6EC114D8.mvfrm
[ 4/82      0s] MovedFromExtractor Library/Bee/artifacts/mvdfrm/UnityEngine.UnityConnectModule.dll_B773AE8378C5FCDC.mvfrm
[ 5/82      0s] MovedFromExtractor Library/Bee/artifacts/mvdfrm/UnityEngine.AssetBundleModule.dll_8E0EBE90AED7C1CF.mvfrm
[ 6/82      0s] MovedFromExtractor Library/Bee/artifacts/mvdfrm/UnityEngine.VehiclesModule.dll_A11CE2DEC87C725E.mvfrm
[ 7/82      0s] MovedFromExtractor Library/Bee/artifacts/mvdfrm/UnityEngine.XRModule.dll_15D4D5CE62554571.mvfrm
[ 8/82      0s] MovedFromExtractor Library/Bee/artifacts/mvdfrm/UnityEngine.WindModule.dll_C755A1985C90398F.mvfrm
[ 9/82      0s] MovedFromExtractor Library/Bee/artifacts/mvdfrm/UnityEngine.dll_C26029A32279C58F.mvfrm
[10/82      0s] MovedFromExtractor Library/Bee/artifacts/mvdfrm/UnityEngine.VFXModule.dll_83AAD9F4A69819A5.mvfrm
[11/82      0s] MovedFromExtractor Library/Bee/artifacts/mvdfrm/UnityEngine.AndroidJNIModule.dll_B6B83D8D0457AA2D.mvfrm
[12/82      0s] MovedFromExtractor Library/Bee/artifacts/mvdfrm/UnityEngine.AnimationModule.dll_6866A44242AF2081.mvfrm
[13/82      0s] MovedFromExtractor Library/Bee/artifacts/mvdfrm/UnityEngine.UnityCurlModule.dll_9B834573B2C3126E.mvfrm
[14/82      0s] MovedFromExtractor Library/Bee/artifacts/mvdfrm/UnityEngine.UnityWebRequestModule.dll_05494ED75C4D1BAD.mvfrm
[15/82      0s] MovedFromExtractor Library/Bee/artifacts/mvdfrm/UnityEngine.UnityConsentModule.dll_891945AF85D0932C.mvfrm
[16/82      0s] MovedFromExtractor Library/Bee/artifacts/mvdfrm/UnityEngine.UnityWebRequestAssetBundleModule.dll_845A63B9EBB988D9.mvfrm
[17/82      0s] MovedFromExtractor Library/Bee/artifacts/mvdfrm/UnityEngine.AIModule.dll_94D04E16DB196CEF.mvfrm
[18/82      0s] MovedFromExtractor Library/Bee/artifacts/mvdfrm/UnityEngine.UnityWebRequestTextureModule.dll_8B39AC45E27FF7F2.mvfrm
[19/82      0s] MovedFromExtractor Library/Bee/artifacts/mvdfrm/UnityEngine.UnityWebRequestAudioModule.dll_FBB3A5C29CB4C07D.mvfrm
[20/82      0s] MovedFromExtractor Library/Bee/artifacts/mvdfrm/UnityEngine.UnityAnalyticsCommonModule.dll_1EF60F2830329443.mvfrm
[21/82      0s] MovedFromExtractor Library/Bee/artifacts/mvdfrm/UnityEngine.UnityAnalyticsModule.dll_8E11D65A5192A008.mvfrm
[22/82      0s] MovedFromExtractor Library/Bee/artifacts/mvdfrm/UnityEngine.UmbraModule.dll_3F3EFB0A3955A4A6.mvfrm
[23/82      0s] MovedFromExtractor Library/Bee/artifacts/mvdfrm/UnityEngine.UIModule.dll_9043EC443760729B.mvfrm
[24/82      0s] MovedFromExtractor Library/Bee/artifacts/mvdfrm/UnityEngine.UIElementsModule.dll_391DC201BD7C54A2.mvfrm
[25/82      0s] MovedFromExtractor Library/Bee/artifacts/mvdfrm/UnityEngine.TilemapModule.dll_AC821FA4142E425B.mvfrm
[26/82      0s] MovedFromExtractor Library/Bee/artifacts/mvdfrm/UnityEngine.TextCoreFontEngineModule.dll_345D1A82EB1709E4.mvfrm
[27/82      0s] MovedFromExtractor Library/Bee/artifacts/mvdfrm/UnityEngine.TextCoreTextEngineModule.dll_7C4550F47A9AC302.mvfrm
[28/82      0s] MovedFromExtractor Library/Bee/artifacts/mvdfrm/UnityEngine.TextRenderingModule.dll_BDD9B65CB6AF6D7C.mvfrm
[29/82      0s] MovedFromExtractor Library/Bee/artifacts/mvdfrm/UnityEngine.TerrainPhysicsModule.dll_6EED0E63BEAE4899.mvfrm
[30/82      0s] MovedFromExtractor Library/Bee/artifacts/mvdfrm/UnityEngine.TLSModule.dll_02CC4185D02AB038.mvfrm
[31/82      0s] MovedFromExtractor Library/Bee/artifacts/mvdfrm/UnityEngine.TerrainModule.dll_0D85B822FC716152.mvfrm
[32/82      0s] MovedFromExtractor Library/Bee/artifacts/mvdfrm/UnityEngine.StreamingModule.dll_1CFB91929236D7BF.mvfrm
[33/82      0s] MovedFromExtractor Library/Bee/artifacts/mvdfrm/UnityEngine.SpriteShapeModule.dll_A76FEBEB6479F9D9.mvfrm
[34/82      0s] MovedFromExtractor Library/Bee/artifacts/mvdfrm/UnityEngine.SubstanceModule.dll_F9A6A5DBDD89D5CD.mvfrm
[35/82      0s] MovedFromExtractor Library/Bee/artifacts/mvdfrm/UnityEngine.SubsystemsModule.dll_34DF6099BA5018AB.mvfrm
[36/82      0s] MovedFromExtractor Library/Bee/artifacts/mvdfrm/UnityEngine.SpriteMaskModule.dll_CA31FA37EC083098.mvfrm
[37/82      0s] MovedFromExtractor Library/Bee/artifacts/mvdfrm/UnityEngine.ShaderVariantAnalyticsModule.dll_4BF3C9F68E4C336D.mvfrm
[38/82      0s] MovedFromExtractor Library/Bee/artifacts/mvdfrm/UnityEngine.ShaderRuntimeModule.dll_AA72B6BF3BD3CB10.mvfrm
[39/82      0s] MovedFromExtractor Library/Bee/artifacts/mvdfrm/UnityEngine.ScreenCaptureModule.dll_949A4451FF77ED87.mvfrm
[40/82      0s] MovedFromExtractor Library/Bee/artifacts/mvdfrm/UnityEngine.SharedInternalsModule.dll_77BB8602C8867C7E.mvfrm
[41/82      0s] MovedFromExtractor Library/Bee/artifacts/mvdfrm/UnityEngine.RuntimeInitializeOnLoadManagerInitializerModule.dll_5FD6A1200DBAB4DF.mvfrm
[42/82      0s] MovedFromExtractor Library/Bee/artifacts/mvdfrm/UnityEngine.PropertiesModule.dll_0E40C6E63D83FF5A.mvfrm
[43/82      0s] MovedFromExtractor Library/Bee/artifacts/mvdfrm/UnityEngine.PerformanceReportingModule.dll_83B751E41649F5E5.mvfrm
[44/82      0s] MovedFromExtractor Library/Bee/artifacts/mvdfrm/UnityEngine.PhysicsBackendPhysXModule.dll_26E33CC2263ADA46.mvfrm
[45/82      0s] MovedFromExtractor Library/Bee/artifacts/mvdfrm/UnityEngine.Physics2DModule.dll_B50C9432E3AC1816.mvfrm
[46/82      0s] MovedFromExtractor Library/Bee/artifacts/mvdfrm/UnityEngine.PhysicsModule.dll_F33F3CB426B31864.mvfrm
[47/82      0s] MovedFromExtractor Library/Bee/artifacts/mvdfrm/UnityEngine.RenderAs2DModule.dll_4F78896C1CDE4991.mvfrm
[48/82      0s] MovedFromExtractor Library/Bee/artifacts/mvdfrm/UnityEngine.ParticleSystemModule.dll_6E726590A56B4E0C.mvfrm
[49/82      0s] MovedFromExtractor Library/Bee/artifacts/mvdfrm/UnityEngine.MultiplayerModule.dll_0DB6DB1D679F4F47.mvfrm
[50/82      0s] MovedFromExtractor Library/Bee/artifacts/mvdfrm/UnityEngine.LocalizationModule.dll_87FD69DCC741C1F0.mvfrm
[51/82      0s] MovedFromExtractor Library/Bee/artifacts/mvdfrm/UnityEngine.MarshallingModule.dll_36775D2592FFEF21.mvfrm
[52/82      0s] MovedFromExtractor Library/Bee/artifacts/mvdfrm/UnityEngine.JSONSerializeModule.dll_7AB296CCEB0BC125.mvfrm
[53/82      0s] MovedFromExtractor Library/Bee/artifacts/mvdfrm/UnityEngine.InputModule.dll_2AE016A222671DD7.mvfrm
[54/82      0s] MovedFromExtractor Library/Bee/artifacts/mvdfrm/UnityEngine.InputLegacyModule.dll_1F53D9AF46C977C0.mvfrm
[55/82      0s] MovedFromExtractor Library/Bee/artifacts/mvdfrm/UnityEngine.InputForUIModule.dll_E3B7E1C12AB937DA.mvfrm
[56/82      0s] MovedFromExtractor Library/Bee/artifacts/mvdfrm/UnityEngine.ImageConversionModule.dll_F3AA472D5158812E.mvfrm
[57/82      0s] MovedFromExtractor Library/Bee/artifacts/mvdfrm/UnityEngine.IMGUIModule.dll_FCC9EE5872608D14.mvfrm
[58/82      0s] MovedFromExtractor Library/Bee/artifacts/mvdfrm/UnityEngine.HotReloadModule.dll_E9AF62481DE23C03.mvfrm
[59/82      0s] MovedFromExtractor Library/Bee/artifacts/mvdfrm/UnityEngine.IdentifiersModule.dll_6698468671508FE7.mvfrm
[60/82      0s] MovedFromExtractor Library/Bee/artifacts/mvdfrm/UnityEngine.HierarchyCoreModule.dll_91B5AA6B5A7DB991.mvfrm
[61/82      0s] WriteText Library/Bee/artifacts/2000b0aP.dag/Assembly-CSharp.rsp2
[62/82      0s] MovedFromExtractor Library/Bee/artifacts/mvdfrm/UnityEngine.GraphicsStateCollectionSerializerModule.dll_6C590EFD95DC8C83.mvfrm
[63/82      0s] WriteText Library/Bee/artifacts/2000b0aP.dag/Assembly-CSharp.UnityAdditionalFile.txt
[64/82      0s] MovedFromExtractor Library/Bee/artifacts/mvdfrm/UnityEngine.GridModule.dll_2E77E25DE3AE511D.mvfrm
[65/82      0s] WriteText Library/Bee/artifacts/2000b0aP.dag/Assembly-CSharp.rsp
[66/82      0s] WriteText Library/Bee/artifacts/2000b0aP.dag/Assembly-CSharp.dll.mvfrm.rsp
[67/82      0s] MovedFromExtractor Library/Bee/artifacts/mvdfrm/UnityEngine.GIModule.dll_2D0C972476C85509.mvfrm
[68/82      0s] MovedFromExtractor Library/Bee/artifacts/mvdfrm/UnityEngine.GameCenterModule.dll_E10587A7CA989B1E.mvfrm
[69/82      0s] MovedFromExtractor Library/Bee/artifacts/mvdfrm/UnityEngine.DirectorModule.dll_2959E95F4E52A2C3.mvfrm
[70/82      0s] MovedFromExtractor Library/Bee/artifacts/mvdfrm/UnityEngine.CrashReportingModule.dll_1B601C443759C27E.mvfrm
[71/82      0s] MovedFromExtractor Library/Bee/artifacts/mvdfrm/UnityEngine.DSPGraphModule.dll_2EAB4AC8C0B373E4.mvfrm
[72/82      0s] MovedFromExtractor Library/Bee/artifacts/mvdfrm/UnityEngine.ClothModule.dll_2B52ABEC864BD817.mvfrm
[73/82      0s] MovedFromExtractor Library/Bee/artifacts/mvdfrm/UnityEngine.CoreModule.dll_5106C66FCB59BB26.mvfrm
[74/82      0s] MovedFromExtractor Library/Bee/artifacts/mvdfrm/UnityEngine.ContentLoadModule.dll_272517D17D5A69BC.mvfrm
[75/82      0s] MovedFromExtractor Library/Bee/artifacts/mvdfrm/UnityEngine.AudioModule.dll_C46A4EF1AC2EF933.mvfrm
[76/82      0s] MovedFromExtractor-Combine Library/Bee/artifacts/2000b0aP.dag/Assembly-CSharp.dll.mvfrm
[77/82      0s] Csc Library/Bee/artifacts/2000b0aP.dag/Assembly-CSharp.dll (+2 others)
[78/82      0s] CopyFiles Library/Bee/PlayerScriptAssemblies/Assembly-CSharp.pdb
[79/82      0s] CopyFiles Library/Bee/PlayerScriptAssemblies/Assembly-CSharp.dll
[81/82      0s] BuildPlayerDataGenerator Library/BuildPlayerData/Player/RuntimeInitializeOnLoads.json (+1 other)
*** Tundra build success (1.86 seconds), 80 items updated, 82 evaluated
Total cache size 36279705
Total cache size after purge 36279705, took 00:00:00.0303029
Start importing Assets/UI/Art/Sources/sunny-orchard-painted/icons/icon-resource-wave.png using Guid(00e188eff60287e602eafe3c83c88647) (TextureImporter) -> (artifact id: '9ae7bc3ed54e2d3c31bb3615bec76150') in 0.0150739 seconds
Start importing Assets/DualGridTerrain/StoneFloor/Generated/Mask-12.png using Guid(0023e33bb8c6dc14284ea1a11a8f368e) (TextureImporter) -> (artifact id: 'a5ab6a74f3a8c879316eab07fbb5d636') in 0.0023557 seconds
Start importing Assets/LayeredTerrain/GrassSoil/Square/LandformGrass/Mask-12.png using Guid(103723b588325574893e57370794baa1) (TextureImporter) -> (artifact id: 'f82b11949f522ed57d2b19851957076e') in 0.0039557 seconds
Start importing Assets/LayeredTerrain/GrassSoil/Square/LandformGrass/Mask-14.png using Guid(2065e4c33439aee4fb837db7be5a9a99) (TextureImporter) -> (artifact id: '58c97115e1eada17ecfb76dd9d491b13') in 0.0039946 seconds
Start importing Assets/LayeredTerrain/GrassSoil/Square/LandformSoil/Mask-09.png using Guid(20eb8f11b0bda85428b0795096d3b70b) (TextureImporter) -> (artifact id: '9b0e3b022a3329f20bd477c66a30f5f5') in 0.0040259 seconds
Start importing Assets/UI/Art/Runtime/sunny-orchard/surface-status.png using Guid(204d7d4a485bc29a14acf4293df1d98d) (TextureImporter) -> (artifact id: '7a95e76cc53313b78217b5130fd2801b') in 0.0021405 seconds
Start importing Assets/DualGridTerrain/StoneFloor/Generated/Mask-13.png using Guid(30b5f79d83f30b6489c81da83b323049) (TextureImporter) -> (artifact id: '041af081c6b55e60f1702eea9a715dae') in 0.0019022 seconds
Start importing Assets/LayeredTerrain/Trials/CombinedWorkflowProtected/Runtime32/Mask-08.png using Guid(306840a150d199043a775ae02ef2dc90) (TextureImporter) -> (artifact id: '81faf70d9dfc766c43bd4a9d400497c7') in 0.0017587 seconds
Start importing Assets/UI/Art/Runtime/sunny-orchard/icon-control-retry.png using Guid(309e75ce25d35b3553439ce42c02a651) (TextureImporter) -> (artifact id: 'c9481ccf350f676ff27b70970abf72fa') in 0.0020025 seconds
Start importing Assets/LayeredTerrain/CompositeBrushes/GrassSoil/Runtime64/Mask-06.png using Guid(504b02bbd779d964eb0efad6d1a51ad0) (TextureImporter) -> (artifact id: 'bd89c816035c1d43688408d1c56959cf') in 0.0018285 seconds
Start importing Assets/LayeredTerrain/CompositeBrushes/GrassSoil/Runtime64/Mask-07.png using Guid(60482049515b41e47a539a16aea0f3c3) (TextureImporter) -> (artifact id: '70398e9dc9ed00f92c3ec93719c9f364') in 0.0018611 seconds
Start importing Assets/LayeredTerrain/CompositeBrushes/GrassSoil/Runtime64/Mask-05.png using Guid(80f859656c69bef44bc53c26b580f9b1) (TextureImporter) -> (artifact id: '74124a2dd4c3645629d7d6160250124a') in 0.001975 seconds
Start importing Assets/LayeredTerrain/GrassSoil/Square/LandformStoneRoad/Mask-10.png using Guid(803fb6c8b698a624bbdfab527d403701) (TextureImporter) -> (artifact id: '4bf1b912a0739df2e307ac072cbceaad') in 0.004023 seconds
Start importing Assets/LayeredTerrain/GrassSoil/Square/EdgeGrassOnSoilPainted/Mask-15.png using Guid(809f8978eb255d64ab634b6555f1b0c5) (TextureImporter) -> (artifact id: '0f88a28b111aef8bb81c6f9dfd47bcae') in 0.0028641 seconds
Start importing Assets/UI/Art/Runtime/sunny-orchard-painted/icons/icon-control-retry.png using Guid(904369e03566f44f56bdbfe64002a620) (TextureImporter) -> (artifact id: 'cf48961cbbaeb24a9255cca99238ed4c') in 0.0023055 seconds
Start importing Assets/LayeredTerrain/Trials/CombinedWorkflowProtected/Runtime32/Mask-06.png using Guid(a0917fbf855ca50459efd22f4c379371) (TextureImporter) -> (artifact id: '40ae52d34e4efa6a425639d9c172c0c0') in 0.0018837 seconds
Start importing Assets/UI/Art/Sources/sunny-orchard-painted/icons/indicator-warning.png using Guid(a0c7b120984fea5833da29400350b95f) (TextureImporter) -> (artifact id: '43b976a338d5011013732a91169226f2') in 0.0136515 seconds
Start importing Assets/UI/Art/Sources/sunny-orchard-painted/surfaces/surface-scrim.png using Guid(b0bc89105d7e0abdb9fe1bfb8fab3058) (TextureImporter) -> (artifact id: '75aa45d61020bab94b00f579167fe9d6') in 0.0022317 seconds
Start importing Assets/UI/Art/Runtime/sunny-orchard-painted/icons/indicator-swap.png using Guid(c0aa6cbe9037902afe21cc1d0aadc829) (TextureImporter) -> (artifact id: 'e24223c2d809b8e2d4a8e9bab5f72e92') in 0.002666 seconds
Start importing Assets/LayeredTerrain/GrassSoil/LandformGrass/Mask-08.png using Guid(d01c73861443e9941939778d165782f0) (TextureImporter) -> (artifact id: '0d4ea5c650b845b6d7d66829450b0efb') in 0.0020877 seconds
Start importing Assets/UI/Art/Sources/sunny-orchard-painted/surfaces/surface-result.png using Guid(d0cc9c9339e4f73afab319a4ea0fb361) (TextureImporter) -> (artifact id: 'fdb1fea35e592e5bfa319f5430a834e1') in 0.0035371 seconds
Start importing Assets/LayeredTerrain/CompositeBrushes/StoneWater/Runtime64/Mask-04.png using Guid(d04e0ab54e9227e4988ba749e9f26d91) (TextureImporter) -> (artifact id: '18da41e60bd57aa34b35bf3999d11bc9') in 0.0020821 seconds
Start importing Assets/UI/Art/Runtime/sunny-orchard-painted/icons/icon-resource-wave.png using Guid(e0514cd902427d2b589227cb9e8db0f0) (TextureImporter) -> (artifact id: 'cb58c8a4647206390deb2fb2d658a428') in 0.0021827 seconds
Start importing Assets/LayeredTerrain/GrassSoil/Square/LandformGrass/Mask-05.png using Guid(e06b928d93e31fb45bde888e79f34d35) (TextureImporter) -> (artifact id: '677d697921cc1eb5efde52a3d9ea7d6e') in 0.0040719 seconds
Start importing Assets/LayeredTerrain/GrassSoil/Square/LandformStoneRoad/Mask-06.png using Guid(01509a9788b7bee49babc3267c22fc66) (TextureImporter) -> (artifact id: 'da9d6cf65891bdf8f6a0220ab9d6bd3a') in 0.004133 seconds
Start importing Assets/UI/Art/Runtime/sunny-orchard-painted/surfaces/surface-metric.png using Guid(115def71075d5a3d3e3ab7727835dae6) (TextureImporter) -> (artifact id: '2b09d20cc10546f754b76ca42acf9e5a') in 0.0025206 seconds
Start importing Assets/UI/Art/Sources/sunny-orchard-painted/illustrations/illustration-lobby-orchard-01.png using Guid(21599cb2ed74d3f84fbc298ad71eaeb5) (TextureImporter) -> (artifact id: '1aac7aab387e61af07238fb0b9d2968b') in 0.0438612 seconds
Start importing Assets/UI/Art/Sources/sunny-orchard-painted/surfaces/surface-illustration-frame.png using Guid(3135cc88b2530d012cc5bdc48d077c9d) (TextureImporter) -> (artifact id: '206ec4db3af8eedb9be45525b849ed00') in 0.0434008 seconds
Start importing Assets/LayeredTerrain/GrassSoil/Square/EdgeGrassOnSoilPainted/Mask-10.png using Guid(61e85c257348ee64088c9df4e2c086b8) (TextureImporter) -> (artifact id: '5680206160f3446286f73e20c657534d') in 0.0045097 seconds
Start importing Assets/LayeredTerrain/CompositeBrushes/StoneWater/Runtime64/Mask-09.png using Guid(61cbf06333210d549812ad871f4e95f8) (TextureImporter) -> (artifact id: '071fd16584ee2e78f204e243c26a3083') in 0.0019782 seconds
Start importing Assets/LayeredTerrain/Trials/CombinedWorkflowProtected/Runtime32/Mask-07.png using Guid(71719e3a94f6ecf4e956effb5f3c055f) (TextureImporter) -> (artifact id: '573c1ffe176513c9e32ea1067042c9df') in 0.0017813 seconds
Start importing Assets/UI/Art/Runtime/sunny-orchard/icon-resource-core.png using Guid(71fac1f7b79712ba80c6855ee2e16112) (TextureImporter) -> (artifact id: 'b233824c729a2a2ab1943be55078c18d') in 0.0020033 seconds
Start importing Assets/LayeredTerrain/GrassSoil/Square/LandformGrass/Mask-08.png using Guid(717c396cc4d98fc49b09a50e349bca28) (TextureImporter) -> (artifact id: '752b695c9daf27fe5a876439b9b47aba') in 0.0036512 seconds
Start importing Assets/UI/Art/Runtime/sunny-orchard/surface-screen-background.png using Guid(81c25e15dd0bd2802865ef47410f7840) (TextureImporter) -> (artifact id: '9509fc44c41363cf9d29a3b30e77efed') in 0.0028612 seconds
Start importing Assets/LayeredTerrain/GrassSoil/LandformSoil/Mask-01.png using Guid(910a6b8007efc4540a413eedb4c78a1d) (TextureImporter) -> (artifact id: '0c1a7c8841c276a0d7a4e7908049e027') in 0.0018301 seconds
Start importing Assets/LayeredTerrain/CompositeBrushes/StoneWater/Runtime64/Mask-11.png using Guid(b1ea026a125020f4cbcfad56527c330d) (TextureImporter) -> (artifact id: 'e1fe001ce8e7f2b98abd7e59bd6cbb7b') in 0.0019187 seconds
Start importing Assets/LayeredTerrain/GrassSoil/EdgeSoilOnGrassRefined/Mask-10.png using Guid(c193185b7ecc72348848dc7463dc85c2) (TextureImporter) -> (artifact id: '68911135906f9fd8b5e39eea5480ea05') in 0.0019128 seconds
Start importing Assets/UI/Art/Runtime/sunny-orchard/indicator-warning.png using Guid(d13c1f542c02af12a6ce13561f8c5de1) (TextureImporter) -> (artifact id: 'e9fa77d98130c7691b38cdd950ae1d5e') in 0.0019946 seconds
Start importing Assets/UI/Art/Runtime/sunny-orchard-painted/icons/icon-control-continue.png using Guid(e1c7d4470e9a8f06add0e800bd1e23bb) (TextureImporter) -> (artifact id: '651b92d9e78ee86611df628e4603d9fc') in 0.0024766 seconds
Start importing Assets/UI/Art/Runtime/sunny-orchard-painted/surfaces/slot-nursery.png using Guid(e1dc825dd016d7387ea066f85be08ab3) (TextureImporter) -> (artifact id: '81fec801dc7a5b357cd4768927b3319d') in 0.0029293 seconds
Start importing Assets/UI/Art/Sources/sunny-orchard-painted/icons/indicator-drag-legal.png using Guid(0202702b50babdbe015d7ea863c1346b) (TextureImporter) -> (artifact id: 'e2fcf8d98b267c27d4f829622e8528aa') in 0.0145272 seconds
Start importing Assets/UI/Art/Runtime/sunny-orchard-painted/ornaments/ornament-metric-divider.png using Guid(02af40a798a6746b98d0280ccca18543) (TextureImporter) -> (artifact id: '154df7aa7f756baaa8969a47f44cc041') in 0.0022816 seconds
Start importing Assets/UI/Art/Runtime/sunny-orchard-painted/surfaces/surface-section-ribbon.png using Guid(22afc06bbb1b2476b565d5ddeb029bfa) (TextureImporter) -> (artifact id: '61f5b800ffb1262c5f0ae848fda6c1a0') in 0.0025303 seconds
Start importing Assets/LayeredTerrain/CompositeBrushes/StoneWater/Runtime64/Mask-15.png using Guid(3223a6246f2f27743be6e032971cf4d1) (TextureImporter) -> (artifact id: '03b936b7a3573f2561cdac0752c59e89') in 0.0024646 seconds
Start importing Assets/UI/Art/Runtime/sunny-orchard/slot-tool.png using Guid(42ed9160585d74781cc083778152eb44) (TextureImporter) -> (artifact id: 'c031f643de8f6e6c6fd001266591d895') in 0.0024045 seconds
Start importing Assets/LayeredTerrain/GrassSoil/Square/Sources/GrassOnSoilSquareCandidate.png using Guid(822706f20a5690046b65fc5b686f5b4d) (TextureImporter) -> (artifact id: 'f07315e7329e566b3e68167beee10814') in 0.0373667 seconds
Start importing Assets/UI/Art/Runtime/sunny-orchard-painted/surfaces/surface-safe-area.png using Guid(82f763a9fcef976d97dbd5f1934a9c9d) (TextureImporter) -> (artifact id: '319ee0ffe478446d6e26c3284f1866f4') in 0.0029946 seconds
Start importing Assets/UI/Art/Runtime/sunny-orchard/indicator-drag-illegal.png using Guid(92f3f1be059c0bb2937419790add2c68) (TextureImporter) -> (artifact id: 'e7f0a75ee5958765458686a4ae8d1ad4') in 0.0022082 seconds
Start importing Assets/LayeredTerrain/CompositeBrushes/GrassSoil/Runtime64/Mask-04.png using Guid(921977688f4a07543ba24e1bdf53f90c) (TextureImporter) -> (artifact id: 'c40fee1947f577f1d3db21bc82be34e2') in 0.0020356 seconds
Start importing Assets/UI/Art/Runtime/sunny-orchard-painted/icons/icon-control-close.png using Guid(92c98d40a864bdd506dd4109e2c041ee) (TextureImporter) -> (artifact id: '0537711e4ca1f7ee008c9adb767ba223') in 0.002173 seconds
Start importing Assets/LayeredTerrain/CompositeBrushes/StoneWater/Runtime64/Mask-02.png using Guid(922c03a59f0f66d4eb83fd4e173b7f37) (TextureImporter) -> (artifact id: '2474401762ec0f870855b7d613c109b8') in 0.0021293 seconds
Start importing Assets/LayeredTerrain/GrassSoil/LandformSoil/Mask-12.png using Guid(c2a70b60e89c21d41aaf86cdcf940c76) (TextureImporter) -> (artifact id: '2157c11edbeab56bcf9bf53f949bc752') in 0.0019219 seconds
Start importing Assets/UI/Art/Sources/sunny-orchard-painted/icons/indicator-error.png using Guid(c2eb6244bcb4ed52a144a0a0aa7d25a1) (TextureImporter) -> (artifact id: '9cdd8f2af47c953ef593ef8187bee075') in 0.0134167 seconds
Start importing Assets/UI/Art/Sources/sunny-orchard-painted/icons/indicator-success.png using Guid(d28184ff962f5bcf1e2d325a88986ca0) (TextureImporter) -> (artifact id: '2bf716e2f943d9ce1725832deb3e634f') in 0.0134979 seconds
Start importing Assets/UI/Art/Sources/sunny-orchard-painted/ornaments/ornament-screen-corner.png using Guid(f2212a267c733b7167be2b5cc578b146) (TextureImporter) -> (artifact id: 'e58c3f076dab5cd69a7ec5722c60385e') in 0.0374237 seconds
Start importing Assets/LayeredTerrain/GrassSoil/EdgeGrassOnSoilRefined/Mask-09.png using Guid(f29a2c6cbc1884340bb4fec9851beef2) (TextureImporter) -> (artifact id: '9ef446849f063f39228aedece06e221e') in 0.0024897 seconds
Start importing Assets/UI/Art/Runtime/sunny-orchard/action-quiet.png using Guid(f2cbed108745232ff2667c3b0f7a8350) (TextureImporter) -> (artifact id: '7730d6109eed7d2158bcd234c4dd0671') in 0.002195 seconds
Start importing Assets/LayeredTerrain/GrassSoil/Square/LandformSoil/Mask-05.png using Guid(1365fabeb58dfeb4988deaee139f64df) (TextureImporter) -> (artifact id: '210aa32715057e2980f09b4b9e1ec69f') in 0.0053059 seconds
Start importing Assets/UI/Art/Runtime/sunny-orchard/indicator-loading.png using Guid(138782b9ac68450bd85ad47ff61f0a09) (TextureImporter) -> (artifact id: 'ec3994d73edb5b34e7fd3d83c7b1b1f7') in 0.0023503 seconds
Start importing Assets/LayeredTerrain/GrassSoil/Square/EdgeGrassOnSoilPainted/Mask-01.png using Guid(23729b1e79ca9194bb6b4f5e12d537e5) (TextureImporter) -> (artifact id: 'b4fc017d1f8a2e19a7463bca4e8e07aa') in 0.0035806 seconds
Start importing Assets/LayeredTerrain/GrassSoil/EdgeGrassOnSoilRefined/Mask-07.png using Guid(23578a98837849c409fe815afd8abfe6) (TextureImporter) -> (artifact id: '8aa53fef9b4ca89b5fb7fb0ba2f63067') in 0.0019484 seconds
Start importing Assets/LayeredTerrain/GrassSoil/Square/LandformGrass/Mask-00.png using Guid(236921e035d1ce44f830c0ca0e7cf8a5) (TextureImporter) -> (artifact id: '585b81e6dd8a84aa9ee5d085d8d896fa') in 0.0029634 seconds
Start importing Assets/DualGridDemo/CartoonGrass/Mask-04.png using Guid(238c5462651a68d4186746606006cae0) (TextureImporter) -> (artifact id: '06502bbe7357c0b9e65a2cae057ca894') in 0.0126156 seconds
Start importing Assets/UI/Art/Sources/sunny-orchard-painted/icons/marker-selected.png using Guid(33ceaa93d08c8fc4aa6e889219969d9b) (TextureImporter) -> (artifact id: '73fd888db6c644b0816c2092b90ad7c2') in 0.0131576 seconds
Start importing Assets/DualGridDemo/PixelGrass/Generated/Mask-01.png using Guid(43c2578f3370ad347a32109aed180b66) (TextureImporter) -> (artifact id: '3c301197a5a391b6ac32389cafd0c006') in 0.0022633 seconds
Start importing Assets/UI/Art/Sources/sunny-orchard-painted/surfaces/surface-status.png using Guid(53b9831bce6d3f1d000f0a0026812e82) (TextureImporter) -> (artifact id: 'c3031cb49978139304f808111ef92d95') in 0.0032505 seconds
Start importing Assets/DualGridDemo/CartoonGrass/Mask-15.png using Guid(6387b39485813f7468cee6cd7c39db7c) (TextureImporter) -> (artifact id: 'c4910d63155374510e765ab54a5861c7') in 0.0147111 seconds
Start importing Assets/UI/Art/Runtime/sunny-orchard/action-secondary.png using Guid(63bb732a5425a69dd29d8b142cc42b2b) (TextureImporter) -> (artifact id: 'f2045a4cbfe3d29a2cc0d336ddb9b6b1') in 0.0027238 seconds
Start importing Assets/DualGridDemo/CartoonGrass/Mask-06.png using Guid(739b09e63a09d484f861ff45a9c3897d) (TextureImporter) -> (artifact id: 'ea919bf8926eb6ea97433eece6eac3d5') in 0.0142529 seconds
Start importing Assets/LayeredTerrain/CompositeBrushes/StoneWater/Runtime64/Mask-03.png using Guid(8382e034a3f34cb48a4bef0a8a9617cd) (TextureImporter) -> (artifact id: '7d95a29d4fe6bf272e5200eb5c22a21e') in 0.0023654 seconds
Start importing Assets/LayeredTerrain/GrassSoil/Square/LandformSoil/Mask-00.png using Guid(83ed5084a69ef564b8c94026c428eba2) (TextureImporter) -> (artifact id: 'fdd3ce7aa1fa52fdd0c5632ab7c16a93') in 0.0029992 seconds
Start importing Assets/LayeredTerrain/GrassSoil/Square/EdgeGrassOnSoilPainted/Mask-07.png using Guid(9345e6ffcd6fed74f8e2d583a3273740) (TextureImporter) -> (artifact id: '9ecb26e3b66ddfb9b856153e4139c324') in 0.0035945 seconds
Start importing Assets/DualGridTerrain/StoneFloor/Generated/Mask-15.png using Guid(93eba4ea59da2e549bd78ceef16a4c2b) (TextureImporter) -> (artifact id: '1064456f48b34a024bb80ff750b8bf92') in 0.0018861 seconds
Start importing Assets/LayeredTerrain/CompositeBrushes/StoneWater/Runtime64/Mask-13.png using Guid(a37419bfaeff7764386ee1b3a3eded4b) (TextureImporter) -> (artifact id: '468875184511bc55d388860ee5766ef3') in 0.0019825 seconds
Start importing Assets/UI/Art/Runtime/sunny-orchard-painted/icons/icon-resource-sun.png using Guid(a31e27a660a3a70ce0514fc9a7bfe2dd) (TextureImporter) -> (artifact id: '9216b96baa4063db4fa3758207db6b43') in 0.00248 seconds
Start importing Assets/LayeredTerrain/CompositeBrushes/GrassSoil/Runtime64/Mask-01.png using Guid(b3e6d9fac0402e5429af155b56c60877) (TextureImporter) -> (artifact id: '49c181bfae9fec94e40358cbdba709d8') in 0.0020097 seconds
Start importing Assets/UI/Art/Sources/ReferenceBoards/Approved/sunny-orchard-style-board.png using Guid(c3a4bb7dc11a40b7ab661b6e5193d692) (TextureImporter) -> (artifact id: '16c3fca5e92b987c0ef95b72385c5da2') in 0.0414159 seconds
Start importing Assets/LayeredTerrain/Trials/CombinedWorkflowProtected/Runtime32/Mask-09.png using Guid(c3a64f6b37dce12428992cafa08462cc) (TextureImporter) -> (artifact id: 'e2bece8b0e5d21a36451e3797750518f') in 0.0024657 seconds
Start importing Assets/LayeredTerrain/GrassSoil/Square/LandformStoneRoad/Mask-05.png using Guid(c3276d2c5fbea1142ab6ae49eeed81ce) (TextureImporter) -> (artifact id: '2af2c59dfa944c02721278d7fa2bd01b') in 0.0038437 seconds
Start importing Assets/LayeredTerrain/GrassSoil/EdgeSoilOnGrassRefined/Mask-11.png using Guid(c3e84efee84842d48ace93d0b6decb4f) (TextureImporter) -> (artifact id: '2e503a238c05ad4c662444f84f949ca6') in 0.0019987 seconds
Start importing Assets/LayeredTerrain/CompositeBrushes/GrassSoil/Runtime64/Mask-02.png using Guid(c3bd29b7dcc4c314ea30686a8450b1a3) (TextureImporter) -> (artifact id: 'ca002ea855d533891908827a10b9cff0') in 0.0019445 seconds
Start importing Assets/LayeredTerrain/GrassSoil/LandformSoil/Mask-03.png using Guid(d32ec1276ebd0a8458c55395c69bb6c1) (TextureImporter) -> (artifact id: '7c43b61afdad43eed55287cb99391f42') in 0.0019353 seconds
Start importing Assets/LayeredTerrain/GrassSoil/EdgeGrassOnSoilRefined/Mask-10.png using Guid(d36e55096daaa0842a5df7b6b10d4f2f) (TextureImporter) -> (artifact id: '6d38358c28906be60d893c3b5ac66f72') in 0.0020052 seconds
Start importing Assets/LayeredTerrain/GrassSoil/Square/EdgeGrassOnSoilPainted/Mask-13.png using Guid(e3a4bef18533ce44d82dcd4b0122b038) (TextureImporter) -> (artifact id: '782834bca73795bc917109a13694e9e5') in 0.0038202 seconds
Start importing Assets/UI/Art/Sources/sunny-orchard-painted/ornaments/ornament-result-banner.png using Guid(e3f9e6f9166235cf88bfc7652748c874) (TextureImporter) -> (artifact id: '106faf28643cd531956b60bffb53459f') in 0.0314846 seconds
Start importing Assets/UI/Art/Runtime/sunny-orchard-painted/surfaces/action-primary.png using Guid(f3a4968a2afcfb59d13ed53ec5977f60) (TextureImporter) -> (artifact id: '7c796d55f905ef3782f8ee8325483001') in 0.0029332 seconds
Start importing Assets/LayeredTerrain/GrassSoil/Square/LandformGrass/Mask-09.png using Guid(f36720cada626d746a550acd1037048d) (TextureImporter) -> (artifact id: 'd1589838ce4ef118ec9e934a71d8a17e') in 0.003774 seconds
Start importing Assets/LayeredTerrain/GrassSoil/Square/LandformSoil/Mask-08.png using Guid(048930e900c003c4382ff9da1c315b8f) (TextureImporter) -> (artifact id: '60e4d2531cf2af932230a8380fa8e1cb') in 0.0034396 seconds
Start importing Assets/LayeredTerrain/GrassSoil/Square/LandformSoil/Mask-01.png using Guid(144443f29a050064b9428a8c81c9fb9d) (TextureImporter) -> (artifact id: 'b8a64b73f516a1913b77536bd91d4563') in 0.0036357 seconds
Start importing Assets/LayeredTerrain/GrassSoil/Square/LandformStoneRoad/Mask-11.png using Guid(145a3fb3e573cbd40b3bd284f1c89681) (TextureImporter) -> (artifact id: '046153d5bca747a282da54a339760ddd') in 0.0039796 seconds
Start importing Assets/UI/Art/Runtime/sunny-orchard-painted/surfaces/surface-illustration-frame.png using Guid(24a137e3a7f3cbeccb0db0b0294c4c2b) (TextureImporter) -> (artifact id: 'c128144e696c5417b6c62f7af54a24ba') in 0.0022491 seconds
Start importing Assets/UI/Art/Runtime/sunny-orchard-painted/surfaces/action-secondary.png using Guid(248c291ce629562b508210a448a9834a) (TextureImporter) -> (artifact id: '71200b2790c08b87e924de55588e4431') in 0.0022861 seconds
Start importing Assets/LayeredTerrain/GrassSoil/EdgeSoilOnGrassRefined/Mask-03.png using Guid(24af54743a38398459c61ed7a0db2362) (TextureImporter) -> (artifact id: 'e646ed4ffb82445b1980c951ceec53e2') in 0.0018051 seconds
Start importing Assets/UI/Art/Runtime/sunny-orchard/indicator-swap.png using Guid(34829cf1b6d6595ed3d05147ff69bb16) (TextureImporter) -> (artifact id: '7f968ca373a185d7960b1a8f62c02a4e') in 0.0020418 seconds
Start importing Assets/UI/Art/Runtime/sunny-orchard/marker-selected.png using Guid(442fb1ad1a18b59b6ddf6246c1b01946) (TextureImporter) -> (artifact id: '51feefaa8a8c00773c937d53cc0e4895') in 0.0026247 seconds
Start importing Assets/DualGridTerrain/StoneFloor/Generated/Mask-08.png using Guid(5451563083990f74696d9c8d30beb5be) (TextureImporter) -> (artifact id: 'f1627ecf4f390eb9690286953f977a11') in 0.0018727 seconds
Start importing Assets/LayeredTerrain/GrassSoil/LandformGrass/Mask-06.png using Guid(544a39d074a9a9848b6b7a297a991b19) (TextureImporter) -> (artifact id: 'd3d8d501a3eb6d2a9884f9b8bc5ef105') in 0.0025805 seconds
Start importing Assets/UI/Art/Sources/sunny-orchard-painted/surfaces/action-primary.png using Guid(6481b1d0663f0f9c549ae091c071be78) (TextureImporter) -> (artifact id: '61709627eb873a308beba62455115edf') in 0.0412556 seconds
Start importing Assets/DualGridDemo/PixelGrass/Generated/Mask-02.png using Guid(640f4cbcfa82b2a4a8a119980c90af1d) (TextureImporter) -> (artifact id: '6d5dd21c6fffc46a238740a022d9ebc1') in 0.0026753 seconds
Start importing Assets/LayeredTerrain/GrassSoil/Square/LandformSoil/Mask-04.png using Guid(740062b6e70c3604fb8de53ea1455cd4) (TextureImporter) -> (artifact id: 'ad29d95c260f8bd40c064cd7185c9280') in 0.0035925 seconds
Start importing Assets/LayeredTerrain/GrassSoil/Square/LandformStoneRoad/Mask-13.png using Guid(74babd24b5b00894d89eb919141ce5c4) (TextureImporter) -> (artifact id: '5eebd6525328fd0904a9ce420ee21023') in 0.0041379 seconds
Start importing Assets/UI/Art/Runtime/sunny-orchard/surface-result.png using Guid(8472c53e9b0507a7757ada88b40a40ee) (TextureImporter) -> (artifact id: 'a1a2654c61db24e318f1200296193113') in 0.0022684 seconds
Start importing Assets/LayeredTerrain/GrassSoil/LandformSoil/Mask-05.png using Guid(84eb249b32649db429e5ab903df7a39d) (TextureImporter) -> (artifact id: 'b456a08bd5ec28e5190cbd86ee10d296') in 0.0018722 seconds
Start importing Assets/UI/Art/Runtime/sunny-orchard-painted/surfaces/surface-detail.png using Guid(d462939c7b376f58b8d8dd4aedb7c28d) (TextureImporter) -> (artifact id: '0fe328210dcbd1d504782ae22135522a') in 0.0022681 seconds
Start importing Assets/DualGridDemo/PixelGrass/Sources/PixelSoilSource.png using Guid(d47929c54f0764a4d89c377bdd1c8d2b) (TextureImporter) -> (artifact id: '4d3c9b11aea636eea22a82d5c1002e15') in 0.0328779 seconds
Start importing Assets/DualGridDemo/CartoonGrass/Mask-02.png using Guid(e4d6f7ed1e4c3654e8a02df5cc3e5e97) (TextureImporter) -> (artifact id: '9ad5bb7317c6e373cf4b27818d93e185') in 0.0127056 seconds
Start importing Assets/UI/Art/Sources/sunny-orchard-painted/icons/indicator-merge.png using Guid(0537bb868b98dea828f2db7f45fc3e97) (TextureImporter) -> (artifact id: '32b9f99d34c2dce124f66b683a0760de') in 0.0144379 seconds
Start importing Assets/LayeredTerrain/GrassSoil/Square/LandformSoil/Mask-11.png using Guid(05d75eb1aa744b3448fc8ab474572075) (TextureImporter) -> (artifact id: '1dde71c0ed8a7526daaadc10e2668a55') in 0.0045582 seconds
Start importing Assets/LayeredTerrain/GrassSoil/EdgeGrassOnSoilRefined/Mask-03.png using Guid(0509417c29bf8194fad12d5e5565193e) (TextureImporter) -> (artifact id: 'b3f85e7fba8243732aabdbec28d338b1') in 0.0021115 seconds
Start importing Assets/UI/Art/Sources/sunny-orchard-painted/surfaces/slot-tool.png using Guid(05ef9651fb241c103f4fd70347e3967b) (TextureImporter) -> (artifact id: 'fb258acf17e0d94c73d25715fa21289d') in 0.0034774 seconds
Start importing Assets/LayeredTerrain/CompositeBrushes/GrassSoil/Runtime64/Mask-09.png using Guid(258192adbbf1dd64db71bd4abb09eec9) (TextureImporter) -> (artifact id: '286e6a253408ebf69df855f23084c9fc') in 0.0022934 seconds
Start importing Assets/UI/Art/Runtime/sunny-orchard-painted/icons/indicator-drag-legal.png using Guid(45f3778aa93c2ed717f563223da0418c) (TextureImporter) -> (artifact id: '9fdc9f8b20f976657047d05e6f5066a8') in 0.0022424 seconds
Start importing Assets/UI/Art/Runtime/sunny-orchard/surface-panel-raised.png using Guid(45c54eb7badec942d8a826438f4c3d3a) (TextureImporter) -> (artifact id: 'f4b147d1d4a7cc6df7835d6bc333decc') in 0.0022178 seconds
Start importing Assets/LayeredTerrain/Trials/CombinedWorkflowProtected/Runtime32/Mask-10.png using Guid(4516f3298d1940343a75f230065f7048) (TextureImporter) -> (artifact id: 'a7695d5719fac7c84a3ae1b12df9cec7') in 0.0019805 seconds
Start importing Assets/UI/Art/Runtime/sunny-orchard-painted/icons/indicator-error.png using Guid(459ce6468dfd1a7d1428715e18f2aff8) (TextureImporter) -> (artifact id: 'f535b6b05af526c673e32c0617b73f40') in 0.0024919 seconds
Start importing Assets/UI/Art/Sources/sunny-orchard-painted/ornaments/ornament-metric-divider.png using Guid(55e460cbb553587e66fba5bfd43e463d) (TextureImporter) -> (artifact id: 'd31d03180111e90c89e8f83b3eb2d95f') in 0.0419064 seconds
Start importing Assets/UI/Art/Runtime/sunny-orchard/icon-resource-sun.png using Guid(559dde2e10e9cd5fc43ace372341eeb1) (TextureImporter) -> (artifact id: '015b2700687628320c4b169a260d2c3d') in 0.0029724 seconds
Start importing Assets/LayeredTerrain/GrassSoil/LandformSoil/Mask-00.png using Guid(75203b2d9a7e88240af20f8e6ff64214) (TextureImporter) -> (artifact id: '3b7f5f220a2d2e55f059fd3a2d67502b') in 0.002026 seconds
Start importing Assets/LayeredTerrain/GrassSoil/LandformSoil/Mask-07.png using Guid(75422b321875c784f87121d67669ec64) (TextureImporter) -> (artifact id: 'd71f46a0e24b2190c66d2414b07b88b6') in 0.0021047 seconds
Start importing Assets/LayeredTerrain/GrassSoil/LandformSoil/Mask-09.png using Guid(754f8bcad0325e442815b58971b85af9) (TextureImporter) -> (artifact id: '3802b958565052cb13477d485a127720') in 0.0018878 seconds
Start importing Assets/UI/Art/Runtime/sunny-orchard-painted/icons/indicator-success.png using Guid(852d929e2aebb50c6997cae92bcd85a9) (TextureImporter) -> (artifact id: 'da873cc33044d954c0e9121ae9013440') in 0.002151 seconds
Start importing Assets/LayeredTerrain/GrassSoil/EdgeSoilOnGrassRefined/Mask-06.png using Guid(95b7a60a77f863941b1f3b81937c2679) (TextureImporter) -> (artifact id: '5e87f87db00c55327d43ceb92fa2a8f5') in 0.0018266 seconds
Start importing Assets/LayeredTerrain/Trials/CombinedWorkflowProtected/Runtime32/Mask-05.png using Guid(95ce7d2b062d3334e8d1fc686f9b637a) (TextureImporter) -> (artifact id: 'e1902b5638dc21a510ce5f2f448d7eb8') in 0.0017806 seconds
Start importing Assets/LayeredTerrain/GrassSoil/Square/Sources/GrassOnSoilSquareSemanticSamplingRejected.png using Guid(a5eb4fa40e8f91447978e12e3700c00a) (TextureImporter) -> (artifact id: 'a2a17f7ed7285eef5db5402a281bc6c8') in 0.0174302 seconds
Start importing Assets/UI/Art/Runtime/sunny-orchard/icon-control-return.png using Guid(a5df09bdf77ff8b6dc7313a82a06f9af) (TextureImporter) -> (artifact id: 'cad69b3312a86a48bd1df6fcd3b97e13') in 0.0024996 seconds
Start importing Assets/UI/Art/Sources/sunny-orchard-painted/surfaces/slot-nursery.png using Guid(b5d7a38f69c6ed493e6a9f022119092c) (TextureImporter) -> (artifact id: '6e0240ab000a81628f5b3f9eaaffb5a7') in 0.0034623 seconds
Start importing Assets/UI/Art/Runtime/sunny-orchard-painted/icons/icon-control-pause.png using Guid(b5ce2b12365fc6ef269cbf31420bc514) (TextureImporter) -> (artifact id: 'ec99a98f8b12fcc05c163dffd4f760fe') in 0.0021867 seconds
Start importing Assets/LayeredTerrain/CompositeBrushes/StoneWater/Runtime64/Mask-06.png using Guid(b5cf9cea00932e241b1f35457d4c99cf) (TextureImporter) -> (artifact id: '4f96efb071ff50d6d3f5525de5838a3c') in 0.0019255 seconds
Start importing Assets/UI/Art/Sources/sunny-orchard-painted/surfaces/surface-safe-area.png using Guid(c5b3628e0f8f5c56804a263ba5f80a08) (TextureImporter) -> (artifact id: '459c45d01c13c5d2fae6753a11b49c94') in 0.0032176 seconds
Start importing Assets/Resources/TempArt/fruit-defense-temp-atlas.png using Guid(e5a53d0d4c78d5548a1983808134c437) (TextureImporter) -> (artifact id: 'e2428ce633a06de8480486137b6f43b3') in 0.0431883 seconds
Start importing Assets/LayeredTerrain/GrassSoil/LandformSoil/Mask-14.png using Guid(e508d36d9bd546b46acd65dcc246292d) (TextureImporter) -> (artifact id: 'f29f2fec69b2a458e6316700aebe719b') in 0.0024089 seconds
Start importing Assets/DualGridDemo/PixelGrass/Sources/PixelGrassSource.png using Guid(e53845201b7421e42bff10f46f40a7a8) (TextureImporter) -> (artifact id: 'a8db345c3b3feed58722f421067fb371') in 0.0346565 seconds
Start importing Assets/LayeredTerrain/GrassSoil/LandformGrass/Mask-07.png using Guid(0680c363b93611448a9ce1dfa48c6f03) (TextureImporter) -> (artifact id: 'd1fe0bb0a3e92a754dc8a2b4cb562f24') in 0.002468 seconds
Start importing Assets/UI/Art/Sources/sunny-orchard-painted/icons/icon-control-return.png using Guid(165005e61af5afe29788f00ec8332061) (TextureImporter) -> (artifact id: '9e0d54c7140101e6f6717d0aa9a99ed4') in 0.0140982 seconds
Start importing Assets/LayeredTerrain/GrassSoil/Square/LandformStoneRoad/Mask-12.png using Guid(1662abcf8d4fcc44cac2669fde3d2cf6) (TextureImporter) -> (artifact id: 'ad90b9acaceaab8ea31620e91412766a') in 0.0042429 seconds
Start importing Assets/UI/Art/Runtime/sunny-orchard-painted/ornaments/ornament-result-banner.png using Guid(16feca0f7c9657fbe51d94571bd62948) (TextureImporter) -> (artifact id: '3b7162e5709b0d2ae7458de11fe6c693') in 0.0025696 seconds
Start importing Assets/LayeredTerrain/GrassSoil/Square/LandformSoil/Mask-10.png using Guid(46f4b894e4263e14ab6ade52f6769a1c) (TextureImporter) -> (artifact id: 'ccfa122a187d3eecd210357238db93da') in 0.0039106 seconds
Start importing Assets/UI/Art/Sources/sunny-orchard-painted/icons/icon-tool-pot.png using Guid(4699c257bf454a982e74bfd400d48b13) (TextureImporter) -> (artifact id: 'eaa11b4e87d5c8b3ed7fa70bcd221184') in 0.0144276 seconds
Start importing Assets/LayeredTerrain/GrassSoil/Square/Sources/GrassOnSoilSquareImagegenAttempt01Rejected.png using Guid(66048ea5253f4674b336c6b81a6951d5) (TextureImporter) -> (artifact id: 'b6a8f523be15bc9bca19557f4d38816b') in 0.0367858 seconds
Start importing Assets/DualGridTerrain/StoneFloor/Generated/Mask-07.png using Guid(6684e1f8d97606e47a181b39db0a979b) (TextureImporter) -> (artifact id: '997196c9ef1c7eb96b85258f1ae7357a') in 0.002649 seconds
Start importing Assets/UI/Art/Sources/sunny-orchard-painted/surfaces/surface-card-selectable.png using Guid(661975e56ff9a385d5c29e71f47f3216) (TextureImporter) -> (artifact id: 'c8cd7825e73095bf3e2a727b5932214f') in 0.0033352 seconds
Start importing Assets/LayeredTerrain/CompositeBrushes/StoneWater/Runtime64/Mask-01.png using Guid(76d9c92b95a053142a538411afa7df78) (TextureImporter) -> (artifact id: 'f4a26b754c312fea48f27abbff884f75') in 0.0018878 seconds
Start importing Assets/UI/Art/Sources/ReferenceBoards/Review/sunny-orchard-painted-49-gallery.png using Guid(76da78dbbe3ed6f5ba05c0e689e103ea) (TextureImporter) -> (artifact id: '66906bd57af2105bce23d8ea4e764aae') in 0.0527596 seconds
Start importing Assets/UI/Art/Runtime/sunny-orchard-painted/icons/icon-control-refresh.png using Guid(769dbb3d6263bbb2c65bad050acf6cc9) (TextureImporter) -> (artifact id: '3951c5c0af8f7ffbd895f9699108bd8f') in 0.0030944 seconds
Start importing Assets/LayeredTerrain/GrassSoil/EdgeGrassOnSoilRefined/Mask-01.png using Guid(86d1b200d4af65a4ab23212f423eaa5d) (TextureImporter) -> (artifact id: 'b3bac8d8a143450d86593ef7203ff321') in 0.0021069 seconds
Start importing Assets/DualGridDemo/CartoonGrass/Mask-13.png using Guid(966cbda4b380a97469c3fec7ddf16ff0) (TextureImporter) -> (artifact id: '118f310c25a606d0ad7d355ad10f7c9b') in 0.0154434 seconds
Start importing Assets/LayeredTerrain/CompositeBrushes/GrassSoil/Runtime64/Mask-10.png using Guid(a684a6b81237f5a4e9dd1bcb0ef5a6b5) (TextureImporter) -> (artifact id: '5ea7f4d2654624af5da1cad43514771a') in 0.0023997 seconds
Start importing Assets/DualGridDemo/PixelGrass/Generated/Mask-00.png using Guid(a65b1f35be4465844a124e71dfa54fb1) (TextureImporter) -> (artifact id: 'de78c3306fc52379b4858795aca8491f') in 0.0018184 seconds
Start importing Assets/UI/Art/Runtime/sunny-orchard-painted/illustrations/illustration-lobby-orchard-02.png using Guid(a6ef738fd26cca9fb049c749def123b9) (TextureImporter) -> (artifact id: 'c63cf81a3ccdaa07fd763042c33c5f59') in 0.0023788 seconds
Start importing Assets/LayeredTerrain/GrassSoil/LandformSoil/Mask-02.png using Guid(b6322e576aea4af408e7c46f67e402ee) (TextureImporter) -> (artifact id: '49a339a32807820f228edc5f6994fb48') in 0.0018193 seconds
Start importing Assets/DualGridTerrain/StoneFloor/Generated/Mask-03.png using Guid(b61e0d3967c56554b8361ed7b4864113) (TextureImporter) -> (artifact id: '85c9da7ca2e137241a2ee4a902705e5c') in 0.0021613 seconds
Start importing Assets/LayeredTerrain/Trials/CombinedWorkflowProtected/Runtime32/Mask-01.png using Guid(c6624335936f1064eb085ad59ddac420) (TextureImporter) -> (artifact id: '947402578883e37e36ef15dac620f5cb') in 0.0017472 seconds
Start importing Assets/DualGridDemo/CartoonGrass/Mask-01.png using Guid(c666e3350b03bd34a84cd83c030cc299) (TextureImporter) -> (artifact id: 'e12cdb19e3c52a36fb1d2326a2a22e8f') in 0.0121108 seconds
Start importing Assets/LayeredTerrain/GrassSoil/EdgeSoilOnGrassRefined/Mask-13.png using Guid(c66fa95accda7fb46819892d2aa9169f) (TextureImporter) -> (artifact id: '48172c1f31088b768626a1244a83b62c') in 0.0021469 seconds
Start importing Assets/UI/Art/Runtime/sunny-orchard-painted/surfaces/slot-tool.png using Guid(d622e8316c6b878ee9b1c57cfcb737e2) (TextureImporter) -> (artifact id: '27aa38f7bd00eeabae8685cc05643196') in 0.0023758 seconds
Start importing Assets/LayeredTerrain/GrassSoil/EdgeSoilOnGrassRefined/Mask-05.png using Guid(e6506ab1acf02f3448cd2c2c1de5de26) (TextureImporter) -> (artifact id: '8e56f647e61d2c0cc13e1b8f1500ad4e') in 0.0020292 seconds
Start importing Assets/LayeredTerrain/GrassSoil/LandformGrass/Mask-02.png using Guid(e6c8a82a923f4c746b8c41ca956834f7) (TextureImporter) -> (artifact id: '7dd90d34ef6fd404e1a18d852f6d2708') in 0.0017788 seconds
Start importing Assets/UI/Art/Sources/sunny-orchard-painted/surfaces/action-secondary.png using Guid(e6cd2e814883f4f2442ff5fafe16212a) (TextureImporter) -> (artifact id: 'bbd84e4047c04aeaa0b0cf25efd01aed') in 0.003265 seconds
Start importing Assets/LayeredTerrain/GrassSoil/Square/LandformStoneRoad/Mask-14.png using Guid(f6596876cd842b74b95c4ebc749191b1) (TextureImporter) -> (artifact id: '3e4b1432436f8c81a713330cb33d2075') in 0.0041355 seconds
Start importing Assets/DualGridDemo/PixelGrass/Generated/Mask-07.png using Guid(07234c5d2e0a4ac4e824efac9c7d5124) (TextureImporter) -> (artifact id: 'be8a126719aa28dbd74b8cef550987b4') in 0.002352 seconds
Start importing Assets/LayeredTerrain/GrassSoil/LandformSoil/Mask-06.png using Guid(07dfb1d103cc85f45bd49614f10f6041) (TextureImporter) -> (artifact id: '79410f83c8b5512074d4ba35a022ed93') in 0.001857 seconds
Start importing Assets/LayeredTerrain/CompositeBrushes/GrassSoil/Runtime64/Mask-12.png using Guid(179cf7e5666648848b8eb627a096e20e) (TextureImporter) -> (artifact id: '3031fd57bf356998b8a402ed2becff03') in 0.0019092 seconds
Start importing Assets/LayeredTerrain/CompositeBrushes/GrassSoil/Runtime64/Mask-00.png using Guid(2700b5e627fcfca4297dda40e75437af) (TextureImporter) -> (artifact id: '0a0e3d39a95140fa4baa5ed8accee272') in 0.0019491 seconds
Start importing Assets/LayeredTerrain/GrassSoil/Square/Topology/DualGridSwastikaReference.png using Guid(27e7f0becc7348fdbefb990f03c5c502) (TextureImporter) -> (artifact id: '6b10ed435a9ddf92402ceab9797699f1') in 0.0158439 seconds
Start importing Assets/LayeredTerrain/GrassSoil/Square/LandformStoneRoad/Mask-00.png using Guid(27adceb6565c7234caafa93237fade59) (TextureImporter) -> (artifact id: '5b788eee9729c8c081b7805c02f67b5a') in 0.0033188 seconds
Start importing Assets/ArtSources/TempArt/cartoon-grass-seamless-hd.png using Guid(37b8677f44ff1514f8eaab6ad0e296c1) (TextureImporter) -> (artifact id: '51b03eb0feb9cc5ba31dcd325f2ce1b4') in 0.0525966 seconds
Start importing Assets/DualGridDemo/PixelGrass/Generated/Mask-15.png using Guid(37cbabe1798786844809770302214d0f) (TextureImporter) -> (artifact id: 'aea9fc811dba32d42e5feb0f10ce3954') in 0.002532 seconds
Start importing Assets/LayeredTerrain/GrassSoil/LandformSoil/Mask-10.png using Guid(47117265eaa22834490873a427745392) (TextureImporter) -> (artifact id: 'ea516fa204b315afacfa1ba992d271ec') in 0.0020316 seconds
Start importing Assets/UI/Art/Sources/sunny-orchard-painted/surfaces/surface-detail.png using Guid(97624bb2346c5051b3eca2be889f5be8) (TextureImporter) -> (artifact id: '6a551ed0bcdf545e2ba0825fd2c64fa4') in 0.0033975 seconds
Start importing Assets/LayeredTerrain/CompositeBrushes/StoneWater/Runtime64/Mask-05.png using Guid(b7f0adeb9e2c1e542a98f8fa3aecb601) (TextureImporter) -> (artifact id: 'e03548df8793f644c937c56c14befa52') in 0.0019893 seconds
Start importing Assets/DualGridDemo/PixelGrass/Generated/Mask-11.png using Guid(b7a61dfbc4ad26f45b5ccd1e3c370cd4) (TextureImporter) -> (artifact id: '2d599d3f43c81edf199e71c5c9b0ecc7') in 0.0020603 seconds
Start importing Assets/DualGridTerrain/StoneFloor/Sources/StoneFloor-Soil.png using Guid(b71939ad230d0bd4a9e48f38909f65bd) (TextureImporter) -> (artifact id: 'cc8944e59e6a63da76ac9c0268fe6422') in 0.0370204 seconds
Start importing Assets/LayeredTerrain/GrassSoil/LandformSoil/Mask-08.png using Guid(f733331992a75b34fa751cc531a9ad99) (TextureImporter) -> (artifact id: '03dada97fa25c6c3aa7788b7bda7969b') in 0.0024161 seconds
Start importing Assets/UI/Art/Sources/sunny-orchard-painted/surfaces/action-quiet.png using Guid(f726a86c0622ba0145f3239f8de5cfcf) (TextureImporter) -> (artifact id: 'a0af83178b8f6e17a3396c50cdcb1740') in 0.0033391 seconds
Start importing Assets/UI/Art/Runtime/sunny-orchard/icon-control-refresh.png using Guid(f7e601e0328cea5ce7fa06272d135c87) (TextureImporter) -> (artifact id: 'd16cb88a61b3ffbfc2a4afb4703c1c94') in 0.0020831 seconds
Start importing Assets/LayeredTerrain/Trials/CombinedWorkflowProtected/Runtime32/Mask-13.png using Guid(082123a3b3ce0d941abb0e6655d28386) (TextureImporter) -> (artifact id: 'a522c597e353b1c3a86bf6671ce0b284') in 0.0019691 seconds
Start importing Assets/LayeredTerrain/GrassSoil/EdgeGrassOnSoilRefined/Mask-08.png using Guid(0874debd66171ac40af1c09fc4f35490) (TextureImporter) -> (artifact id: 'fa6be739894a00f3f7d7f6f7702e2621') in 0.0018887 seconds
Start importing Assets/DualGridTerrain/StoneFloor/Generated/Mask-00.png using Guid(08d502d5c195a1945b7dbc68494f3b53) (TextureImporter) -> (artifact id: '59d4880f3f1c5a88077b549cee839fa1') in 0.0018054 seconds
Start importing Assets/LayeredTerrain/GrassSoil/Square/EdgeGrassOnSoilPainted/Mask-09.png using Guid(084f697b91fa74749badf52cb07941bf) (TextureImporter) -> (artifact id: '679f3142af37c82a9a5d1d589a9ae40b') in 0.0039047 seconds
Start importing Assets/LayeredTerrain/GrassSoil/Square/LandformSoil/Mask-15.png using Guid(1818656c11186cd42965fdec91704045) (TextureImporter) -> (artifact id: 'a7386935e09305687aa1552a99674629') in 0.0039057 seconds
Start importing Assets/DualGridTerrain/StoneFloor/Generated/Mask-02.png using Guid(1838dfefd42fed640bbdaa2631de69a4) (TextureImporter) -> (artifact id: 'd97bf55bf9cbae3786fbcb5131fcc041') in 0.0021046 seconds
Start importing Assets/LayeredTerrain/GrassSoil/LandformGrass/Mask-10.png using Guid(28dd78ca911694b4a87e22efd816c9be) (TextureImporter) -> (artifact id: 'ad3c55fa28cd2b2b65bb8d541c4b2bb4') in 0.001871 seconds
Start importing Assets/LayeredTerrain/CompositeBrushes/GrassSoil/Runtime64/Mask-15.png using Guid(3894f90109b3dfd41868cada90555f94) (TextureImporter) -> (artifact id: '6f9f755402ccbf2ffb100e690a5171e1') in 0.0020096 seconds
Start importing Assets/LayeredTerrain/Trials/CombinedWorkflowProtected/Runtime32/Mask-15.png using Guid(38656de081afa684eacc3ea7ecf9d0a9) (TextureImporter) -> (artifact id: '4c17f4df61cfac2edf687d6f90ff55ff') in 0.0018982 seconds
Start importing Assets/LayeredTerrain/GrassSoil/Square/LandformStoneRoad/Mask-03.png using Guid(48406405bb5261c4a827b2a4efcd05fb) (TextureImporter) -> (artifact id: 'b5ee0e148eae76458003445dc8ff1026') in 0.0040616 seconds
Start importing Assets/DualGridDemo/PixelGrass/Generated/Mask-14.png using Guid(48f314c132e24de4392e44d678265da8) (TextureImporter) -> (artifact id: '2d53a961c9ec4cf945aef2fbad6091c6') in 0.0018664 seconds
Start importing Assets/DualGridDemo/CartoonGrass/Mask-00.png using Guid(48757850c50d8ba4fb1014fc207b67ef) (TextureImporter) -> (artifact id: '273548ced2c9efc379c0dd332a76751c') in 0.0121541 seconds
Start importing Assets/UI/Art/Runtime/sunny-orchard-painted/illustrations/illustration-lobby-orchard-01.png using Guid(58809df3ea6ed298b68d75b342dba31c) (TextureImporter) -> (artifact id: '11c1ed2dea7f5f4328c0dd49c6619bc9') in 0.0027164 seconds
Start importing Assets/DualGridTerrain/StoneFloor/Generated/Mask-09.png using Guid(583ce805d0799db4d95819cfd65d6a05) (TextureImporter) -> (artifact id: '76bb49ff807a314675c0d391d552a0be') in 0.0022981 seconds
Start importing Assets/UI/Art/Runtime/sunny-orchard/action-danger.png using Guid(78ab4add444969d9b0cb53a9ae0bc0c7) (TextureImporter) -> (artifact id: '2f0ca3e3b7f65f12c712eb386900728c') in 0.0022903 seconds
Start importing Assets/LayeredTerrain/GrassSoil/Square/Sources/GrassOnSoilSquareImagegenDraft.png using Guid(889254a3cfe5d364b85928e9d4e8fcf2) (TextureImporter) -> (artifact id: '3ec4f9d4895437784c3043cb1fb66e9c') in 0.0481966 seconds
Start importing Assets/LayeredTerrain/CompositeBrushes/GrassSoil/Runtime64/Mask-11.png using Guid(88ba278fe22d9874faeb875ce55ad45f) (TextureImporter) -> (artifact id: 'd99d99a928bd5531ba067b566751775e') in 0.0024452 seconds
Start importing Assets/LayeredTerrain/GrassSoil/Square/LandformStoneRoad/Mask-08.png using Guid(984c20641d1c48741a48665e372b36bd) (TextureImporter) -> (artifact id: '7b547775a331f661c3f9a2d9891653fd') in 0.003704 seconds
Start importing Assets/UI/Art/Sources/sunny-orchard-painted/icons/indicator-swap.png using Guid(a8b0ea89b10f2b0f0bb1eccb9f610ede) (TextureImporter) -> (artifact id: '8ef7adf303a9c126696fd8eb3bae0588') in 0.0135594 seconds
Start importing Assets/LayeredTerrain/GrassSoil/Square/LandformGrass/Mask-15.png using Guid(a849eccd0a07cd5408dab51a5c5e58da) (TextureImporter) -> (artifact id: 'fbe0dc997e75acf8c5d243b9b2c5e400') in 0.0043626 seconds
Start importing Assets/LayeredTerrain/GrassSoil/Square/LandformGrass/Mask-02.png using Guid(c894766a274359a40a2b8dccb2592dad) (TextureImporter) -> (artifact id: '8cc6de034c1b3a62a992a69505b6ee2b') in 0.0041235 seconds
Start importing Assets/UI/Art/Runtime/sunny-orchard/indicator-merge.png using Guid(c8db5507433273b6532e39de66d8a682) (TextureImporter) -> (artifact id: '6859e5d3d7f6a865785e3f679d1d13cd') in 0.0023037 seconds
Start importing Assets/UI/Art/Runtime/sunny-orchard-painted/icons/indicator-warning.png using Guid(d8f02eaa7df58c0be17ba66cc6ca5002) (TextureImporter) -> (artifact id: 'fd3e2cde3fd2097c5b13104bf9335bfe') in 0.0022329 seconds
Start importing Assets/LayeredTerrain/GrassSoil/Square/LandformStoneRoad/Mask-15.png using Guid(d8d20b5e3bc1bd54ab27d98f286d2767) (TextureImporter) -> (artifact id: 'e62ab797267a966bff65a6e13937bd2f') in 0.0039223 seconds
Start importing Assets/LayeredTerrain/GrassSoil/Square/LandformGrass/Mask-03.png using Guid(d8d953e2392edcc40be15628c2abafbc) (TextureImporter) -> (artifact id: '064340b813b1120a265dddbdffe587e0') in 0.0037247 seconds
Start importing Assets/DualGridDemo/CartoonGrass/Mask-03.png using Guid(e8d940c2cf2394144a7c17a03235c7f9) (TextureImporter) -> (artifact id: 'ad3dbbeeaf49b9c1d847f78ad26de4b6') in 0.0143545 seconds
Start importing Assets/UI/Art/Sources/sunny-orchard-painted/surfaces/surface-screen-background.png using Guid(e8aec71b998cb4c0c1d44d84c45b10ae) (TextureImporter) -> (artifact id: 'c33e7a69e358ea33f60663da546fd33f') in 0.0033716 seconds
Start importing Assets/LayeredTerrain/GrassSoil/EdgeSoilOnGrassRefined/Mask-04.png using Guid(f85131215eb3d8948a6538c2e65b869d) (TextureImporter) -> (artifact id: '0723fe4546d3096354b77e2c281706ca') in 0.0019796 seconds
Start importing Assets/LayeredTerrain/GrassSoil/LandformGrass/Mask-09.png using Guid(f882d7d1251303d4ebcee017ffc851ee) (TextureImporter) -> (artifact id: '7f9e09c485870136e321cb9f19ec9a0c') in 0.0018925 seconds
Start importing Assets/UI/Art/Sources/sunny-orchard-painted/icons/icon-control-pause.png using Guid(f8b34e2e738ed8d6a0fce5211deeacab) (TextureImporter) -> (artifact id: 'adf24da7a7bf588e570fc59b91b28d8c') in 0.0138496 seconds
Start importing Assets/UI/Art/Sources/sunny-orchard-painted/surfaces/surface-section-ribbon.png using Guid(f80928a3a6d1d495515ad67805775a1f) (TextureImporter) -> (artifact id: 'a3324b5e8b51401e1267b346e64d887b') in 0.0406285 seconds
Start importing Assets/LayeredTerrain/GrassSoil/Square/Sources/GrassOnSoilContinuousRibbon-v1.png using Guid(f80a68b73b10c7e4daa5777a87c3bdcd) (TextureImporter) -> (artifact id: 'f0c721d247836be2df64751ce29a4ac8') in 0.0494666 seconds
Start importing Assets/DualGridDemo/PixelGrass/Generated/Mask-04.png using Guid(f8bd074fbc1009f49a6f8c7e5846ee80) (TextureImporter) -> (artifact id: '635eac879015e8e48009e989ffd4b00a') in 0.0022426 seconds
Start importing Assets/DualGridTerrain/StoneFloor/Generated/Mask-01.png using Guid(1923ecb3fd4bd664ca57daf5c2dd3cd3) (TextureImporter) -> (artifact id: '1b5a29ccfc6b51d336a98ba05ff57bf2') in 0.0018988 seconds
Start importing Assets/LayeredTerrain/GrassSoil/LandformGrass/Mask-13.png using Guid(19a8d40a808822942be5ad06d0e7140c) (TextureImporter) -> (artifact id: 'f95b9edf15a8bbf00e61bfbf7035fadd') in 0.0017705 seconds
Start importing Assets/UI/Art/Runtime/sunny-orchard/slot-nursery.png using Guid(29a52cfbbf47d8ef5e436a8b8939a235) (TextureImporter) -> (artifact id: '4af742e149346f22fbff85718af61a08') in 0.0020888 seconds
Start importing Assets/LayeredTerrain/CompositeBrushes/StoneWater/Runtime64/Mask-10.png using Guid(39fd80fe2153b6140894abb0b90c7a97) (TextureImporter) -> (artifact id: '5a9bb806eea22cf6292f0e33768c21e4') in 0.0019744 seconds
Start importing Assets/UI/Art/Runtime/sunny-orchard/indicator-error.png using Guid(495839732be5c60ff755ea2d4d72540c) (TextureImporter) -> (artifact id: 'b0d0edb4334a05e2417f3e756d987ad9') in 0.0019289 seconds
Start importing Assets/LayeredTerrain/GrassSoil/LandformGrass/Mask-05.png using Guid(5942ebe985dc29745b9d8d101cc4ad07) (TextureImporter) -> (artifact id: '0d7d7df01e7ee605466d41b11d64570d') in 0.0020242 seconds
Start importing Assets/Resources/TempArt/combat-vfx-atlas.png using Guid(5974dd4614fa0204caa7659fa9fad9d5) (TextureImporter) -> (artifact id: '54f1de9341692e5d67e6f5ab49a92898') in 0.0414417 seconds
Start importing Assets/UI/Art/Sources/sunny-orchard-painted/illustrations/illustration-lobby-orchard-03.png using Guid(697008ff606e8594be011d8150d9a294) (TextureImporter) -> (artifact id: 'eb38e9d131d7127c630afca9a031bb2f') in 0.0443718 seconds
Start importing Assets/UI/Art/Sources/sunny-orchard-painted/surfaces/surface-panel-raised.png using Guid(79a0cd111c35c15c05e68d7e30799b75) (TextureImporter) -> (artifact id: '4743d62886f2b94cce10c043b0b8a78c') in 0.0041028 seconds
Start importing Assets/LayeredTerrain/GrassSoil/EdgeSoilOnGrassRefined/Mask-07.png using Guid(793506699e553004a988c5370d05d6e2) (TextureImporter) -> (artifact id: 'f48fb919ce27f390bff2542d91b73e18') in 0.0021147 seconds
Start importing Assets/LayeredTerrain/GrassSoil/Base/Soil.png using Guid(79bfd5d0bde8065458005f12a1edaebe) (TextureImporter) -> (artifact id: 'e4ba265e8c34b8063149f41f99f6883d') in 0.001877 seconds
Start importing Assets/UI/Art/Sources/sunny-orchard-painted/surfaces/surface-panel-standard.png using Guid(89776df4a9c3767d7317c48f9006b13f) (TextureImporter) -> (artifact id: 'd60e2195a0515402def9f2178164256a') in 0.0032435 seconds
Start importing Assets/LayeredTerrain/GrassSoil/EdgeGrassOnSoilRefined/Mask-15.png using Guid(89b769b8176e2834ba1ddfa8bb26f88f) (TextureImporter) -> (artifact id: 'c6b5a12dbd1c1a7a56847f7488482f73') in 0.0017835 seconds
Start importing Assets/LayeredTerrain/GrassSoil/EdgeGrassOnSoilRefined/Mask-02.png using Guid(a966f24b79e88b54d8c1b3f236162b43) (TextureImporter) -> (artifact id: 'a96c127e7fa26dd3195fa433b910efde') in 0.0018189 seconds
Start importing Assets/UI/Art/Sources/sunny-orchard-painted/surfaces/surface-modal.png using Guid(c958abc1990c794d56331c3d02690e07) (TextureImporter) -> (artifact id: '0eb281b979549f748f98f9647ad93b98') in 0.0033508 seconds
Start importing Assets/UI/Art/Runtime/sunny-orchard/indicator-drag-legal.png using Guid(c96a85d959748ea5d0babc77f1d78cda) (TextureImporter) -> (artifact id: 'e55bbd2d0c4d27121710435dcdc36072') in 0.0021567 seconds
Start importing Assets/LayeredTerrain/GrassSoil/Square/LandformGrass/Mask-06.png using Guid(c97a435cafa475c4d8e0219c2329936d) (TextureImporter) -> (artifact id: '55d43c08f0a746462d9fd13ee111ce53') in 0.0036674 seconds
Start importing Assets/LayeredTerrain/GrassSoil/Square/EdgeGrassOnSoilPainted/Mask-05.png using Guid(c9ed46b69b851a5498a06a19f636b2a7) (TextureImporter) -> (artifact id: '3367563780ba31a4abd718ad2a2163b1') in 0.003808 seconds
Start importing Assets/DualGridDemo/PixelGrass/Generated/Mask-06.png using Guid(d98f02ae8a05d56408d2c3a6afe1990f) (TextureImporter) -> (artifact id: 'c262480512dfec32efbf1088536a7b39') in 0.0017738 seconds
Start importing Assets/LayeredTerrain/CompositeBrushes/StoneWater/Runtime64/Mask-08.png using Guid(e9e29fcef77690d429bf05bf7a24c6e4) (TextureImporter) -> (artifact id: 'f936a7ce3e05fa09c2c7cd5c46e8fcc0') in 0.0018411 seconds
Start importing Assets/UI/Art/Runtime/sunny-orchard-painted/icons/indicator-drag-illegal.png using Guid(e97f65bce38252808c830dad91974fdb) (TextureImporter) -> (artifact id: '5985ebc5356fb60691799c01af4d2066') in 0.0021301 seconds
Start importing Assets/UI/Art/Runtime/sunny-orchard-painted/icons/icon-tool-pot.png using Guid(f9d06a6a23be886792d5e023ee84294e) (TextureImporter) -> (artifact id: 'ce1d0e00e21d039aa09f0db5b5b2b454') in 0.0022237 seconds
Start importing Assets/DualGridTerrain/StoneFloor/Generated/Mask-04.png using Guid(f964f22231450e84eb3344fc7ff45ad3) (TextureImporter) -> (artifact id: '47172121d64478af1f5f96b0654d393b') in 0.001928 seconds
Start importing Assets/UI/Art/Runtime/sunny-orchard/surface-scrim.png using Guid(f92c557f9eae432f27cddfcfb4ceb9c5) (TextureImporter) -> (artifact id: 'd9ce81e1557247c95c1c21cdaddf0111') in 0.0016961 seconds
Start importing Assets/LayeredTerrain/GrassSoil/EdgeGrassOnSoilRefined/Mask-05.png using Guid(1ab21c761be328344951e682a2269533) (TextureImporter) -> (artifact id: 'a9cbba1f75391a45185a524229f0473f') in 0.0018649 seconds
Start importing Assets/UI/Art/Runtime/sunny-orchard/surface-modal.png using Guid(2a2ef291622a05c71c0f27f8e577bdb8) (TextureImporter) -> (artifact id: '93dd0a42c541702c1fb3f05fcdbe957d') in 0.0022006 seconds
Start importing Assets/LayeredTerrain/GrassSoil/Square/EdgeGrassOnSoilPainted/Mask-14.png using Guid(4ac2bf51053d28f41b3ab33ab5a263d5) (TextureImporter) -> (artifact id: '55944152d7074fb5f2105618617eec9c') in 0.0033871 seconds
Start importing Assets/DualGridDemo/PixelGrass/Generated/Mask-09.png using Guid(4a4d2b76d7bd29442a68533deb55b9ec) (TextureImporter) -> (artifact id: 'dc4815fdf9f0ecb75e286e28cf140775') in 0.0018738 seconds
Start importing Assets/LayeredTerrain/GrassSoil/Square/LandformSoil/Mask-12.png using Guid(5afc737d30bdf184a821b82c81d946ad) (TextureImporter) -> (artifact id: '5357575f74fa45eefffce21149203c58') in 0.0037324 seconds
Start importing Assets/UI/Art/Sources/sunny-orchard-painted/icons/icon-resource-core.png using Guid(8a4f628ace92805493150ce349298061) (TextureImporter) -> (artifact id: '33dc69e273db0c488e27db8370dc72ed') in 0.0140367 seconds
Start importing Assets/LayeredTerrain/GrassSoil/LandformGrass/Mask-04.png using Guid(9a001c2eddb1b1843a6a86549dc16706) (TextureImporter) -> (artifact id: 'e91c9d59935bfbfa1a0e73fc756fcd50') in 0.0024004 seconds
Start importing Assets/UI/Art/Runtime/sunny-orchard/indicator-disabled.png using Guid(9a302bf9ab1844dc77fd993ceab50675) (TextureImporter) -> (artifact id: '3153b9939eecde7351881cf63dd51bc0') in 0.0022384 seconds
Start importing Assets/UI/Art/Runtime/sunny-orchard-painted/icons/indicator-merge.png using Guid(9a35a20c7614a793ce9cd7a9c8149a7e) (TextureImporter) -> (artifact id: 'bd3dfed70a0f7673b22b43e2eebd077a') in 0.0022436 seconds
Start importing Assets/LayeredTerrain/GrassSoil/Square/LandformSoil/Mask-06.png using Guid(9a982f4049710d343ae006e3b8b7138f) (TextureImporter) -> (artifact id: '6a5d60164365bb1f06b94fa2143d725d') in 0.0038015 seconds
Start importing Assets/LayeredTerrain/GrassSoil/Square/LandformSoil/Mask-07.png using Guid(aa478851dea02a2449209cbc35cf4c83) (TextureImporter) -> (artifact id: '7e5c74cd1e82796a78fd2334bd075ac8') in 0.0043217 seconds
Start importing Assets/LayeredTerrain/GrassSoil/Square/LandformSoil/Mask-02.png using Guid(aa9f84d052cb2a348adc6ed23555a928) (TextureImporter) -> (artifact id: '407098198ed19f54ed68a688e9546698') in 0.0039063 seconds
Start importing Assets/UI/Art/Runtime/sunny-orchard/icon-resource-wave.png using Guid(baeace2658f788359fd9581a3129b47f) (TextureImporter) -> (artifact id: '9f250499fe05116e06665b65a15aece0') in 0.0023598 seconds
Start importing Assets/UI/Art/Sources/sunny-orchard-painted/illustrations/illustration-lobby-orchard-02.png using Guid(bafb2368ef34f826ee24ad690ce695a9) (TextureImporter) -> (artifact id: '049940efc1b3205ad12953211522b1e1') in 0.0582882 seconds
Start importing Assets/UI/Art/Runtime/sunny-orchard-painted/surfaces/surface-panel-raised.png using Guid(ca6d054466a7f7e47e9d08f61f3c1fc8) (TextureImporter) -> (artifact id: '2076032ba094dfd585faa884c84fce6c') in 0.0029901 seconds
Start importing Assets/LayeredTerrain/GrassSoil/Square/LandformGrass/Mask-07.png using Guid(da272db91bb89a742adc35f6a33098d2) (TextureImporter) -> (artifact id: 'def6914058628265fc1535e314cbe3ff') in 0.0049951 seconds
Start importing Assets/UI/Art/Runtime/sunny-orchard/surface-detail.png using Guid(da4e4d55ca7174cb97c433962ba94f30) (TextureImporter) -> (artifact id: 'a3523a69dd6ea36efd9103cf52c277c4') in 0.0029772 seconds
Start importing Assets/UI/Art/Runtime/sunny-orchard-painted/icons/indicator-loading.png using Guid(eaf59d86d571f66b1e8c75d86a58a802) (TextureImporter) -> (artifact id: '9e26f331bb04091c246fecb7500fe89d') in 0.0022588 seconds
Start importing Assets/LayeredTerrain/Trials/CombinedWorkflowProtected/Runtime32/Mask-11.png using Guid(0bc6d0bdf067eb548a807a6b5c895789) (TextureImporter) -> (artifact id: '8c65aecfdd19350a09647071e2c31f6d') in 0.0019237 seconds
Start importing Assets/LayeredTerrain/CompositeBrushes/GrassSoil/Runtime64/Mask-03.png using Guid(0b5baa3ba85ccad4f97e7a4c9ab09c4c) (TextureImporter) -> (artifact id: '758d0536cf8bdc8a9756b5726732ab51') in 0.0019113 seconds
Start importing Assets/LayeredTerrain/GrassSoil/Square/LandformGrass/Mask-10.png using Guid(0bed231ed19db8246809032a67b4f3fc) (TextureImporter) -> (artifact id: '21faf131b554328150f7b563f4423269') in 0.0039081 seconds
Start importing Assets/UI/Art/Runtime/sunny-orchard/surface-safe-area.png using Guid(0b6f35333564fcaaedfe0b6f4939638b) (TextureImporter) -> (artifact id: 'eef1ee6f7d87c97f509a656388a46ae1') in 0.0021983 seconds
Start importing Assets/LayeredTerrain/GrassSoil/Square/EdgeGrassOnSoilPainted/Mask-00.png using Guid(0bbf86e1edc816c42b393c9159e780e9) (TextureImporter) -> (artifact id: 'da115fa9778caaf9f956f19861fa623f') in 0.0031669 seconds
Start importing Assets/LayeredTerrain/GrassSoil/LandformGrass/Mask-01.png using Guid(2bd8b731c59e45840af7e07c84b75ed4) (TextureImporter) -> (artifact id: '90f6252e6a0110499b30cc849c274efc') in 0.0019958 seconds
Start importing Assets/LayeredTerrain/GrassSoil/Base/Grass.png using Guid(3b57ca72d97b98946b5a31c3b6da2452) (TextureImporter) -> (artifact id: '6bf9bd644b6bc8cb2b88b01369e002f0') in 0.00177 seconds
Start importing Assets/LayeredTerrain/GrassSoil/EdgeGrassOnSoilRefined/Mask-04.png using Guid(3b0850f71507f414ca29f042250ad78c) (TextureImporter) -> (artifact id: '97a036fd872efe990a454d5a71c9f8b9') in 0.001933 seconds
Start importing Assets/UI/Art/Runtime/sunny-orchard-painted/icons/indicator-disabled.png using Guid(3b98294cee2ccd99674b8d6922128c86) (TextureImporter) -> (artifact id: '0648f372a151cee59f94ecfa438310f4') in 0.0021263 seconds
Start importing Assets/LayeredTerrain/GrassSoil/Square/LandformStoneRoad/Mask-01.png using Guid(4be69dec0facca64cb7ef82490d62b0a) (TextureImporter) -> (artifact id: '7389b15b0ace1b5db1ed7cd66318d22f') in 0.0035902 seconds
Start importing Assets/UI/Art/Runtime/sunny-orchard-painted/surfaces/surface-panel-standard.png using Guid(4b7cae1cf3370e8ef6224428d92c471e) (TextureImporter) -> (artifact id: 'c8337a04c6d3fe0d6ad092c79a248b78') in 0.0023922 seconds
Start importing Assets/UI/Art/Runtime/sunny-orchard/surface-card-selectable.png using Guid(4b0dd75ed1f8f987d2e508cb47da4768) (TextureImporter) -> (artifact id: '117d75de8ac087c6433f42604ef099bc') in 0.0022774 seconds
Start importing Assets/LayeredTerrain/CompositeBrushes/StoneWater/Runtime64/Mask-00.png using Guid(5bc146104e7127f4ba0664237ac225b3) (TextureImporter) -> (artifact id: '7431474e2ad1b5db84f8f1c0e8a2269f') in 0.0019873 seconds
Start importing Assets/LayeredTerrain/GrassSoil/EdgeGrassOnSoilRefined/Mask-00.png using Guid(6b89c4b5b2bb2c645ae77e4f75bad420) (TextureImporter) -> (artifact id: '2403c3cebe804f07cb6d4aca0f525669') in 0.0018733 seconds
Start importing Assets/LayeredTerrain/GrassSoil/EdgeGrassOnSoilRefined/Mask-11.png using Guid(7bc01956d5e797947ade39d27c5389c3) (TextureImporter) -> (artifact id: 'ace7bf0cd6a32786d75ed87d229d947b') in 0.0018462 seconds
Start importing Assets/UI/Art/Runtime/sunny-orchard-painted/ornaments/ornament-screen-corner.png using Guid(8b29f204b254f88d5ff6a91bc1997cc1) (TextureImporter) -> (artifact id: '4939a8be756d708122e87c96f7f2212c') in 0.0019844 seconds
Start importing Assets/UI/Art/Sources/sunny-orchard-painted/icons/icon-resource-sun.png using Guid(8b9951f98f4856873fe97463ad92a9b8) (TextureImporter) -> (artifact id: '565b98f0eae4efd2ec6322a2f649e80e') in 0.0143717 seconds
Start importing Assets/LayeredTerrain/GrassSoil/EdgeSoilOnGrassRefined/Mask-00.png using Guid(8b1e0328d3d184f4eaa2d23771a8de8e) (TextureImporter) -> (artifact id: 'c030845023d3705a3b8fd28bed4f5701') in 0.0029825 seconds
Start importing Assets/UI/Art/Runtime/sunny-orchard-painted/illustrations/illustration-lobby-orchard-03.png using Guid(9b87167019fe5829f79df476ff29f3ef) (TextureImporter) -> (artifact id: '54a289051465999f3a2f7b35e7d3c5d2') in 0.0027647 seconds
Start importing Assets/LayeredTerrain/CompositeBrushes/StoneWater/Runtime64/Mask-12.png using Guid(9b1aea4785f3fcb43b73823fd140254f) (TextureImporter) -> (artifact id: '3e9b4a23ba31f46a9ce44ee60b86def4') in 0.0021686 seconds
Start importing Assets/LayeredTerrain/GrassSoil/Square/Sources/ApprovedStyleReference.png using Guid(ab1cf68101594749bf50cb3358f606cb) (TextureImporter) -> (artifact id: '39fb8b6001a957f770514680621465bf') in 0.0056725 seconds
Start importing Assets/LayeredTerrain/GrassSoil/EdgeGrassOnSoilRefined/Mask-06.png using Guid(bb06148f5efe9a045a2cb76c8144aa8f) (TextureImporter) -> (artifact id: '0bdc731d6494fef93c95ba0fe06549df') in 0.0020148 seconds
Start importing Assets/LayeredTerrain/GrassSoil/Square/LandformGrass/Mask-01.png using Guid(bb47c342a345ef345b3f047b2534b0c8) (TextureImporter) -> (artifact id: '4b8ab4b11380b9f1b065f881ef899a29') in 0.0038268 seconds
Start importing Assets/LayeredTerrain/Trials/CombinedWorkflowProtected/Runtime32/Mask-03.png using Guid(bb77660a2ea82824197a598d42195da1) (TextureImporter) -> (artifact id: 'd4fb64a8c8f8faef59d05ac0dc0f277b') in 0.0018903 seconds
Start importing Assets/DualGridDemo/CartoonGrass/Mask-10.png using Guid(bba8e45038e45ae43a43b0936f4d13bd) (TextureImporter) -> (artifact id: '034b388c145497c2edc1a1082ae91437') in 0.0139171 seconds
Start importing Assets/UI/Art/Runtime/sunny-orchard-painted/surfaces/surface-card-selectable.png using Guid(bb8b22a7c34fae3ac4757a58c64b776f) (TextureImporter) -> (artifact id: '2d24b153cf63eac4ef9784504647cfd3') in 0.0024792 seconds
Start importing Assets/LayeredTerrain/GrassSoil/Square/LandformGrass/Mask-13.png using Guid(bb8f03f4d95205e4c9d3932ae83beeb1) (TextureImporter) -> (artifact id: '9a23f427cb45f43e95f6bc0aa924760f') in 0.0041643 seconds
Start importing Assets/LayeredTerrain/Trials/CombinedWorkflowProtected/Runtime32/Mask-02.png using Guid(cbf05beb21037b54f8236607817d63fb) (TextureImporter) -> (artifact id: '87f9418031dcf8413613f9993d8d2498') in 0.0019789 seconds
Start importing Assets/UI/Art/Sources/sunny-orchard-painted/icons/indicator-disabled.png using Guid(cb8888169b342c4c3516ca2078a8e635) (TextureImporter) -> (artifact id: '69ee325de69f870a8e854648e4cddd23') in 0.0132334 seconds
Start importing Assets/LayeredTerrain/GrassSoil/Square/Topology/SquareContourTopologyGuide.png using Guid(cbeea235c94c1724ead1b2b2caab2685) (TextureImporter) -> (artifact id: '0eb437abf5e913f37f00f78883a10937') in 0.018008 seconds
Start importing Assets/DualGridDemo/CartoonGrass/Mask-09.png using Guid(ebe70631cff32cd42998e62243d493a3) (TextureImporter) -> (artifact id: 'cbb2b769f1b070f6450998a6a21a7e2f') in 0.0162599 seconds
Start importing Assets/UI/Art/Runtime/sunny-orchard-painted/icons/icon-control-speed.png using Guid(fb4c422d6646ae4aba60104a1c9d5305) (TextureImporter) -> (artifact id: '298adf7f568b3a9a9c5520f7eeabb43a') in 0.002735 seconds
Start importing Assets/LayeredTerrain/GrassSoil/EdgeGrassOnSoilRefined/Mask-14.png using Guid(3c755f985b4f5ec42acbf35b251ff93d) (TextureImporter) -> (artifact id: '5aaf94226f1f86ee12c83ea704ff3160') in 0.0022663 seconds
Start importing Assets/UI/Art/Runtime/sunny-orchard/icon-control-close.png using Guid(3c4914eb522977e1065661da7e254909) (TextureImporter) -> (artifact id: '2512ea5d9c0f1f304b8cb5a64e1e718f') in 0.0022822 seconds
Start importing Assets/LayeredTerrain/GrassSoil/Square/EdgeGrassOnSoilPainted/Mask-04.png using Guid(4c1487c41187e3a419bbfa79a778611b) (TextureImporter) -> (artifact id: '9a2d3d549f8afad715f27607dee9aa11') in 0.0035779 seconds
Start importing Assets/LayeredTerrain/GrassSoil/LandformGrass/Mask-11.png using Guid(5c01248b52860e34685aae93fcb944b4) (TextureImporter) -> (artifact id: 'b32f2325340bea53198de678e40a887e') in 0.0019735 seconds
Start importing Assets/DualGridDemo/CartoonGrass/Mask-07.png using Guid(5cd4d391bf6dbdf4fb90d9eac1bac1e3) (TextureImporter) -> (artifact id: 'fe89f9f8b9481920c205b8ef38f97321') in 0.016807 seconds
Start importing Assets/UI/Art/Runtime/sunny-orchard-painted/surfaces/surface-scrim.png using Guid(5caaa4a48fae43875e333f0c92a00d96) (TextureImporter) -> (artifact id: '31c67af47b669882c18fe64e16fa2fdf') in 0.0022535 seconds
Start importing Assets/LayeredTerrain/GrassSoil/LandformGrass/Mask-12.png using Guid(6cb69dcb46557964c8e2d4ba14261786) (TextureImporter) -> (artifact id: '8bd33c1c12d8c5ae9f981917d2647940') in 0.0020097 seconds
Start importing Assets/LayeredTerrain/GrassSoil/Square/EdgeGrassOnSoilPainted/Mask-08.png using Guid(6c7ccc8749f40904e9113c1543ea8815) (TextureImporter) -> (artifact id: 'ab00eaa86b266935dc7b7301ccb281b4') in 0.0035136 seconds
Start importing Assets/LayeredTerrain/GrassSoil/Square/Topology/SquareContourImagegenReference.png using Guid(7c136cc936a0fc04bbb5618319c51b16) (TextureImporter) -> (artifact id: 'a74d7678eb4e3b1dc0d20288aa76393d') in 0.0181002 seconds
Start importing Assets/LayeredTerrain/GrassSoil/LandformSoil/Mask-15.png using Guid(7c739335f209ed444a9e80a3148e4824) (TextureImporter) -> (artifact id: 'edf82de0c8144545ce73199c19d27e9f') in 0.0022027 seconds
Start importing Assets/LayeredTerrain/GrassSoil/Square/LandformGrass/Mask-04.png using Guid(8c001b2f99b0dd14c875cc73a0601ecd) (TextureImporter) -> (artifact id: 'dbb52f73d405e9e9919eef4c4cacf2d3') in 0.0037622 seconds
Start importing Assets/LayeredTerrain/GrassSoil/LandformGrass/Mask-03.png using Guid(8c02e61e916814940b3434fb19d9cbcb) (TextureImporter) -> (artifact id: 'd096a5e160fc59e09d4c190b2cec7414') in 0.0020522 seconds
Start importing Assets/LayeredTerrain/GrassSoil/EdgeSoilOnGrassRefined/Mask-09.png using Guid(8ccaa54c92d9d2e449930061201030af) (TextureImporter) -> (artifact id: 'eea0e1bb99dfb27887563749ed5a038c') in 0.0019219 seconds
Start importing Assets/LayeredTerrain/Trials/CombinedWorkflowProtected/Runtime32/Mask-14.png using Guid(8cfe0935345a3354e9a6b1f3217ceb93) (TextureImporter) -> (artifact id: 'ecc053855812cb8a35ddff05a36700a0') in 0.0020399 seconds
Start importing Assets/UI/Art/Runtime/sunny-orchard-painted/surfaces/surface-result.png using Guid(9c09f2250803ee7a8a0533b475df6c32) (TextureImporter) -> (artifact id: 'c172ce36a33160ba93bfa649a9fa17e3') in 0.0024283 seconds
Start importing Assets/LayeredTerrain/GrassSoil/Square/LandformStoneRoad/Mask-07.png using Guid(ace32c37b3263cd4a9a8fdd514d305c4) (TextureImporter) -> (artifact id: 'f1379f07734b55a16d42fdb7e24388ca') in 0.0041651 seconds
Start importing Assets/UI/Art/Runtime/sunny-orchard-painted/surfaces/surface-modal.png using Guid(ac2b1ee48d947c66d89c7f1d0efce993) (TextureImporter) -> (artifact id: '8b6320de3e078d394b763b36668d7572') in 0.0033567 seconds
Start importing Assets/UI/Art/Runtime/sunny-orchard/action-primary.png using Guid(acfd468232bad9aea7b5bf3e72ac4449) (TextureImporter) -> (artifact id: '3ae3b90dacc2ca0e23329fe61e53fee3') in 0.0021861 seconds
Start importing Assets/LayeredTerrain/GrassSoil/EdgeGrassOnSoilRefined/Mask-13.png using Guid(ccb6f83f5fa254548ba4f570473c12f9) (TextureImporter) -> (artifact id: '4bdf0eee7397e022cf722f86f3ebc1e9') in 0.0019802 seconds
Start importing Assets/DualGridTerrain/StoneFloor/Sources/StoneFloor-Grass.png using Guid(dc0232d060536404bbfd0db9fdd6a00c) (TextureImporter) -> (artifact id: '16c41f1e1375a989fab86a1b0e07339d') in 0.0348464 seconds
Start importing Assets/LayeredTerrain/GrassSoil/LandformGrass/Mask-14.png using Guid(dca360676601dad4da6324effc163d21) (TextureImporter) -> (artifact id: '50a49a7a3f298cf3ce23892798a99453') in 0.0024859 seconds
Start importing Assets/UI/Art/Sources/sunny-orchard-painted/icons/icon-control-refresh.png using Guid(dc57cfdf23673247e4853181a7706946) (TextureImporter) -> (artifact id: '82767cfe727f14cecc512a456f03177b') in 0.0150385 seconds
Start importing Assets/DualGridDemo/PixelGrass/Generated/Mask-08.png using Guid(dc3889886fa6c3c40bf839a0055d84d4) (TextureImporter) -> (artifact id: 'c1d57ef03b417fecdc5ff33edd2647a6') in 0.0023173 seconds
Start importing Assets/DualGridTerrain/StoneFloor/Generated/Mask-05.png using Guid(ec2fb875c9a176546bda301d9bddc79b) (TextureImporter) -> (artifact id: '49ea2e99ba0683a8211a73c4a2372c80') in 0.0021854 seconds
Start importing Assets/DualGridTerrain/StoneFloor/Generated/Mask-14.png using Guid(ecbf4c74e9cf15b478910ac1b11d7d3e) (TextureImporter) -> (artifact id: '8439b8f23c4a072e04d36c23eeda81af') in 0.0017975 seconds
Start importing Assets/LayeredTerrain/CompositeBrushes/GrassSoil/Runtime64/Mask-08.png using Guid(fc4459dbef606414c9add9f6e21f5532) (TextureImporter) -> (artifact id: '5679d87e69d8afb554bc7f8762b0be80') in 0.0018493 seconds
Start importing Assets/LayeredTerrain/GrassSoil/EdgeGrassOnSoilRefined/Mask-12.png using Guid(fc5a33284a5ef3349bdbd319c4dda761) (TextureImporter) -> (artifact id: '3ba5be1548c05719382246cbc2dffbe5') in 0.0017902 seconds
Start importing Assets/UI/Art/Runtime/sunny-orchard/icon-control-continue.png using Guid(0d6193450ebd89c93c675d3ea0283ad2) (TextureImporter) -> (artifact id: '93b84b3588c6a374b10e2eb27b18d48c') in 0.0019571 seconds
Start importing Assets/UI/Art/Sources/sunny-orchard-painted/icons/indicator-loading.png using Guid(0d7860cb01b8810094cfbec60e3ab527) (TextureImporter) -> (artifact id: '4a46d4af0be41c94dc76b6d4c27c7655') in 0.0129671 seconds
Start importing Assets/LayeredTerrain/CompositeBrushes/GrassSoil/Runtime64/Mask-14.png using Guid(0de96a3762fd7574a9d72ca21259d8bb) (TextureImporter) -> (artifact id: 'b3d791e21e4c834cb5a757958a8677c2') in 0.0022492 seconds
Start importing Assets/LayeredTerrain/CompositeBrushes/StoneWater/Runtime64/Mask-07.png using Guid(4d7b70ec11859464f88e12a89ba2ca10) (TextureImporter) -> (artifact id: '9128f1ea95eab6cfcdbe1ce49a99abc7') in 0.0019055 seconds
Start importing Assets/LayeredTerrain/GrassSoil/Square/EdgeGrassOnSoilPainted/Mask-11.png using Guid(5da985cdf5b29334abc1e1ee777fa483) (TextureImporter) -> (artifact id: 'b7f5be9c5ba68f56979d1b5441cd66e2') in 0.0033113 seconds
Start importing Assets/DualGridDemo/PixelGrass/Generated/Mask-12.png using Guid(6d35acff5f3504a44baa2e1d9716078e) (TextureImporter) -> (artifact id: '145aac875f2174f67eb72295d447a294') in 0.001998 seconds
Start importing Assets/LayeredTerrain/GrassSoil/LandformGrass/Mask-15.png using Guid(7da38525e617b97459f293579cf36501) (TextureImporter) -> (artifact id: '368bc9762d46fd1db198d4e77c966131') in 0.0018735 seconds
Start importing Assets/LayeredTerrain/GrassSoil/LandformGrass/Mask-00.png using Guid(8dc04b933d2ce7846ad005246f5fb84f) (TextureImporter) -> (artifact id: '4d41673fc0f639542f0863cb806f73f0') in 0.0018704 seconds
Start importing Assets/LayeredTerrain/CompositeBrushes/GrassSoil/Runtime64/Mask-13.png using Guid(8da61c72a8bd9884ebc4f01c5ab0b84a) (TextureImporter) -> (artifact id: '9f528377507d2ed4f00b7835d7e68a84') in 0.0020619 seconds
Start importing Assets/UI/Art/Runtime/sunny-orchard/icon-tool-pot.png using Guid(9d8695cffe358c056b1dfa4dd1d9cf4c) (TextureImporter) -> (artifact id: '0396bde8977c8411195c7e1d18af007e') in 0.0020681 seconds
Start importing Assets/LayeredTerrain/GrassSoil/EdgeSoilOnGrassRefined/Mask-01.png using Guid(9d2903a6d9c492b498319912cfd12d28) (TextureImporter) -> (artifact id: '69827eb5699e184390d8a99060c58430') in 0.0017706 seconds
Start importing Assets/DualGridTerrain/StoneFloor/Generated/Mask-10.png using Guid(9ddc5620367ab204ca73ffc49804f40b) (TextureImporter) -> (artifact id: '9e6cf901739baa5726de64a4b78316de') in 0.0018991 seconds
Start importing Assets/LayeredTerrain/GrassSoil/Square/LandformStoneRoad/Mask-09.png using Guid(ad74cd53239fcdf419d9554e908bdd16) (TextureImporter) -> (artifact id: 'a76f3c6614687fcc3c653a6efb4a7c07') in 0.0037333 seconds
Start importing Assets/DualGridDemo/PixelGrass/Generated/Mask-05.png using Guid(bd0118daf03b945498dbbc4f20c13a1e) (TextureImporter) -> (artifact id: 'e52b92b48e9810c1800bac78abf723e0') in 0.001938 seconds
Start importing Assets/DualGridDemo/CartoonGrass/Mask-14.png using Guid(bd64e785aae94264a88b8a68ab22f19e) (TextureImporter) -> (artifact id: '029606566989d1f4f75fbfdf10c07fdf') in 0.016139 seconds
Start importing Assets/LayeredTerrain/GrassSoil/Square/LandformSoil/Mask-13.png using Guid(bd9549e4439dece4e985e4382c649da8) (TextureImporter) -> (artifact id: 'f82c837bfa09a50cd79fcb40ac55840a') in 0.0044344 seconds
Start importing Assets/UI/Art/Runtime/sunny-orchard-painted/icons/marker-selected.png using Guid(cdb99773905648e7f2a7432cb509135e) (TextureImporter) -> (artifact id: '01792e85db0e0f97680db76fb078a1d4') in 0.0023463 seconds
Start importing Assets/UI/Art/Runtime/sunny-orchard/surface-metric.png using Guid(dd50a08e3c160f11844e3f94c97700a1) (TextureImporter) -> (artifact id: 'a8f9076c513764d0bbcf27532455e464') in 0.0023058 seconds
Start importing Assets/UI/Art/Sources/sunny-orchard-painted/icons/icon-control-speed.png using Guid(ddd0181f4522b957d0c3ec3bb062acfe) (TextureImporter) -> (artifact id: 'bd47c2e49a02e3fbc239d53f11b4caec') in 0.0135766 seconds
Start importing Assets/UI/Art/Sources/sunny-orchard-painted/surfaces/surface-metric.png using Guid(dd9968578c3862961cf9170d9a85c1e0) (TextureImporter) -> (artifact id: 'bfca13c68d5d2622895236ac70fde748') in 0.0041255 seconds
Start importing Assets/LayeredTerrain/Trials/CombinedWorkflowProtected/Runtime32/Mask-00.png using Guid(dd5aab9d647dcf647826012d2eb982eb) (TextureImporter) -> (artifact id: '648a445eece3685474e1523d43c27bad') in 0.0020806 seconds
Start importing Assets/LayeredTerrain/CompositeBrushes/StoneWater/Runtime64/Mask-14.png using Guid(edb047b0a8c6bb3458663c042379833c) (TextureImporter) -> (artifact id: '395dbdfae9eb72059545ddd0b3c8cc72') in 0.0020443 seconds
Start importing Assets/UI/Art/Sources/sunny-orchard-painted/illustrations/illustration-orchard-vista.png using Guid(ed53b7a74868632d4845f8c2d3823c6c) (TextureImporter) -> (artifact id: 'b3f1afe55c90ba9889d86523e585d5b0') in 0.0410442 seconds
Start importing Assets/LayeredTerrain/GrassSoil/Square/LandformStoneRoad/Mask-02.png using Guid(0e01f6221d37b744da6ef6a278162668) (TextureImporter) -> (artifact id: 'd204bb4e89e97a94c6363dc9ff7447dc') in 0.0041883 seconds
Start importing Assets/UI/Art/Sources/sunny-orchard-painted/surfaces/action-danger.png using Guid(0e76554ae9a985e80eab19d083eb728e) (TextureImporter) -> (artifact id: '62cb24345b6918d4bd1c363f5a6e1ea7') in 0.0036755 seconds
Start importing Assets/UI/Art/Sources/sunny-orchard-painted/icons/icon-control-retry.png using Guid(1e3dff607487904655cf93da5e8a6cfb) (TextureImporter) -> (artifact id: '919058f87d2c6e23bfca946ad6b682d2') in 0.013758 seconds
Start importing Assets/UI/Art/Runtime/sunny-orchard/surface-panel-standard.png using Guid(2e88c9cc3c80092ae60113a8f7ad3dae) (TextureImporter) -> (artifact id: '4d5ef898a56922bc333ca0a3899f9626') in 0.0026622 seconds
Start importing Assets/DualGridDemo/CartoonGrass/Mask-12.png using Guid(2ea8c1b0fda33bd4fbcc3ec64d1ded59) (TextureImporter) -> (artifact id: 'f78ef557f02e2e198c11008df3cc2814') in 0.0146447 seconds
Start importing Assets/LayeredTerrain/GrassSoil/EdgeSoilOnGrassRefined/Mask-12.png using Guid(3e55d835b410fcc48b7c3efb0198c7e1) (TextureImporter) -> (artifact id: 'aaa9dcbb709aad839dadedcc6943445c') in 0.0022253 seconds
Start importing Assets/LayeredTerrain/GrassSoil/EdgeSoilOnGrassRefined/Mask-08.png using Guid(3ebec0f9f93baa840912a02d788f4079) (TextureImporter) -> (artifact id: 'ff2720a753ef61b8dfc7d2ba5f3956c3') in 0.0022135 seconds
Start importing Assets/LayeredTerrain/GrassSoil/Square/EdgeGrassOnSoilPainted/Mask-06.png using Guid(4e1a9aada6eeca245b4c960694b5774b) (TextureImporter) -> (artifact id: 'ae058152dc6091552be526f2d3aa56ed') in 0.0037165 seconds
Start importing Assets/DualGridDemo/CartoonGrass/CartoonGrassSoilBase.png using Guid(5e775d70f72d54847accd96fc554997c) (TextureImporter) -> (artifact id: '98ea92cd890efeacc635b0adbb146647') in 0.0142129 seconds
Start importing Assets/UI/Art/Sources/sunny-orchard-painted/icons/indicator-drag-illegal.png using Guid(5eab030db75badd5fea92ad98c85352c) (TextureImporter) -> (artifact id: 'c5df26ad6b5ec43c980adfa16f9262a6') in 0.0135935 seconds
Start importing Assets/LayeredTerrain/GrassSoil/LandformSoil/Mask-13.png using Guid(5edccef50fcd3c04b8d5ce80a545af4b) (TextureImporter) -> (artifact id: '6c7bc5d2f8131ad2ec787be3ab2700ea') in 0.0024863 seconds
Start importing Assets/LayeredTerrain/GrassSoil/LandformSoil/Mask-11.png using Guid(6ef4b3049decebe41b93878eed8a2ef0) (TextureImporter) -> (artifact id: '4c278c07cb55f5f8b69a479bb94c2225') in 0.0022084 seconds
Start importing Assets/DualGridTerrain/StoneFloor/Generated/Mask-06.png using Guid(6eb901927cf71f04081a66fe89606b10) (TextureImporter) -> (artifact id: '1518f3d849eaf71f392b9ac4f2ec4347') in 0.0020661 seconds
Start importing Assets/LayeredTerrain/GrassSoil/Square/LandformStoneRoad/Mask-04.png using Guid(6e7ce79edf3f7e540b250ee3d5195037) (TextureImporter) -> (artifact id: '5f3616dc426fd18731402c9c9990ab9a') in 0.0042688 seconds
Start importing Assets/UI/Art/Sources/sunny-orchard-painted/icons/icon-control-continue.png using Guid(7ef1015d5937e87d350f43ad2c390b7a) (TextureImporter) -> (artifact id: '3449f80c55811cf71e932689e5cec2f3') in 0.0133409 seconds
Start importing Assets/UI/Art/Runtime/sunny-orchard-painted/icons/icon-control-return.png using Guid(7ed6fffab755e14d6e9bab3ec87299dc) (TextureImporter) -> (artifact id: 'ec8ca7803d63093a1454edcbd2836093') in 0.0024798 seconds
Start importing Assets/DualGridDemo/CartoonGrass/Mask-08.png using Guid(9e60c13610603544f8b11dc4bffb1bd5) (TextureImporter) -> (artifact id: 'bd5f1b862b60bf5dd08be339539f82dc') in 0.0144458 seconds
Start importing Assets/LayeredTerrain/Trials/CombinedWorkflowProtected/Runtime32/Mask-12.png using Guid(9eb3d0aa3f5574b40b6101856c76d43a) (TextureImporter) -> (artifact id: '1bc744902601677cc5df437063d4067d') in 0.0023352 seconds
Start importing Assets/LayeredTerrain/GrassSoil/LandformSoil/Mask-04.png using Guid(9e9bc225f5c522a428557f21897225bb) (TextureImporter) -> (artifact id: '04b20b065d1327be77e7458e75a607e5') in 0.0022759 seconds
Start importing Assets/LayeredTerrain/GrassSoil/Square/LandformSoil/Mask-14.png using Guid(ae311ff60edcfb2489c8cac5df566556) (TextureImporter) -> (artifact id: 'f0d25332b277bac273e1354789de3f61') in 0.00436 seconds
Start importing Assets/LayeredTerrain/Trials/CombinedWorkflowProtected/Runtime32/Mask-04.png using Guid(aeca72c83261b864c92aef5e38f16780) (TextureImporter) -> (artifact id: '49080ac8c6580b1cdba98892c66fa6e3') in 0.0019682 seconds
Start importing Assets/DualGridDemo/CartoonGrass/Mask-05.png using Guid(ae3c42ed7cafdd347a8f2d67e5971306) (TextureImporter) -> (artifact id: '85e1b6c7a1d3c9ac096a64e672415ecc') in 0.0132595 seconds
Start importing Assets/LayeredTerrain/GrassSoil/Square/EdgeGrassOnSoilPainted/Mask-12.png using Guid(ce2169c531e83394fa70dec485b2ff89) (TextureImporter) -> (artifact id: '4c8122c907acb404f1c935ccdd3679e8') in 0.0034267 seconds
Start importing Assets/UI/Art/Runtime/sunny-orchard-painted/surfaces/surface-status.png using Guid(fe716352f6e5480af889aaecf98b5df8) (TextureImporter) -> (artifact id: 'f967f196c43ef32a8072745d9168bfce') in 0.0023428 seconds
Start importing Assets/LayeredTerrain/GrassSoil/Square/LandformSoil/Mask-03.png using Guid(fedca43db3c1c1f46918702acbc8125a) (TextureImporter) -> (artifact id: '04b03ab6b497faa79e25e27bb12c88d6') in 0.0041389 seconds
Start importing Assets/DualGridDemo/CartoonGrass/Mask-11.png using Guid(0f379052ccc1efa4489091ebb5551b67) (TextureImporter) -> (artifact id: 'c997524224330cf6eb0bf7c714d8228f') in 0.0150792 seconds
Start importing Assets/UI/Art/Runtime/sunny-orchard-painted/surfaces/action-danger.png using Guid(1fc23fa236f1a4ed0dce0fe174f6a1a3) (TextureImporter) -> (artifact id: 'b9fa1fdc1fa2d17265566dca0095f3f9') in 0.0026875 seconds
Start importing Assets/UI/Art/Runtime/sunny-orchard/indicator-success.png using Guid(1faf646bd184ab8414584124efc24e99) (TextureImporter) -> (artifact id: '268d11008ea6291b9303c83cd7250f91') in 0.0022784 seconds
Start importing Assets/LayeredTerrain/GrassSoil/EdgeSoilOnGrassRefined/Mask-15.png using Guid(2f9b8f822f8c0a8498a194d6752d96d1) (TextureImporter) -> (artifact id: 'dca5cad6021cfef78c8470a16cb40f06') in 0.0019729 seconds
Start importing Assets/UI/Art/Runtime/sunny-orchard-painted/icons/icon-resource-core.png using Guid(2fbcc2322b2774cd5f9d15249d946952) (TextureImporter) -> (artifact id: '862a7015eb84770b7a4e18ace02579b4') in 0.0024977 seconds
Start importing Assets/LayeredTerrain/GrassSoil/EdgeSoilOnGrassRefined/Mask-14.png using Guid(4fd2644f6b0b5ad4982e3f2491c54d61) (TextureImporter) -> (artifact id: 'b49e8b3f5fadc71e12cee8077dd31cf5') in 0.0018733 seconds
Start importing Assets/LayeredTerrain/GrassSoil/EdgeSoilOnGrassRefined/Mask-02.png using Guid(4fe7c185f5bcc784ab9a860970320b8a) (TextureImporter) -> (artifact id: 'c55e03308fbf4a34e42cd6f9cb816738') in 0.0020789 seconds
Start importing Assets/DualGridDemo/PixelGrass/Generated/Mask-10.png using Guid(4faca5dfbbc3fe84f865ff6256f33538) (TextureImporter) -> (artifact id: 'd9c2fe47dd2dd76a422ffe07c722e03a') in 0.0018612 seconds
Start importing Assets/UI/Art/Runtime/sunny-orchard-painted/surfaces/surface-screen-background.png using Guid(5fb878b839d12d1f37a65b2679a46488) (TextureImporter) -> (artifact id: '1c789df86d9419da7199dfb81346853e') in 0.0032115 seconds
Start importing Assets/UI/Art/Runtime/sunny-orchard-painted/surfaces/action-quiet.png using Guid(5f69d95b0cb4c6769fdf02de793731da) (TextureImporter) -> (artifact id: '93b9712baea8d58cdcc85076c6f9baaf') in 0.0022935 seconds
Start importing Assets/UI/Art/Runtime/sunny-orchard/icon-control-speed.png using Guid(8f75c76f95b1048ecb56ad32b687c690) (TextureImporter) -> (artifact id: '851b56d9737b3e374cfcfa7a7ee72759') in 0.0020324 seconds
Start importing Assets/UI/Art/Runtime/sunny-orchard/icon-control-pause.png using Guid(9fa185fd1ba54dbc274f3d225e45af77) (TextureImporter) -> (artifact id: '7d8522f5706c3ec975a823a8d90d32da') in 0.001989 seconds
Start importing Assets/LayeredTerrain/GrassSoil/Square/EdgeGrassOnSoilPainted/Mask-03.png using Guid(9fb6275dacac46b4a9eab45c7f1660f3) (TextureImporter) -> (artifact id: '6c0ad8506f509d521e1b28f0dd916703') in 0.0031166 seconds
Start importing Assets/DualGridDemo/PixelGrass/Generated/Mask-13.png using Guid(af50dadf63a7a9044b8ca5495a54ea52) (TextureImporter) -> (artifact id: '7a18a68cfdc8e25ccd07de108693dd8e') in 0.0019085 seconds
Start importing Assets/ArtSources/TempArt/cartoon-soil-seamless-hd.png using Guid(bfdbac09411691b4eb229a0e10d41d48) (TextureImporter) -> (artifact id: '4c5ebf9a1a2666ad70037a8e60ef8e6d') in 0.0533334 seconds
Start importing Assets/UI/Art/Runtime/sunny-orchard-painted/illustrations/illustration-orchard-vista.png using Guid(bfae69afc310f82c7ecaefd52d47032e) (TextureImporter) -> (artifact id: '442f33f3ca0da2b62b8fb511757af52f') in 0.003586 seconds
Start importing Assets/DualGridTerrain/StoneFloor/Generated/Mask-11.png using Guid(cf209172ea507ff44961abc3abca0f88) (TextureImporter) -> (artifact id: 'ef4dde48e1377d4b1392e1d8f0c042fd') in 0.0021256 seconds
Start importing Assets/UI/Art/Sources/sunny-orchard-painted/icons/icon-control-close.png using Guid(cfadebbed75d7cc045b37f3a36b3dd59) (TextureImporter) -> (artifact id: '3bbafa9aa87c4257fb1b082c501f7a2c') in 0.0134962 seconds
Start importing Assets/LayeredTerrain/GrassSoil/Square/LandformGrass/Mask-11.png using Guid(cfef6f52332346245ac067a720f57709) (TextureImporter) -> (artifact id: '9a9979478d296574b840bf536d3d5880') in 0.0047032 seconds
Start importing Assets/DualGridDemo/PixelGrass/Generated/Mask-03.png using Guid(ff0c71ef5899f454e921b0efb11b9945) (TextureImporter) -> (artifact id: 'ffe0bde8fa2b438cf36565ee67892289') in 0.0025426 seconds
Start importing Assets/LayeredTerrain/GrassSoil/Square/EdgeGrassOnSoilPainted/Mask-02.png using Guid(ff4cfdcced0146a43ad51632939abae5) (TextureImporter) -> (artifact id: '3ebdc0ed81372271663bffa176a38835') in 0.0035878 seconds
Start importing Assets/Resources/Fonts/NotoSansSC-UI.ttf using Guid(0445ac40b415f994eb06b41378ac9953) (TrueTypeFontImporter) -> (artifact id: '34dbb7ebba4322c2272afaf3e6c47fc2') in 0.0020837 seconds
Refreshing native plugins compatible for Editor in 0.20 ms, found 0 plugins.
Preloading 0 native plugins for Editor in 0.00 ms.
Asset Pipeline Refresh (id=c524d1f71799d5346bdd27c301f91d26): Total: 2.545 seconds - Initiated by RefreshV2(NoUpdateAssetOptions)
	Summary:
		Imports: total=379 (actual=379, local cache=0, cache server=0)
		Asset DB Process Time: managed=23 ms, native=2514 ms
		Asset DB Callback time: managed=4 ms, native=3 ms
		Scripting: domain reloads=0, domain reload time=0 ms, compile time=0 ms, other=0 ms
		Project Asset Count: scripts=175, non-scripts=780
		Asset File Changes: new=0, changed=0, moved=0, deleted=0
		Scan Filter Count: 0
	InvokeCustomDependenciesCallbacks: 0.000ms
	InvokePackagesCallback: 0.001ms
	ApplyChangesToAssetFolders: 0.086ms
	Scan: 0.001ms
	OnSourceAssetsModified: 0.001ms
	CategorizeAssetsWithTransientArtifact: 0.002ms
	ProcessAssetsWithTransientArtifactChanges: 0.007ms
	CategorizeAssets: 2.372ms
	ImportOutOfDateAssets: 2516.210ms (0.040ms without children)
		ImportManagerImport: 2515.841ms (6.920ms without children)
			ImportInProcess: 2507.708ms
			UpdateCategorizedAssets: 1.214ms
		ReloadNativeAssets: 0.000ms
		UnloadImportedAssets: 0.015ms
		ReloadImportedAssets: 0.051ms
		EnsureUptoDateAssetsAreRegisteredWithGuidPM: 0.059ms
		InitializingProgressBar: 0.004ms
		PostProcessAllAssetNotificationsAddChangedAssets: 0.007ms
		OnDemandSchedulerStart: 0.193ms
	PostProcessAllAssets: 6.984ms
	Hotreload: 0.624ms
	GatherAllCurrentPrimaryArtifactRevisions: 0.039ms
	UnloadStreamsBegin: 0.038ms
	PersistCurrentRevisions: 0.405ms
	UnloadStreamsEnd: 0.000ms
	Untracked: 18.306ms

Asset Pipeline Refresh (id=13055a5d47d1b77478c37ffefff537c2): Total: 0.006 seconds - Initiated by RefreshV2(NoUpdateAssetOptions)
Opening scene 'Assets/Scenes/Bootstrap.unity'
Unloading 51 Unused Serialized files (Serialized files now loaded: 0)
Loaded scene 'Assets/Scenes/Bootstrap.unity'
	Deserialize:            17.660 ms
	Integration:            4.506 ms
	Integration of assets:  1.133 ms
	Thread Wait Time:       0.009 ms
	Total Operation Time:   23.309 ms
Unloading 34 unused Assets / (1.1 MB). Loaded Objects now: 905.
Memory consumption went from 157.3 MB to 156.2 MB.
Total: 5.190300 ms (FindLiveObjects: 0.059000 ms CreateObjectMapping: 0.009800 ms MarkObjects: 4.724600 ms  DeleteObjects: 0.396400 ms)

Created GICache directory at C:/Users/18163/AppData/LocalLow/Unity/Caches/GiCache. Took: 0.013s, timestamps: [18.296 - 18.310]
Opening scene 'Assets/Scenes/Lobby.unity'
Unloading 8 Unused Serialized files (Serialized files now loaded: 0)
Loaded scene 'Assets/Scenes/Lobby.unity'
	Deserialize:            0.654 ms
	Integration:            4.962 ms
	Integration of assets:  0.002 ms
	Thread Wait Time:       0.006 ms
	Total Operation Time:   5.623 ms
Unloading 132 unused Assets / (1.4 MB). Loaded Objects now: 807.
Memory consumption went from 155.9 MB to 154.5 MB.
Total: 5.424100 ms (FindLiveObjects: 0.049400 ms CreateObjectMapping: 0.010900 ms MarkObjects: 4.778400 ms  DeleteObjects: 0.584900 ms)

Opening scene 'Assets/Scenes/Battle.unity'
Unloading 266 Unused Serialized files (Serialized files now loaded: 0)
Loaded scene 'Assets/Scenes/Battle.unity'
	Deserialize:            54.998 ms
	Integration:            4.221 ms
	Integration of assets:  1.720 ms
	Thread Wait Time:       0.005 ms
	Total Operation Time:   60.944 ms
Unloading 1 unused Assets / (0.5 KB). Loaded Objects now: 1077.
Memory consumption went from 152.3 MB to 152.3 MB.
Total: 5.329700 ms (FindLiveObjects: 0.058300 ms CreateObjectMapping: 0.011400 ms MarkObjects: 5.246300 ms  DeleteObjects: 0.013000 ms)

Opening scene 'Assets/Scenes/Settlement.unity'
Unloading 125 Unused Serialized files (Serialized files now loaded: 0)
Loaded scene 'Assets/Scenes/Settlement.unity'
	Deserialize:            0.563 ms
	Integration:            4.753 ms
	Integration of assets:  0.001 ms
	Thread Wait Time:       0.005 ms
	Total Operation Time:   5.322 ms
Unloading 394 unused Assets / (7.4 MB). Loaded Objects now: 809.
Memory consumption went from 151.6 MB to 144.2 MB.
Total: 5.603300 ms (FindLiveObjects: 0.062100 ms CreateObjectMapping: 0.016700 ms MarkObjects: 4.914600 ms  DeleteObjects: 0.609300 ms)



Mono dependencies included in the build
Dependency assembly - System.Security.Cryptography.ProtectedData.dll
Dependency assembly - System.Numerics.Vectors.dll
Dependency assembly - System.Globalization.Extensions.dll
Dependency assembly - System.IdentityModel.Selectors.dll
Dependency assembly - System.Net.ServicePoint.dll
Dependency assembly - System.dll
Dependency assembly - System.Threading.Overlapped.dll
Dependency assembly - System.Net.Utilities.dll
Dependency assembly - I18N.Other.dll
Dependency assembly - System.Windows.dll
Dependency assembly - System.Net.dll
Dependency assembly - System.Web.Services.dll
Dependency assembly - System.Globalization.Calendars.dll
Dependency assembly - System.Memory.dll
Dependency assembly - System.Net.NetworkInformation.dll
Dependency assembly - System.IO.FileSystem.DriveInfo.dll
Dependency assembly - System.ServiceModel.Duplex.dll
Dependency assembly - System.Runtime.Serialization.Formatters.dll
Dependency assembly - System.Threading.Tasks.dll
Dependency assembly - System.Net.WebSockets.dll
Dependency assembly - System.Xml.dll
Dependency assembly - System.Resources.ResourceManager.dll
Dependency assembly - System.Runtime.Serialization.dll
Dependency assembly - mscorlib.dll
Dependency assembly - System.ServiceModel.Security.dll
Dependency assembly - Mono.Data.Tds.dll
Dependency assembly - System.Security.Cryptography.Cng.dll
Dependency assembly - System.Reflection.Emit.Lightweight.dll
Dependency assembly - System.Reflection.Emit.ILGeneration.dll
Dependency assembly - System.Runtime.dll
Dependency assembly - System.Net.WebSockets.Client.dll
Dependency assembly - System.Security.Cryptography.Algorithms.dll
Dependency assembly - System.Security.Cryptography.Encryption.Aes.dll
Dependency assembly - System.Collections.NonGeneric.dll
Dependency assembly - System.Security.Principal.Windows.dll
Dependency assembly - System.Threading.Timer.dll
Dependency assembly - Assembly-CSharp.dll
Dependency assembly - System.Security.Cryptography.Hashing.dll
Dependency assembly - System.Xml.XPath.dll
Dependency assembly - System.Data.OracleClient.dll
Dependency assembly - System.Security.Cryptography.Csp.dll
Dependency assembly - System.Data.Services.dll
Dependency assembly - System.Resources.Reader.dll
Dependency assembly - System.Diagnostics.Contracts.dll
Dependency assembly - System.Net.Requests.dll
Dependency assembly - System.Security.SecureString.dll
Dependency assembly - System.IO.FileSystem.AccessControl.dll
Dependency assembly - System.Net.WebHeaderCollection.dll
Dependency assembly - System.Runtime.Serialization.Json.dll
Dependency assembly - System.Web.ApplicationServices.dll
Dependency assembly - System.Web.RegularExpressions.dll
Dependency assembly - System.Threading.Tasks.Extensions.dll
Dependency assembly - System.Net.Http.dll
Dependency assembly - System.Security.Cryptography.X509Certificates.dll
Dependency assembly - System.ServiceModel.Web.dll
Dependency assembly - System.Resources.ReaderWriter.dll
Dependency assembly - System.Net.Ping.dll
Dependency assembly - Microsoft.Win32.Registry.dll
Dependency assembly - System.Linq.Queryable.dll
Dependency assembly - System.IO.FileSystem.dll
Dependency assembly - System.Security.AccessControl.dll
Dependency assembly - System.Drawing.dll
Dependency assembly - System.Management.dll
Dependency assembly - System.Threading.dll
Dependency assembly - System.ComponentModel.Composition.dll
Dependency assembly - System.Runtime.Serialization.Primitives.dll
Dependency assembly - System.Xml.XmlDocument.dll
Dependency assembly - System.Transactions.dll
Dependency assembly - System.Runtime.Caching.dll
Dependency assembly - I18N.CJK.dll
Dependency assembly - System.Diagnostics.FileVersionInfo.dll
Dependency assembly - System.DirectoryServices.Protocols.dll
Dependency assembly - System.Data.dll
Dependency assembly - System.Runtime.InteropServices.WindowsRuntime.dll
Dependency assembly - System.ServiceModel.Discovery.dll
Dependency assembly - System.Reflection.TypeExtensions.dll
Dependency assembly - System.Collections.Specialized.dll
Dependency assembly - System.Drawing.Primitives.dll
Dependency assembly - System.Windows.Forms.dll
Dependency assembly - System.Security.Claims.dll
Dependency assembly - System.Security.Cryptography.Hashing.Algorithms.dll
Dependency assembly - System.Net.AuthenticationManager.dll
Dependency assembly - System.Threading.Tasks.Parallel.dll
Dependency assembly - System.Runtime.Handles.dll
Dependency assembly - System.ComponentModel.Primitives.dll
Dependency assembly - I18N.MidEast.dll
Dependency assembly - Mono.Security.dll
Dependency assembly - System.ComponentModel.TypeConverter.dll
Dependency assembly - System.Net.Http.WebRequest.dll
Dependency assembly - System.Drawing.Design.dll
Dependency assembly - System.Diagnostics.Tools.dll
Dependency assembly - System.Security.Cryptography.Pkcs.dll
Dependency assembly - System.ObjectModel.dll
Dependency assembly - System.Runtime.DurableInstancing.dll
Dependency assembly - System.Diagnostics.Debug.dll
Dependency assembly - System.Runtime.CompilerServices.VisualC.dll
Dependency assembly - System.Collections.Concurrent.dll
Dependency assembly - System.Runtime.Extensions.dll
Dependency assembly - System.Security.Cryptography.Encryption.ECDiffieHellman.dll
Dependency assembly - System.Security.Cryptography.RSA.dll
Dependency assembly - System.Diagnostics.StackTrace.dll
Dependency assembly - System.ServiceModel.NetTcp.dll
Dependency assembly - System.Data.Common.dll
Dependency assembly - System.ComponentModel.DataAnnotations.dll
Dependency assembly - System.Net.NameResolution.dll
Dependency assembly - System.IO.Compression.dll
Dependency assembly - System.Dynamic.Runtime.dll
Dependency assembly - System.Web.Extensions.Design.dll
Dependency assembly - System.Text.Encoding.dll
Dependency assembly - System.IO.MemoryMappedFiles.dll
Dependency assembly - System.Reflection.Primitives.dll
Dependency assembly - System.ServiceModel.Routing.dll
Dependency assembly - Accessibility.dll
Dependency assembly - I18N.dll
Dependency assembly - Microsoft.CSharp.dll
Dependency assembly - System.Net.Security.dll
Dependency assembly - System.ServiceModel.dll
Dependency assembly - System.Threading.AccessControl.dll
Dependency assembly - System.ServiceProcess.dll
Dependency assembly - Microsoft.Win32.Primitives.dll
Dependency assembly - System.Runtime.Serialization.Xml.dll
Dependency assembly - System.Security.Principal.dll
Dependency assembly - System.Numerics.dll
Dependency assembly - System.Diagnostics.TraceSource.dll
Dependency assembly - System.Reflection.Emit.dll
Dependency assembly - System.Json.dll
Dependency assembly - System.Diagnostics.Tracing.dll
Dependency assembly - System.Text.Encoding.CodePages.dll
Dependency assembly - System.Runtime.Remoting.dll
Dependency assembly - System.DirectoryServices.dll
Dependency assembly - System.EnterpriseServices.dll
Dependency assembly - System.Messaging.dll
Dependency assembly - System.Xml.XDocument.dll
Dependency assembly - System.Text.RegularExpressions.dll
Dependency assembly - System.Reflection.dll
Dependency assembly - Microsoft.Win32.Registry.AccessControl.dll
Dependency assembly - System.Net.Primitives.dll
Dependency assembly - System.Xml.XmlSerializer.dll
Dependency assembly - System.Security.Cryptography.Encryption.dll
Dependency assembly - System.Reflection.DispatchProxy.dll
Dependency assembly - System.Data.DataSetExtensions.dll
Dependency assembly - System.Net.Mail.dll
Dependency assembly - System.IO.dll
Dependency assembly - System.ValueTuple.dll
Dependency assembly - System.Web.Extensions.dll
Dependency assembly - System.Data.SqlClient.dll
Dependency assembly - System.Collections.dll
Dependency assembly - System.Runtime.InteropServices.RuntimeInformation.dll
Dependency assembly - System.Windows.Forms.DataVisualization.dll
Dependency assembly - System.Data.Linq.dll
Dependency assembly - System.Configuration.dll
Dependency assembly - System.IdentityModel.dll
Dependency assembly - System.Net.HttpListener.dll
Dependency assembly - System.Console.dll
Dependency assembly - System.Resources.Writer.dll
Dependency assembly - System.ServiceProcess.ServiceController.dll
Dependency assembly - System.Data.Services.Client.dll
Dependency assembly - System.Reflection.Context.dll
Dependency assembly - System.Runtime.Serialization.Formatters.Soap.dll
Dependency assembly - System.IO.IsolatedStorage.dll
Dependency assembly - System.Web.dll
Dependency assembly - System.IO.Compression.ZipFile.dll
Dependency assembly - I18N.Rare.dll
Dependency assembly - System.IO.Pipes.dll
Dependency assembly - System.Text.Encoding.Extensions.dll
Dependency assembly - System.Reflection.Extensions.dll
Dependency assembly - System.ComponentModel.EventBasedAsync.dll
Dependency assembly - System.ComponentModel.dll
Dependency assembly - System.Security.Cryptography.DeriveBytes.dll
Dependency assembly - System.Xaml.dll
Dependency assembly - System.Xml.Serialization.dll
Dependency assembly - System.Security.Cryptography.Primitives.dll
Dependency assembly - System.Net.Sockets.dll
Dependency assembly - System.ServiceModel.Primitives.dll
Dependency assembly - System.Design.dll
Dependency assembly - System.IO.FileSystem.Watcher.dll
Dependency assembly - System.Security.Cryptography.RandomNumberGenerator.dll
Dependency assembly - Mono.Data.Sqlite.dll
Dependency assembly - System.IO.FileSystem.Primitives.dll
Dependency assembly - System.Core.dll
Dependency assembly - System.ServiceModel.Internals.dll
Dependency assembly - System.Security.Cryptography.OpenSsl.dll
Dependency assembly - System.Xml.ReaderWriter.dll
Dependency assembly - System.Runtime.Numerics.dll
Dependency assembly - System.Net.Cache.dll
Dependency assembly - System.Xml.XPath.XDocument.dll
Dependency assembly - System.Linq.Parallel.dll
Dependency assembly - netstandard.dll
Dependency assembly - System.Configuration.Install.dll
Dependency assembly - System.ServiceModel.Activation.dll
Dependency assembly - System.Diagnostics.Process.dll
Dependency assembly - System.ServiceModel.Http.dll
Dependency assembly - System.Diagnostics.TextWriterTraceListener.dll
Dependency assembly - System.Diagnostics.TraceEvent.dll
Dependency assembly - I18N.West.dll
Dependency assembly - System.Linq.dll
Dependency assembly - System.Threading.Thread.dll
Dependency assembly - System.Security.dll
Dependency assembly - System.IO.UnmanagedMemoryStream.dll
Dependency assembly - System.Xml.Linq.dll
Dependency assembly - System.Web.DynamicData.dll
Dependency assembly - System.AppContext.dll
Dependency assembly - System.Buffers.dll
Dependency assembly - System.Runtime.Loader.dll
Dependency assembly - System.Xml.XPath.XmlDocument.dll
Dependency assembly - System.IO.Compression.FileSystem.dll
Dependency assembly - System.Threading.ThreadPool.dll
Dependency assembly - System.ComponentModel.Annotations.dll
Dependency assembly - System.Linq.Expressions.dll
Dependency assembly - System.Globalization.dll
Dependency assembly - System.Security.Cryptography.Encryption.ECDsa.dll
Dependency assembly - System.Security.Cryptography.Encoding.dll
Dependency assembly - System.Runtime.InteropServices.dll
Dependency assembly - System.Data.Entity.dll
Dependency assembly - System.Xml.Xsl.Primitives.dll

Unloading 1 Unused Serialized files (Serialized files now loaded: 0)
Unloading 0 unused Assets / (0 B). Loaded Objects now: 813.
Memory consumption went from 144.8 MB to 144.8 MB.
Total: 4.800800 ms (FindLiveObjects: 0.031400 ms CreateObjectMapping: 0.005900 ms MarkObjects: 4.760100 ms  DeleteObjects: 0.002600 ms)

Unloading 0 Unused Serialized files (Serialized files now loaded: 0)
Unloading 0 unused Assets / (0 B). Loaded Objects now: 813.
Memory consumption went from 144.8 MB to 144.8 MB.
Total: 3.701100 ms (FindLiveObjects: 0.026500 ms CreateObjectMapping: 0.005000 ms MarkObjects: 3.666500 ms  DeleteObjects: 0.002800 ms)

Unloading 1 Unused Serialized files (Serialized files now loaded: 0)
Unloading 186 unused Assets / (150.4 MB). Loaded Objects now: 813.
Memory consumption went from 296.6 MB to 146.1 MB.
Total: 21.143000 ms (FindLiveObjects: 0.041700 ms CreateObjectMapping: 0.010100 ms MarkObjects: 5.310900 ms  DeleteObjects: 15.779500 ms)

Compiling shader "Skybox/Procedural"
  Pass "" (vp)
    Target graphics API: gles3
    Full variant space:         3
    After settings filtering:   3
    After built-in stripping:   3
    After scriptable stripping: 3
    Processed in 0.00 seconds
Launched and connected shader compiler UnityShaderCompiler.exe after 0.01 seconds
Launched and connected shader compiler UnityShaderCompiler.exe after 0.01 seconds
  Pass  (vp, gles3) finished in 0.16 seconds. Local cache hits 0 (0.00s CPU time), remote cache hits 0 (0.00s CPU time), compiled 3 variants (0.34s CPU time), skipped 0 variants.
    Prepared data for serialisation in 0.00s
Serialized binary data for shader Skybox/Procedural in 0.00s
    gles3 (total internal programs: 3, unique: 3)
Compiling shader "Legacy Shaders/VertexLit"
  Pass "" (vp)
    Target graphics API: gles3
    Full variant space:         12
    After settings filtering:   12
    After built-in stripping:   3
    After scriptable stripping: 3
    Processed in 0.00 seconds
  Pass "" (vp)
    Target graphics API: gles3
    Full variant space:         4
    After settings filtering:   4
    After built-in stripping:   1
    After scriptable stripping: 1
    Processed in 0.00 seconds
  Pass "ShadowCaster" (vp)
    Target graphics API: gles3
    Full variant space:         4
    After settings filtering:   4
    After built-in stripping:   2
    After scriptable stripping: 2
    Processed in 0.00 seconds
Launched and connected shader compiler UnityShaderCompiler.exe after 0.01 seconds
Launched and connected shader compiler UnityShaderCompiler.exe after 0.01 seconds
Launched and connected shader compiler UnityShaderCompiler.exe after 0.01 seconds
  Pass  (vp, gles3) finished in 0.14 seconds. Local cache hits 0 (0.00s CPU time), remote cache hits 0 (0.00s CPU time), compiled 3 variants (0.27s CPU time), skipped 0 variants.
    Prepared data for serialisation in 0.00s
  Pass  (vp, gles3) finished in 0.14 seconds. Local cache hits 0 (0.00s CPU time), remote cache hits 0 (0.00s CPU time), compiled 1 variants (0.02s CPU time), skipped 0 variants.
    Prepared data for serialisation in 0.00s
Launched and connected shader compiler UnityShaderCompiler.exe after 0.01 seconds
  Pass ShadowCaster (vp, gles3) finished in 0.20 seconds. Local cache hits 0 (0.00s CPU time), remote cache hits 0 (0.00s CPU time), compiled 2 variants (0.36s CPU time), skipped 0 variants.
    Prepared data for serialisation in 0.00s
Serialized binary data for shader Legacy Shaders/VertexLit in 0.00s
    gles3 (total internal programs: 6, unique: 6)
Compiling shader "Legacy Shaders/Diffuse"
  Pass "FORWARD" (vp)
    Target graphics API: gles3
    Full variant space:         664
    After settings filtering:   664
    After built-in stripping:   8
    After scriptable stripping: 8
    Processed in 0.00 seconds
  Pass "FORWARD" (vp)
    Target graphics API: gles3
    Full variant space:         20
    After settings filtering:   20
    After built-in stripping:   5
    After scriptable stripping: 5
    Processed in 0.00 seconds
  Pass "DEFERRED" (vp)
    Target graphics API: gles3
    Full variant space:         76
    After settings filtering:   76
    After built-in stripping:   4
    After scriptable stripping: 4
    Processed in 0.00 seconds
Launched and connected shader compiler UnityShaderCompiler.exe after 0.01 seconds
Launched and connected shader compiler UnityShaderCompiler.exe after 0.02 seconds
Launched and connected shader compiler UnityShaderCompiler.exe after 0.01 seconds
Launched and connected shader compiler UnityShaderCompiler.exe after 0.01 seconds
  Pass FORWARD (vp, gles3) finished in 0.22 seconds. Local cache hits 0 (0.00s CPU time), remote cache hits 0 (0.00s CPU time), compiled 8 variants (0.90s CPU time), skipped 0 variants.
    Prepared data for serialisation in 0.00s
Launched and connected shader compiler UnityShaderCompiler.exe after 0.01 seconds
  Pass FORWARD (vp, gles3) finished in 0.30 seconds. Local cache hits 0 (0.00s CPU time), remote cache hits 0 (0.00s CPU time), compiled 5 variants (0.75s CPU time), skipped 0 variants.
    Prepared data for serialisation in 0.00s
  Pass DEFERRED (vp, gles3) finished in 0.24 seconds. Local cache hits 0 (0.00s CPU time), remote cache hits 0 (0.00s CPU time), compiled 4 variants (0.24s CPU time), skipped 0 variants.
    Prepared data for serialisation in 0.00s
Serialized binary data for shader Legacy Shaders/Diffuse in 0.00s
    gles3 (total internal programs: 17, unique: 17)
Compiling shader "Hidden/Internal-StencilWrite"
  Pass "" (vp)
    Target graphics API: gles3
    Full variant space:         1
    After settings filtering:   1
    After built-in stripping:   1
    After scriptable stripping: 1
    Processed in 0.00 seconds
  Pass  (vp, gles3) finished in 0.02 seconds. Local cache hits 0 (0.00s CPU time), remote cache hits 0 (0.00s CPU time), compiled 1 variants (0.02s CPU time), skipped 0 variants.
    Prepared data for serialisation in 0.00s
Serialized binary data for shader Hidden/Internal-StencilWrite in 0.00s
    gles3 (total internal programs: 1, unique: 1)
Compiling shader "Hidden/Internal-DepthNormalsTexture"
  Pass "" (vp)
    Target graphics API: gles3
    Full variant space:         1
    After settings filtering:   1
    After built-in stripping:   1
    After scriptable stripping: 1
    Processed in 0.00 seconds
  Pass "" (vp)
    Target graphics API: gles3
    Full variant space:         1
    After settings filtering:   1
    After built-in stripping:   1
    After scriptable stripping: 1
    Processed in 0.00 seconds
  Pass "" (vp)
    Target graphics API: gles3
    Full variant space:         1
    After settings filtering:   1
    After built-in stripping:   1
    After scriptable stripping: 1
    Processed in 0.00 seconds
  Pass "" (vp)
    Target graphics API: gles3
    Full variant space:         1
    After settings filtering:   1
    After built-in stripping:   1
    After scriptable stripping: 1
    Processed in 0.00 seconds
  Pass "" (vp)
    Target graphics API: gles3
    Full variant space:         1
    After settings filtering:   1
    After built-in stripping:   1
    After scriptable stripping: 1
    Processed in 0.00 seconds
  Pass "" (vp)
    Target graphics API: gles3
    Full variant space:         1
    After settings filtering:   1
    After built-in stripping:   1
    After scriptable stripping: 1
    Processed in 0.00 seconds
  Pass "" (vp)
    Target graphics API: gles3
    Full variant space:         1
    After settings filtering:   1
    After built-in stripping:   1
    After scriptable stripping: 1
    Processed in 0.00 seconds
  Pass "" (vp)
    Target graphics API: gles3
    Full variant space:         1
    After settings filtering:   1
    After built-in stripping:   1
    After scriptable stripping: 1
    Processed in 0.00 seconds
  Pass "" (vp)
    Target graphics API: gles3
    Full variant space:         1
    After settings filtering:   1
    After built-in stripping:   1
    After scriptable stripping: 1
    Processed in 0.00 seconds
  Pass "" (vp)
    Target graphics API: gles3
    Full variant space:         1
    After settings filtering:   1
    After built-in stripping:   1
    After scriptable stripping: 1
    Processed in 0.00 seconds
  Pass  (vp, gles3) finished in 0.04 seconds. Local cache hits 0 (0.00s CPU time), remote cache hits 0 (0.00s CPU time), compiled 1 variants (0.04s CPU time), skipped 0 variants.
    Prepared data for serialisation in 0.00s
  Pass  (vp, gles3) finished in 0.05 seconds. Local cache hits 0 (0.00s CPU time), remote cache hits 0 (0.00s CPU time), compiled 1 variants (0.05s CPU time), skipped 0 variants.
    Prepared data for serialisation in 0.00s
  Pass  (vp, gles3) finished in 0.07 seconds. Local cache hits 0 (0.00s CPU time), remote cache hits 0 (0.00s CPU time), compiled 1 variants (0.07s CPU time), skipped 0 variants.
    Prepared data for serialisation in 0.00s
  Pass  (vp, gles3) finished in 0.08 seconds. Local cache hits 0 (0.00s CPU time), remote cache hits 0 (0.00s CPU time), compiled 1 variants (0.08s CPU time), skipped 0 variants.
    Prepared data for serialisation in 0.00s
  Pass  (vp, gles3) finished in 0.08 seconds. Local cache hits 0 (0.00s CPU time), remote cache hits 0 (0.00s CPU time), compiled 1 variants (0.05s CPU time), skipped 0 variants.
    Prepared data for serialisation in 0.00s
  Pass  (vp, gles3) finished in 0.08 seconds. Local cache hits 0 (0.00s CPU time), remote cache hits 0 (0.00s CPU time), compiled 1 variants (0.06s CPU time), skipped 0 variants.
    Prepared data for serialisation in 0.00s
  Pass  (vp, gles3) finished in 0.08 seconds. Local cache hits 0 (0.00s CPU time), remote cache hits 0 (0.00s CPU time), compiled 1 variants (0.05s CPU time), skipped 0 variants.
    Prepared data for serialisation in 0.00s
  Pass  (vp, gles3) finished in 0.08 seconds. Local cache hits 0 (0.00s CPU time), remote cache hits 0 (0.00s CPU time), compiled 1 variants (0.04s CPU time), skipped 0 variants.
    Prepared data for serialisation in 0.00s
  Pass  (vp, gles3) finished in 0.08 seconds. Local cache hits 0 (0.00s CPU time), remote cache hits 0 (0.00s CPU time), compiled 1 variants (0.07s CPU time), skipped 0 variants.
    Prepared data for serialisation in 0.00s
  Pass  (vp, gles3) finished in 0.08 seconds. Local cache hits 0 (0.00s CPU time), remote cache hits 0 (0.00s CPU time), compiled 1 variants (0.07s CPU time), skipped 0 variants.
    Prepared data for serialisation in 0.00s
Serialized binary data for shader Hidden/Internal-DepthNormalsTexture in 0.00s
    gles3 (total internal programs: 10, unique: 10)
Compiling shader "Hidden/Internal-ScreenSpaceShadows"
  Pass "" (vp)
    Target graphics API: gles3
    Full variant space:         4
    After settings filtering:   4
    After built-in stripping:   4
    After scriptable stripping: 4
    Processed in 0.00 seconds
  Pass "" (vp)
    Target graphics API: gles3
    Full variant space:         4
    After settings filtering:   4
    After built-in stripping:   4
    After scriptable stripping: 4
    Processed in 0.00 seconds
  Pass "" (vp)
    Target graphics API: gles3
    Full variant space:         4
    After settings filtering:   4
    After built-in stripping:   4
    After scriptable stripping: 4
    Processed in 0.00 seconds
  Pass "" (vp)
    Target graphics API: gles3
    Full variant space:         4
    After settings filtering:   4
    After built-in stripping:   4
    After scriptable stripping: 4
    Processed in 0.00 seconds
  Pass  (vp, gles3) finished in 0.08 seconds. Local cache hits 0 (0.00s CPU time), remote cache hits 0 (0.00s CPU time), compiled 4 variants (0.31s CPU time), skipped 0 variants.
    Prepared data for serialisation in 0.00s
  Pass  (vp, gles3) finished in 0.09 seconds. Local cache hits 0 (0.00s CPU time), remote cache hits 0 (0.00s CPU time), compiled 4 variants (0.30s CPU time), skipped 0 variants.
    Prepared data for serialisation in 0.00s
  Pass  (vp, gles3) finished in 0.16 seconds. Local cache hits 0 (0.00s CPU time), remote cache hits 0 (0.00s CPU time), compiled 4 variants (0.43s CPU time), skipped 0 variants.
    Prepared data for serialisation in 0.00s
  Pass  (vp, gles3) finished in 0.10 seconds. Local cache hits 0 (0.00s CPU time), remote cache hits 0 (0.00s CPU time), compiled 4 variants (0.34s CPU time), skipped 0 variants.
    Prepared data for serialisation in 0.00s
Serialized binary data for shader Hidden/Internal-ScreenSpaceShadows in 0.00s
    gles3 (total internal programs: 16, unique: 16)
Compiling shader "Hidden/Internal-CombineDepthNormals"
  Pass "" (vp)
    Target graphics API: gles3
    Full variant space:         1
    After settings filtering:   1
    After built-in stripping:   1
    After scriptable stripping: 1
    Processed in 0.00 seconds
  Pass  (vp, gles3) finished in 0.02 seconds. Local cache hits 0 (0.00s CPU time), remote cache hits 0 (0.00s CPU time), compiled 1 variants (0.02s CPU time), skipped 0 variants.
    Prepared data for serialisation in 0.00s
Serialized binary data for shader Hidden/Internal-CombineDepthNormals in 0.00s
    gles3 (total internal programs: 1, unique: 1)
Compiling shader "Hidden/BlitCopy"
  Pass "" (vp)
    Target graphics API: gles3
    Full variant space:         1
    After settings filtering:   1
    After built-in stripping:   1
    After scriptable stripping: 1
    Processed in 0.00 seconds
  Pass  (vp, gles3) finished in 0.02 seconds. Local cache hits 0 (0.00s CPU time), remote cache hits 0 (0.00s CPU time), compiled 1 variants (0.02s CPU time), skipped 0 variants.
    Prepared data for serialisation in 0.00s
Serialized binary data for shader Hidden/BlitCopy in 0.00s
    gles3 (total internal programs: 1, unique: 1)
Compiling shader "Hidden/BlitCopyDepth"
  Pass "" (vp)
    Target graphics API: gles3
    Full variant space:         1
    After settings filtering:   1
    After built-in stripping:   1
    After scriptable stripping: 1
    Processed in 0.00 seconds
  Pass  (vp, gles3) finished in 0.02 seconds. Local cache hits 0 (0.00s CPU time), remote cache hits 0 (0.00s CPU time), compiled 1 variants (0.02s CPU time), skipped 0 variants.
    Prepared data for serialisation in 0.00s
Serialized binary data for shader Hidden/BlitCopyDepth in 0.00s
    gles3 (total internal programs: 1, unique: 1)
Compiling shader "Hidden/ConvertTexture"
  Pass "" (vp)
    Target graphics API: gles3
    Full variant space:         1
    After settings filtering:   1
    After built-in stripping:   1
    After scriptable stripping: 1
    Processed in 0.00 seconds
  Pass  (vp, gles3) finished in 0.02 seconds. Local cache hits 0 (0.00s CPU time), remote cache hits 0 (0.00s CPU time), compiled 1 variants (0.02s CPU time), skipped 0 variants.
    Prepared data for serialisation in 0.00s
Serialized binary data for shader Hidden/ConvertTexture in 0.00s
    gles3 (total internal programs: 1, unique: 1)
Compiling shader "Hidden/Internal-DeferredShading"
  Pass "" (vp)
    Target graphics API: gles3
    Full variant space:         94
    After settings filtering:   94
    After built-in stripping:   26
    After scriptable stripping: 26
    Processed in 0.00 seconds
  Pass "" (vp)
    Target graphics API: gles3
    Full variant space:         1
    After settings filtering:   1
    After built-in stripping:   1
    After scriptable stripping: 1
    Processed in 0.00 seconds
  Pass  (vp, gles3) finished in 0.28 seconds. Local cache hits 0 (0.00s CPU time), remote cache hits 0 (0.00s CPU time), compiled 26 variants (2.86s CPU time), skipped 0 variants.
    Prepared data for serialisation in 0.00s
  Pass  (vp, gles3) finished in 0.06 seconds. Local cache hits 0 (0.00s CPU time), remote cache hits 0 (0.00s CPU time), compiled 1 variants (0.03s CPU time), skipped 0 variants.
    Prepared data for serialisation in 0.00s
Serialized binary data for shader Hidden/Internal-DeferredShading in 0.00s
    gles3 (total internal programs: 27, unique: 27)
Compiling shader "Hidden/Internal-DeferredReflections"
  Pass "" (vp)
    Target graphics API: gles3
    Full variant space:         1
    After settings filtering:   1
    After built-in stripping:   1
    After scriptable stripping: 1
    Processed in 0.00 seconds
  Pass "" (vp)
    Target graphics API: gles3
    Full variant space:         2
    After settings filtering:   2
    After built-in stripping:   2
    After scriptable stripping: 2
    Processed in 0.00 seconds
  Pass  (vp, gles3) finished in 0.05 seconds. Local cache hits 0 (0.00s CPU time), remote cache hits 0 (0.00s CPU time), compiled 1 variants (0.05s CPU time), skipped 0 variants.
    Prepared data for serialisation in 0.00s
  Pass  (vp, gles3) finished in 0.05 seconds. Local cache hits 0 (0.00s CPU time), remote cache hits 0 (0.00s CPU time), compiled 2 variants (0.04s CPU time), skipped 0 variants.
    Prepared data for serialisation in 0.00s
Serialized binary data for shader Hidden/Internal-DeferredReflections in 0.00s
    gles3 (total internal programs: 3, unique: 3)
Compiling shader "Hidden/Internal-MotionVectors"
  Pass "" (vp)
    Target graphics API: gles3
    Full variant space:         1
    After settings filtering:   1
    After built-in stripping:   1
    After scriptable stripping: 1
    Processed in 0.00 seconds
  Pass "" (vp)
    Target graphics API: gles3
    Full variant space:         1
    After settings filtering:   1
    After built-in stripping:   1
    After scriptable stripping: 1
    Processed in 0.00 seconds
  Pass "" (vp)
    Target graphics API: gles3
    Full variant space:         1
    After settings filtering:   1
    After built-in stripping:   1
    After scriptable stripping: 1
    Processed in 0.00 seconds
  Pass  (vp, gles3) finished in 0.03 seconds. Local cache hits 0 (0.00s CPU time), remote cache hits 0 (0.00s CPU time), compiled 1 variants (0.03s CPU time), skipped 0 variants.
    Prepared data for serialisation in 0.00s
  Pass  (vp, gles3) finished in 0.03 seconds. Local cache hits 0 (0.00s CPU time), remote cache hits 0 (0.00s CPU time), compiled 1 variants (0.03s CPU time), skipped 0 variants.
    Prepared data for serialisation in 0.00s
  Pass  (vp, gles3) finished in 0.03 seconds. Local cache hits 0 (0.00s CPU time), remote cache hits 0 (0.00s CPU time), compiled 1 variants (0.03s CPU time), skipped 0 variants.
    Prepared data for serialisation in 0.00s
Serialized binary data for shader Hidden/Internal-MotionVectors in 0.00s
    gles3 (total internal programs: 3, unique: 3)
Compiling shader "Hidden/Internal-Flare"
  Pass "" (vp)
    Target graphics API: gles3
    Full variant space:         1
    After settings filtering:   1
    After built-in stripping:   1
    After scriptable stripping: 1
    Processed in 0.00 seconds
  Pass  (vp, gles3) finished in 0.02 seconds. Local cache hits 0 (0.00s CPU time), remote cache hits 0 (0.00s CPU time), compiled 1 variants (0.02s CPU time), skipped 0 variants.
    Prepared data for serialisation in 0.00s
Serialized binary data for shader Hidden/Internal-Flare in 0.00s
    gles3 (total internal programs: 1, unique: 1)
Compiling shader "Hidden/Internal-Halo"
  Pass "" (vp)
    Target graphics API: gles3
    Full variant space:         4
    After settings filtering:   4
    After built-in stripping:   1
    After scriptable stripping: 1
    Processed in 0.00 seconds
  Pass  (vp, gles3) finished in 0.02 seconds. Local cache hits 0 (0.00s CPU time), remote cache hits 0 (0.00s CPU time), compiled 1 variants (0.02s CPU time), skipped 0 variants.
    Prepared data for serialisation in 0.00s
Serialized binary data for shader Hidden/Internal-Halo in 0.00s
    gles3 (total internal programs: 1, unique: 1)
Compiling shader "Hidden/BlitCopyWithDepth"
  Pass "" (vp)
    Target graphics API: gles3
    Full variant space:         1
    After settings filtering:   1
    After built-in stripping:   1
    After scriptable stripping: 1
    Processed in 0.00 seconds
  Pass  (vp, gles3) finished in 0.02 seconds. Local cache hits 0 (0.00s CPU time), remote cache hits 0 (0.00s CPU time), compiled 1 variants (0.02s CPU time), skipped 0 variants.
    Prepared data for serialisation in 0.00s
Serialized binary data for shader Hidden/BlitCopyWithDepth in 0.00s
    gles3 (total internal programs: 1, unique: 1)
Compiling shader "Hidden/BlitToDepth"
  Pass "" (vp)
    Target graphics API: gles3
    Full variant space:         1
    After settings filtering:   1
    After built-in stripping:   1
    After scriptable stripping: 1
    Processed in 0.00 seconds
  Pass  (vp, gles3) finished in 0.02 seconds. Local cache hits 0 (0.00s CPU time), remote cache hits 0 (0.00s CPU time), compiled 1 variants (0.02s CPU time), skipped 0 variants.
    Prepared data for serialisation in 0.00s
Serialized binary data for shader Hidden/BlitToDepth in 0.00s
    gles3 (total internal programs: 1, unique: 1)
Compiling shader "Hidden/BlitToDepth_MSAA"
  Pass "" (vp)
    Target graphics API: gles3
    Full variant space:         1
    After settings filtering:   1
    After built-in stripping:   1
    After scriptable stripping: 1
    Processed in 0.00 seconds
  Pass  (vp, gles3) finished in 0.02 seconds. Local cache hits 0 (0.00s CPU time), remote cache hits 0 (0.00s CPU time), compiled 1 variants (0.02s CPU time), skipped 0 variants.
    Prepared data for serialisation in 0.00s
Serialized binary data for shader Hidden/BlitToDepth_MSAA in 0.00s
    gles3 (total internal programs: 1, unique: 1)
Compiling shader "Hidden/BlitCopyHDRTonemap"
  Pass "" (vp)
    Target graphics API: gles3
    Full variant space:         1
    After settings filtering:   1
    After built-in stripping:   1
    After scriptable stripping: 1
    Processed in 0.00 seconds
  Pass  (vp, gles3) finished in 0.03 seconds. Local cache hits 0 (0.00s CPU time), remote cache hits 0 (0.00s CPU time), compiled 1 variants (0.03s CPU time), skipped 0 variants.
    Prepared data for serialisation in 0.00s
Serialized binary data for shader Hidden/BlitCopyHDRTonemap in 0.00s
    gles3 (total internal programs: 1, unique: 1)
Compiling shader "Hidden/Internal-DebugPattern"
  Pass "Target Color and DepthStencil" (vp)
    Target graphics API: gles3
    Full variant space:         1
    After settings filtering:   1
    After built-in stripping:   1
    After scriptable stripping: 1
    Processed in 0.00 seconds
  Pass "Target only Color" (vp)
    Target graphics API: gles3
    Full variant space:         1
    After settings filtering:   1
    After built-in stripping:   1
    After scriptable stripping: 1
    Processed in 0.00 seconds
  Pass "Target only DepthStencil" (vp)
    Target graphics API: gles3
    Full variant space:         1
    After settings filtering:   1
    After built-in stripping:   1
    After scriptable stripping: 1
    Processed in 0.00 seconds
  Pass Target Color and DepthStencil (vp, gles3) finished in 0.02 seconds. Local cache hits 0 (0.00s CPU time), remote cache hits 0 (0.00s CPU time), compiled 1 variants (0.02s CPU time), skipped 0 variants.
    Prepared data for serialisation in 0.00s
  Pass Target only Color (vp, gles3) finished in 0.02 seconds. Local cache hits 0 (0.00s CPU time), remote cache hits 0 (0.00s CPU time), compiled 1 variants (0.02s CPU time), skipped 0 variants.
    Prepared data for serialisation in 0.00s
  Pass Target only DepthStencil (vp, gles3) finished in 0.02 seconds. Local cache hits 0 (0.00s CPU time), remote cache hits 0 (0.00s CPU time), compiled 1 variants (0.02s CPU time), skipped 0 variants.
    Prepared data for serialisation in 0.00s
Serialized binary data for shader Hidden/Internal-DebugPattern in 0.00s
    gles3 (total internal programs: 3, unique: 3)
Compiling shader "Hidden/Internal-GUITextureClip"
  Pass "" (vp)
    Target graphics API: gles3
    Full variant space:         1
    After settings filtering:   1
    After built-in stripping:   1
    After scriptable stripping: 1
    Processed in 0.00 seconds
  Pass "" (vp)
    Target graphics API: gles3
    Full variant space:         1
    After settings filtering:   1
    After built-in stripping:   1
    After scriptable stripping: 1
    Processed in 0.00 seconds
  Pass  (vp, gles3) finished in 0.03 seconds. Local cache hits 0 (0.00s CPU time), remote cache hits 0 (0.00s CPU time), compiled 1 variants (0.03s CPU time), skipped 0 variants.
    Prepared data for serialisation in 0.00s
  Pass  (vp, gles3) finished in 0.03 seconds. Local cache hits 0 (0.00s CPU time), remote cache hits 0 (0.00s CPU time), compiled 1 variants (0.03s CPU time), skipped 0 variants.
    Prepared data for serialisation in 0.00s
Serialized binary data for shader Hidden/Internal-GUITextureClip in 0.00s
    gles3 (total internal programs: 2, unique: 1)
Compiling shader "Hidden/Internal-GUITextureClipText"
  Pass "" (vp)
    Target graphics API: gles3
    Full variant space:         1
    After settings filtering:   1
    After built-in stripping:   1
    After scriptable stripping: 1
    Processed in 0.00 seconds
  Pass "" (vp)
    Target graphics API: gles3
    Full variant space:         1
    After settings filtering:   1
    After built-in stripping:   1
    After scriptable stripping: 1
    Processed in 0.00 seconds
  Pass  (vp, gles3) finished in 0.02 seconds. Local cache hits 0 (0.00s CPU time), remote cache hits 0 (0.00s CPU time), compiled 1 variants (0.02s CPU time), skipped 0 variants.
    Prepared data for serialisation in 0.00s
  Pass  (vp, gles3) finished in 0.02 seconds. Local cache hits 0 (0.00s CPU time), remote cache hits 0 (0.00s CPU time), compiled 1 variants (0.02s CPU time), skipped 0 variants.
    Prepared data for serialisation in 0.00s
Serialized binary data for shader Hidden/Internal-GUITextureClipText in 0.00s
    gles3 (total internal programs: 2, unique: 1)
Compiling shader "Hidden/Internal-GUITexture"
  Pass "" (vp)
    Target graphics API: gles3
    Full variant space:         1
    After settings filtering:   1
    After built-in stripping:   1
    After scriptable stripping: 1
    Processed in 0.00 seconds
  Pass "" (vp)
    Target graphics API: gles3
    Full variant space:         1
    After settings filtering:   1
    After built-in stripping:   1
    After scriptable stripping: 1
    Processed in 0.00 seconds
  Pass  (vp, gles3) finished in 0.02 seconds. Local cache hits 0 (0.00s CPU time), remote cache hits 0 (0.00s CPU time), compiled 1 variants (0.02s CPU time), skipped 0 variants.
    Prepared data for serialisation in 0.00s
  Pass  (vp, gles3) finished in 0.02 seconds. Local cache hits 0 (0.00s CPU time), remote cache hits 0 (0.00s CPU time), compiled 1 variants (0.02s CPU time), skipped 0 variants.
    Prepared data for serialisation in 0.00s
Serialized binary data for shader Hidden/Internal-GUITexture in 0.00s
    gles3 (total internal programs: 2, unique: 1)
Compiling shader "Hidden/Internal-GUITextureBlit"
  Pass "" (vp)
    Target graphics API: gles3
    Full variant space:         1
    After settings filtering:   1
    After built-in stripping:   1
    After scriptable stripping: 1
    Processed in 0.00 seconds
  Pass "" (vp)
    Target graphics API: gles3
    Full variant space:         1
    After settings filtering:   1
    After built-in stripping:   1
    After scriptable stripping: 1
    Processed in 0.00 seconds
  Pass  (vp, gles3) finished in 0.03 seconds. Local cache hits 0 (0.00s CPU time), remote cache hits 0 (0.00s CPU time), compiled 1 variants (0.03s CPU time), skipped 0 variants.
    Prepared data for serialisation in 0.00s
  Pass  (vp, gles3) finished in 0.03 seconds. Local cache hits 0 (0.00s CPU time), remote cache hits 0 (0.00s CPU time), compiled 1 variants (0.03s CPU time), skipped 0 variants.
    Prepared data for serialisation in 0.00s
Serialized binary data for shader Hidden/Internal-GUITextureBlit in 0.00s
    gles3 (total internal programs: 2, unique: 1)
Compiling shader "Hidden/Internal-GUIRoundedRect"
  Pass "" (vp)
    Target graphics API: gles3
    Full variant space:         1
    After settings filtering:   1
    After built-in stripping:   1
    After scriptable stripping: 1
    Processed in 0.00 seconds
  Pass "" (vp)
    Target graphics API: gles3
    Full variant space:         1
    After settings filtering:   1
    After built-in stripping:   1
    After scriptable stripping: 1
    Processed in 0.00 seconds
  Pass  (vp, gles3) finished in 0.04 seconds. Local cache hits 0 (0.00s CPU time), remote cache hits 0 (0.00s CPU time), compiled 1 variants (0.04s CPU time), skipped 0 variants.
    Prepared data for serialisation in 0.00s
  Pass  (vp, gles3) finished in 0.04 seconds. Local cache hits 0 (0.00s CPU time), remote cache hits 0 (0.00s CPU time), compiled 1 variants (0.04s CPU time), skipped 0 variants.
    Prepared data for serialisation in 0.00s
Serialized binary data for shader Hidden/Internal-GUIRoundedRect in 0.00s
    gles3 (total internal programs: 2, unique: 1)
Compiling shader "Hidden/Internal-GUIRoundedRectWithColorPerBorder"
  Pass "" (vp)
    Target graphics API: gles3
    Full variant space:         1
    After settings filtering:   1
    After built-in stripping:   1
    After scriptable stripping: 1
    Processed in 0.00 seconds
  Pass "" (vp)
    Target graphics API: gles3
    Full variant space:         1
    After settings filtering:   1
    After built-in stripping:   1
    After scriptable stripping: 1
    Processed in 0.00 seconds
  Pass  (vp, gles3) finished in 0.05 seconds. Local cache hits 0 (0.00s CPU time), remote cache hits 0 (0.00s CPU time), compiled 1 variants (0.05s CPU time), skipped 0 variants.
    Prepared data for serialisation in 0.00s
  Pass  (vp, gles3) finished in 0.05 seconds. Local cache hits 0 (0.00s CPU time), remote cache hits 0 (0.00s CPU time), compiled 1 variants (0.05s CPU time), skipped 0 variants.
    Prepared data for serialisation in 0.00s
Serialized binary data for shader Hidden/Internal-GUIRoundedRectWithColorPerBorder in 0.00s
    gles3 (total internal programs: 2, unique: 1)
Compiling shader "Hidden/Internal-UIRDefault"
  Pass "" (vp)
    Target graphics API: gles3
    Full variant space:         40
    After settings filtering:   40
    After built-in stripping:   40
    After scriptable stripping: 40
    Processed in 0.00 seconds
  Pass  (vp, gles3) finished in 0.58 seconds. Local cache hits 0 (0.00s CPU time), remote cache hits 0 (0.00s CPU time), compiled 40 variants (5.89s CPU time), skipped 0 variants.
    Prepared data for serialisation in 0.00s
Serialized binary data for shader Hidden/Internal-UIRDefault in 0.00s
    gles3 (total internal programs: 40, unique: 40)
Compiling shader "Hidden/Internal-UIRAtlasBlitCopy"
  Pass "" (vp)
    Target graphics API: gles3
    Full variant space:         1
    After settings filtering:   1
    After built-in stripping:   1
    After scriptable stripping: 1
    Processed in 0.00 seconds
  Pass  (vp, gles3) finished in 0.03 seconds. Local cache hits 0 (0.00s CPU time), remote cache hits 0 (0.00s CPU time), compiled 1 variants (0.03s CPU time), skipped 0 variants.
    Prepared data for serialisation in 0.00s
Serialized binary data for shader Hidden/Internal-UIRAtlasBlitCopy in 0.00s
    gles3 (total internal programs: 1, unique: 1)
Compiling shader "Sprites/Default"
  Pass "" (vp)
    Target graphics API: gles3
    Full variant space:         8
    After settings filtering:   8
    After built-in stripping:   4
    After scriptable stripping: 4
    Processed in 0.00 seconds
  Pass  (vp, gles3) finished in 0.03 seconds. Local cache hits 0 (0.00s CPU time), remote cache hits 0 (0.00s CPU time), compiled 4 variants (0.10s CPU time), skipped 0 variants.
    Prepared data for serialisation in 0.00s
Serialized binary data for shader Sprites/Default in 0.00s
    gles3 (total internal programs: 4, unique: 4)
Compiling shader "Sprites/Mask"
  Pass "" (vp)
    Target graphics API: gles3
    Full variant space:         4
    After settings filtering:   4
    After built-in stripping:   4
    After scriptable stripping: 4
    Processed in 0.00 seconds
  Pass  (vp, gles3) finished in 0.03 seconds. Local cache hits 0 (0.00s CPU time), remote cache hits 0 (0.00s CPU time), compiled 4 variants (0.10s CPU time), skipped 0 variants.
    Prepared data for serialisation in 0.00s
Serialized binary data for shader Sprites/Mask in 0.00s
    gles3 (total internal programs: 4, unique: 4)
Compiling shader "UI/Default"
  Pass "Default" (vp)
    Target graphics API: gles3
    Full variant space:         4
    After settings filtering:   4
    After built-in stripping:   4
    After scriptable stripping: 4
    Processed in 0.00 seconds
  Pass Default (vp, gles3) finished in 0.03 seconds. Local cache hits 0 (0.00s CPU time), remote cache hits 0 (0.00s CPU time), compiled 4 variants (0.12s CPU time), skipped 0 variants.
    Prepared data for serialisation in 0.00s
Serialized binary data for shader UI/Default in 0.00s
    gles3 (total internal programs: 4, unique: 4)
Compiling shader "UI/DefaultETC1"
  Pass "Default" (vp)
    Target graphics API: gles3
    Full variant space:         4
    After settings filtering:   4
    After built-in stripping:   4
    After scriptable stripping: 4
    Processed in 0.00 seconds
  Pass Default (vp, gles3) finished in 0.04 seconds. Local cache hits 0 (0.00s CPU time), remote cache hits 0 (0.00s CPU time), compiled 4 variants (0.14s CPU time), skipped 0 variants.
    Prepared data for serialisation in 0.00s
Serialized binary data for shader UI/DefaultETC1 in 0.00s
    gles3 (total internal programs: 4, unique: 4)
Compiling shader "Hidden/CubeBlur"
  Pass "" (vp)
    Target graphics API: gles3
    Full variant space:         1
    After settings filtering:   1
    After built-in stripping:   1
    After scriptable stripping: 1
    Processed in 0.00 seconds
  Pass "" (vp)
    Target graphics API: gles3
    Full variant space:         1
    After settings filtering:   1
    After built-in stripping:   1
    After scriptable stripping: 1
    Processed in 0.00 seconds
  Pass  (vp, gles3) finished in 0.06 seconds. Local cache hits 0 (0.00s CPU time), remote cache hits 0 (0.00s CPU time), compiled 1 variants (0.06s CPU time), skipped 0 variants.
    Prepared data for serialisation in 0.00s
  Pass  (vp, gles3) finished in 0.06 seconds. Local cache hits 0 (0.00s CPU time), remote cache hits 0 (0.00s CPU time), compiled 1 variants (0.03s CPU time), skipped 0 variants.
    Prepared data for serialisation in 0.00s
Serialized binary data for shader Hidden/CubeBlur in 0.00s
    gles3 (total internal programs: 2, unique: 2)
Compiling shader "Hidden/CubeCopy"
  Pass "" (vp)
    Target graphics API: gles3
    Full variant space:         1
    After settings filtering:   1
    After built-in stripping:   1
    After scriptable stripping: 1
    Processed in 0.00 seconds
  Pass "" (vp)
    Target graphics API: gles3
    Full variant space:         1
    After settings filtering:   1
    After built-in stripping:   1
    After scriptable stripping: 1
    Processed in 0.00 seconds
  Pass  (vp, gles3) finished in 0.02 seconds. Local cache hits 0 (0.00s CPU time), remote cache hits 0 (0.00s CPU time), compiled 1 variants (0.02s CPU time), skipped 0 variants.
    Prepared data for serialisation in 0.00s
  Pass  (vp, gles3) finished in 0.02 seconds. Local cache hits 0 (0.00s CPU time), remote cache hits 0 (0.00s CPU time), compiled 1 variants (0.02s CPU time), skipped 0 variants.
    Prepared data for serialisation in 0.00s
Serialized binary data for shader Hidden/CubeCopy in 0.00s
    gles3 (total internal programs: 2, unique: 1)
Compiling shader "Hidden/CubeBlend"
  Pass "" (vp)
    Target graphics API: gles3
    Full variant space:         1
    After settings filtering:   1
    After built-in stripping:   1
    After scriptable stripping: 1
    Processed in 0.00 seconds
  Pass "" (vp)
    Target graphics API: gles3
    Full variant space:         1
    After settings filtering:   1
    After built-in stripping:   1
    After scriptable stripping: 1
    Processed in 0.00 seconds
  Pass  (vp, gles3) finished in 0.02 seconds. Local cache hits 0 (0.00s CPU time), remote cache hits 0 (0.00s CPU time), compiled 1 variants (0.02s CPU time), skipped 0 variants.
    Prepared data for serialisation in 0.00s
  Pass  (vp, gles3) finished in 0.02 seconds. Local cache hits 0 (0.00s CPU time), remote cache hits 0 (0.00s CPU time), compiled 1 variants (0.02s CPU time), skipped 0 variants.
    Prepared data for serialisation in 0.00s
Serialized binary data for shader Hidden/CubeBlend in 0.00s
    gles3 (total internal programs: 2, unique: 1)
Compiling shader "Hidden/VR/BlitTexArraySlice"
  Pass "" (vp)
    Target graphics API: gles3
    Full variant space:         1
    After settings filtering:   1
    After built-in stripping:   1
    After scriptable stripping: 1
    Processed in 0.00 seconds
  Pass  (vp, gles3) finished in 0.02 seconds. Local cache hits 0 (0.00s CPU time), remote cache hits 0 (0.00s CPU time), compiled 1 variants (0.02s CPU time), skipped 0 variants.
    Prepared data for serialisation in 0.00s
Serialized binary data for shader Hidden/VR/BlitTexArraySlice in 0.00s
    gles3 (total internal programs: 1, unique: 1)
Compiling shader "Hidden/Internal-ODSWorldTexture"
  Pass "" (vp)
    Target graphics API: gles3
    Full variant space:         1
    After settings filtering:   1
    After built-in stripping:   1
    After scriptable stripping: 1
    Processed in 0.00 seconds
  Pass "" (vp)
    Target graphics API: gles3
    Full variant space:         1
    After settings filtering:   1
    After built-in stripping:   1
    After scriptable stripping: 1
    Processed in 0.00 seconds
  Pass "" (vp)
    Target graphics API: gles3
    Full variant space:         1
    After settings filtering:   1
    After built-in stripping:   1
    After scriptable stripping: 1
    Processed in 0.00 seconds
  Pass "" (vp)
    Target graphics API: gles3
    Full variant space:         1
    After settings filtering:   1
    After built-in stripping:   1
    After scriptable stripping: 1
    Processed in 0.00 seconds
  Pass "" (vp)
    Target graphics API: gles3
    Full variant space:         1
    After settings filtering:   1
    After built-in stripping:   1
    After scriptable stripping: 1
    Processed in 0.00 seconds
  Pass "" (vp)
    Target graphics API: gles3
    Full variant space:         1
    After settings filtering:   1
    After built-in stripping:   1
    After scriptable stripping: 1
    Processed in 0.00 seconds
  Pass "" (vp)
    Target graphics API: gles3
    Full variant space:         1
    After settings filtering:   1
    After built-in stripping:   1
    After scriptable stripping: 1
    Processed in 0.00 seconds
  Pass "" (vp)
    Target graphics API: gles3
    Full variant space:         1
    After settings filtering:   1
    After built-in stripping:   1
    After scriptable stripping: 1
    Processed in 0.00 seconds
  Pass "" (vp)
    Target graphics API: gles3
    Full variant space:         1
    After settings filtering:   1
    After built-in stripping:   1
    After scriptable stripping: 1
    Processed in 0.00 seconds
  Pass "" (vp)
    Target graphics API: gles3
    Full variant space:         1
    After settings filtering:   1
    After built-in stripping:   1
    After scriptable stripping: 1
    Processed in 0.00 seconds
  Pass  (vp, gles3) finished in 0.03 seconds. Local cache hits 0 (0.00s CPU time), remote cache hits 0 (0.00s CPU time), compiled 1 variants (0.03s CPU time), skipped 0 variants.
    Prepared data for serialisation in 0.00s
  Pass  (vp, gles3) finished in 0.04 seconds. Local cache hits 0 (0.00s CPU time), remote cache hits 0 (0.00s CPU time), compiled 1 variants (0.04s CPU time), skipped 0 variants.
    Prepared data for serialisation in 0.00s
  Pass  (vp, gles3) finished in 0.07 seconds. Local cache hits 0 (0.00s CPU time), remote cache hits 0 (0.00s CPU time), compiled 1 variants (0.07s CPU time), skipped 0 variants.
    Prepared data for serialisation in 0.00s
  Pass  (vp, gles3) finished in 0.08 seconds. Local cache hits 0 (0.00s CPU time), remote cache hits 0 (0.00s CPU time), compiled 1 variants (0.08s CPU time), skipped 0 variants.
    Prepared data for serialisation in 0.00s
  Pass  (vp, gles3) finished in 0.08 seconds. Local cache hits 0 (0.00s CPU time), remote cache hits 0 (0.00s CPU time), compiled 1 variants (0.04s CPU time), skipped 0 variants.
    Prepared data for serialisation in 0.00s
  Pass  (vp, gles3) finished in 0.08 seconds. Local cache hits 0 (0.00s CPU time), remote cache hits 0 (0.00s CPU time), compiled 1 variants (0.05s CPU time), skipped 0 variants.
    Prepared data for serialisation in 0.00s
  Pass  (vp, gles3) finished in 0.08 seconds. Local cache hits 0 (0.00s CPU time), remote cache hits 0 (0.00s CPU time), compiled 1 variants (0.05s CPU time), skipped 0 variants.
    Prepared data for serialisation in 0.00s
  Pass  (vp, gles3) finished in 0.08 seconds. Local cache hits 0 (0.00s CPU time), remote cache hits 0 (0.00s CPU time), compiled 1 variants (0.04s CPU time), skipped 0 variants.
    Prepared data for serialisation in 0.00s
  Pass  (vp, gles3) finished in 0.08 seconds. Local cache hits 0 (0.00s CPU time), remote cache hits 0 (0.00s CPU time), compiled 1 variants (0.06s CPU time), skipped 0 variants.
    Prepared data for serialisation in 0.00s
  Pass  (vp, gles3) finished in 0.08 seconds. Local cache hits 0 (0.00s CPU time), remote cache hits 0 (0.00s CPU time), compiled 1 variants (0.05s CPU time), skipped 0 variants.
    Prepared data for serialisation in 0.00s
Serialized binary data for shader Hidden/Internal-ODSWorldTexture in 0.00s
    gles3 (total internal programs: 10, unique: 9)
Compiling shader "Hidden/Internal-CubemapToEquirect"
  Pass "" (vp)
    Target graphics API: gles3
    Full variant space:         1
    After settings filtering:   1
    After built-in stripping:   1
    After scriptable stripping: 1
    Processed in 0.00 seconds
  Pass  (vp, gles3) finished in 0.02 seconds. Local cache hits 0 (0.00s CPU time), remote cache hits 0 (0.00s CPU time), compiled 1 variants (0.02s CPU time), skipped 0 variants.
    Prepared data for serialisation in 0.00s
Serialized binary data for shader Hidden/Internal-CubemapToEquirect in 0.00s
    gles3 (total internal programs: 1, unique: 1)
Compiling shader "Hidden/VR/BlitFromTex2DToTexArraySlice"
  Pass "" (vp)
    Target graphics API: gles3
    Full variant space:         1
    After settings filtering:   1
    After built-in stripping:   1
    After scriptable stripping: 1
    Processed in 0.00 seconds
  Pass "" (vp)
    Target graphics API: gles3
    Full variant space:         1
    After settings filtering:   1
    After built-in stripping:   1
    After scriptable stripping: 1
    Processed in 0.00 seconds
  Pass  (vp, gles3) finished in 0.02 seconds. Local cache hits 0 (0.00s CPU time), remote cache hits 0 (0.00s CPU time), compiled 1 variants (0.02s CPU time), skipped 0 variants.
    Prepared data for serialisation in 0.00s
  Pass  (vp, gles3) finished in 0.02 seconds. Local cache hits 0 (0.00s CPU time), remote cache hits 0 (0.00s CPU time), compiled 1 variants (0.02s CPU time), skipped 0 variants.
    Prepared data for serialisation in 0.00s
Serialized binary data for shader Hidden/VR/BlitFromTex2DToTexArraySlice in 0.00s
    gles3 (total internal programs: 2, unique: 2)
Compiling shader "Hidden/VideoComposite"
  Pass "Default" (vp)
    Target graphics API: gles3
    Full variant space:         1
    After settings filtering:   1
    After built-in stripping:   1
    After scriptable stripping: 1
    Processed in 0.00 seconds
  Pass Default (vp, gles3) finished in 0.02 seconds. Local cache hits 0 (0.00s CPU time), remote cache hits 0 (0.00s CPU time), compiled 1 variants (0.02s CPU time), skipped 0 variants.
    Prepared data for serialisation in 0.00s
Serialized binary data for shader Hidden/VideoComposite in 0.00s
    gles3 (total internal programs: 1, unique: 1)
Compiling shader "Hidden/TextCore/Distance Field SSD"
  Pass "" (vp)
    Target graphics API: gles3
    Full variant space:         1
    After settings filtering:   1
    After built-in stripping:   1
    After scriptable stripping: 1
    Processed in 0.00 seconds
  Pass  (vp, gles3) finished in 0.03 seconds. Local cache hits 0 (0.00s CPU time), remote cache hits 0 (0.00s CPU time), compiled 1 variants (0.03s CPU time), skipped 0 variants.
    Prepared data for serialisation in 0.00s
Serialized binary data for shader Hidden/TextCore/Distance Field SSD in 0.00s
    gles3 (total internal programs: 1, unique: 1)
Compiling shader "Hidden/Physics2D/SDF_CircleGeometry"
  Pass "" (vp)
    Target graphics API: gles3
    Full variant space:         2
    After settings filtering:   2
    After built-in stripping:   1
    After scriptable stripping: 1
    Processed in 0.00 seconds
  Pass  (vp, gles3) finished in 0.03 seconds. Local cache hits 0 (0.00s CPU time), remote cache hits 0 (0.00s CPU time), compiled 1 variants (0.03s CPU time), skipped 0 variants.
    Prepared data for serialisation in 0.00s
Serialized binary data for shader Hidden/Physics2D/SDF_CircleGeometry in 0.00s
    gles3 (total internal programs: 1, unique: 1)
Compiling shader "Hidden/Physics2D/SDF_CapsuleGeometry"
  Pass "" (vp)
    Target graphics API: gles3
    Full variant space:         2
    After settings filtering:   2
    After built-in stripping:   1
    After scriptable stripping: 1
    Processed in 0.00 seconds
  Pass  (vp, gles3) finished in 0.04 seconds. Local cache hits 0 (0.00s CPU time), remote cache hits 0 (0.00s CPU time), compiled 1 variants (0.04s CPU time), skipped 0 variants.
    Prepared data for serialisation in 0.00s
Serialized binary data for shader Hidden/Physics2D/SDF_CapsuleGeometry in 0.00s
    gles3 (total internal programs: 1, unique: 1)
Compiling shader "Hidden/Physics2D/SDF_PolygonGeometry"
  Pass "" (vp)
    Target graphics API: gles3
    Full variant space:         2
    After settings filtering:   2
    After built-in stripping:   1
    After scriptable stripping: 1
    Processed in 0.00 seconds
  Pass  (vp, gles3) finished in 0.10 seconds. Local cache hits 0 (0.00s CPU time), remote cache hits 0 (0.00s CPU time), compiled 1 variants (0.10s CPU time), skipped 0 variants.
    Prepared data for serialisation in 0.00s
Serialized binary data for shader Hidden/Physics2D/SDF_PolygonGeometry in 0.00s
    gles3 (total internal programs: 1, unique: 1)
Compiling shader "Hidden/Physics2D/SDF_Line"
  Pass "" (vp)
    Target graphics API: gles3
    Full variant space:         2
    After settings filtering:   2
    After built-in stripping:   1
    After scriptable stripping: 1
    Processed in 0.00 seconds
  Pass  (vp, gles3) finished in 0.03 seconds. Local cache hits 0 (0.00s CPU time), remote cache hits 0 (0.00s CPU time), compiled 1 variants (0.03s CPU time), skipped 0 variants.
    Prepared data for serialisation in 0.00s
Serialized binary data for shader Hidden/Physics2D/SDF_Line in 0.00s
    gles3 (total internal programs: 1, unique: 1)
Compiling shader "Hidden/Physics2D/SDF_Point"
  Pass "" (vp)
    Target graphics API: gles3
    Full variant space:         2
    After settings filtering:   2
    After built-in stripping:   1
    After scriptable stripping: 1
    Processed in 0.00 seconds
  Pass  (vp, gles3) finished in 0.03 seconds. Local cache hits 0 (0.00s CPU time), remote cache hits 0 (0.00s CPU time), compiled 1 variants (0.03s CPU time), skipped 0 variants.
    Prepared data for serialisation in 0.00s
Serialized binary data for shader Hidden/Physics2D/SDF_Point in 0.00s
    gles3 (total internal programs: 1, unique: 1)

***Player size statistics***
Level 0 'Assets/Scenes/Bootstrap.unity' uses 1.5 MB compressed / 6.1 MB uncompressed.
Level 1 'Assets/Scenes/Lobby.unity' uses 0 B compressed / 0 B uncompressed.
Level 2 'Assets/Scenes/Battle.unity' uses 0.7 MB compressed / 11.2 MB uncompressed.
Level 3 'Assets/Scenes/Settlement.unity' uses 4.3 MB compressed / 12.2 MB uncompressed.
Total compressed size 6.5 MB. Total uncompressed size 29.6 MB.
Starting: C:\Program Files\Unity\Hub\Editor\6000.3.19f1\Editor\Data\Tools\BuildPipeline\bee_backend.exe --ipc --dagfile="Library/Bee/Playerf20f6bd5.dag" --profile="Library/Bee/backend1.traceevents" Player
WorkingDir: C:/Users/18163/AppData/Local/Temp/fd-b
Starting: C:\Program Files\Unity\Hub\Editor\6000.3.19f1\Editor\Data\netcorerun\netcorerun.exe "C:\Program Files\Unity\Hub\Editor\6000.3.19f1\Editor\Data\PlaybackEngines\WebGLSupport\WebGLPlayerBuildProgram.exe" "C:/Program Files/Unity/Hub/Editor/6000.3.19f1/Editor/Data/PlaybackEngines/WebGLSupport/Bee;C:/Program Files/Unity/Hub/Editor/6000.3.19f1/Editor/Data/Tools/BuildPipeline" "Library/Bee/Playerf20f6bd5.dag.json" "Library/Bee/Playerf20f6bd5-inputdata.json" "Library\Bee\buildprogram0.traceevents"
WorkingDir: C:/Users/18163/AppData/Local/Temp/fd-b
ExitCode: 4 Duration: 0s28ms
DisplayProgressbar: Incremental Player Build
ExitCode: 0 Duration: 0s412ms
Starting: C:\Program Files\Unity\Hub\Editor\6000.3.19f1\Editor\Data\Tools\BuildPipeline\bee_backend.exe --ipc --dagfile="Library/Bee/Playerf20f6bd5.dag" --dagfilejson="Library\Bee\Playerf20f6bd5.dag.json" --profile="Library/Bee/backend2.traceevents" Player
WorkingDir: C:/Users/18163/AppData/Local/Temp/fd-b
Starting: C:\Program Files\Unity\Hub\Editor\6000.3.19f1\Editor\Data\netcorerun\netcorerun.exe "C:\Program Files\Unity\Hub\Editor\6000.3.19f1\Editor\Data\PlaybackEngines\WebGLSupport\WebGLPlayerBuildProgram.exe" "C:/Program Files/Unity/Hub/Editor/6000.3.19f1/Editor/Data/PlaybackEngines/WebGLSupport/Bee;C:/Program Files/Unity/Hub/Editor/6000.3.19f1/Editor/Data/Tools/BuildPipeline" "Library/Bee/Playerf20f6bd5.dag.json" "Library/Bee/Playerf20f6bd5-inputdata.json" "Library\Bee\buildprogram1.traceevents"
WorkingDir: C:/Users/18163/AppData/Local/Temp/fd-b
ExitCode: 4 Duration: 7s788ms
ExitCode: 0 Duration: 0s450ms
Starting: C:\Program Files\Unity\Hub\Editor\6000.3.19f1\Editor\Data\Tools\BuildPipeline\bee_backend.exe --ipc --dagfile="Library/Bee/Playerf20f6bd5.dag" --dagfilejson="Library\Bee\Playerf20f6bd5.dag.json" --profile="Library/Bee/backend3.traceevents" Player
WorkingDir: C:/Users/18163/AppData/Local/Temp/fd-b
Starting: C:\Program Files\Unity\Hub\Editor\6000.3.19f1\Editor\Data\netcorerun\netcorerun.exe "C:\Program Files\Unity\Hub\Editor\6000.3.19f1\Editor\Data\PlaybackEngines\WebGLSupport\WebGLPlayerBuildProgram.exe" "C:/Program Files/Unity/Hub/Editor/6000.3.19f1/Editor/Data/PlaybackEngines/WebGLSupport/Bee;C:/Program Files/Unity/Hub/Editor/6000.3.19f1/Editor/Data/Tools/BuildPipeline" "Library/Bee/Playerf20f6bd5.dag.json" "Library/Bee/Playerf20f6bd5-inputdata.json" "Library\Bee\buildprogram2.traceevents"
WorkingDir: C:/Users/18163/AppData/Local/Temp/fd-b
ExitCode: 4 Duration: 21s
ExitCode: 0 Duration: 0s433ms
Starting: C:\Program Files\Unity\Hub\Editor\6000.3.19f1\Editor\Data\Tools\BuildPipeline\bee_backend.exe --ipc --dagfile="Library/Bee/Playerf20f6bd5.dag" --dagfilejson="Library\Bee\Playerf20f6bd5.dag.json" --profile="Library/Bee/backend4.traceevents" Player
WorkingDir: C:/Users/18163/AppData/Local/Temp/fd-b
Starting: C:\Program Files\Unity\Hub\Editor\6000.3.19f1\Editor\Data\netcorerun\netcorerun.exe "C:\Program Files\Unity\Hub\Editor\6000.3.19f1\Editor\Data\PlaybackEngines\WebGLSupport\WebGLPlayerBuildProgram.exe" "C:/Program Files/Unity/Hub/Editor/6000.3.19f1/Editor/Data/PlaybackEngines/WebGLSupport/Bee;C:/Program Files/Unity/Hub/Editor/6000.3.19f1/Editor/Data/Tools/BuildPipeline" "Library/Bee/Playerf20f6bd5.dag.json" "Library/Bee/Playerf20f6bd5-inputdata.json" "Library\Bee\buildprogram3.traceevents"
WorkingDir: C:/Users/18163/AppData/Local/Temp/fd-b
ExitCode: 4 Duration: 1m:19s
ExitCode: 0 Duration: 0s449ms
Starting: C:\Program Files\Unity\Hub\Editor\6000.3.19f1\Editor\Data\Tools\BuildPipeline\bee_backend.exe --ipc --dagfile="Library/Bee/Playerf20f6bd5.dag" --dagfilejson="Library\Bee\Playerf20f6bd5.dag.json" --profile="Library/Bee/backend5.traceevents" Player
WorkingDir: C:/Users/18163/AppData/Local/Temp/fd-b
Starting: C:\Program Files\Unity\Hub\Editor\6000.3.19f1\Editor\Data\netcorerun\netcorerun.exe "C:\Program Files\Unity\Hub\Editor\6000.3.19f1\Editor\Data\PlaybackEngines\WebGLSupport\WebGLPlayerBuildProgram.exe" "C:/Program Files/Unity/Hub/Editor/6000.3.19f1/Editor/Data/PlaybackEngines/WebGLSupport/Bee;C:/Program Files/Unity/Hub/Editor/6000.3.19f1/Editor/Data/Tools/BuildPipeline" "Library/Bee/Playerf20f6bd5.dag.json" "Library/Bee/Playerf20f6bd5-inputdata.json" "Library\Bee\buildprogram4.traceevents"
WorkingDir: C:/Users/18163/AppData/Local/Temp/fd-b
ExitCode: 4 Duration: 56s
ExitCode: 0 Duration: 0s745ms
Starting: C:\Program Files\Unity\Hub\Editor\6000.3.19f1\Editor\Data\Tools\BuildPipeline\bee_backend.exe --ipc --dagfile="Library/Bee/Playerf20f6bd5.dag" --dagfilejson="Library\Bee\Playerf20f6bd5.dag.json" --profile="Library/Bee/backend6.traceevents" Player
WorkingDir: C:/Users/18163/AppData/Local/Temp/fd-b
ExitCode: 0 Duration: 0s897ms
[websockify wrapper] Start node and websockify.js
Refreshing native plugins compatible for Editor in 0.25 ms, found 0 plugins.
Preloading 0 native plugins for Editor in 0.00 ms.

-------------------------------------------------------------------------------
Build Report
Uncompressed usage by category (Percentages based on user generated assets only):
Textures               28.7 mb	 98.4%
Meshes                 0.0 kb	 0.0%
Animations             0.0 kb	 0.0%
Sounds                 0.0 kb	 0.0%
Shaders                7.1 kb	 0.0%
Other Assets           453.6 kb	 1.5%
Levels                 0.0 kb	 0.0%
File headers           18.7 kb	 0.1%
Total User Assets      29.1 mb	 100.0%
Complete build size    9.2 mb
Used Assets and files from the Resources folder, sorted by uncompressed size:
 6.0 mb	 65.2% Assets/Resources/TempArt/fruit-defense-temp-atlas.png
 6.0 mb	 65.2% Assets/Resources/TempArt/combat-vfx-atlas.png
 2.7 mb	 29.0% Built-in Texture2D: Splash Screen Unity Logo
 519.8 kb	 5.5% Resources/unity_builtin_extra
 342.0 kb	 3.6% Assets/LayeredTerrain/GrassSoil/Square/LandformStoneRoad/Mask-10.png
 342.0 kb	 3.6% Assets/LayeredTerrain/GrassSoil/Square/LandformStoneRoad/Mask-05.png
 342.0 kb	 3.6% Assets/LayeredTerrain/GrassSoil/Square/LandformSoil/Mask-10.png
 342.0 kb	 3.6% Assets/LayeredTerrain/GrassSoil/Square/LandformSoil/Mask-05.png
 341.9 kb	 3.6% Assets/LayeredTerrain/GrassSoil/Square/LandformStoneRoad/Mask-14.png
 341.9 kb	 3.6% Assets/LayeredTerrain/GrassSoil/Square/LandformStoneRoad/Mask-13.png
 341.9 kb	 3.6% Assets/LayeredTerrain/GrassSoil/Square/LandformStoneRoad/Mask-11.png
 341.9 kb	 3.6% Assets/LayeredTerrain/GrassSoil/Square/LandformStoneRoad/Mask-08.png
 341.9 kb	 3.6% Assets/LayeredTerrain/GrassSoil/Square/LandformStoneRoad/Mask-07.png
 341.9 kb	 3.6% Assets/LayeredTerrain/GrassSoil/Square/LandformStoneRoad/Mask-04.png
 341.9 kb	 3.6% Assets/LayeredTerrain/GrassSoil/Square/LandformStoneRoad/Mask-02.png
 341.9 kb	 3.6% Assets/LayeredTerrain/GrassSoil/Square/LandformStoneRoad/Mask-01.png
 341.9 kb	 3.6% Assets/LayeredTerrain/GrassSoil/Square/LandformSoil/Mask-14.png
 341.9 kb	 3.6% Assets/LayeredTerrain/GrassSoil/Square/LandformSoil/Mask-13.png
 341.9 kb	 3.6% Assets/LayeredTerrain/GrassSoil/Square/LandformSoil/Mask-11.png
 341.9 kb	 3.6% Assets/LayeredTerrain/GrassSoil/Square/LandformSoil/Mask-08.png
 341.9 kb	 3.6% Assets/LayeredTerrain/GrassSoil/Square/LandformSoil/Mask-07.png
 341.9 kb	 3.6% Assets/LayeredTerrain/GrassSoil/Square/LandformSoil/Mask-04.png
 341.9 kb	 3.6% Assets/LayeredTerrain/GrassSoil/Square/LandformSoil/Mask-02.png
 341.9 kb	 3.6% Assets/LayeredTerrain/GrassSoil/Square/LandformSoil/Mask-01.png
 341.9 kb	 3.6% Assets/LayeredTerrain/GrassSoil/Square/LandformStoneRoad/Mask-12.png
 341.9 kb	 3.6% Assets/LayeredTerrain/GrassSoil/Square/LandformStoneRoad/Mask-09.png
 341.9 kb	 3.6% Assets/LayeredTerrain/GrassSoil/Square/LandformStoneRoad/Mask-06.png
 341.9 kb	 3.6% Assets/LayeredTerrain/GrassSoil/Square/LandformStoneRoad/Mask-03.png
 341.9 kb	 3.6% Assets/LayeredTerrain/GrassSoil/Square/LandformSoil/Mask-12.png
 341.9 kb	 3.6% Assets/LayeredTerrain/GrassSoil/Square/LandformSoil/Mask-09.png
 341.9 kb	 3.6% Assets/LayeredTerrain/GrassSoil/Square/LandformSoil/Mask-06.png
 341.9 kb	 3.6% Assets/LayeredTerrain/GrassSoil/Square/LandformSoil/Mask-03.png
 341.9 kb	 3.6% Assets/LayeredTerrain/GrassSoil/Square/LandformStoneRoad/Mask-00.png
 341.9 kb	 3.6% Assets/LayeredTerrain/GrassSoil/Square/LandformSoil/Mask-00.png
 256.6 kb	 2.7% Assets/LayeredTerrain/GrassSoil/Square/LandformStoneRoad/Mask-15.png
 256.6 kb	 2.7% Assets/LayeredTerrain/GrassSoil/Square/LandformSoil/Mask-15.png
 251.9 kb	 2.7% Assets/Resources/Fonts/NotoSansSC-UI.ttf
 192.6 kb	 2.0% Assets/UI/Art/Runtime/sunny-orchard-painted/surfaces/surface-screen-background.png
 108.6 kb	 1.2% Assets/UI/Art/Runtime/sunny-orchard-painted/illustrations/illustration-orchard-vista.png
 90.0 kb	 1.0% Assets/Resources/Content/battle-content-bundled.v1.json
 72.6 kb	 0.8% Assets/UI/Art/Runtime/sunny-orchard-painted/ornaments/ornament-result-banner.png
 64.6 kb	 0.7% Assets/UI/Art/Runtime/sunny-orchard-painted/surfaces/surface-illustration-frame.png
 64.6 kb	 0.7% Assets/UI/Art/Runtime/sunny-orchard-painted/surfaces/surface-panel-standard.png
 64.6 kb	 0.7% Assets/UI/Art/Runtime/sunny-orchard-painted/surfaces/surface-card-selectable.png
 64.6 kb	 0.7% Assets/UI/Art/Runtime/sunny-orchard-painted/surfaces/surface-safe-area.png
 64.6 kb	 0.7% Assets/UI/Art/Runtime/sunny-orchard-painted/surfaces/surface-panel-raised.png
 64.6 kb	 0.7% Assets/UI/Art/Runtime/sunny-orchard-painted/surfaces/surface-status.png
 64.6 kb	 0.7% Assets/UI/Art/Runtime/sunny-orchard-painted/surfaces/surface-result.png
 64.6 kb	 0.7% Assets/UI/Art/Runtime/sunny-orchard-painted/surfaces/surface-modal.png
 64.6 kb	 0.7% Assets/UI/Art/Runtime/sunny-orchard-painted/surfaces/surface-metric.png
 64.6 kb	 0.7% Assets/UI/Art/Runtime/sunny-orchard-painted/surfaces/surface-detail.png
 64.6 kb	 0.7% Assets/UI/Art/Runtime/sunny-orchard-painted/surfaces/action-secondary.png
 64.6 kb	 0.7% Assets/UI/Art/Runtime/sunny-orchard-painted/surfaces/action-primary.png
 64.6 kb	 0.7% Assets/UI/Art/Runtime/sunny-orchard-painted/surfaces/action-danger.png
 64.5 kb	 0.7% Assets/UI/Art/Runtime/sunny-orchard-painted/surfaces/slot-tool.png
 64.5 kb	 0.7% Assets/UI/Art/Runtime/sunny-orchard-painted/surfaces/slot-nursery.png
 64.5 kb	 0.7% Assets/UI/Art/Runtime/sunny-orchard-painted/surfaces/action-quiet.png
 53.7 kb	 0.6% Assets/UI/Art/Runtime/sunny-orchard-painted/illustrations/illustration-lobby-orchard-03.png
 53.7 kb	 0.6% Assets/UI/Art/Runtime/sunny-orchard-painted/illustrations/illustration-lobby-orchard-02.png
 53.7 kb	 0.6% Assets/UI/Art/Runtime/sunny-orchard-painted/illustrations/illustration-lobby-orchard-01.png
 48.6 kb	 0.5% Assets/UI/Art/Runtime/sunny-orchard-painted/surfaces/surface-section-ribbon.png
 36.6 kb	 0.4% Assets/UI/Art/Runtime/sunny-orchard-painted/ornaments/ornament-screen-corner.png
 36.6 kb	 0.4% Assets/UI/Art/Runtime/sunny-orchard-painted/icons/indicator-drag-illegal.png
 36.6 kb	 0.4% Assets/UI/Art/Runtime/sunny-orchard-painted/icons/icon-control-continue.png
 36.6 kb	 0.4% Assets/UI/Art/Runtime/sunny-orchard-painted/icons/indicator-warning.png
 36.6 kb	 0.4% Assets/UI/Art/Runtime/sunny-orchard-painted/icons/indicator-success.png
 36.6 kb	 0.4% Assets/UI/Art/Runtime/sunny-orchard-painted/icons/indicator-loading.png
 36.6 kb	 0.4% Assets/UI/Art/Runtime/sunny-orchard-painted/icons/indicator-drag-legal.png
 36.6 kb	 0.4% Assets/UI/Art/Runtime/sunny-orchard-painted/icons/indicator-disabled.png
 36.6 kb	 0.4% Assets/UI/Art/Runtime/sunny-orchard-painted/icons/icon-resource-wave.png
 36.6 kb	 0.4% Assets/UI/Art/Runtime/sunny-orchard-painted/icons/icon-resource-sun.png
 36.6 kb	 0.4% Assets/UI/Art/Runtime/sunny-orchard-painted/icons/icon-resource-core.png
 36.6 kb	 0.4% Assets/UI/Art/Runtime/sunny-orchard-painted/icons/icon-control-speed.png
 36.6 kb	 0.4% Assets/UI/Art/Runtime/sunny-orchard-painted/icons/icon-control-return.png
 36.6 kb	 0.4% Assets/UI/Art/Runtime/sunny-orchard-painted/icons/icon-control-retry.png
 36.6 kb	 0.4% Assets/UI/Art/Runtime/sunny-orchard-painted/icons/icon-control-refresh.png
 36.6 kb	 0.4% Assets/UI/Art/Runtime/sunny-orchard-painted/icons/icon-control-pause.png
 36.6 kb	 0.4% Assets/UI/Art/Runtime/sunny-orchard-painted/icons/icon-control-close.png
 36.6 kb	 0.4% Assets/UI/Art/Runtime/sunny-orchard-painted/icons/marker-selected.png
 36.6 kb	 0.4% Assets/UI/Art/Runtime/sunny-orchard-painted/icons/indicator-swap.png
 36.6 kb	 0.4% Assets/UI/Art/Runtime/sunny-orchard-painted/icons/indicator-merge.png
 36.6 kb	 0.4% Assets/UI/Art/Runtime/sunny-orchard-painted/icons/indicator-error.png
 36.6 kb	 0.4% Assets/UI/Art/Runtime/sunny-orchard-painted/icons/icon-tool-pot.png
 12.6 kb	 0.1% Assets/LayeredTerrain/CompositeBrushes/StoneWater/Runtime64/Mask-15.png
 12.6 kb	 0.1% Assets/LayeredTerrain/CompositeBrushes/StoneWater/Runtime64/Mask-14.png
 12.6 kb	 0.1% Assets/LayeredTerrain/CompositeBrushes/StoneWater/Runtime64/Mask-13.png
 12.6 kb	 0.1% Assets/LayeredTerrain/CompositeBrushes/StoneWater/Runtime64/Mask-12.png
 12.6 kb	 0.1% Assets/LayeredTerrain/CompositeBrushes/StoneWater/Runtime64/Mask-11.png
 12.6 kb	 0.1% Assets/LayeredTerrain/CompositeBrushes/StoneWater/Runtime64/Mask-10.png
 12.6 kb	 0.1% Assets/LayeredTerrain/CompositeBrushes/StoneWater/Runtime64/Mask-09.png
 12.6 kb	 0.1% Assets/LayeredTerrain/CompositeBrushes/StoneWater/Runtime64/Mask-08.png
 12.6 kb	 0.1% Assets/LayeredTerrain/CompositeBrushes/StoneWater/Runtime64/Mask-07.png
 12.6 kb	 0.1% Assets/LayeredTerrain/CompositeBrushes/StoneWater/Runtime64/Mask-06.png
 12.6 kb	 0.1% Assets/LayeredTerrain/CompositeBrushes/StoneWater/Runtime64/Mask-05.png
 12.6 kb	 0.1% Assets/LayeredTerrain/CompositeBrushes/StoneWater/Runtime64/Mask-04.png
 12.6 kb	 0.1% Assets/LayeredTerrain/CompositeBrushes/StoneWater/Runtime64/Mask-03.png
 12.6 kb	 0.1% Assets/LayeredTerrain/CompositeBrushes/StoneWater/Runtime64/Mask-02.png
 12.6 kb	 0.1% Assets/LayeredTerrain/CompositeBrushes/StoneWater/Runtime64/Mask-01.png
 12.6 kb	 0.1% Assets/LayeredTerrain/CompositeBrushes/StoneWater/Runtime64/Mask-00.png
 12.6 kb	 0.1% Assets/LayeredTerrain/CompositeBrushes/GrassSoil/Runtime64/Mask-15.png
 12.6 kb	 0.1% Assets/LayeredTerrain/CompositeBrushes/GrassSoil/Runtime64/Mask-14.png
 12.6 kb	 0.1% Assets/LayeredTerrain/CompositeBrushes/GrassSoil/Runtime64/Mask-13.png
 12.6 kb	 0.1% Assets/LayeredTerrain/CompositeBrushes/GrassSoil/Runtime64/Mask-12.png
 12.6 kb	 0.1% Assets/LayeredTerrain/CompositeBrushes/GrassSoil/Runtime64/Mask-11.png
 12.6 kb	 0.1% Assets/LayeredTerrain/CompositeBrushes/GrassSoil/Runtime64/Mask-10.png
 12.6 kb	 0.1% Assets/LayeredTerrain/CompositeBrushes/GrassSoil/Runtime64/Mask-09.png
 12.6 kb	 0.1% Assets/LayeredTerrain/CompositeBrushes/GrassSoil/Runtime64/Mask-08.png
 12.6 kb	 0.1% Assets/LayeredTerrain/CompositeBrushes/GrassSoil/Runtime64/Mask-07.png
 12.6 kb	 0.1% Assets/LayeredTerrain/CompositeBrushes/GrassSoil/Runtime64/Mask-06.png
 12.6 kb	 0.1% Assets/LayeredTerrain/CompositeBrushes/GrassSoil/Runtime64/Mask-05.png
 12.6 kb	 0.1% Assets/LayeredTerrain/CompositeBrushes/GrassSoil/Runtime64/Mask-04.png
 12.6 kb	 0.1% Assets/LayeredTerrain/CompositeBrushes/GrassSoil/Runtime64/Mask-03.png
 12.6 kb	 0.1% Assets/LayeredTerrain/CompositeBrushes/GrassSoil/Runtime64/Mask-02.png
 12.6 kb	 0.1% Assets/LayeredTerrain/CompositeBrushes/GrassSoil/Runtime64/Mask-01.png
 12.6 kb	 0.1% Assets/LayeredTerrain/CompositeBrushes/GrassSoil/Runtime64/Mask-00.png
 9.6 kb	 0.1% Assets/UI/Art/Runtime/sunny-orchard-painted/ornaments/ornament-metric-divider.png
 4.6 kb	 0.0% Assets/LayeredTerrain/GrassSoil/EdgeGrassOnSoilRefined/Mask-10.png
 4.6 kb	 0.0% Assets/LayeredTerrain/GrassSoil/EdgeGrassOnSoilRefined/Mask-05.png
 4.6 kb	 0.0% Assets/LayeredTerrain/GrassSoil/LandformSoil/Mask-10.png
 4.6 kb	 0.0% Assets/LayeredTerrain/GrassSoil/LandformSoil/Mask-05.png
 4.6 kb	 0.0% Assets/LayeredTerrain/GrassSoil/LandformGrass/Mask-10.png
 4.6 kb	 0.0% Assets/LayeredTerrain/GrassSoil/LandformGrass/Mask-05.png
 4.6 kb	 0.0% Assets/DualGridTerrain/StoneFloor/Generated/Mask-10.png
 4.6 kb	 0.0% Assets/DualGridTerrain/StoneFloor/Generated/Mask-05.png
 4.6 kb	 0.0% Assets/LayeredTerrain/GrassSoil/EdgeGrassOnSoilRefined/Mask-02.png
 4.6 kb	 0.0% Assets/LayeredTerrain/GrassSoil/LandformSoil/Mask-02.png
 4.6 kb	 0.0% Assets/LayeredTerrain/GrassSoil/LandformGrass/Mask-02.png
 4.6 kb	 0.0% Assets/LayeredTerrain/GrassSoil/EdgeGrassOnSoilRefined/Mask-14.png
 4.6 kb	 0.0% Assets/LayeredTerrain/GrassSoil/EdgeGrassOnSoilRefined/Mask-13.png
 4.6 kb	 0.0% Assets/LayeredTerrain/GrassSoil/EdgeGrassOnSoilRefined/Mask-11.png
 4.6 kb	 0.0% Assets/LayeredTerrain/GrassSoil/LandformSoil/Mask-04.png
 4.6 kb	 0.0% Assets/LayeredTerrain/GrassSoil/LandformGrass/Mask-04.png
 4.6 kb	 0.0% Assets/LayeredTerrain/GrassSoil/EdgeGrassOnSoilRefined/Mask-08.png
 4.6 kb	 0.0% Assets/LayeredTerrain/GrassSoil/EdgeGrassOnSoilRefined/Mask-07.png
 4.6 kb	 0.0% Assets/LayeredTerrain/GrassSoil/EdgeGrassOnSoilRefined/Mask-04.png
 4.6 kb	 0.0% Assets/LayeredTerrain/GrassSoil/EdgeGrassOnSoilRefined/Mask-01.png
 4.6 kb	 0.0% Assets/DualGridTerrain/StoneFloor/Generated/Mask-09.png
 4.6 kb	 0.0% Assets/DualGridTerrain/StoneFloor/Generated/Mask-04.png
 4.6 kb	 0.0% Assets/DualGridTerrain/StoneFloor/Generated/Mask-02.png
 4.6 kb	 0.0% Assets/LayeredTerrain/GrassSoil/LandformSoil/Mask-14.png
 4.6 kb	 0.0% Assets/LayeredTerrain/GrassSoil/LandformSoil/Mask-13.png
 4.6 kb	 0.0% Assets/LayeredTerrain/GrassSoil/LandformSoil/Mask-11.png
 4.6 kb	 0.0% Assets/LayeredTerrain/GrassSoil/LandformSoil/Mask-08.png
 4.6 kb	 0.0% Assets/LayeredTerrain/GrassSoil/LandformSoil/Mask-07.png
 4.6 kb	 0.0% Assets/LayeredTerrain/GrassSoil/LandformSoil/Mask-01.png
 4.6 kb	 0.0% Assets/LayeredTerrain/GrassSoil/LandformGrass/Mask-14.png
 4.6 kb	 0.0% Assets/LayeredTerrain/GrassSoil/LandformGrass/Mask-13.png
 4.6 kb	 0.0% Assets/LayeredTerrain/GrassSoil/LandformGrass/Mask-11.png
 4.6 kb	 0.0% Assets/LayeredTerrain/GrassSoil/LandformGrass/Mask-08.png
 4.6 kb	 0.0% Assets/LayeredTerrain/GrassSoil/LandformGrass/Mask-07.png
 4.6 kb	 0.0% Assets/LayeredTerrain/GrassSoil/LandformGrass/Mask-01.png
 4.6 kb	 0.0% Assets/LayeredTerrain/GrassSoil/EdgeGrassOnSoilRefined/Mask-09.png
 4.6 kb	 0.0% Assets/DualGridTerrain/StoneFloor/Generated/Mask-14.png
 4.6 kb	 0.0% Assets/DualGridTerrain/StoneFloor/Generated/Mask-13.png
 4.6 kb	 0.0% Assets/DualGridTerrain/StoneFloor/Generated/Mask-12.png
 4.6 kb	 0.0% Assets/DualGridTerrain/StoneFloor/Generated/Mask-11.png
 4.6 kb	 0.0% Assets/DualGridTerrain/StoneFloor/Generated/Mask-08.png
 4.6 kb	 0.0% Assets/DualGridTerrain/StoneFloor/Generated/Mask-07.png
 4.6 kb	 0.0% Assets/DualGridTerrain/StoneFloor/Generated/Mask-03.png
 4.6 kb	 0.0% Assets/DualGridTerrain/StoneFloor/Generated/Mask-01.png
 4.6 kb	 0.0% Assets/LayeredTerrain/GrassSoil/LandformSoil/Mask-12.png
 4.6 kb	 0.0% Assets/LayeredTerrain/GrassSoil/LandformSoil/Mask-09.png
 4.6 kb	 0.0% Assets/LayeredTerrain/GrassSoil/LandformSoil/Mask-06.png
 4.6 kb	 0.0% Assets/LayeredTerrain/GrassSoil/LandformSoil/Mask-03.png
 4.6 kb	 0.0% Assets/LayeredTerrain/GrassSoil/LandformGrass/Mask-12.png
 4.6 kb	 0.0% Assets/LayeredTerrain/GrassSoil/LandformGrass/Mask-09.png
 4.6 kb	 0.0% Assets/LayeredTerrain/GrassSoil/LandformGrass/Mask-06.png
 4.6 kb	 0.0% Assets/LayeredTerrain/GrassSoil/LandformGrass/Mask-03.png
 4.6 kb	 0.0% Assets/LayeredTerrain/GrassSoil/EdgeGrassOnSoilRefined/Mask-12.png
 4.6 kb	 0.0% Assets/LayeredTerrain/GrassSoil/EdgeGrassOnSoilRefined/Mask-06.png
 4.6 kb	 0.0% Assets/LayeredTerrain/GrassSoil/EdgeGrassOnSoilRefined/Mask-03.png
 4.6 kb	 0.0% Assets/DualGridTerrain/StoneFloor/Generated/Mask-06.png
 4.5 kb	 0.0% Assets/LayeredTerrain/GrassSoil/LandformSoil/Mask-00.png
 4.5 kb	 0.0% Assets/LayeredTerrain/GrassSoil/LandformGrass/Mask-00.png
 4.5 kb	 0.0% Assets/LayeredTerrain/GrassSoil/EdgeGrassOnSoilRefined/Mask-15.png
 4.5 kb	 0.0% Assets/LayeredTerrain/GrassSoil/EdgeGrassOnSoilRefined/Mask-00.png
 4.5 kb	 0.0% Assets/DualGridTerrain/StoneFloor/Generated/Mask-00.png
 4.4 kb	 0.0% Assets/Resources/Fonts/OFL-NotoSansSC.txt
 3.6 kb	 0.0% Assets/LayeredTerrain/GrassSoil/LandformSoil/Mask-15.png
 3.6 kb	 0.0% Assets/LayeredTerrain/GrassSoil/LandformGrass/Mask-15.png
 3.6 kb	 0.0% Assets/DualGridTerrain/StoneFloor/Generated/Mask-15.png
 3.6 kb	 0.0% Assets/UI/Art/Runtime/sunny-orchard-painted/surfaces/surface-scrim.png
 3.2 kb	 0.0% Assets/UI/Art/Sets/SunnyOrchardPaintedRuntimeUiArtSet.asset
 1.0 kb	 0.0% Assets/Resources/Fonts/README.md
 0.8 kb	 0.0% Assets/Battlefield/Terrain/OrchardDefaultTerrainPalette.asset
 0.5 kb	 0.0% Assets/UI/Theme/ReleaseRuntimeUiTheme.asset
 0.4 kb	 0.0% Built-in Sprite:
 0.3 kb	 0.0% Assets/LayeredTerrain/GrassSoil/Square/LandformStoneRoad/StoneRoadSquareLandformTileSet.asset
 0.2 kb	 0.0% Assets/LayeredTerrain/GrassSoil/Square/LandformSoil/SoilSquareLandformTileSet.asset
 0.2 kb	 0.0% Assets/LayeredTerrain/GrassSoil/EdgeGrassOnSoilRefined/GrassOnSoilRefinedTileSet.asset
 0.2 kb	 0.0% Assets/LayeredTerrain/CompositeBrushes/StoneWater/StoneWaterCompositeTileSet.asset
 0.2 kb	 0.0% Assets/LayeredTerrain/CompositeBrushes/GrassSoil/GrassSoilCompositeTileSet.asset
 0.2 kb	 0.0% Assets/DualGridTerrain/StoneFloor/Generated/StoneFloorDualGridTileSet.asset
 0.2 kb	 0.0% Assets/LayeredTerrain/GrassSoil/LandformSoil/SoilLandformTileSet.asset
 0.2 kb	 0.0% Assets/LayeredTerrain/GrassSoil/LandformGrass/GrassLandformTileSet.asset
 0.1 kb	 0.0% Assets/LayeredTerrain/GrassSoil/Square/LandformStoneRoad/Mask-15.asset
 0.1 kb	 0.0% Assets/LayeredTerrain/GrassSoil/Square/LandformStoneRoad/Mask-14.asset
 0.1 kb	 0.0% Assets/LayeredTerrain/GrassSoil/Square/LandformStoneRoad/Mask-13.asset
 0.1 kb	 0.0% Assets/LayeredTerrain/GrassSoil/Square/LandformStoneRoad/Mask-12.asset
 0.1 kb	 0.0% Assets/LayeredTerrain/GrassSoil/Square/LandformStoneRoad/Mask-11.asset
 0.1 kb	 0.0% Assets/LayeredTerrain/GrassSoil/Square/LandformStoneRoad/Mask-10.asset
 0.1 kb	 0.0% Assets/LayeredTerrain/GrassSoil/Square/LandformStoneRoad/Mask-09.asset
 0.1 kb	 0.0% Assets/LayeredTerrain/GrassSoil/Square/LandformStoneRoad/Mask-08.asset
 0.1 kb	 0.0% Assets/LayeredTerrain/GrassSoil/Square/LandformStoneRoad/Mask-07.asset
 0.1 kb	 0.0% Assets/LayeredTerrain/GrassSoil/Square/LandformStoneRoad/Mask-06.asset
 0.1 kb	 0.0% Assets/LayeredTerrain/GrassSoil/Square/LandformStoneRoad/Mask-05.asset
 0.1 kb	 0.0% Assets/LayeredTerrain/GrassSoil/Square/LandformStoneRoad/Mask-04.asset
 0.1 kb	 0.0% Assets/LayeredTerrain/GrassSoil/Square/LandformStoneRoad/Mask-03.asset
 0.1 kb	 0.0% Assets/LayeredTerrain/GrassSoil/Square/LandformStoneRoad/Mask-02.asset
 0.1 kb	 0.0% Assets/LayeredTerrain/GrassSoil/Square/LandformStoneRoad/Mask-01.asset
 0.1 kb	 0.0% Assets/LayeredTerrain/GrassSoil/Square/LandformStoneRoad/Mask-00.asset
 0.1 kb	 0.0% Assets/LayeredTerrain/GrassSoil/Square/LandformSoil/Mask-15.asset
 0.1 kb	 0.0% Assets/LayeredTerrain/GrassSoil/Square/LandformSoil/Mask-14.asset
 0.1 kb	 0.0% Assets/LayeredTerrain/GrassSoil/Square/LandformSoil/Mask-13.asset
 0.1 kb	 0.0% Assets/LayeredTerrain/GrassSoil/Square/LandformSoil/Mask-12.asset
 0.1 kb	 0.0% Assets/LayeredTerrain/GrassSoil/Square/LandformSoil/Mask-11.asset
 0.1 kb	 0.0% Assets/LayeredTerrain/GrassSoil/Square/LandformSoil/Mask-10.asset
 0.1 kb	 0.0% Assets/LayeredTerrain/GrassSoil/Square/LandformSoil/Mask-09.asset
 0.1 kb	 0.0% Assets/LayeredTerrain/GrassSoil/Square/LandformSoil/Mask-08.asset
 0.1 kb	 0.0% Assets/LayeredTerrain/GrassSoil/Square/LandformSoil/Mask-07.asset
 0.1 kb	 0.0% Assets/LayeredTerrain/GrassSoil/Square/LandformSoil/Mask-06.asset
 0.1 kb	 0.0% Assets/LayeredTerrain/GrassSoil/Square/LandformSoil/Mask-05.asset
 0.1 kb	 0.0% Assets/LayeredTerrain/GrassSoil/Square/LandformSoil/Mask-04.asset
 0.1 kb	 0.0% Assets/LayeredTerrain/GrassSoil/Square/LandformSoil/Mask-03.asset
 0.1 kb	 0.0% Assets/LayeredTerrain/GrassSoil/Square/LandformSoil/Mask-02.asset
 0.1 kb	 0.0% Assets/LayeredTerrain/GrassSoil/Square/LandformSoil/Mask-01.asset
 0.1 kb	 0.0% Assets/LayeredTerrain/GrassSoil/Square/LandformSoil/Mask-00.asset
 0.1 kb	 0.0% Assets/LayeredTerrain/GrassSoil/LandformSoil/Mask-15.asset
 0.1 kb	 0.0% Assets/LayeredTerrain/GrassSoil/LandformSoil/Mask-14.asset
 0.1 kb	 0.0% Assets/LayeredTerrain/GrassSoil/LandformSoil/Mask-13.asset
 0.1 kb	 0.0% Assets/LayeredTerrain/GrassSoil/LandformSoil/Mask-12.asset
 0.1 kb	 0.0% Assets/LayeredTerrain/GrassSoil/LandformSoil/Mask-11.asset
 0.1 kb	 0.0% Assets/LayeredTerrain/GrassSoil/LandformSoil/Mask-10.asset
 0.1 kb	 0.0% Assets/LayeredTerrain/GrassSoil/LandformSoil/Mask-09.asset
 0.1 kb	 0.0% Assets/LayeredTerrain/GrassSoil/LandformSoil/Mask-08.asset
 0.1 kb	 0.0% Assets/LayeredTerrain/GrassSoil/LandformSoil/Mask-07.asset
 0.1 kb	 0.0% Assets/LayeredTerrain/GrassSoil/LandformSoil/Mask-06.asset
 0.1 kb	 0.0% Assets/LayeredTerrain/GrassSoil/LandformSoil/Mask-05.asset
 0.1 kb	 0.0% Assets/LayeredTerrain/GrassSoil/LandformSoil/Mask-04.asset
 0.1 kb	 0.0% Assets/LayeredTerrain/GrassSoil/LandformSoil/Mask-03.asset
 0.1 kb	 0.0% Assets/LayeredTerrain/GrassSoil/LandformSoil/Mask-02.asset
 0.1 kb	 0.0% Assets/LayeredTerrain/GrassSoil/LandformSoil/Mask-01.asset
 0.1 kb	 0.0% Assets/LayeredTerrain/GrassSoil/LandformSoil/Mask-00.asset
 0.1 kb	 0.0% Assets/LayeredTerrain/GrassSoil/LandformGrass/Mask-15.asset
 0.1 kb	 0.0% Assets/LayeredTerrain/GrassSoil/LandformGrass/Mask-14.asset
 0.1 kb	 0.0% Assets/LayeredTerrain/GrassSoil/LandformGrass/Mask-13.asset
 0.1 kb	 0.0% Assets/LayeredTerrain/GrassSoil/LandformGrass/Mask-12.asset
 0.1 kb	 0.0% Assets/LayeredTerrain/GrassSoil/LandformGrass/Mask-11.asset
 0.1 kb	 0.0% Assets/LayeredTerrain/GrassSoil/LandformGrass/Mask-10.asset
 0.1 kb	 0.0% Assets/LayeredTerrain/GrassSoil/LandformGrass/Mask-09.asset
 0.1 kb	 0.0% Assets/LayeredTerrain/GrassSoil/LandformGrass/Mask-08.asset
 0.1 kb	 0.0% Assets/LayeredTerrain/GrassSoil/LandformGrass/Mask-07.asset
 0.1 kb	 0.0% Assets/LayeredTerrain/GrassSoil/LandformGrass/Mask-06.asset
 0.1 kb	 0.0% Assets/LayeredTerrain/GrassSoil/LandformGrass/Mask-05.asset
 0.1 kb	 0.0% Assets/LayeredTerrain/GrassSoil/LandformGrass/Mask-04.asset
 0.1 kb	 0.0% Assets/LayeredTerrain/GrassSoil/LandformGrass/Mask-03.asset
 0.1 kb	 0.0% Assets/LayeredTerrain/GrassSoil/LandformGrass/Mask-02.asset
 0.1 kb	 0.0% Assets/LayeredTerrain/GrassSoil/LandformGrass/Mask-01.asset
 0.1 kb	 0.0% Assets/LayeredTerrain/GrassSoil/LandformGrass/Mask-00.asset
 0.1 kb	 0.0% Assets/LayeredTerrain/GrassSoil/EdgeGrassOnSoilRefined/Mask-15.asset
 0.1 kb	 0.0% Assets/LayeredTerrain/GrassSoil/EdgeGrassOnSoilRefined/Mask-14.asset
 0.1 kb	 0.0% Assets/LayeredTerrain/GrassSoil/EdgeGrassOnSoilRefined/Mask-13.asset
 0.1 kb	 0.0% Assets/LayeredTerrain/GrassSoil/EdgeGrassOnSoilRefined/Mask-12.asset
 0.1 kb	 0.0% Assets/LayeredTerrain/GrassSoil/EdgeGrassOnSoilRefined/Mask-11.asset
 0.1 kb	 0.0% Assets/LayeredTerrain/GrassSoil/EdgeGrassOnSoilRefined/Mask-10.asset
 0.1 kb	 0.0% Assets/LayeredTerrain/GrassSoil/EdgeGrassOnSoilRefined/Mask-09.asset
 0.1 kb	 0.0% Assets/LayeredTerrain/GrassSoil/EdgeGrassOnSoilRefined/Mask-08.asset
 0.1 kb	 0.0% Assets/LayeredTerrain/GrassSoil/EdgeGrassOnSoilRefined/Mask-07.asset
 0.1 kb	 0.0% Assets/LayeredTerrain/GrassSoil/EdgeGrassOnSoilRefined/Mask-06.asset
 0.1 kb	 0.0% Assets/LayeredTerrain/GrassSoil/EdgeGrassOnSoilRefined/Mask-05.asset
 0.1 kb	 0.0% Assets/LayeredTerrain/GrassSoil/EdgeGrassOnSoilRefined/Mask-04.asset
 0.1 kb	 0.0% Assets/LayeredTerrain/GrassSoil/EdgeGrassOnSoilRefined/Mask-03.asset
 0.1 kb	 0.0% Assets/LayeredTerrain/GrassSoil/EdgeGrassOnSoilRefined/Mask-02.asset
 0.1 kb	 0.0% Assets/LayeredTerrain/GrassSoil/EdgeGrassOnSoilRefined/Mask-01.asset
 0.1 kb	 0.0% Assets/LayeredTerrain/GrassSoil/EdgeGrassOnSoilRefined/Mask-00.asset
 0.1 kb	 0.0% Assets/LayeredTerrain/CompositeBrushes/StoneWater/Mask-15.asset
 0.1 kb	 0.0% Assets/LayeredTerrain/CompositeBrushes/StoneWater/Mask-14.asset
 0.1 kb	 0.0% Assets/LayeredTerrain/CompositeBrushes/StoneWater/Mask-13.asset
 0.1 kb	 0.0% Assets/LayeredTerrain/CompositeBrushes/StoneWater/Mask-12.asset
 0.1 kb	 0.0% Assets/LayeredTerrain/CompositeBrushes/StoneWater/Mask-11.asset
 0.1 kb	 0.0% Assets/LayeredTerrain/CompositeBrushes/StoneWater/Mask-10.asset
 0.1 kb	 0.0% Assets/LayeredTerrain/CompositeBrushes/StoneWater/Mask-09.asset
 0.1 kb	 0.0% Assets/LayeredTerrain/CompositeBrushes/StoneWater/Mask-08.asset
 0.1 kb	 0.0% Assets/LayeredTerrain/CompositeBrushes/StoneWater/Mask-07.asset
 0.1 kb	 0.0% Assets/LayeredTerrain/CompositeBrushes/StoneWater/Mask-06.asset
 0.1 kb	 0.0% Assets/LayeredTerrain/CompositeBrushes/StoneWater/Mask-05.asset
 0.1 kb	 0.0% Assets/LayeredTerrain/CompositeBrushes/StoneWater/Mask-04.asset
 0.1 kb	 0.0% Assets/LayeredTerrain/CompositeBrushes/StoneWater/Mask-03.asset
 0.1 kb	 0.0% Assets/LayeredTerrain/CompositeBrushes/StoneWater/Mask-02.asset
 0.1 kb	 0.0% Assets/LayeredTerrain/CompositeBrushes/StoneWater/Mask-01.asset
 0.1 kb	 0.0% Assets/LayeredTerrain/CompositeBrushes/StoneWater/Mask-00.asset
 0.1 kb	 0.0% Assets/LayeredTerrain/CompositeBrushes/GrassSoil/Mask-15.asset
 0.1 kb	 0.0% Assets/LayeredTerrain/CompositeBrushes/GrassSoil/Mask-14.asset
 0.1 kb	 0.0% Assets/LayeredTerrain/CompositeBrushes/GrassSoil/Mask-13.asset
 0.1 kb	 0.0% Assets/LayeredTerrain/CompositeBrushes/GrassSoil/Mask-12.asset
 0.1 kb	 0.0% Assets/LayeredTerrain/CompositeBrushes/GrassSoil/Mask-11.asset
 0.1 kb	 0.0% Assets/LayeredTerrain/CompositeBrushes/GrassSoil/Mask-10.asset
 0.1 kb	 0.0% Assets/LayeredTerrain/CompositeBrushes/GrassSoil/Mask-09.asset
 0.1 kb	 0.0% Assets/LayeredTerrain/CompositeBrushes/GrassSoil/Mask-08.asset
 0.1 kb	 0.0% Assets/LayeredTerrain/CompositeBrushes/GrassSoil/Mask-07.asset
 0.1 kb	 0.0% Assets/LayeredTerrain/CompositeBrushes/GrassSoil/Mask-06.asset
 0.1 kb	 0.0% Assets/LayeredTerrain/CompositeBrushes/GrassSoil/Mask-05.asset
 0.1 kb	 0.0% Assets/LayeredTerrain/CompositeBrushes/GrassSoil/Mask-04.asset
 0.1 kb	 0.0% Assets/LayeredTerrain/CompositeBrushes/GrassSoil/Mask-03.asset
 0.1 kb	 0.0% Assets/LayeredTerrain/CompositeBrushes/GrassSoil/Mask-02.asset
 0.1 kb	 0.0% Assets/LayeredTerrain/CompositeBrushes/GrassSoil/Mask-01.asset
 0.1 kb	 0.0% Assets/LayeredTerrain/CompositeBrushes/GrassSoil/Mask-00.asset
 0.1 kb	 0.0% Assets/DualGridTerrain/StoneFloor/Generated/Mask-15.asset
 0.1 kb	 0.0% Assets/DualGridTerrain/StoneFloor/Generated/Mask-14.asset
 0.1 kb	 0.0% Assets/DualGridTerrain/StoneFloor/Generated/Mask-13.asset
 0.1 kb	 0.0% Assets/DualGridTerrain/StoneFloor/Generated/Mask-12.asset
 0.1 kb	 0.0% Assets/DualGridTerrain/StoneFloor/Generated/Mask-11.asset
 0.1 kb	 0.0% Assets/DualGridTerrain/StoneFloor/Generated/Mask-10.asset
 0.1 kb	 0.0% Assets/DualGridTerrain/StoneFloor/Generated/Mask-09.asset
 0.1 kb	 0.0% Assets/DualGridTerrain/StoneFloor/Generated/Mask-08.asset
 0.1 kb	 0.0% Assets/DualGridTerrain/StoneFloor/Generated/Mask-07.asset
 0.1 kb	 0.0% Assets/DualGridTerrain/StoneFloor/Generated/Mask-06.asset
 0.1 kb	 0.0% Assets/DualGridTerrain/StoneFloor/Generated/Mask-05.asset
 0.1 kb	 0.0% Assets/DualGridTerrain/StoneFloor/Generated/Mask-04.asset
 0.1 kb	 0.0% Assets/DualGridTerrain/StoneFloor/Generated/Mask-03.asset
 0.1 kb	 0.0% Assets/DualGridTerrain/StoneFloor/Generated/Mask-02.asset
 0.1 kb	 0.0% Assets/DualGridTerrain/StoneFloor/Generated/Mask-01.asset
 0.1 kb	 0.0% Assets/DualGridTerrain/StoneFloor/Generated/Mask-00.asset
 0.1 kb	 0.0% Assets/Scripts/Tilemaps/LayeredTerrainAcceptancePresenter.cs
 0.1 kb	 0.0% Assets/Scripts/Tilemaps/CombinedWorkflowTrialBootstrap.cs
 0.1 kb	 0.0% Assets/Scripts/Presentation/BattleUiPresentationState.cs
 0.1 kb	 0.0% Assets/Scripts/Content/PublishedBattlefieldMapCatalog.cs
 0.1 kb	 0.0% Assets/Scripts/Tilemaps/BattlefieldTerrainPalette.cs
 0.1 kb	 0.0% Assets/Scripts/Tilemaps/BattlefieldDualGridTerrain.cs
 0.1 kb	 0.0% Assets/Scripts/Presentation/BattlePresentationBuffer.cs
 0.1 kb	 0.0% Assets/Scripts/Content/CompiledBattleContentCatalog.cs
 0.1 kb	 0.0% Assets/Scripts/Content/BundledLevelCatalogFactory.cs
 0.1 kb	 0.0% Assets/Scripts/Content/BundledBattleContentFactory.cs
 0.1 kb	 0.0% Assets/Scripts/Content/BattlefieldMapAuthoringAsset.cs
 0.1 kb	 0.0% Assets/Scripts/Content/BattleContentCatalogAsset.cs
 0.1 kb	 0.0% Assets/Scripts/Tilemaps/TerrainBrushDefinition.cs
 0.1 kb	 0.0% Assets/Scripts/Tilemaps/LayeredTerrainTilemap.cs
 0.1 kb	 0.0% Assets/Scripts/App/Services/LocalProfileStore.cs
 0.1 kb	 0.0% Assets/Scripts/Shell/ShellLayoutValidation.cs
 0.1 kb	 0.0% Assets/Scripts/Core/BattlefieldProjection.cs
 0.1 kb	 0.0% Assets/Scripts/Core/BattlefieldMap.cs
 0.1 kb	 0.0% Assets/Scripts/Core/BattlePresentationEvents.cs
 0.1 kb	 0.0% Assets/Scripts/Content/LevelCatalogContracts.cs
 0.1 kb	 0.0% Assets/Scripts/Content/LegacyBattleContentIds.cs
 0.1 kb	 0.0% Assets/Scripts/Content/BattleContentValidator.cs
 0.1 kb	 0.0% Assets/Scripts/App/Services/ProfileContracts.cs
 0.1 kb	 0.0% Assets/Scripts/Tilemaps/DualGridDebugTile.cs
 0.1 kb	 0.0% Assets/Scripts/Platform/PlatformRuntime.cs
 0.1 kb	 0.0% Assets/Scripts/Core/BattlefieldLayeredMap.cs
 0.1 kb	 0.0% Assets/Scripts/Content/CombatPassiveRuntime.cs
 0.1 kb	 0.0% Assets/Scripts/Content/BattleContentDtos.cs
 0.1 kb	 0.0% Assets/Scripts/BattleSessionContracts.cs
 0.1 kb	 0.0% Assets/Scripts/App/Services/RemoteConfigService.cs
 0.1 kb	 0.0% Assets/Scripts/App/AppFrameworkValidation.cs
 0.1 kb	 0.0% Assets/Scripts/Shell/ShellFlowValidation.cs
 0.1 kb	 0.0% Assets/Scripts/Shell/ShellFlowContracts.cs
 0.1 kb	 0.0% Assets/Scripts/Shell/SettlementPresenter.cs
 0.1 kb	 0.0% Assets/Scripts/Shell/PortraitShellLayout.cs
 0.1 kb	 0.0% Assets/Scripts/RuntimeSafeAreaResolver.cs
 0.1 kb	 0.0% Assets/Scripts/Presentation/BattleUiLayout.cs
 0.1 kb	 0.0% Assets/Scripts/Core/GameSimulationSnapshot.cs
 0.1 kb	 0.0% Assets/Scripts/Core/DeterministicRandom.cs
 0.1 kb	 0.0% Assets/Scripts/Core/CombatEntityState.cs
 0.1 kb	 0.0% Assets/Scripts/Content/LevelCatalogCompiler.cs
 0.1 kb	 0.0% Assets/Scripts/Content/BattleSkillRuntime.cs
 0.1 kb	 0.0% Assets/Scripts/Content/BattleContentJson.cs
 0.1 kb	 0.0% Assets/Scripts/UI/RuntimeUiVisualTypes.cs
 0.1 kb	 0.0% Assets/Scripts/UI/RuntimeUiCopyCatalog.cs
 0.1 kb	 0.0% Assets/Scripts/Tilemaps/DualGridTilemap.cs
 0.1 kb	 0.0% Assets/Scripts/Tilemaps/DualGridTileSet.cs
 0.1 kb	 0.0% Assets/Scripts/Tilemaps/DualGridMask.cs
 0.1 kb	 0.0% Assets/Scripts/App/AppFlowCoordinator.cs
 0.1 kb	 0.0% Assets/Scripts/Shell/LobbyPresenter.cs
 0.1 kb	 0.0% Assets/Scripts/Core/GameSimulation.cs
 0.1 kb	 0.0% Assets/Scripts/Core/GameModel.cs
 0.1 kb	 0.0% Assets/Scripts/Core/BattleSnapshotV2.cs
 0.1 kb	 0.0% Assets/Scripts/Core/BattleSnapshotV1.cs
 0.1 kb	 0.0% Assets/Scripts/Content/BattleContentIds.cs
 0.1 kb	 0.0% Assets/Scripts/UI/RuntimeUiTheme.cs
 0.1 kb	 0.0% Assets/Scripts/UI/RuntimeUiArtSet.cs
 0.1 kb	 0.0% Assets/Scripts/App/AppNavigation.cs
 0.1 kb	 0.0% Assets/Scripts/FruitDefenseGame.cs
 0.1 kb	 0.0% Assets/Scripts/Core/GameConfig.cs
 0.1 kb	 0.0% Assets/Scripts/Core/DragGeometry.cs
 0.1 kb	 0.0% Assets/Scripts/UI/RuntimeUiGui.cs
 0.1 kb	 0.0% Assets/Scripts/App/AppBootstrap.cs
-------------------------------------------------------------------------------
Unloading 324 Unused Serialized files (Serialized files now loaded: 0)
Total cache size 36279705
Total cache size after purge 36279705, took 00:00:00.0870598
Unloading 526 unused Assets / (12.4 MB). Loaded Objects now: 820.
Memory consumption went from 185.1 MB to 172.7 MB.
Total: 14.738600 ms (FindLiveObjects: 0.141200 ms CreateObjectMapping: 0.023900 ms MarkObjects: 12.813900 ms  DeleteObjects: 1.758300 ms)

DisplayProgressNotification: Build Successful
Build Finished, Result: Success.
##utp:{"type":"PlayerBuildInfo","version":2,"phase":"Immediate","time":1787218220030,"processId":17316,"steps":[{"description":"Preprocess Player","duration":7},{"description":"Prepare For Build","duration":0},{"description":"ProducePlayerScriptAssemblies","duration":2850},{"description":"Verify Build setup","duration":14},{"description":"Prepare assets for target platform","duration":2571},{"description":"Prepare splash screen","duration":21},{"description":"Building scenes","duration":303},{"description":"Build scripts DLLs","duration":24},{"description":"Build GlobalGameManagers file","duration":127},{"description":"Writing asset files","duration":343},{"description":"Building Resources/unity_builtin_extra","duration":2850},{"description":"Creating compressed player package","duration":1143},{"description":"Write data build dirty tracking information","duration":36},{"description":"Postprocess built player","duration":170059}],"duration":180348}
Unloading 0 Unused Serialized files (Serialized files now loaded: 0)
Loaded scene 'Temp/__Backupscenes/0.backup'
	Deserialize:            0.578 ms
	Integration:            10.977 ms
	Integration of assets:  0.002 ms
	Thread Wait Time:       0.008 ms
	Total Operation Time:   11.566 ms
Unloading 0 unused Assets / (0 B). Loaded Objects now: 813.
Memory consumption went from 152.9 MB to 152.9 MB.
Total: 11.915500 ms (FindLiveObjects: 0.090400 ms CreateObjectMapping: 0.009400 ms MarkObjects: 11.807400 ms  DeleteObjects: 0.007100 ms)

[websockify wrapper] Proxying from :35020 to localhost:34999
FRUIT_DEFENSE_WEB_BUILD_OK path=C:\Users\18163\AppData\Local\Temp\fd-b\Builds\WebGL compression=BrotliFallback stripping=High template=PROJECT:FruitDefensePortraitContain host=fruit-defense-portrait-contain-v1 size=9653955 payloads=[WebGL.data.unityweb:version=c39ef3ab5bb2:size=5575469, WebGL.framework.js.unityweb:version=0c5ecd20fc1c:size=69018, WebGL.loader.js:version=cfaa2d82d6d0:size=117893, WebGL.wasm.unityweb:version=b0689f427953:size=3881120]
UnityEngine.Debug:ExtractStackTraceNoAlloc (byte*,int,string)
UnityEngine.StackTraceUtility:ExtractStackTrace ()
UnityEngine.DebugLogHandler:Internal_Log (UnityEngine.LogType,UnityEngine.LogOption,string,UnityEngine.Object)
UnityEngine.DebugLogHandler:LogFormat (UnityEngine.LogType,UnityEngine.Object,string,object[])
UnityEngine.Logger:Log (UnityEngine.LogType,object)
UnityEngine.Debug:Log (object)
FruitDefense.Editor.WebBuild:Build () (at Assets/Editor/Tools/WebBuild.cs:117)

(Filename: Assets/Editor/Tools/WebBuild.cs Line: 117)

Batchmode quit successfully invoked - shutting down!
[websockify wrapper] Kill
[websockify wrapper] Process killed
[Physics::Module] Cleanup current backend.
[Physics::Module] Id: 0xf2b8ea05
Input System module state changed to: ShutdownInProgress.
Input System polling thread exited.
Input System module state changed to: Shutdown.
[Licensing::IpcConnector] LicenseClient-18163-notifications channel disconnected successfully.
[Licensing::IpcConnector] LicenseClient-18163 channel disconnected successfully.
AcceleratorClientConnectionCallback - disconnected - :0
Cleanup mono
[websockify wrapper] Kill
Exiting batchmode successfully now!
Exiting without the bug reporter. Application will terminate with return code 0