[Licensing::Module] Trying to connect to existing licensing client channel...
Built from '6000.3/staging' branch; Version is '6000.3.19f1 (7689f4515d75) revision 7768564'; Using compiler version '194234433'; Build Type 'Release'
[Licensing::IpcConnector] Channel LicenseClient-18163 doesn't exist
OS: 'Windows 10  (10.0.19045) 64bit Professional' Language: 'zh' Physical Memory: 32679 MB
BatchMode: 1, IsHumanControllingUs: 0, StartBugReporterOnCrash: 0, Is64bit: 1
System  architecture: x64
Process architecture: x64
Date: 2026-08-19T19:23:35Z
[Licensing::Module] Successfully launched the LicensingClient (PId: 27292)

COMMAND LINE ARGUMENTS:
C:\Program Files\Unity\Hub\Editor\6000.3.19f1\Editor\Unity.exe
-batchmode
-nographics
-quit
-projectPath
E:\project\unity\furitDefense
-executeMethod
FruitDefense.Editor.WebBuild.Build
-logFile
E:\project\unity\furitDefense\openspec\changes\polish-runtime-ui-quality-standard\evidence\4.2-preflight\webgl-build.log
Successfully changed project path to: E:\project\unity\furitDefense
E:/project/unity/furitDefense
[UnityMemory] Configuration Parameters - Can be set up in boot.config
    "memorysetup-temp-allocator-size-nav-mesh-worker=65536"
    "memorysetup-temp-allocator-size-audio-worker=65536"
    "memorysetup-temp-allocator-size-gfx=262144"
    "memorysetup-allocator-temp-initial-block-size-main=262144"
    "memorysetup-allocator-temp-initial-block-size-worker=262144"
    "memorysetup-temp-allocator-size-background-worker=32768"
    "memorysetup-temp-allocator-size-job-worker=262144"
    "memorysetup-temp-allocator-size-preload-manager=33554432"
    "memorysetup-temp-allocator-size-gi-baking-worker=262144"
    "memorysetup-temp-allocator-size-gi-baking-worker=262144"
    "memorysetup-temp-allocator-size-gi-baking-worker=262144"
    "memorysetup-temp-allocator-size-gi-baking-worker=262144"
    "memorysetup-temp-allocator-size-gi-baking-worker=262144"
    "memorysetup-bucket-allocator-granularity=16"
    "memorysetup-bucket-allocator-bucket-count=8"
    "memorysetup-bucket-allocator-block-size=33554432"
    "memorysetup-bucket-allocator-block-count=8"
    "memorysetup-main-allocator-block-size=16777216"
    "memorysetup-thread-allocator-block-size=16777216"
    "memorysetup-gfx-main-allocator-block-size=16777216"
    "memorysetup-gfx-thread-allocator-block-size=16777216"
    "memorysetup-cache-allocator-block-size=4194304"
    "memorysetup-typetree-allocator-block-size=2097152"
    "memorysetup-profiler-bucket-allocator-granularity=16"
    "memorysetup-profiler-bucket-allocator-bucket-count=8"
    "memorysetup-profiler-bucket-allocator-block-size=33554432"
    "memorysetup-profiler-bucket-allocator-block-count=8"
    "memorysetup-profiler-allocator-block-size=16777216"
    "memorysetup-profiler-editor-allocator-block-size=1048576"
    "memorysetup-temp-allocator-size-main=16777216"
    "memorysetup-job-temp-allocator-block-size=2097152"
    "memorysetup-job-temp-allocator-block-size-background=1048576"
    "memorysetup-job-temp-allocator-reduction-small-platforms=262144"
    "memorysetup-temp-allocator-size-cloud-worker=32768"
Player connection [23544]  Target information:

Player connection [23544]  * "[IP] 192.168.3.10 [Port] 55504 [Flags] 2 [Guid] 3607388670 [EditorId] 3607388670 [Version] 1048832 [Id] WindowsEditor(7,DESKTOP-02DUQIQ) [Debug] 1 [PackageName] WindowsEditor [ProjectName] Editor" 

Player connection [23544]  * "[IP] 169.254.219.203 [Port] 55504 [Flags] 2 [Guid] 3607388670 [EditorId] 3607388670 [Version] 1048832 [Id] WindowsEditor(7,DESKTOP-02DUQIQ) [Debug] 1 [PackageName] WindowsEditor [ProjectName] Editor" 

Player connection [23544] Host joined multi-casting on [225.0.0.222:54997]...
Player connection [23544] Host joined alternative multi-casting on [225.0.0.222:34997]...
Input System module state changed to: Initialized.
[Physics::Module] Initialized fallback backend.
[Physics::Module] Id: 0xdecafbad
[Licensing::IpcConnector] Successfully connected to: "LicenseClient-18163" at "2026-08-19T19:23:36.1078247Z"
[Licensing::Client] Code 10 while verifying Licensing Client signature (process Id: 27292, path: "C:/Program Files/Unity/Hub/Editor/6000.3.19f1/Editor/Data/Resources/Licensing/Client/Unity.Licensing.Client.exe")
[Licensing::Module] LicensingClient has failed validation; ignoring
[Package Manager] Connected to IPC stream "Upm-31652" after 0.3 seconds.
[Licensing::Module] Licensing is not yet initialized.
[Licensing::Client] Handshaking with LicensingClient:
  Version:                 1.18.1+9fbee8e
  Session Id:              7f2497895ad24a17b4d59e7305ae1946
  Correlation Id:          a936a668c6b3f2771f3f733a5558cb95
  External correlation Id: 994734254535087716
  Machine Id:              45/sxUmrq84w1DGaAIO3nlH4R54=
[Licensing::Module] Successfully connected to LicensingClient on channel: "LicenseClient-18163" (connect: 0.37s, validation: 0.25s, handshake: 0.04s)
[Licensing::IpcConnector] Successfully connected to: "LicenseClient-18163-notifications" at "2026-08-19T19:23:36.403618Z"
[Licensing::Module] Connected to LicensingClient (PId: 27292, launch time: 0.01, total connection time: 0.67s)
[Licensing::Module] Error: Access token is unavailable; failed to update
[Licensing::Client] Successfully resolved entitlement details
[Licensing::Module] License group:
  Id: F4-PJMF-AXN2-R4YC-DCT2-XXXX
  Product: Unity Personal
  Type: ULF
  Expiration: 2026-08-31T20:18:30Z
[Licensing::Client] Successfully updated license, isAsync: True, time: 0.01
[Licensing::Client] Successfully resolved entitlement details
[Licensing::Module] Licensing Background thread has ended after 0.71s
[Licensing::Module] Licensing is initialized (took 0.25s).
[Licensing::Client] Successfully resolved entitlement details
Library Redirect Path: Library/
[Physics::Module] Selected backend.
[Physics::Module] Name: PhysX
[Physics::Module] Id: 0xf2b8ea05
[Physics::Module] SDK Version: 4.1.2
[Physics::Module] Integration Version: 1.0.0
[Physics::Module] Threading Mode: Multi-Threaded
Refreshing native plugins compatible for Editor in 0.20 ms, found 0 plugins.
Preloading 0 native plugins for Editor in 0.00 ms.
Initialize engine version: 6000.3.19f1 (7689f4515d75)
[Subsystems] Discovering subsystems at path C:/Program Files/Unity/Hub/Editor/6000.3.19f1/Editor/Data/Resources/UnitySubsystems
[Subsystems] Discovering subsystems at path E:/project/unity/furitDefense/Assets
Forcing GfxDevice: Null
GfxDevice: creating device client; kGfxThreadingModeNonThreaded
NullGfxDevice:
    Version:  NULL 1.0 [1.0]
    Renderer: Null Device
    Vendor:   Unity Technologies
Initialize mono
Mono path[0] = 'C:/Program Files/Unity/Hub/Editor/6000.3.19f1/Editor/Data/Managed'
Mono path[1] = 'C:/Program Files/Unity/Hub/Editor/6000.3.19f1/Editor/Data/MonoBleedingEdge/lib/mono/unityjit-win32'
Mono config path = 'C:/Program Files/Unity/Hub/Editor/6000.3.19f1/Editor/Data/MonoBleedingEdge/etc'
Using monoOptions --debugger-agent=transport=dt_socket,embedding=1,server=y,suspend=n,address=127.0.0.1:56652
Using cacheserver namespaces - metadata:defaultmetadata, artifacts:defaultartifacts
Using cacheserver namespaces - metadata:defaultmetadata, artifacts:defaultartifacts
ImportWorker Server TCP listen port: 0
AcceleratorClientConnectionCallback - disconnected - :0
Begin MonoManager ReloadAssembly
Registering precompiled unity dll's ...
Register platform support module: C:/Program Files/Unity/Hub/Editor/6000.3.19f1/Editor/Data/PlaybackEngines/WebGLSupport/UnityEditor.WebGL.Extensions.dll
Register platform support module: C:/Program Files/Unity/Hub/Editor/6000.3.19f1/Editor/Data/PlaybackEngines/WindowsStandaloneSupport/UnityEditor.WindowsStandalone.Extensions.dll
Registered in 0.002942 seconds.
- Loaded All Assemblies, in  0.399 seconds
Native extension for WindowsStandalone target not found
Native extension for WebGL target not found
Package Manager log level set to [2]
ScheduleIndexationOnStartup MainProcess:False IndexOnStartup:True
Mono: successfully reloaded assembly
- Finished resetting the current domain, in  0.339 seconds
Domain Reload Profiling: 735ms
	BeginReloadAssembly (151ms)
		ExecutionOrderSort (0ms)
		DisableScriptedObjects (0ms)
		BackupInstance (0ms)
		ReleaseScriptingObjects (0ms)
		CreateAndSetChildDomain (21ms)
	RebuildCommonClasses (37ms)
	RebuildNativeTypeToScriptingClass (11ms)
	initialDomainReloadingComplete (47ms)
	LoadAllAssembliesAndSetupDomain (151ms)
		LoadAssemblies (127ms)
		RebuildTransferFunctionScriptingTraits (0ms)
		AnalyzeDomain (147ms)
			TypeCache.Refresh (145ms)
				TypeCache.ScanAssembly (132ms)
			BuildScriptInfoCaches (0ms)
			ResolveRequiredComponents (0ms)
	FinalizeReload (340ms)
		ReleaseScriptCaches (0ms)
		RebuildScriptCaches (0ms)
		SetupLoadedEditorAssemblies (309ms)
			LogAssemblyErrors (0ms)
			InitializePlatformSupportModulesInManaged (48ms)
			SetLoadedEditorAssemblies (3ms)
			BeforeProcessingInitializeOnLoad (66ms)
			ProcessInitializeOnLoadAttributes (119ms)
			ProcessInitializeOnLoadMethodAttributes (72ms)
			AfterProcessingInitializeOnLoad (0ms)
			EditorAssembliesLoaded (0ms)
		ExecutionOrderSort2 (0ms)
		AwakeInstancesAfterBackupRestoration (0ms)
[Licensing::Client] Successfully resolved entitlement details
Application.AssetDatabase Initial Refresh Start
[Package Manager] Restoring resolved packages state from cache
[Licensing::Client] Successfully resolved entitlement details
[Package Manager] Registered 33 packages:
  Built-in packages:
    com.unity.modules.ai@1.0.0 (location: E:\project\unity\furitDefense\Library\PackageCache\com.unity.modules.ai)
    com.unity.modules.androidjni@1.0.0 (location: E:\project\unity\furitDefense\Library\PackageCache\com.unity.modules.androidjni)
    com.unity.modules.animation@1.0.0 (location: E:\project\unity\furitDefense\Library\PackageCache\com.unity.modules.animation)
    com.unity.modules.assetbundle@1.0.0 (location: E:\project\unity\furitDefense\Library\PackageCache\com.unity.modules.assetbundle)
    com.unity.modules.audio@1.0.0 (location: E:\project\unity\furitDefense\Library\PackageCache\com.unity.modules.audio)
    com.unity.modules.cloth@1.0.0 (location: E:\project\unity\furitDefense\Library\PackageCache\com.unity.modules.cloth)
    com.unity.modules.director@1.0.0 (location: E:\project\unity\furitDefense\Library\PackageCache\com.unity.modules.director)
    com.unity.modules.imageconversion@1.0.0 (location: E:\project\unity\furitDefense\Library\PackageCache\com.unity.modules.imageconversion)
    com.unity.modules.imgui@1.0.0 (location: E:\project\unity\furitDefense\Library\PackageCache\com.unity.modules.imgui)
    com.unity.modules.jsonserialize@1.0.0 (location: E:\project\unity\furitDefense\Library\PackageCache\com.unity.modules.jsonserialize)
    com.unity.modules.particlesystem@1.0.0 (location: E:\project\unity\furitDefense\Library\PackageCache\com.unity.modules.particlesystem)
    com.unity.modules.physics@1.0.0 (location: E:\project\unity\furitDefense\Library\PackageCache\com.unity.modules.physics)
    com.unity.modules.physics2d@1.0.0 (location: E:\project\unity\furitDefense\Library\PackageCache\com.unity.modules.physics2d)
    com.unity.modules.screencapture@1.0.0 (location: E:\project\unity\furitDefense\Library\PackageCache\com.unity.modules.screencapture)
    com.unity.modules.terrain@1.0.0 (location: E:\project\unity\furitDefense\Library\PackageCache\com.unity.modules.terrain)
    com.unity.modules.terrainphysics@1.0.0 (location: E:\project\unity\furitDefense\Library\PackageCache\com.unity.modules.terrainphysics)
    com.unity.modules.tilemap@1.0.0 (location: E:\project\unity\furitDefense\Library\PackageCache\com.unity.modules.tilemap)
    com.unity.modules.ui@1.0.0 (location: E:\project\unity\furitDefense\Library\PackageCache\com.unity.modules.ui)
    com.unity.modules.uielements@1.0.0 (location: E:\project\unity\furitDefense\Library\PackageCache\com.unity.modules.uielements)
    com.unity.modules.umbra@1.0.0 (location: E:\project\unity\furitDefense\Library\PackageCache\com.unity.modules.umbra)
    com.unity.modules.unityanalytics@1.0.0 (location: E:\project\unity\furitDefense\Library\PackageCache\com.unity.modules.unityanalytics)
    com.unity.modules.unitywebrequest@1.0.0 (location: E:\project\unity\furitDefense\Library\PackageCache\com.unity.modules.unitywebrequest)
    com.unity.modules.unitywebrequestassetbundle@1.0.0 (location: E:\project\unity\furitDefense\Library\PackageCache\com.unity.modules.unitywebrequestassetbundle)
    com.unity.modules.unitywebrequestaudio@1.0.0 (location: E:\project\unity\furitDefense\Library\PackageCache\com.unity.modules.unitywebrequestaudio)
    com.unity.modules.unitywebrequesttexture@1.0.0 (location: E:\project\unity\furitDefense\Library\PackageCache\com.unity.modules.unitywebrequesttexture)
    com.unity.modules.unitywebrequestwww@1.0.0 (location: E:\project\unity\furitDefense\Library\PackageCache\com.unity.modules.unitywebrequestwww)
    com.unity.modules.vehicles@1.0.0 (location: E:\project\unity\furitDefense\Library\PackageCache\com.unity.modules.vehicles)
    com.unity.modules.video@1.0.0 (location: E:\project\unity\furitDefense\Library\PackageCache\com.unity.modules.video)
    com.unity.modules.vr@1.0.0 (location: E:\project\unity\furitDefense\Library\PackageCache\com.unity.modules.vr)
    com.unity.modules.wind@1.0.0 (location: E:\project\unity\furitDefense\Library\PackageCache\com.unity.modules.wind)
    com.unity.modules.xr@1.0.0 (location: E:\project\unity\furitDefense\Library\PackageCache\com.unity.modules.xr)
    com.unity.modules.subsystems@1.0.0 (location: E:\project\unity\furitDefense\Library\PackageCache\com.unity.modules.subsystems)
    com.unity.modules.hierarchycore@1.0.0 (location: E:\project\unity\furitDefense\Library\PackageCache\com.unity.modules.hierarchycore)
[Subsystems] No new subsystems found in resolved package list.
[Package Manager] Done registering packages in 0.01 seconds
Starting: C:\Program Files\Unity\Hub\Editor\6000.3.19f1\Editor\Data\Tools\BuildPipeline\bee_backend.exe --ipc --defer-dag-verification --dagfile="Library/Bee/2000b0aE.dag" --continue-on-failure --profile="Library/Bee/backend1.traceevents" ScriptAssemblies
WorkingDir: E:/project/unity/furitDefense
DisplayProgressbar: Compiling Scripts
ExitCode: 0 Duration: 0s62ms
*** Tundra build success (0.03 seconds), 0 items updated, 157 evaluated
AssetDatabase: script compilation time: 0.373714s
Begin MonoManager ReloadAssembly
Total cache size 36279705
Total cache size after purge 36279705, took 00:00:00.0318597
- Loaded All Assemblies, in  0.328 seconds
Refreshing native plugins compatible for Editor in 0.15 ms, found 0 plugins.
Native extension for WindowsStandalone target not found
Native extension for WebGL target not found
ScheduleIndexationOnStartup MainProcess:True IndexOnStartup:True
Mono: successfully reloaded assembly
- Finished resetting the current domain, in  0.414 seconds
Domain Reload Profiling: 740ms
	BeginReloadAssembly (246ms)
		ExecutionOrderSort (0ms)
		DisableScriptedObjects (69ms)
		BackupInstance (0ms)
		ReleaseScriptingObjects (0ms)
		CreateAndSetChildDomain (48ms)
	RebuildCommonClasses (32ms)
	RebuildNativeTypeToScriptingClass (11ms)
	initialDomainReloadingComplete (21ms)
	LoadAllAssembliesAndSetupDomain (16ms)
		LoadAssemblies (104ms)
		RebuildTransferFunctionScriptingTraits (0ms)
		AnalyzeDomain (11ms)
			TypeCache.Refresh (8ms)
				TypeCache.ScanAssembly (3ms)
			BuildScriptInfoCaches (1ms)
			ResolveRequiredComponents (0ms)
	FinalizeReload (415ms)
		ReleaseScriptCaches (0ms)
		RebuildScriptCaches (0ms)
		SetupLoadedEditorAssemblies (260ms)
			LogAssemblyErrors (0ms)
			InitializePlatformSupportModulesInManaged (26ms)
			SetLoadedEditorAssemblies (3ms)
			BeforeProcessingInitializeOnLoad (93ms)
			ProcessInitializeOnLoadAttributes (97ms)
			ProcessInitializeOnLoadMethodAttributes (32ms)
			AfterProcessingInitializeOnLoad (9ms)
			EditorAssembliesLoaded (0ms)
		ExecutionOrderSort2 (0ms)
		AwakeInstancesAfterBackupRestoration (25ms)
Asset Pipeline Refresh (id=d85fd0b2ccbdbe548af880bdc3c6dc12): Total: 1.240 seconds - Initiated by InitialRefreshV2(ForceSynchronousImport)
	Summary:
		Imports: total=0 (actual=0, local cache=0, cache server=0)
		Asset DB Process Time: managed=0 ms, native=503 ms
		Asset DB Callback time: managed=10 ms, native=14 ms
		Scripting: domain reloads=1, domain reload time=328 ms, compile time=375 ms, other=7 ms
		Project Asset Count: scripts=172, non-scripts=777
		Asset File Changes: new=0, changed=0, moved=0, deleted=0
		Scan Filter Count: 0
	InvokeCustomDependenciesCallbacks: 0.001ms
	InvokePackagesCallback: 16.176ms
	ApplyChangesToAssetFolders: 0.315ms
	Scan: 21.844ms
	OnSourceAssetsModified: 0.003ms
	CategorizeAssetsWithTransientArtifact: 0.441ms
	ProcessAssetsWithTransientArtifactChanges: 2.527ms
	CategorizeAssets: 4.841ms
	ImportOutOfDateAssets: 416.382ms (40.816ms without children)
		CompileScripts: 375.173ms
		ReloadNativeAssets: 0.001ms
		UnloadImportedAssets: 0.098ms
		EnsureUptoDateAssetsAreRegisteredWithGuidPM: 0.085ms
		InitializingProgressBar: 0.001ms
		PostProcessAllAssetNotificationsAddChangedAssets: 0.001ms
		OnDemandSchedulerStart: 0.207ms
	PostProcessAllAssets: 10.762ms
	GatherAllCurrentPrimaryArtifactRevisions: 0.002ms
	UnloadStreamsBegin: 0.893ms
	PersistCurrentRevisions: 0.022ms
	UnloadStreamsEnd: 0.001ms
	GenerateScriptTypeHashes: 0.067ms
	Untracked: 766.000ms

Application.AssetDatabase Initial Refresh End
Scanning for USB devices : 11.510ms
Initializing Unity extensions:
[MODES] ModeService[none].Initialize
[MODES] ModeService[none].LoadModes
[MODES] Loading mode Default (0) for mode-current-id-水果塔防
Unloading 3 Unused Serialized files (Serialized files now loaded: 0)
Unloading 140 unused Assets / (509.9 KB). Loaded Objects now: 771.
Memory consumption went from 91.5 MB to 91.0 MB.
Total: 4.217600 ms (FindLiveObjects: 0.047400 ms CreateObjectMapping: 0.009100 ms MarkObjects: 3.943800 ms  DeleteObjects: 0.216700 ms)

Start importing ProjectSettings/ProjectSettings.asset using Guid(00000000000000004000000000000000) (LibraryAssetImporter) -> (artifact id: 'a683fe3c7983d584373aa7e05fad9eb4') in 0.0050946 seconds
Refreshing native plugins compatible for Editor in 0.17 ms, found 0 plugins.
Preloading 0 native plugins for Editor in 0.00 ms.
Asset Pipeline Refresh (id=63d090ef30bf95c48b0ab7e0b6a81606): Total: 0.047 seconds - Initiated by StopAssetImportingV2(NoUpdateAssetOptions)
Launched and connected shader compiler UnityShaderCompiler.exe after 0.01 seconds
Starting: C:\Program Files\Unity\Hub\Editor\6000.3.19f1\Editor\Data\Tools\BuildPipeline\bee_backend.exe --ipc --defer-dag-verification --dagfile="Library/Bee/2000b0aESkipCompile.dag" --continue-on-failure --profile="Library/Bee/backend1.traceevents" ScriptAssembliesAndTypeDB
WorkingDir: E:/project/unity/furitDefense
ExitCode: 0 Duration: 0s243ms
[2/3        0s] BuildPlayerDataGenerator Library/BuildPlayerData/Editor/TypeDb-All.json
*** Tundra build success (0.21 seconds), 1 items updated, 3 evaluated
Asset Pipeline Refresh (id=8ecf69682fe78914884aa3885a1ec1c7): Total: 0.009 seconds - Initiated by RefreshV2(NoUpdateAssetOptions)
[ScriptCompilation] Requested script compilation because: Recompiling scripts for player build.
BuildPlayer: start building target 20
Total cache size 36279705
Total cache size after purge 36279705, took 00:00:00.0375435
Starting: C:\Program Files\Unity\Hub\Editor\6000.3.19f1\Editor\Data\Tools\BuildPipeline\bee_backend.exe --ipc --defer-dag-verification --dagfile="Library/Bee/2000b0aP.dag" --continue-on-failure --profile="Library/Bee/backend1.traceevents" ScriptAssembliesAndTypeDB
WorkingDir: E:/project/unity/furitDefense
ExitCode: 4 Duration: 0s270ms
Rebuilding DAG because FileSignature timestamp changed: Library/Bee/2000b0aP-inputdata.json
*** Tundra requires additional run (0.24 seconds), 1 items updated, 77 evaluated
Starting: C:\Program Files\Unity\Hub\Editor\6000.3.19f1\Editor\Data\netcorerun\netcorerun.exe "C:\Program Files\Unity\Hub\Editor\6000.3.19f1\Editor\Data\Tools\BuildPipeline\ScriptCompilationBuildProgram.exe" "Library/Bee/2000b0aP.dag.json" "Library/Bee/2000b0aP-inputdata.json" "Library\Bee\buildprogram0.traceevents"
WorkingDir: E:/project/unity/furitDefense
ExitCode: 0 Duration: 0s196ms
Starting: C:\Program Files\Unity\Hub\Editor\6000.3.19f1\Editor\Data\Tools\BuildPipeline\bee_backend.exe --ipc --defer-dag-verification --dagfile="Library/Bee/2000b0aP.dag" --continue-on-failure --dagfilejson="Library\Bee\2000b0aP.dag.json" --profile="Library/Bee/backend2.traceevents" ScriptAssembliesAndTypeDB
WorkingDir: E:/project/unity/furitDefense
ExitCode: 0 Duration: 0s669ms
Finished compiling graph: 84 nodes, 243 flattened edges (239 ToBuild, 2 ToUse), maximum node priority 14
[77/83      0s] WriteText Library/Bee/artifacts/2000b0aP.dag/Assembly-CSharp.rsp
[78/83      0s] Csc Library/Bee/artifacts/2000b0aP.dag/Assembly-CSharp.dll (+2 others)
[79/83      0s] CopyFiles Library/Bee/PlayerScriptAssemblies/Assembly-CSharp.pdb
[80/83      0s] CopyFiles Library/Bee/PlayerScriptAssemblies/Assembly-CSharp.dll
[82/83      0s] BuildPlayerDataGenerator Library/BuildPlayerData/Player/RuntimeInitializeOnLoads.json (+1 other)
*** Tundra build success (0.64 seconds), 5 items updated, 83 evaluated
Total cache size 36279705
Total cache size after purge 36279705, took 00:00:00.0286563
Rebuilding Data files because Assets/UI/Art/Runtime/sunny-orchard-painted/icons/indicator-error.png is dirty (hash)
Opening scene 'Assets/Scenes/Bootstrap.unity'
Unloading 52 Unused Serialized files (Serialized files now loaded: 0)
Loaded scene 'Assets/Scenes/Bootstrap.unity'
	Deserialize:            19.762 ms
	Integration:            4.359 ms
	Integration of assets:  0.985 ms
	Thread Wait Time:       0.006 ms
	Total Operation Time:   25.111 ms
Unloading 24 unused Assets / (0.7 MB). Loaded Objects now: 887.
Memory consumption went from 100.5 MB to 99.7 MB.
Total: 4.740900 ms (FindLiveObjects: 0.048300 ms CreateObjectMapping: 0.009200 ms MarkObjects: 4.409400 ms  DeleteObjects: 0.273700 ms)

Created GICache directory at C:/Users/18163/AppData/LocalLow/Unity/Caches/GiCache. Took: 0.019s, timestamps: [5.215 - 5.234]
Opening scene 'Assets/Scenes/Lobby.unity'
Unloading 9 Unused Serialized files (Serialized files now loaded: 0)
Loaded scene 'Assets/Scenes/Lobby.unity'
	Deserialize:            0.506 ms
	Integration:            3.538 ms
	Integration of assets:  0.001 ms
	Thread Wait Time:       0.005 ms
	Total Operation Time:   4.050 ms
Unloading 124 unused Assets / (1.0 MB). Loaded Objects now: 790.
Memory consumption went from 110.0 MB to 109.0 MB.
Total: 4.876000 ms (FindLiveObjects: 0.043900 ms CreateObjectMapping: 0.009700 ms MarkObjects: 4.361400 ms  DeleteObjects: 0.460600 ms)

Opening scene 'Assets/Scenes/Battle.unity'
Unloading 266 Unused Serialized files (Serialized files now loaded: 0)
Loaded scene 'Assets/Scenes/Battle.unity'
	Deserialize:            54.750 ms
	Integration:            3.559 ms
	Integration of assets:  1.875 ms
	Thread Wait Time:       0.005 ms
	Total Operation Time:   60.189 ms
Unloading 1 unused Assets / (0.5 KB). Loaded Objects now: 1060.
Memory consumption went from 107.0 MB to 107.0 MB.
Total: 4.826600 ms (FindLiveObjects: 0.058400 ms CreateObjectMapping: 0.013700 ms MarkObjects: 4.744600 ms  DeleteObjects: 0.009500 ms)

Opening scene 'Assets/Scenes/Settlement.unity'
Unloading 125 Unused Serialized files (Serialized files now loaded: 0)
Loaded scene 'Assets/Scenes/Settlement.unity'
	Deserialize:            0.541 ms
	Integration:            4.031 ms
	Integration of assets:  0.001 ms
	Thread Wait Time:       0.007 ms
	Total Operation Time:   4.581 ms
Unloading 394 unused Assets / (7.0 MB). Loaded Objects now: 792.
Memory consumption went from 106.3 MB to 99.2 MB.
Total: 5.277600 ms (FindLiveObjects: 0.057600 ms CreateObjectMapping: 0.014600 ms MarkObjects: 4.631900 ms  DeleteObjects: 0.573100 ms)



Mono dependencies included in the build
Dependency assembly - System.Security.Cryptography.ProtectedData.dll
Dependency assembly - System.Numerics.Vectors.dll
Dependency assembly - System.Globalization.Extensions.dll
Dependency assembly - System.IdentityModel.Selectors.dll
Dependency assembly - System.Net.ServicePoint.dll
Dependency assembly - System.dll
Dependency assembly - System.Threading.Overlapped.dll
Dependency assembly - System.Net.Utilities.dll
Dependency assembly - I18N.Other.dll
Dependency assembly - System.Windows.dll
Dependency assembly - System.Net.dll
Dependency assembly - System.Web.Services.dll
Dependency assembly - System.Globalization.Calendars.dll
Dependency assembly - System.Memory.dll
Dependency assembly - System.Net.NetworkInformation.dll
Dependency assembly - System.IO.FileSystem.DriveInfo.dll
Dependency assembly - System.ServiceModel.Duplex.dll
Dependency assembly - System.Runtime.Serialization.Formatters.dll
Dependency assembly - System.Threading.Tasks.dll
Dependency assembly - System.Net.WebSockets.dll
Dependency assembly - System.Xml.dll
Dependency assembly - System.Resources.ResourceManager.dll
Dependency assembly - System.Runtime.Serialization.dll
Dependency assembly - mscorlib.dll
Dependency assembly - System.ServiceModel.Security.dll
Dependency assembly - Mono.Data.Tds.dll
Dependency assembly - System.Security.Cryptography.Cng.dll
Dependency assembly - System.Reflection.Emit.Lightweight.dll
Dependency assembly - System.Reflection.Emit.ILGeneration.dll
Dependency assembly - System.Runtime.dll
Dependency assembly - System.Net.WebSockets.Client.dll
Dependency assembly - System.Security.Cryptography.Algorithms.dll
Dependency assembly - System.Security.Cryptography.Encryption.Aes.dll
Dependency assembly - System.Collections.NonGeneric.dll
Dependency assembly - System.Security.Principal.Windows.dll
Dependency assembly - System.Threading.Timer.dll
Dependency assembly - Assembly-CSharp.dll
Dependency assembly - System.Security.Cryptography.Hashing.dll
Dependency assembly - System.Xml.XPath.dll
Dependency assembly - System.Data.OracleClient.dll
Dependency assembly - System.Security.Cryptography.Csp.dll
Dependency assembly - System.Data.Services.dll
Dependency assembly - System.Resources.Reader.dll
Dependency assembly - System.Diagnostics.Contracts.dll
Dependency assembly - System.Net.Requests.dll
Dependency assembly - System.Security.SecureString.dll
Dependency assembly - System.IO.FileSystem.AccessControl.dll
Dependency assembly - System.Net.WebHeaderCollection.dll
Dependency assembly - System.Runtime.Serialization.Json.dll
Dependency assembly - System.Web.ApplicationServices.dll
Dependency assembly - System.Web.RegularExpressions.dll
Dependency assembly - System.Threading.Tasks.Extensions.dll
Dependency assembly - System.Net.Http.dll
Dependency assembly - System.Security.Cryptography.X509Certificates.dll
Dependency assembly - System.ServiceModel.Web.dll
Dependency assembly - System.Resources.ReaderWriter.dll
Dependency assembly - System.Net.Ping.dll
Dependency assembly - Microsoft.Win32.Registry.dll
Dependency assembly - System.Linq.Queryable.dll
Dependency assembly - System.IO.FileSystem.dll
Dependency assembly - System.Security.AccessControl.dll
Dependency assembly - System.Drawing.dll
Dependency assembly - System.Management.dll
Dependency assembly - System.Threading.dll
Dependency assembly - System.ComponentModel.Composition.dll
Dependency assembly - System.Runtime.Serialization.Primitives.dll
Dependency assembly - System.Xml.XmlDocument.dll
Dependency assembly - System.Transactions.dll
Dependency assembly - System.Runtime.Caching.dll
Dependency assembly - I18N.CJK.dll
Dependency assembly - System.Diagnostics.FileVersionInfo.dll
Dependency assembly - System.DirectoryServices.Protocols.dll
Dependency assembly - System.Data.dll
Dependency assembly - System.Runtime.InteropServices.WindowsRuntime.dll
Dependency assembly - System.ServiceModel.Discovery.dll
Dependency assembly - System.Reflection.TypeExtensions.dll
Dependency assembly - System.Collections.Specialized.dll
Dependency assembly - System.Drawing.Primitives.dll
Dependency assembly - System.Windows.Forms.dll
Dependency assembly - System.Security.Claims.dll
Dependency assembly - System.Security.Cryptography.Hashing.Algorithms.dll
Dependency assembly - System.Net.AuthenticationManager.dll
Dependency assembly - System.Threading.Tasks.Parallel.dll
Dependency assembly - System.Runtime.Handles.dll
Dependency assembly - System.ComponentModel.Primitives.dll
Dependency assembly - I18N.MidEast.dll
Dependency assembly - Mono.Security.dll
Dependency assembly - System.ComponentModel.TypeConverter.dll
Dependency assembly - System.Net.Http.WebRequest.dll
Dependency assembly - System.Drawing.Design.dll
Dependency assembly - System.Diagnostics.Tools.dll
Dependency assembly - System.Security.Cryptography.Pkcs.dll
Dependency assembly - System.ObjectModel.dll
Dependency assembly - System.Runtime.DurableInstancing.dll
Dependency assembly - System.Diagnostics.Debug.dll
Dependency assembly - System.Runtime.CompilerServices.VisualC.dll
Dependency assembly - System.Collections.Concurrent.dll
Dependency assembly - System.Runtime.Extensions.dll
Dependency assembly - System.Security.Cryptography.Encryption.ECDiffieHellman.dll
Dependency assembly - System.Security.Cryptography.RSA.dll
Dependency assembly - System.Diagnostics.StackTrace.dll
Dependency assembly - System.ServiceModel.NetTcp.dll
Dependency assembly - System.Data.Common.dll
Dependency assembly - System.ComponentModel.DataAnnotations.dll
Dependency assembly - System.Net.NameResolution.dll
Dependency assembly - System.IO.Compression.dll
Dependency assembly - System.Dynamic.Runtime.dll
Dependency assembly - System.Web.Extensions.Design.dll
Dependency assembly - System.Text.Encoding.dll
Dependency assembly - System.IO.MemoryMappedFiles.dll
Dependency assembly - System.Reflection.Primitives.dll
Dependency assembly - System.ServiceModel.Routing.dll
Dependency assembly - Accessibility.dll
Dependency assembly - I18N.dll
Dependency assembly - Microsoft.CSharp.dll
Dependency assembly - System.Net.Security.dll
Dependency assembly - System.ServiceModel.dll
Dependency assembly - System.Threading.AccessControl.dll
Dependency assembly - System.ServiceProcess.dll
Dependency assembly - Microsoft.Win32.Primitives.dll
Dependency assembly - System.Runtime.Serialization.Xml.dll
Dependency assembly - System.Security.Principal.dll
Dependency assembly - System.Numerics.dll
Dependency assembly - System.Diagnostics.TraceSource.dll
Dependency assembly - System.Reflection.Emit.dll
Dependency assembly - System.Json.dll
Dependency assembly - System.Diagnostics.Tracing.dll
Dependency assembly - System.Text.Encoding.CodePages.dll
Dependency assembly - System.Runtime.Remoting.dll
Dependency assembly - System.DirectoryServices.dll
Dependency assembly - System.EnterpriseServices.dll
Dependency assembly - System.Messaging.dll
Dependency assembly - System.Xml.XDocument.dll
Dependency assembly - System.Text.RegularExpressions.dll
Dependency assembly - System.Reflection.dll
Dependency assembly - Microsoft.Win32.Registry.AccessControl.dll
Dependency assembly - System.Net.Primitives.dll
Dependency assembly - System.Xml.XmlSerializer.dll
Dependency assembly - System.Security.Cryptography.Encryption.dll
Dependency assembly - System.Reflection.DispatchProxy.dll
Dependency assembly - System.Data.DataSetExtensions.dll
Dependency assembly - System.Net.Mail.dll
Dependency assembly - System.IO.dll
Dependency assembly - System.ValueTuple.dll
Dependency assembly - System.Web.Extensions.dll
Dependency assembly - System.Data.SqlClient.dll
Dependency assembly - System.Collections.dll
Dependency assembly - System.Runtime.InteropServices.RuntimeInformation.dll
Dependency assembly - System.Windows.Forms.DataVisualization.dll
Dependency assembly - System.Data.Linq.dll
Dependency assembly - System.Configuration.dll
Dependency assembly - System.IdentityModel.dll
Dependency assembly - System.Net.HttpListener.dll
Dependency assembly - System.Console.dll
Dependency assembly - System.Resources.Writer.dll
Dependency assembly - System.ServiceProcess.ServiceController.dll
Dependency assembly - System.Data.Services.Client.dll
Dependency assembly - System.Reflection.Context.dll
Dependency assembly - System.Runtime.Serialization.Formatters.Soap.dll
Dependency assembly - System.IO.IsolatedStorage.dll
Dependency assembly - System.Web.dll
Dependency assembly - System.IO.Compression.ZipFile.dll
Dependency assembly - I18N.Rare.dll
Dependency assembly - System.IO.Pipes.dll
Dependency assembly - System.Text.Encoding.Extensions.dll
Dependency assembly - System.Reflection.Extensions.dll
Dependency assembly - System.ComponentModel.EventBasedAsync.dll
Dependency assembly - System.ComponentModel.dll
Dependency assembly - System.Security.Cryptography.DeriveBytes.dll
Dependency assembly - System.Xaml.dll
Dependency assembly - System.Xml.Serialization.dll
Dependency assembly - System.Security.Cryptography.Primitives.dll
Dependency assembly - System.Net.Sockets.dll
Dependency assembly - System.ServiceModel.Primitives.dll
Dependency assembly - System.Design.dll
Dependency assembly - System.IO.FileSystem.Watcher.dll
Dependency assembly - System.Security.Cryptography.RandomNumberGenerator.dll
Dependency assembly - Mono.Data.Sqlite.dll
Dependency assembly - System.IO.FileSystem.Primitives.dll
Dependency assembly - System.Core.dll
Dependency assembly - System.ServiceModel.Internals.dll
Dependency assembly - System.Security.Cryptography.OpenSsl.dll
Dependency assembly - System.Xml.ReaderWriter.dll
Dependency assembly - System.Runtime.Numerics.dll
Dependency assembly - System.Net.Cache.dll
Dependency assembly - System.Xml.XPath.XDocument.dll
Dependency assembly - System.Linq.Parallel.dll
Dependency assembly - netstandard.dll
Dependency assembly - System.Configuration.Install.dll
Dependency assembly - System.ServiceModel.Activation.dll
Dependency assembly - System.Diagnostics.Process.dll
Dependency assembly - System.ServiceModel.Http.dll
Dependency assembly - System.Diagnostics.TextWriterTraceListener.dll
Dependency assembly - System.Diagnostics.TraceEvent.dll
Dependency assembly - I18N.West.dll
Dependency assembly - System.Linq.dll
Dependency assembly - System.Threading.Thread.dll
Dependency assembly - System.Security.dll
Dependency assembly - System.IO.UnmanagedMemoryStream.dll
Dependency assembly - System.Xml.Linq.dll
Dependency assembly - System.Web.DynamicData.dll
Dependency assembly - System.AppContext.dll
Dependency assembly - System.Buffers.dll
Dependency assembly - System.Runtime.Loader.dll
Dependency assembly - System.Xml.XPath.XmlDocument.dll
Dependency assembly - System.IO.Compression.FileSystem.dll
Dependency assembly - System.Threading.ThreadPool.dll
Dependency assembly - System.ComponentModel.Annotations.dll
Dependency assembly - System.Linq.Expressions.dll
Dependency assembly - System.Globalization.dll
Dependency assembly - System.Security.Cryptography.Encryption.ECDsa.dll
Dependency assembly - System.Security.Cryptography.Encoding.dll
Dependency assembly - System.Runtime.InteropServices.dll
Dependency assembly - System.Data.Entity.dll
Dependency assembly - System.Xml.Xsl.Primitives.dll

Unloading 1 Unused Serialized files (Serialized files now loaded: 0)
Unloading 0 unused Assets / (0 B). Loaded Objects now: 796.
Memory consumption went from 99.8 MB to 99.8 MB.
Total: 4.287700 ms (FindLiveObjects: 0.040400 ms CreateObjectMapping: 0.006600 ms MarkObjects: 4.238300 ms  DeleteObjects: 0.002000 ms)

Unloading 0 Unused Serialized files (Serialized files now loaded: 0)
Unloading 0 unused Assets / (0 B). Loaded Objects now: 796.
Memory consumption went from 99.8 MB to 99.8 MB.
Total: 3.267800 ms (FindLiveObjects: 0.034200 ms CreateObjectMapping: 0.005700 ms MarkObjects: 3.226000 ms  DeleteObjects: 0.001600 ms)

Unloading 1 Unused Serialized files (Serialized files now loaded: 0)
Unloading 178 unused Assets / (150.1 MB). Loaded Objects now: 796.
Memory consumption went from 251.3 MB to 101.2 MB.
Total: 19.303200 ms (FindLiveObjects: 0.040600 ms CreateObjectMapping: 0.007900 ms MarkObjects: 4.585900 ms  DeleteObjects: 14.668300 ms)

Compiling shader "Skybox/Procedural"
  Pass "" (vp)
    Target graphics API: gles3
    Full variant space:         3
    After settings filtering:   3
    After built-in stripping:   3
    After scriptable stripping: 3
    Processed in 0.00 seconds
  Pass  (vp, gles3) finished in 0.00 seconds. Local cache hits 3 (0.00s CPU time), remote cache hits 0 (0.00s CPU time), compiled 0 variants (0.00s CPU time), skipped 0 variants.
    Prepared data for serialisation in 0.00s
Serialized binary data for shader Skybox/Procedural in 0.00s
    gles3 (total internal programs: 3, unique: 3)
Compiling shader "Legacy Shaders/VertexLit"
  Pass "" (vp)
    Target graphics API: gles3
    Full variant space:         12
    After settings filtering:   12
    After built-in stripping:   3
    After scriptable stripping: 3
    Processed in 0.00 seconds
  Pass "" (vp)
    Target graphics API: gles3
    Full variant space:         4
    After settings filtering:   4
    After built-in stripping:   1
    After scriptable stripping: 1
    Processed in 0.00 seconds
  Pass "ShadowCaster" (vp)
    Target graphics API: gles3
    Full variant space:         4
    After settings filtering:   4
    After built-in stripping:   2
    After scriptable stripping: 2
    Processed in 0.00 seconds
  Pass  (vp, gles3) finished in 0.00 seconds. Local cache hits 3 (0.00s CPU time), remote cache hits 0 (0.00s CPU time), compiled 0 variants (0.00s CPU time), skipped 0 variants.
    Prepared data for serialisation in 0.00s
  Pass  (vp, gles3) finished in 0.00 seconds. Local cache hits 1 (0.00s CPU time), remote cache hits 0 (0.00s CPU time), compiled 0 variants (0.00s CPU time), skipped 0 variants.
    Prepared data for serialisation in 0.00s
  Pass ShadowCaster (vp, gles3) finished in 0.00 seconds. Local cache hits 2 (0.00s CPU time), remote cache hits 0 (0.00s CPU time), compiled 0 variants (0.00s CPU time), skipped 0 variants.
    Prepared data for serialisation in 0.00s
Serialized binary data for shader Legacy Shaders/VertexLit in 0.00s
    gles3 (total internal programs: 6, unique: 6)
Compiling shader "Legacy Shaders/Diffuse"
  Pass "FORWARD" (vp)
    Target graphics API: gles3
    Full variant space:         664
    After settings filtering:   664
    After built-in stripping:   8
    After scriptable stripping: 8
    Processed in 0.00 seconds
  Pass "FORWARD" (vp)
    Target graphics API: gles3
    Full variant space:         20
    After settings filtering:   20
    After built-in stripping:   5
    After scriptable stripping: 5
    Processed in 0.00 seconds
  Pass "DEFERRED" (vp)
    Target graphics API: gles3
    Full variant space:         76
    After settings filtering:   76
    After built-in stripping:   4
    After scriptable stripping: 4
    Processed in 0.00 seconds
  Pass FORWARD (vp, gles3) finished in 0.00 seconds. Local cache hits 8 (0.00s CPU time), remote cache hits 0 (0.00s CPU time), compiled 0 variants (0.00s CPU time), skipped 0 variants.
    Prepared data for serialisation in 0.00s
  Pass FORWARD (vp, gles3) finished in 0.00 seconds. Local cache hits 5 (0.00s CPU time), remote cache hits 0 (0.00s CPU time), compiled 0 variants (0.00s CPU time), skipped 0 variants.
    Prepared data for serialisation in 0.00s
  Pass DEFERRED (vp, gles3) finished in 0.00 seconds. Local cache hits 4 (0.00s CPU time), remote cache hits 0 (0.00s CPU time), compiled 0 variants (0.00s CPU time), skipped 0 variants.
    Prepared data for serialisation in 0.00s
Serialized binary data for shader Legacy Shaders/Diffuse in 0.00s
    gles3 (total internal programs: 17, unique: 17)
Compiling shader "Hidden/Internal-StencilWrite"
  Pass "" (vp)
    Target graphics API: gles3
    Full variant space:         1
    After settings filtering:   1
    After built-in stripping:   1
    After scriptable stripping: 1
    Processed in 0.00 seconds
  Pass  (vp, gles3) finished in 0.00 seconds. Local cache hits 1 (0.00s CPU time), remote cache hits 0 (0.00s CPU time), compiled 0 variants (0.00s CPU time), skipped 0 variants.
    Prepared data for serialisation in 0.00s
Serialized binary data for shader Hidden/Internal-StencilWrite in 0.00s
    gles3 (total internal programs: 1, unique: 1)
Compiling shader "Hidden/Internal-DepthNormalsTexture"
  Pass "" (vp)
    Target graphics API: gles3
    Full variant space:         1
    After settings filtering:   1
    After built-in stripping:   1
    After scriptable stripping: 1
    Processed in 0.00 seconds
  Pass "" (vp)
    Target graphics API: gles3
    Full variant space:         1
    After settings filtering:   1
    After built-in stripping:   1
    After scriptable stripping: 1
    Processed in 0.00 seconds
  Pass "" (vp)
    Target graphics API: gles3
    Full variant space:         1
    After settings filtering:   1
    After built-in stripping:   1
    After scriptable stripping: 1
    Processed in 0.00 seconds
  Pass "" (vp)
    Target graphics API: gles3
    Full variant space:         1
    After settings filtering:   1
    After built-in stripping:   1
    After scriptable stripping: 1
    Processed in 0.00 seconds
  Pass "" (vp)
    Target graphics API: gles3
    Full variant space:         1
    After settings filtering:   1
    After built-in stripping:   1
    After scriptable stripping: 1
    Processed in 0.00 seconds
  Pass "" (vp)
    Target graphics API: gles3
    Full variant space:         1
    After settings filtering:   1
    After built-in stripping:   1
    After scriptable stripping: 1
    Processed in 0.00 seconds
  Pass "" (vp)
    Target graphics API: gles3
    Full variant space:         1
    After settings filtering:   1
    After built-in stripping:   1
    After scriptable stripping: 1
    Processed in 0.00 seconds
  Pass "" (vp)
    Target graphics API: gles3
    Full variant space:         1
    After settings filtering:   1
    After built-in stripping:   1
    After scriptable stripping: 1
    Processed in 0.00 seconds
  Pass "" (vp)
    Target graphics API: gles3
    Full variant space:         1
    After settings filtering:   1
    After built-in stripping:   1
    After scriptable stripping: 1
    Processed in 0.00 seconds
  Pass "" (vp)
    Target graphics API: gles3
    Full variant space:         1
    After settings filtering:   1
    After built-in stripping:   1
    After scriptable stripping: 1
    Processed in 0.00 seconds
  Pass  (vp, gles3) finished in 0.00 seconds. Local cache hits 1 (0.00s CPU time), remote cache hits 0 (0.00s CPU time), compiled 0 variants (0.00s CPU time), skipped 0 variants.
    Prepared data for serialisation in 0.00s
  Pass  (vp, gles3) finished in 0.00 seconds. Local cache hits 1 (0.00s CPU time), remote cache hits 0 (0.00s CPU time), compiled 0 variants (0.00s CPU time), skipped 0 variants.
    Prepared data for serialisation in 0.00s
  Pass  (vp, gles3) finished in 0.00 seconds. Local cache hits 1 (0.00s CPU time), remote cache hits 0 (0.00s CPU time), compiled 0 variants (0.00s CPU time), skipped 0 variants.
    Prepared data for serialisation in 0.00s
  Pass  (vp, gles3) finished in 0.00 seconds. Local cache hits 1 (0.00s CPU time), remote cache hits 0 (0.00s CPU time), compiled 0 variants (0.00s CPU time), skipped 0 variants.
    Prepared data for serialisation in 0.00s
  Pass  (vp, gles3) finished in 0.00 seconds. Local cache hits 1 (0.00s CPU time), remote cache hits 0 (0.00s CPU time), compiled 0 variants (0.00s CPU time), skipped 0 variants.
    Prepared data for serialisation in 0.00s
  Pass  (vp, gles3) finished in 0.00 seconds. Local cache hits 1 (0.00s CPU time), remote cache hits 0 (0.00s CPU time), compiled 0 variants (0.00s CPU time), skipped 0 variants.
    Prepared data for serialisation in 0.00s
  Pass  (vp, gles3) finished in 0.00 seconds. Local cache hits 1 (0.00s CPU time), remote cache hits 0 (0.00s CPU time), compiled 0 variants (0.00s CPU time), skipped 0 variants.
    Prepared data for serialisation in 0.00s
  Pass  (vp, gles3) finished in 0.00 seconds. Local cache hits 1 (0.00s CPU time), remote cache hits 0 (0.00s CPU time), compiled 0 variants (0.00s CPU time), skipped 0 variants.
    Prepared data for serialisation in 0.00s
  Pass  (vp, gles3) finished in 0.00 seconds. Local cache hits 1 (0.00s CPU time), remote cache hits 0 (0.00s CPU time), compiled 0 variants (0.00s CPU time), skipped 0 variants.
    Prepared data for serialisation in 0.00s
  Pass  (vp, gles3) finished in 0.00 seconds. Local cache hits 1 (0.00s CPU time), remote cache hits 0 (0.00s CPU time), compiled 0 variants (0.00s CPU time), skipped 0 variants.
    Prepared data for serialisation in 0.00s
Serialized binary data for shader Hidden/Internal-DepthNormalsTexture in 0.00s
    gles3 (total internal programs: 10, unique: 10)
Compiling shader "Hidden/Internal-ScreenSpaceShadows"
  Pass "" (vp)
    Target graphics API: gles3
    Full variant space:         4
    After settings filtering:   4
    After built-in stripping:   4
    After scriptable stripping: 4
    Processed in 0.00 seconds
  Pass "" (vp)
    Target graphics API: gles3
    Full variant space:         4
    After settings filtering:   4
    After built-in stripping:   4
    After scriptable stripping: 4
    Processed in 0.00 seconds
  Pass "" (vp)
    Target graphics API: gles3
    Full variant space:         4
    After settings filtering:   4
    After built-in stripping:   4
    After scriptable stripping: 4
    Processed in 0.00 seconds
  Pass "" (vp)
    Target graphics API: gles3
    Full variant space:         4
    After settings filtering:   4
    After built-in stripping:   4
    After scriptable stripping: 4
    Processed in 0.00 seconds
  Pass  (vp, gles3) finished in 0.00 seconds. Local cache hits 4 (0.00s CPU time), remote cache hits 0 (0.00s CPU time), compiled 0 variants (0.00s CPU time), skipped 0 variants.
    Prepared data for serialisation in 0.00s
  Pass  (vp, gles3) finished in 0.00 seconds. Local cache hits 4 (0.00s CPU time), remote cache hits 0 (0.00s CPU time), compiled 0 variants (0.00s CPU time), skipped 0 variants.
    Prepared data for serialisation in 0.00s
  Pass  (vp, gles3) finished in 0.00 seconds. Local cache hits 4 (0.00s CPU time), remote cache hits 0 (0.00s CPU time), compiled 0 variants (0.00s CPU time), skipped 0 variants.
    Prepared data for serialisation in 0.00s
  Pass  (vp, gles3) finished in 0.00 seconds. Local cache hits 4 (0.00s CPU time), remote cache hits 0 (0.00s CPU time), compiled 0 variants (0.00s CPU time), skipped 0 variants.
    Prepared data for serialisation in 0.00s
Serialized binary data for shader Hidden/Internal-ScreenSpaceShadows in 0.00s
    gles3 (total internal programs: 16, unique: 16)
Compiling shader "Hidden/Internal-CombineDepthNormals"
  Pass "" (vp)
    Target graphics API: gles3
    Full variant space:         1
    After settings filtering:   1
    After built-in stripping:   1
    After scriptable stripping: 1
    Processed in 0.00 seconds
  Pass  (vp, gles3) finished in 0.00 seconds. Local cache hits 1 (0.00s CPU time), remote cache hits 0 (0.00s CPU time), compiled 0 variants (0.00s CPU time), skipped 0 variants.
    Prepared data for serialisation in 0.00s
Serialized binary data for shader Hidden/Internal-CombineDepthNormals in 0.00s
    gles3 (total internal programs: 1, unique: 1)
Compiling shader "Hidden/BlitCopy"
  Pass "" (vp)
    Target graphics API: gles3
    Full variant space:         1
    After settings filtering:   1
    After built-in stripping:   1
    After scriptable stripping: 1
    Processed in 0.00 seconds
  Pass  (vp, gles3) finished in 0.00 seconds. Local cache hits 1 (0.00s CPU time), remote cache hits 0 (0.00s CPU time), compiled 0 variants (0.00s CPU time), skipped 0 variants.
    Prepared data for serialisation in 0.00s
Serialized binary data for shader Hidden/BlitCopy in 0.00s
    gles3 (total internal programs: 1, unique: 1)
Compiling shader "Hidden/BlitCopyDepth"
  Pass "" (vp)
    Target graphics API: gles3
    Full variant space:         1
    After settings filtering:   1
    After built-in stripping:   1
    After scriptable stripping: 1
    Processed in 0.00 seconds
  Pass  (vp, gles3) finished in 0.00 seconds. Local cache hits 1 (0.00s CPU time), remote cache hits 0 (0.00s CPU time), compiled 0 variants (0.00s CPU time), skipped 0 variants.
    Prepared data for serialisation in 0.00s
Serialized binary data for shader Hidden/BlitCopyDepth in 0.00s
    gles3 (total internal programs: 1, unique: 1)
Compiling shader "Hidden/ConvertTexture"
  Pass "" (vp)
    Target graphics API: gles3
    Full variant space:         1
    After settings filtering:   1
    After built-in stripping:   1
    After scriptable stripping: 1
    Processed in 0.00 seconds
  Pass  (vp, gles3) finished in 0.00 seconds. Local cache hits 1 (0.00s CPU time), remote cache hits 0 (0.00s CPU time), compiled 0 variants (0.00s CPU time), skipped 0 variants.
    Prepared data for serialisation in 0.00s
Serialized binary data for shader Hidden/ConvertTexture in 0.00s
    gles3 (total internal programs: 1, unique: 1)
Compiling shader "Hidden/Internal-DeferredShading"
  Pass "" (vp)
    Target graphics API: gles3
    Full variant space:         94
    After settings filtering:   94
    After built-in stripping:   26
    After scriptable stripping: 26
    Processed in 0.00 seconds
  Pass "" (vp)
    Target graphics API: gles3
    Full variant space:         1
    After settings filtering:   1
    After built-in stripping:   1
    After scriptable stripping: 1
    Processed in 0.00 seconds
  Pass  (vp, gles3) finished in 0.00 seconds. Local cache hits 26 (0.01s CPU time), remote cache hits 0 (0.00s CPU time), compiled 0 variants (0.00s CPU time), skipped 0 variants.
    Prepared data for serialisation in 0.00s
  Pass  (vp, gles3) finished in 0.00 seconds. Local cache hits 1 (0.00s CPU time), remote cache hits 0 (0.00s CPU time), compiled 0 variants (0.00s CPU time), skipped 0 variants.
    Prepared data for serialisation in 0.00s
Serialized binary data for shader Hidden/Internal-DeferredShading in 0.00s
    gles3 (total internal programs: 27, unique: 27)
Compiling shader "Hidden/Internal-DeferredReflections"
  Pass "" (vp)
    Target graphics API: gles3
    Full variant space:         1
    After settings filtering:   1
    After built-in stripping:   1
    After scriptable stripping: 1
    Processed in 0.00 seconds
  Pass "" (vp)
    Target graphics API: gles3
    Full variant space:         2
    After settings filtering:   2
    After built-in stripping:   2
    After scriptable stripping: 2
    Processed in 0.00 seconds
  Pass  (vp, gles3) finished in 0.00 seconds. Local cache hits 1 (0.00s CPU time), remote cache hits 0 (0.00s CPU time), compiled 0 variants (0.00s CPU time), skipped 0 variants.
    Prepared data for serialisation in 0.00s
  Pass  (vp, gles3) finished in 0.00 seconds. Local cache hits 2 (0.00s CPU time), remote cache hits 0 (0.00s CPU time), compiled 0 variants (0.00s CPU time), skipped 0 variants.
    Prepared data for serialisation in 0.00s
Serialized binary data for shader Hidden/Internal-DeferredReflections in 0.00s
    gles3 (total internal programs: 3, unique: 3)
Compiling shader "Hidden/Internal-MotionVectors"
  Pass "" (vp)
    Target graphics API: gles3
    Full variant space:         1
    After settings filtering:   1
    After built-in stripping:   1
    After scriptable stripping: 1
    Processed in 0.00 seconds
  Pass "" (vp)
    Target graphics API: gles3
    Full variant space:         1
    After settings filtering:   1
    After built-in stripping:   1
    After scriptable stripping: 1
    Processed in 0.00 seconds
  Pass "" (vp)
    Target graphics API: gles3
    Full variant space:         1
    After settings filtering:   1
    After built-in stripping:   1
    After scriptable stripping: 1
    Processed in 0.00 seconds
  Pass  (vp, gles3) finished in 0.00 seconds. Local cache hits 1 (0.00s CPU time), remote cache hits 0 (0.00s CPU time), compiled 0 variants (0.00s CPU time), skipped 0 variants.
    Prepared data for serialisation in 0.00s
  Pass  (vp, gles3) finished in 0.00 seconds. Local cache hits 1 (0.00s CPU time), remote cache hits 0 (0.00s CPU time), compiled 0 variants (0.00s CPU time), skipped 0 variants.
    Prepared data for serialisation in 0.00s
  Pass  (vp, gles3) finished in 0.00 seconds. Local cache hits 1 (0.00s CPU time), remote cache hits 0 (0.00s CPU time), compiled 0 variants (0.00s CPU time), skipped 0 variants.
    Prepared data for serialisation in 0.00s
Serialized binary data for shader Hidden/Internal-MotionVectors in 0.00s
    gles3 (total internal programs: 3, unique: 3)
Compiling shader "Hidden/Internal-Flare"
  Pass "" (vp)
    Target graphics API: gles3
    Full variant space:         1
    After settings filtering:   1
    After built-in stripping:   1
    After scriptable stripping: 1
    Processed in 0.00 seconds
  Pass  (vp, gles3) finished in 0.00 seconds. Local cache hits 1 (0.00s CPU time), remote cache hits 0 (0.00s CPU time), compiled 0 variants (0.00s CPU time), skipped 0 variants.
    Prepared data for serialisation in 0.00s
Serialized binary data for shader Hidden/Internal-Flare in 0.00s
    gles3 (total internal programs: 1, unique: 1)
Compiling shader "Hidden/Internal-Halo"
  Pass "" (vp)
    Target graphics API: gles3
    Full variant space:         4
    After settings filtering:   4
    After built-in stripping:   1
    After scriptable stripping: 1
    Processed in 0.00 seconds
  Pass  (vp, gles3) finished in 0.00 seconds. Local cache hits 1 (0.00s CPU time), remote cache hits 0 (0.00s CPU time), compiled 0 variants (0.00s CPU time), skipped 0 variants.
    Prepared data for serialisation in 0.00s
Serialized binary data for shader Hidden/Internal-Halo in 0.00s
    gles3 (total internal programs: 1, unique: 1)
Compiling shader "Hidden/BlitCopyWithDepth"
  Pass "" (vp)
    Target graphics API: gles3
    Full variant space:         1
    After settings filtering:   1
    After built-in stripping:   1
    After scriptable stripping: 1
    Processed in 0.00 seconds
  Pass  (vp, gles3) finished in 0.00 seconds. Local cache hits 1 (0.00s CPU time), remote cache hits 0 (0.00s CPU time), compiled 0 variants (0.00s CPU time), skipped 0 variants.
    Prepared data for serialisation in 0.00s
Serialized binary data for shader Hidden/BlitCopyWithDepth in 0.00s
    gles3 (total internal programs: 1, unique: 1)
Compiling shader "Hidden/BlitToDepth"
  Pass "" (vp)
    Target graphics API: gles3
    Full variant space:         1
    After settings filtering:   1
    After built-in stripping:   1
    After scriptable stripping: 1
    Processed in 0.00 seconds
  Pass  (vp, gles3) finished in 0.00 seconds. Local cache hits 1 (0.00s CPU time), remote cache hits 0 (0.00s CPU time), compiled 0 variants (0.00s CPU time), skipped 0 variants.
    Prepared data for serialisation in 0.00s
Serialized binary data for shader Hidden/BlitToDepth in 0.00s
    gles3 (total internal programs: 1, unique: 1)
Compiling shader "Hidden/BlitToDepth_MSAA"
  Pass "" (vp)
    Target graphics API: gles3
    Full variant space:         1
    After settings filtering:   1
    After built-in stripping:   1
    After scriptable stripping: 1
    Processed in 0.00 seconds
  Pass  (vp, gles3) finished in 0.00 seconds. Local cache hits 1 (0.00s CPU time), remote cache hits 0 (0.00s CPU time), compiled 0 variants (0.00s CPU time), skipped 0 variants.
    Prepared data for serialisation in 0.00s
Serialized binary data for shader Hidden/BlitToDepth_MSAA in 0.00s
    gles3 (total internal programs: 1, unique: 1)
Compiling shader "Hidden/BlitCopyHDRTonemap"
  Pass "" (vp)
    Target graphics API: gles3
    Full variant space:         1
    After settings filtering:   1
    After built-in stripping:   1
    After scriptable stripping: 1
    Processed in 0.00 seconds
  Pass  (vp, gles3) finished in 0.00 seconds. Local cache hits 1 (0.00s CPU time), remote cache hits 0 (0.00s CPU time), compiled 0 variants (0.00s CPU time), skipped 0 variants.
    Prepared data for serialisation in 0.00s
Serialized binary data for shader Hidden/BlitCopyHDRTonemap in 0.00s
    gles3 (total internal programs: 1, unique: 1)
Compiling shader "Hidden/Internal-DebugPattern"
  Pass "Target Color and DepthStencil" (vp)
    Target graphics API: gles3
    Full variant space:         1
    After settings filtering:   1
    After built-in stripping:   1
    After scriptable stripping: 1
    Processed in 0.00 seconds
  Pass "Target only Color" (vp)
    Target graphics API: gles3
    Full variant space:         1
    After settings filtering:   1
    After built-in stripping:   1
    After scriptable stripping: 1
    Processed in 0.00 seconds
  Pass "Target only DepthStencil" (vp)
    Target graphics API: gles3
    Full variant space:         1
    After settings filtering:   1
    After built-in stripping:   1
    After scriptable stripping: 1
    Processed in 0.00 seconds
  Pass Target Color and DepthStencil (vp, gles3) finished in 0.00 seconds. Local cache hits 1 (0.00s CPU time), remote cache hits 0 (0.00s CPU time), compiled 0 variants (0.00s CPU time), skipped 0 variants.
    Prepared data for serialisation in 0.00s
  Pass Target only Color (vp, gles3) finished in 0.00 seconds. Local cache hits 1 (0.00s CPU time), remote cache hits 0 (0.00s CPU time), compiled 0 variants (0.00s CPU time), skipped 0 variants.
    Prepared data for serialisation in 0.00s
  Pass Target only DepthStencil (vp, gles3) finished in 0.00 seconds. Local cache hits 1 (0.00s CPU time), remote cache hits 0 (0.00s CPU time), compiled 0 variants (0.00s CPU time), skipped 0 variants.
    Prepared data for serialisation in 0.00s
Serialized binary data for shader Hidden/Internal-DebugPattern in 0.00s
    gles3 (total internal programs: 3, unique: 3)
Compiling shader "Hidden/Internal-GUITextureClip"
  Pass "" (vp)
    Target graphics API: gles3
    Full variant space:         1
    After settings filtering:   1
    After built-in stripping:   1
    After scriptable stripping: 1
    Processed in 0.00 seconds
  Pass "" (vp)
    Target graphics API: gles3
    Full variant space:         1
    After settings filtering:   1
    After built-in stripping:   1
    After scriptable stripping: 1
    Processed in 0.00 seconds
  Pass  (vp, gles3) finished in 0.00 seconds. Local cache hits 1 (0.00s CPU time), remote cache hits 0 (0.00s CPU time), compiled 0 variants (0.00s CPU time), skipped 0 variants.
    Prepared data for serialisation in 0.00s
  Pass  (vp, gles3) finished in 0.00 seconds. Local cache hits 1 (0.00s CPU time), remote cache hits 0 (0.00s CPU time), compiled 0 variants (0.00s CPU time), skipped 0 variants.
    Prepared data for serialisation in 0.00s
Serialized binary data for shader Hidden/Internal-GUITextureClip in 0.00s
    gles3 (total internal programs: 2, unique: 1)
Compiling shader "Hidden/Internal-GUITextureClipText"
  Pass "" (vp)
    Target graphics API: gles3
    Full variant space:         1
    After settings filtering:   1
    After built-in stripping:   1
    After scriptable stripping: 1
    Processed in 0.00 seconds
  Pass "" (vp)
    Target graphics API: gles3
    Full variant space:         1
    After settings filtering:   1
    After built-in stripping:   1
    After scriptable stripping: 1
    Processed in 0.00 seconds
  Pass  (vp, gles3) finished in 0.00 seconds. Local cache hits 1 (0.00s CPU time), remote cache hits 0 (0.00s CPU time), compiled 0 variants (0.00s CPU time), skipped 0 variants.
    Prepared data for serialisation in 0.00s
  Pass  (vp, gles3) finished in 0.00 seconds. Local cache hits 1 (0.00s CPU time), remote cache hits 0 (0.00s CPU time), compiled 0 variants (0.00s CPU time), skipped 0 variants.
    Prepared data for serialisation in 0.00s
Serialized binary data for shader Hidden/Internal-GUITextureClipText in 0.00s
    gles3 (total internal programs: 2, unique: 1)
Compiling shader "Hidden/Internal-GUITexture"
  Pass "" (vp)
    Target graphics API: gles3
    Full variant space:         1
    After settings filtering:   1
    After built-in stripping:   1
    After scriptable stripping: 1
    Processed in 0.00 seconds
  Pass "" (vp)
    Target graphics API: gles3
    Full variant space:         1
    After settings filtering:   1
    After built-in stripping:   1
    After scriptable stripping: 1
    Processed in 0.00 seconds
  Pass  (vp, gles3) finished in 0.00 seconds. Local cache hits 1 (0.00s CPU time), remote cache hits 0 (0.00s CPU time), compiled 0 variants (0.00s CPU time), skipped 0 variants.
    Prepared data for serialisation in 0.00s
  Pass  (vp, gles3) finished in 0.00 seconds. Local cache hits 1 (0.00s CPU time), remote cache hits 0 (0.00s CPU time), compiled 0 variants (0.00s CPU time), skipped 0 variants.
    Prepared data for serialisation in 0.00s
Serialized binary data for shader Hidden/Internal-GUITexture in 0.00s
    gles3 (total internal programs: 2, unique: 1)
Compiling shader "Hidden/Internal-GUITextureBlit"
  Pass "" (vp)
    Target graphics API: gles3
    Full variant space:         1
    After settings filtering:   1
    After built-in stripping:   1
    After scriptable stripping: 1
    Processed in 0.00 seconds
  Pass "" (vp)
    Target graphics API: gles3
    Full variant space:         1
    After settings filtering:   1
    After built-in stripping:   1
    After scriptable stripping: 1
    Processed in 0.00 seconds
  Pass  (vp, gles3) finished in 0.00 seconds. Local cache hits 1 (0.00s CPU time), remote cache hits 0 (0.00s CPU time), compiled 0 variants (0.00s CPU time), skipped 0 variants.
    Prepared data for serialisation in 0.00s
  Pass  (vp, gles3) finished in 0.00 seconds. Local cache hits 1 (0.00s CPU time), remote cache hits 0 (0.00s CPU time), compiled 0 variants (0.00s CPU time), skipped 0 variants.
    Prepared data for serialisation in 0.00s
Serialized binary data for shader Hidden/Internal-GUITextureBlit in 0.00s
    gles3 (total internal programs: 2, unique: 1)
Compiling shader "Hidden/Internal-GUIRoundedRect"
  Pass "" (vp)
    Target graphics API: gles3
    Full variant space:         1
    After settings filtering:   1
    After built-in stripping:   1
    After scriptable stripping: 1
    Processed in 0.00 seconds
  Pass "" (vp)
    Target graphics API: gles3
    Full variant space:         1
    After settings filtering:   1
    After built-in stripping:   1
    After scriptable stripping: 1
    Processed in 0.00 seconds
  Pass  (vp, gles3) finished in 0.00 seconds. Local cache hits 1 (0.00s CPU time), remote cache hits 0 (0.00s CPU time), compiled 0 variants (0.00s CPU time), skipped 0 variants.
    Prepared data for serialisation in 0.00s
  Pass  (vp, gles3) finished in 0.00 seconds. Local cache hits 1 (0.00s CPU time), remote cache hits 0 (0.00s CPU time), compiled 0 variants (0.00s CPU time), skipped 0 variants.
    Prepared data for serialisation in 0.00s
Serialized binary data for shader Hidden/Internal-GUIRoundedRect in 0.00s
    gles3 (total internal programs: 2, unique: 1)
Compiling shader "Hidden/Internal-GUIRoundedRectWithColorPerBorder"
  Pass "" (vp)
    Target graphics API: gles3
    Full variant space:         1
    After settings filtering:   1
    After built-in stripping:   1
    After scriptable stripping: 1
    Processed in 0.00 seconds
  Pass "" (vp)
    Target graphics API: gles3
    Full variant space:         1
    After settings filtering:   1
    After built-in stripping:   1
    After scriptable stripping: 1
    Processed in 0.00 seconds
  Pass  (vp, gles3) finished in 0.00 seconds. Local cache hits 1 (0.00s CPU time), remote cache hits 0 (0.00s CPU time), compiled 0 variants (0.00s CPU time), skipped 0 variants.
    Prepared data for serialisation in 0.00s
  Pass  (vp, gles3) finished in 0.00 seconds. Local cache hits 1 (0.00s CPU time), remote cache hits 0 (0.00s CPU time), compiled 0 variants (0.00s CPU time), skipped 0 variants.
    Prepared data for serialisation in 0.00s
Serialized binary data for shader Hidden/Internal-GUIRoundedRectWithColorPerBorder in 0.00s
    gles3 (total internal programs: 2, unique: 1)
Compiling shader "Hidden/Internal-UIRDefault"
  Pass "" (vp)
    Target graphics API: gles3
    Full variant space:         40
    After settings filtering:   40
    After built-in stripping:   40
    After scriptable stripping: 40
    Processed in 0.00 seconds
  Pass  (vp, gles3) finished in 0.00 seconds. Local cache hits 40 (0.01s CPU time), remote cache hits 0 (0.00s CPU time), compiled 0 variants (0.00s CPU time), skipped 0 variants.
    Prepared data for serialisation in 0.00s
Serialized binary data for shader Hidden/Internal-UIRDefault in 0.00s
    gles3 (total internal programs: 40, unique: 40)
Compiling shader "Hidden/Internal-UIRAtlasBlitCopy"
  Pass "" (vp)
    Target graphics API: gles3
    Full variant space:         1
    After settings filtering:   1
    After built-in stripping:   1
    After scriptable stripping: 1
    Processed in 0.00 seconds
  Pass  (vp, gles3) finished in 0.00 seconds. Local cache hits 1 (0.00s CPU time), remote cache hits 0 (0.00s CPU time), compiled 0 variants (0.00s CPU time), skipped 0 variants.
    Prepared data for serialisation in 0.00s
Serialized binary data for shader Hidden/Internal-UIRAtlasBlitCopy in 0.00s
    gles3 (total internal programs: 1, unique: 1)
Compiling shader "Sprites/Default"
  Pass "" (vp)
    Target graphics API: gles3
    Full variant space:         8
    After settings filtering:   8
    After built-in stripping:   4
    After scriptable stripping: 4
    Processed in 0.00 seconds
  Pass  (vp, gles3) finished in 0.00 seconds. Local cache hits 4 (0.00s CPU time), remote cache hits 0 (0.00s CPU time), compiled 0 variants (0.00s CPU time), skipped 0 variants.
    Prepared data for serialisation in 0.00s
Serialized binary data for shader Sprites/Default in 0.00s
    gles3 (total internal programs: 4, unique: 4)
Compiling shader "Sprites/Mask"
  Pass "" (vp)
    Target graphics API: gles3
    Full variant space:         4
    After settings filtering:   4
    After built-in stripping:   4
    After scriptable stripping: 4
    Processed in 0.00 seconds
  Pass  (vp, gles3) finished in 0.00 seconds. Local cache hits 4 (0.00s CPU time), remote cache hits 0 (0.00s CPU time), compiled 0 variants (0.00s CPU time), skipped 0 variants.
    Prepared data for serialisation in 0.00s
Serialized binary data for shader Sprites/Mask in 0.00s
    gles3 (total internal programs: 4, unique: 4)
Compiling shader "UI/Default"
  Pass "Default" (vp)
    Target graphics API: gles3
    Full variant space:         4
    After settings filtering:   4
    After built-in stripping:   4
    After scriptable stripping: 4
    Processed in 0.00 seconds
  Pass Default (vp, gles3) finished in 0.00 seconds. Local cache hits 4 (0.00s CPU time), remote cache hits 0 (0.00s CPU time), compiled 0 variants (0.00s CPU time), skipped 0 variants.
    Prepared data for serialisation in 0.00s
Serialized binary data for shader UI/Default in 0.00s
    gles3 (total internal programs: 4, unique: 4)
Compiling shader "UI/DefaultETC1"
  Pass "Default" (vp)
    Target graphics API: gles3
    Full variant space:         4
    After settings filtering:   4
    After built-in stripping:   4
    After scriptable stripping: 4
    Processed in 0.00 seconds
  Pass Default (vp, gles3) finished in 0.00 seconds. Local cache hits 4 (0.00s CPU time), remote cache hits 0 (0.00s CPU time), compiled 0 variants (0.00s CPU time), skipped 0 variants.
    Prepared data for serialisation in 0.00s
Serialized binary data for shader UI/DefaultETC1 in 0.00s
    gles3 (total internal programs: 4, unique: 4)
Compiling shader "Hidden/CubeBlur"
  Pass "" (vp)
    Target graphics API: gles3
    Full variant space:         1
    After settings filtering:   1
    After built-in stripping:   1
    After scriptable stripping: 1
    Processed in 0.00 seconds
  Pass "" (vp)
    Target graphics API: gles3
    Full variant space:         1
    After settings filtering:   1
    After built-in stripping:   1
    After scriptable stripping: 1
    Processed in 0.00 seconds
  Pass  (vp, gles3) finished in 0.00 seconds. Local cache hits 1 (0.00s CPU time), remote cache hits 0 (0.00s CPU time), compiled 0 variants (0.00s CPU time), skipped 0 variants.
    Prepared data for serialisation in 0.00s
  Pass  (vp, gles3) finished in 0.00 seconds. Local cache hits 1 (0.00s CPU time), remote cache hits 0 (0.00s CPU time), compiled 0 variants (0.00s CPU time), skipped 0 variants.
    Prepared data for serialisation in 0.00s
Serialized binary data for shader Hidden/CubeBlur in 0.00s
    gles3 (total internal programs: 2, unique: 2)
Compiling shader "Hidden/CubeCopy"
  Pass "" (vp)
    Target graphics API: gles3
    Full variant space:         1
    After settings filtering:   1
    After built-in stripping:   1
    After scriptable stripping: 1
    Processed in 0.00 seconds
  Pass "" (vp)
    Target graphics API: gles3
    Full variant space:         1
    After settings filtering:   1
    After built-in stripping:   1
    After scriptable stripping: 1
    Processed in 0.00 seconds
  Pass  (vp, gles3) finished in 0.00 seconds. Local cache hits 1 (0.00s CPU time), remote cache hits 0 (0.00s CPU time), compiled 0 variants (0.00s CPU time), skipped 0 variants.
    Prepared data for serialisation in 0.00s
  Pass  (vp, gles3) finished in 0.00 seconds. Local cache hits 1 (0.00s CPU time), remote cache hits 0 (0.00s CPU time), compiled 0 variants (0.00s CPU time), skipped 0 variants.
    Prepared data for serialisation in 0.00s
Serialized binary data for shader Hidden/CubeCopy in 0.00s
    gles3 (total internal programs: 2, unique: 1)
Compiling shader "Hidden/CubeBlend"
  Pass "" (vp)
    Target graphics API: gles3
    Full variant space:         1
    After settings filtering:   1
    After built-in stripping:   1
    After scriptable stripping: 1
    Processed in 0.00 seconds
  Pass "" (vp)
    Target graphics API: gles3
    Full variant space:         1
    After settings filtering:   1
    After built-in stripping:   1
    After scriptable stripping: 1
    Processed in 0.00 seconds
  Pass  (vp, gles3) finished in 0.00 seconds. Local cache hits 1 (0.00s CPU time), remote cache hits 0 (0.00s CPU time), compiled 0 variants (0.00s CPU time), skipped 0 variants.
    Prepared data for serialisation in 0.00s
  Pass  (vp, gles3) finished in 0.00 seconds. Local cache hits 1 (0.00s CPU time), remote cache hits 0 (0.00s CPU time), compiled 0 variants (0.00s CPU time), skipped 0 variants.
    Prepared data for serialisation in 0.00s
Serialized binary data for shader Hidden/CubeBlend in 0.00s
    gles3 (total internal programs: 2, unique: 1)
Compiling shader "Hidden/VR/BlitTexArraySlice"
  Pass "" (vp)
    Target graphics API: gles3
    Full variant space:         1
    After settings filtering:   1
    After built-in stripping:   1
    After scriptable stripping: 1
    Processed in 0.00 seconds
  Pass  (vp, gles3) finished in 0.00 seconds. Local cache hits 1 (0.00s CPU time), remote cache hits 0 (0.00s CPU time), compiled 0 variants (0.00s CPU time), skipped 0 variants.
    Prepared data for serialisation in 0.00s
Serialized binary data for shader Hidden/VR/BlitTexArraySlice in 0.00s
    gles3 (total internal programs: 1, unique: 1)
Compiling shader "Hidden/Internal-ODSWorldTexture"
  Pass "" (vp)
    Target graphics API: gles3
    Full variant space:         1
    After settings filtering:   1
    After built-in stripping:   1
    After scriptable stripping: 1
    Processed in 0.00 seconds
  Pass "" (vp)
    Target graphics API: gles3
    Full variant space:         1
    After settings filtering:   1
    After built-in stripping:   1
    After scriptable stripping: 1
    Processed in 0.00 seconds
  Pass "" (vp)
    Target graphics API: gles3
    Full variant space:         1
    After settings filtering:   1
    After built-in stripping:   1
    After scriptable stripping: 1
    Processed in 0.00 seconds
  Pass "" (vp)
    Target graphics API: gles3
    Full variant space:         1
    After settings filtering:   1
    After built-in stripping:   1
    After scriptable stripping: 1
    Processed in 0.00 seconds
  Pass "" (vp)
    Target graphics API: gles3
    Full variant space:         1
    After settings filtering:   1
    After built-in stripping:   1
    After scriptable stripping: 1
    Processed in 0.00 seconds
  Pass "" (vp)
    Target graphics API: gles3
    Full variant space:         1
    After settings filtering:   1
    After built-in stripping:   1
    After scriptable stripping: 1
    Processed in 0.00 seconds
  Pass "" (vp)
    Target graphics API: gles3
    Full variant space:         1
    After settings filtering:   1
    After built-in stripping:   1
    After scriptable stripping: 1
    Processed in 0.00 seconds
  Pass "" (vp)
    Target graphics API: gles3
    Full variant space:         1
    After settings filtering:   1
    After built-in stripping:   1
    After scriptable stripping: 1
    Processed in 0.00 seconds
  Pass "" (vp)
    Target graphics API: gles3
    Full variant space:         1
    After settings filtering:   1
    After built-in stripping:   1
    After scriptable stripping: 1
    Processed in 0.00 seconds
  Pass "" (vp)
    Target graphics API: gles3
    Full variant space:         1
    After settings filtering:   1
    After built-in stripping:   1
    After scriptable stripping: 1
    Processed in 0.00 seconds
  Pass  (vp, gles3) finished in 0.00 seconds. Local cache hits 1 (0.00s CPU time), remote cache hits 0 (0.00s CPU time), compiled 0 variants (0.00s CPU time), skipped 0 variants.
    Prepared data for serialisation in 0.00s
  Pass  (vp, gles3) finished in 0.00 seconds. Local cache hits 1 (0.00s CPU time), remote cache hits 0 (0.00s CPU time), compiled 0 variants (0.00s CPU time), skipped 0 variants.
    Prepared data for serialisation in 0.00s
  Pass  (vp, gles3) finished in 0.00 seconds. Local cache hits 1 (0.00s CPU time), remote cache hits 0 (0.00s CPU time), compiled 0 variants (0.00s CPU time), skipped 0 variants.
    Prepared data for serialisation in 0.00s
  Pass  (vp, gles3) finished in 0.00 seconds. Local cache hits 1 (0.00s CPU time), remote cache hits 0 (0.00s CPU time), compiled 0 variants (0.00s CPU time), skipped 0 variants.
    Prepared data for serialisation in 0.00s
  Pass  (vp, gles3) finished in 0.00 seconds. Local cache hits 1 (0.00s CPU time), remote cache hits 0 (0.00s CPU time), compiled 0 variants (0.00s CPU time), skipped 0 variants.
    Prepared data for serialisation in 0.00s
  Pass  (vp, gles3) finished in 0.00 seconds. Local cache hits 1 (0.00s CPU time), remote cache hits 0 (0.00s CPU time), compiled 0 variants (0.00s CPU time), skipped 0 variants.
    Prepared data for serialisation in 0.00s
  Pass  (vp, gles3) finished in 0.00 seconds. Local cache hits 1 (0.00s CPU time), remote cache hits 0 (0.00s CPU time), compiled 0 variants (0.00s CPU time), skipped 0 variants.
    Prepared data for serialisation in 0.00s
  Pass  (vp, gles3) finished in 0.00 seconds. Local cache hits 1 (0.00s CPU time), remote cache hits 0 (0.00s CPU time), compiled 0 variants (0.00s CPU time), skipped 0 variants.
    Prepared data for serialisation in 0.00s
  Pass  (vp, gles3) finished in 0.00 seconds. Local cache hits 1 (0.00s CPU time), remote cache hits 0 (0.00s CPU time), compiled 0 variants (0.00s CPU time), skipped 0 variants.
    Prepared data for serialisation in 0.00s
  Pass  (vp, gles3) finished in 0.00 seconds. Local cache hits 1 (0.00s CPU time), remote cache hits 0 (0.00s CPU time), compiled 0 variants (0.00s CPU time), skipped 0 variants.
    Prepared data for serialisation in 0.00s
Serialized binary data for shader Hidden/Internal-ODSWorldTexture in 0.00s
    gles3 (total internal programs: 10, unique: 9)
Compiling shader "Hidden/Internal-CubemapToEquirect"
  Pass "" (vp)
    Target graphics API: gles3
    Full variant space:         1
    After settings filtering:   1
    After built-in stripping:   1
    After scriptable stripping: 1
    Processed in 0.00 seconds
  Pass  (vp, gles3) finished in 0.00 seconds. Local cache hits 1 (0.00s CPU time), remote cache hits 0 (0.00s CPU time), compiled 0 variants (0.00s CPU time), skipped 0 variants.
    Prepared data for serialisation in 0.00s
Serialized binary data for shader Hidden/Internal-CubemapToEquirect in 0.00s
    gles3 (total internal programs: 1, unique: 1)
Compiling shader "Hidden/VR/BlitFromTex2DToTexArraySlice"
  Pass "" (vp)
    Target graphics API: gles3
    Full variant space:         1
    After settings filtering:   1
    After built-in stripping:   1
    After scriptable stripping: 1
    Processed in 0.00 seconds
  Pass "" (vp)
    Target graphics API: gles3
    Full variant space:         1
    After settings filtering:   1
    After built-in stripping:   1
    After scriptable stripping: 1
    Processed in 0.00 seconds
  Pass  (vp, gles3) finished in 0.00 seconds. Local cache hits 1 (0.00s CPU time), remote cache hits 0 (0.00s CPU time), compiled 0 variants (0.00s CPU time), skipped 0 variants.
    Prepared data for serialisation in 0.00s
  Pass  (vp, gles3) finished in 0.00 seconds. Local cache hits 1 (0.00s CPU time), remote cache hits 0 (0.00s CPU time), compiled 0 variants (0.00s CPU time), skipped 0 variants.
    Prepared data for serialisation in 0.00s
Serialized binary data for shader Hidden/VR/BlitFromTex2DToTexArraySlice in 0.00s
    gles3 (total internal programs: 2, unique: 2)
Compiling shader "Hidden/VideoComposite"
  Pass "Default" (vp)
    Target graphics API: gles3
    Full variant space:         1
    After settings filtering:   1
    After built-in stripping:   1
    After scriptable stripping: 1
    Processed in 0.00 seconds
  Pass Default (vp, gles3) finished in 0.00 seconds. Local cache hits 1 (0.00s CPU time), remote cache hits 0 (0.00s CPU time), compiled 0 variants (0.00s CPU time), skipped 0 variants.
    Prepared data for serialisation in 0.00s
Serialized binary data for shader Hidden/VideoComposite in 0.00s
    gles3 (total internal programs: 1, unique: 1)
Compiling shader "Hidden/TextCore/Distance Field SSD"
  Pass "" (vp)
    Target graphics API: gles3
    Full variant space:         1
    After settings filtering:   1
    After built-in stripping:   1
    After scriptable stripping: 1
    Processed in 0.00 seconds
  Pass  (vp, gles3) finished in 0.00 seconds. Local cache hits 1 (0.00s CPU time), remote cache hits 0 (0.00s CPU time), compiled 0 variants (0.00s CPU time), skipped 0 variants.
    Prepared data for serialisation in 0.00s
Serialized binary data for shader Hidden/TextCore/Distance Field SSD in 0.00s
    gles3 (total internal programs: 1, unique: 1)
Compiling shader "Hidden/Physics2D/SDF_CircleGeometry"
  Pass "" (vp)
    Target graphics API: gles3
    Full variant space:         2
    After settings filtering:   2
    After built-in stripping:   1
    After scriptable stripping: 1
    Processed in 0.00 seconds
  Pass  (vp, gles3) finished in 0.00 seconds. Local cache hits 1 (0.00s CPU time), remote cache hits 0 (0.00s CPU time), compiled 0 variants (0.00s CPU time), skipped 0 variants.
    Prepared data for serialisation in 0.00s
Serialized binary data for shader Hidden/Physics2D/SDF_CircleGeometry in 0.00s
    gles3 (total internal programs: 1, unique: 1)
Compiling shader "Hidden/Physics2D/SDF_CapsuleGeometry"
  Pass "" (vp)
    Target graphics API: gles3
    Full variant space:         2
    After settings filtering:   2
    After built-in stripping:   1
    After scriptable stripping: 1
    Processed in 0.00 seconds
  Pass  (vp, gles3) finished in 0.00 seconds. Local cache hits 1 (0.00s CPU time), remote cache hits 0 (0.00s CPU time), compiled 0 variants (0.00s CPU time), skipped 0 variants.
    Prepared data for serialisation in 0.00s
Serialized binary data for shader Hidden/Physics2D/SDF_CapsuleGeometry in 0.00s
    gles3 (total internal programs: 1, unique: 1)
Compiling shader "Hidden/Physics2D/SDF_PolygonGeometry"
  Pass "" (vp)
    Target graphics API: gles3
    Full variant space:         2
    After settings filtering:   2
    After built-in stripping:   1
    After scriptable stripping: 1
    Processed in 0.00 seconds
  Pass  (vp, gles3) finished in 0.00 seconds. Local cache hits 1 (0.00s CPU time), remote cache hits 0 (0.00s CPU time), compiled 0 variants (0.00s CPU time), skipped 0 variants.
    Prepared data for serialisation in 0.00s
Serialized binary data for shader Hidden/Physics2D/SDF_PolygonGeometry in 0.00s
    gles3 (total internal programs: 1, unique: 1)
Compiling shader "Hidden/Physics2D/SDF_Line"
  Pass "" (vp)
    Target graphics API: gles3
    Full variant space:         2
    After settings filtering:   2
    After built-in stripping:   1
    After scriptable stripping: 1
    Processed in 0.00 seconds
  Pass  (vp, gles3) finished in 0.00 seconds. Local cache hits 1 (0.00s CPU time), remote cache hits 0 (0.00s CPU time), compiled 0 variants (0.00s CPU time), skipped 0 variants.
    Prepared data for serialisation in 0.00s
Serialized binary data for shader Hidden/Physics2D/SDF_Line in 0.00s
    gles3 (total internal programs: 1, unique: 1)
Compiling shader "Hidden/Physics2D/SDF_Point"
  Pass "" (vp)
    Target graphics API: gles3
    Full variant space:         2
    After settings filtering:   2
    After built-in stripping:   1
    After scriptable stripping: 1
    Processed in 0.00 seconds
  Pass  (vp, gles3) finished in 0.00 seconds. Local cache hits 1 (0.00s CPU time), remote cache hits 0 (0.00s CPU time), compiled 0 variants (0.00s CPU time), skipped 0 variants.
    Prepared data for serialisation in 0.00s
Serialized binary data for shader Hidden/Physics2D/SDF_Point in 0.00s
    gles3 (total internal programs: 1, unique: 1)

***Player size statistics***
Level 0 'Assets/Scenes/Bootstrap.unity' uses 1.5 MB compressed / 6.1 MB uncompressed.
Level 1 'Assets/Scenes/Lobby.unity' uses 0 B compressed / 0 B uncompressed.
Level 2 'Assets/Scenes/Battle.unity' uses 0.7 MB compressed / 11.2 MB uncompressed.
Level 3 'Assets/Scenes/Settlement.unity' uses 4.3 MB compressed / 12.2 MB uncompressed.
Total compressed size 6.5 MB. Total uncompressed size 29.6 MB.
Starting: C:\Program Files\Unity\Hub\Editor\6000.3.19f1\Editor\Data\Tools\BuildPipeline\bee_backend.exe --ipc --dagfile="Library/Bee/Playerf20f6bd5.dag" --profile="Library/Bee/backend1.traceevents" Player
WorkingDir: E:/project/unity/furitDefense
DisplayProgressbar: Incremental Player Build
Starting: C:\Program Files\Unity\Hub\Editor\6000.3.19f1\Editor\Data\netcorerun\netcorerun.exe "C:\Program Files\Unity\Hub\Editor\6000.3.19f1\Editor\Data\PlaybackEngines\WebGLSupport\WebGLPlayerBuildProgram.exe" "C:/Program Files/Unity/Hub/Editor/6000.3.19f1/Editor/Data/PlaybackEngines/WebGLSupport/Bee;C:/Program Files/Unity/Hub/Editor/6000.3.19f1/Editor/Data/Tools/BuildPipeline" "Library/Bee/Playerf20f6bd5.dag.json" "Library/Bee/Playerf20f6bd5-inputdata.json" "Library\Bee\buildprogram0.traceevents"
WorkingDir: E:/project/unity/furitDefense
ExitCode: 4 Duration: 8s326ms
ExitCode: 0 Duration: 0s595ms
Starting: C:\Program Files\Unity\Hub\Editor\6000.3.19f1\Editor\Data\Tools\BuildPipeline\bee_backend.exe --ipc --dagfile="Library/Bee/Playerf20f6bd5.dag" --dagfilejson="Library\Bee\Playerf20f6bd5.dag.json" --profile="Library/Bee/backend2.traceevents" Player
WorkingDir: E:/project/unity/furitDefense
Starting: C:\Program Files\Unity\Hub\Editor\6000.3.19f1\Editor\Data\netcorerun\netcorerun.exe "C:\Program Files\Unity\Hub\Editor\6000.3.19f1\Editor\Data\PlaybackEngines\WebGLSupport\WebGLPlayerBuildProgram.exe" "C:/Program Files/Unity/Hub/Editor/6000.3.19f1/Editor/Data/PlaybackEngines/WebGLSupport/Bee;C:/Program Files/Unity/Hub/Editor/6000.3.19f1/Editor/Data/Tools/BuildPipeline" "Library/Bee/Playerf20f6bd5.dag.json" "Library/Bee/Playerf20f6bd5-inputdata.json" "Library\Bee\buildprogram1.traceevents"
WorkingDir: E:/project/unity/furitDefense
ExitCode: 4 Duration: 55s
ExitCode: 0 Duration: 0s425ms
Starting: C:\Program Files\Unity\Hub\Editor\6000.3.19f1\Editor\Data\Tools\BuildPipeline\bee_backend.exe --ipc --dagfile="Library/Bee/Playerf20f6bd5.dag" --dagfilejson="Library\Bee\Playerf20f6bd5.dag.json" --profile="Library/Bee/backend3.traceevents" Player
WorkingDir: E:/project/unity/furitDefense
Starting: C:\Program Files\Unity\Hub\Editor\6000.3.19f1\Editor\Data\netcorerun\netcorerun.exe "C:\Program Files\Unity\Hub\Editor\6000.3.19f1\Editor\Data\PlaybackEngines\WebGLSupport\WebGLPlayerBuildProgram.exe" "C:/Program Files/Unity/Hub/Editor/6000.3.19f1/Editor/Data/PlaybackEngines/WebGLSupport/Bee;C:/Program Files/Unity/Hub/Editor/6000.3.19f1/Editor/Data/Tools/BuildPipeline" "Library/Bee/Playerf20f6bd5.dag.json" "Library/Bee/Playerf20f6bd5-inputdata.json" "Library\Bee\buildprogram2.traceevents"
WorkingDir: E:/project/unity/furitDefense
ExitCode: 4 Duration: 35s
ExitCode: 0 Duration: 0s426ms
Starting: C:\Program Files\Unity\Hub\Editor\6000.3.19f1\Editor\Data\Tools\BuildPipeline\bee_backend.exe --ipc --dagfile="Library/Bee/Playerf20f6bd5.dag" --dagfilejson="Library\Bee\Playerf20f6bd5.dag.json" --profile="Library/Bee/backend4.traceevents" Player
WorkingDir: E:/project/unity/furitDefense
ExitCode: 0 Duration: 0s686ms
[websockify wrapper] Start node and websockify.js
Total cache size 36279705
Total cache size after purge 36279705, took 00:00:00.0339852
Refreshing native plugins compatible for Editor in 0.16 ms, found 0 plugins.
Preloading 0 native plugins for Editor in 0.00 ms.

-------------------------------------------------------------------------------
Build Report
Uncompressed usage by category (Percentages based on user generated assets only):
Textures               28.7 mb	 98.4% 
Meshes                 0.0 kb	 0.0% 
Animations             0.0 kb	 0.0% 
Sounds                 0.0 kb	 0.0% 
Shaders                7.1 kb	 0.0% 
Other Assets           453.6 kb	 1.5% 
Levels                 0.0 kb	 0.0% 
File headers           18.7 kb	 0.1% 
Total User Assets      29.1 mb	 100.0% 
Complete build size    9.2 mb
Used Assets and files from the Resources folder, sorted by uncompressed size:
 6.0 mb	 65.2% Assets/Resources/TempArt/fruit-defense-temp-atlas.png
 6.0 mb	 65.2% Assets/Resources/TempArt/combat-vfx-atlas.png
 2.7 mb	 29.0% Built-in Texture2D: Splash Screen Unity Logo
 519.8 kb	 5.5% Resources/unity_builtin_extra
 342.0 kb	 3.6% Assets/LayeredTerrain/GrassSoil/Square/LandformStoneRoad/Mask-10.png
 342.0 kb	 3.6% Assets/LayeredTerrain/GrassSoil/Square/LandformStoneRoad/Mask-05.png
 342.0 kb	 3.6% Assets/LayeredTerrain/GrassSoil/Square/LandformSoil/Mask-10.png
 342.0 kb	 3.6% Assets/LayeredTerrain/GrassSoil/Square/LandformSoil/Mask-05.png
 341.9 kb	 3.6% Assets/LayeredTerrain/GrassSoil/Square/LandformStoneRoad/Mask-14.png
 341.9 kb	 3.6% Assets/LayeredTerrain/GrassSoil/Square/LandformStoneRoad/Mask-13.png
 341.9 kb	 3.6% Assets/LayeredTerrain/GrassSoil/Square/LandformStoneRoad/Mask-11.png
 341.9 kb	 3.6% Assets/LayeredTerrain/GrassSoil/Square/LandformStoneRoad/Mask-08.png
 341.9 kb	 3.6% Assets/LayeredTerrain/GrassSoil/Square/LandformStoneRoad/Mask-07.png
 341.9 kb	 3.6% Assets/LayeredTerrain/GrassSoil/Square/LandformStoneRoad/Mask-04.png
 341.9 kb	 3.6% Assets/LayeredTerrain/GrassSoil/Square/LandformStoneRoad/Mask-02.png
 341.9 kb	 3.6% Assets/LayeredTerrain/GrassSoil/Square/LandformStoneRoad/Mask-01.png
 341.9 kb	 3.6% Assets/LayeredTerrain/GrassSoil/Square/LandformSoil/Mask-14.png
 341.9 kb	 3.6% Assets/LayeredTerrain/GrassSoil/Square/LandformSoil/Mask-13.png
 341.9 kb	 3.6% Assets/LayeredTerrain/GrassSoil/Square/LandformSoil/Mask-11.png
 341.9 kb	 3.6% Assets/LayeredTerrain/GrassSoil/Square/LandformSoil/Mask-08.png
 341.9 kb	 3.6% Assets/LayeredTerrain/GrassSoil/Square/LandformSoil/Mask-07.png
 341.9 kb	 3.6% Assets/LayeredTerrain/GrassSoil/Square/LandformSoil/Mask-04.png
 341.9 kb	 3.6% Assets/LayeredTerrain/GrassSoil/Square/LandformSoil/Mask-02.png
 341.9 kb	 3.6% Assets/LayeredTerrain/GrassSoil/Square/LandformSoil/Mask-01.png
 341.9 kb	 3.6% Assets/LayeredTerrain/GrassSoil/Square/LandformStoneRoad/Mask-12.png
 341.9 kb	 3.6% Assets/LayeredTerrain/GrassSoil/Square/LandformStoneRoad/Mask-09.png
 341.9 kb	 3.6% Assets/LayeredTerrain/GrassSoil/Square/LandformStoneRoad/Mask-06.png
 341.9 kb	 3.6% Assets/LayeredTerrain/GrassSoil/Square/LandformStoneRoad/Mask-03.png
 341.9 kb	 3.6% Assets/LayeredTerrain/GrassSoil/Square/LandformSoil/Mask-12.png
 341.9 kb	 3.6% Assets/LayeredTerrain/GrassSoil/Square/LandformSoil/Mask-09.png
 341.9 kb	 3.6% Assets/LayeredTerrain/GrassSoil/Square/LandformSoil/Mask-06.png
 341.9 kb	 3.6% Assets/LayeredTerrain/GrassSoil/Square/LandformSoil/Mask-03.png
 341.9 kb	 3.6% Assets/LayeredTerrain/GrassSoil/Square/LandformStoneRoad/Mask-00.png
 341.9 kb	 3.6% Assets/LayeredTerrain/GrassSoil/Square/LandformSoil/Mask-00.png
 256.6 kb	 2.7% Assets/LayeredTerrain/GrassSoil/Square/LandformStoneRoad/Mask-15.png
 256.6 kb	 2.7% Assets/LayeredTerrain/GrassSoil/Square/LandformSoil/Mask-15.png
 251.9 kb	 2.7% Assets/Resources/Fonts/NotoSansSC-UI.ttf
 192.6 kb	 2.0% Assets/UI/Art/Runtime/sunny-orchard-painted/surfaces/surface-screen-background.png
 108.6 kb	 1.2% Assets/UI/Art/Runtime/sunny-orchard-painted/illustrations/illustration-orchard-vista.png
 90.0 kb	 1.0% Assets/Resources/Content/battle-content-bundled.v1.json
 72.6 kb	 0.8% Assets/UI/Art/Runtime/sunny-orchard-painted/ornaments/ornament-result-banner.png
 64.6 kb	 0.7% Assets/UI/Art/Runtime/sunny-orchard-painted/surfaces/surface-illustration-frame.png
 64.6 kb	 0.7% Assets/UI/Art/Runtime/sunny-orchard-painted/surfaces/surface-panel-standard.png
 64.6 kb	 0.7% Assets/UI/Art/Runtime/sunny-orchard-painted/surfaces/surface-card-selectable.png
 64.6 kb	 0.7% Assets/UI/Art/Runtime/sunny-orchard-painted/surfaces/surface-safe-area.png
 64.6 kb	 0.7% Assets/UI/Art/Runtime/sunny-orchard-painted/surfaces/surface-panel-raised.png
 64.6 kb	 0.7% Assets/UI/Art/Runtime/sunny-orchard-painted/surfaces/surface-status.png
 64.6 kb	 0.7% Assets/UI/Art/Runtime/sunny-orchard-painted/surfaces/surface-result.png
 64.6 kb	 0.7% Assets/UI/Art/Runtime/sunny-orchard-painted/surfaces/surface-modal.png
 64.6 kb	 0.7% Assets/UI/Art/Runtime/sunny-orchard-painted/surfaces/surface-metric.png
 64.6 kb	 0.7% Assets/UI/Art/Runtime/sunny-orchard-painted/surfaces/surface-detail.png
 64.6 kb	 0.7% Assets/UI/Art/Runtime/sunny-orchard-painted/surfaces/action-secondary.png
 64.6 kb	 0.7% Assets/UI/Art/Runtime/sunny-orchard-painted/surfaces/action-primary.png
 64.6 kb	 0.7% Assets/UI/Art/Runtime/sunny-orchard-painted/surfaces/action-danger.png
 64.5 kb	 0.7% Assets/UI/Art/Runtime/sunny-orchard-painted/surfaces/slot-tool.png
 64.5 kb	 0.7% Assets/UI/Art/Runtime/sunny-orchard-painted/surfaces/slot-nursery.png
 64.5 kb	 0.7% Assets/UI/Art/Runtime/sunny-orchard-painted/surfaces/action-quiet.png
 53.7 kb	 0.6% Assets/UI/Art/Runtime/sunny-orchard-painted/illustrations/illustration-lobby-orchard-03.png
 53.7 kb	 0.6% Assets/UI/Art/Runtime/sunny-orchard-painted/illustrations/illustration-lobby-orchard-02.png
 53.7 kb	 0.6% Assets/UI/Art/Runtime/sunny-orchard-painted/illustrations/illustration-lobby-orchard-01.png
 48.6 kb	 0.5% Assets/UI/Art/Runtime/sunny-orchard-painted/surfaces/surface-section-ribbon.png
 36.6 kb	 0.4% Assets/UI/Art/Runtime/sunny-orchard-painted/ornaments/ornament-screen-corner.png
 36.6 kb	 0.4% Assets/UI/Art/Runtime/sunny-orchard-painted/icons/indicator-drag-illegal.png
 36.6 kb	 0.4% Assets/UI/Art/Runtime/sunny-orchard-painted/icons/icon-control-continue.png
 36.6 kb	 0.4% Assets/UI/Art/Runtime/sunny-orchard-painted/icons/indicator-warning.png
 36.6 kb	 0.4% Assets/UI/Art/Runtime/sunny-orchard-painted/icons/indicator-success.png
 36.6 kb	 0.4% Assets/UI/Art/Runtime/sunny-orchard-painted/icons/indicator-loading.png
 36.6 kb	 0.4% Assets/UI/Art/Runtime/sunny-orchard-painted/icons/indicator-drag-legal.png
 36.6 kb	 0.4% Assets/UI/Art/Runtime/sunny-orchard-painted/icons/indicator-disabled.png
 36.6 kb	 0.4% Assets/UI/Art/Runtime/sunny-orchard-painted/icons/icon-resource-wave.png
 36.6 kb	 0.4% Assets/UI/Art/Runtime/sunny-orchard-painted/icons/icon-resource-sun.png
 36.6 kb	 0.4% Assets/UI/Art/Runtime/sunny-orchard-painted/icons/icon-resource-core.png
 36.6 kb	 0.4% Assets/UI/Art/Runtime/sunny-orchard-painted/icons/icon-control-speed.png
 36.6 kb	 0.4% Assets/UI/Art/Runtime/sunny-orchard-painted/icons/icon-control-return.png
 36.6 kb	 0.4% Assets/UI/Art/Runtime/sunny-orchard-painted/icons/icon-control-retry.png
 36.6 kb	 0.4% Assets/UI/Art/Runtime/sunny-orchard-painted/icons/icon-control-refresh.png
 36.6 kb	 0.4% Assets/UI/Art/Runtime/sunny-orchard-painted/icons/icon-control-pause.png
 36.6 kb	 0.4% Assets/UI/Art/Runtime/sunny-orchard-painted/icons/icon-control-close.png
 36.6 kb	 0.4% Assets/UI/Art/Runtime/sunny-orchard-painted/icons/marker-selected.png
 36.6 kb	 0.4% Assets/UI/Art/Runtime/sunny-orchard-painted/icons/indicator-swap.png
 36.6 kb	 0.4% Assets/UI/Art/Runtime/sunny-orchard-painted/icons/indicator-merge.png
 36.6 kb	 0.4% Assets/UI/Art/Runtime/sunny-orchard-painted/icons/indicator-error.png
 36.6 kb	 0.4% Assets/UI/Art/Runtime/sunny-orchard-painted/icons/icon-tool-pot.png
 12.6 kb	 0.1% Assets/LayeredTerrain/CompositeBrushes/StoneWater/Runtime64/Mask-15.png
 12.6 kb	 0.1% Assets/LayeredTerrain/CompositeBrushes/StoneWater/Runtime64/Mask-14.png
 12.6 kb	 0.1% Assets/LayeredTerrain/CompositeBrushes/StoneWater/Runtime64/Mask-13.png
 12.6 kb	 0.1% Assets/LayeredTerrain/CompositeBrushes/StoneWater/Runtime64/Mask-12.png
 12.6 kb	 0.1% Assets/LayeredTerrain/CompositeBrushes/StoneWater/Runtime64/Mask-11.png
 12.6 kb	 0.1% Assets/LayeredTerrain/CompositeBrushes/StoneWater/Runtime64/Mask-10.png
 12.6 kb	 0.1% Assets/LayeredTerrain/CompositeBrushes/StoneWater/Runtime64/Mask-09.png
 12.6 kb	 0.1% Assets/LayeredTerrain/CompositeBrushes/StoneWater/Runtime64/Mask-08.png
 12.6 kb	 0.1% Assets/LayeredTerrain/CompositeBrushes/StoneWater/Runtime64/Mask-07.png
 12.6 kb	 0.1% Assets/LayeredTerrain/CompositeBrushes/StoneWater/Runtime64/Mask-06.png
 12.6 kb	 0.1% Assets/LayeredTerrain/CompositeBrushes/StoneWater/Runtime64/Mask-05.png
 12.6 kb	 0.1% Assets/LayeredTerrain/CompositeBrushes/StoneWater/Runtime64/Mask-04.png
 12.6 kb	 0.1% Assets/LayeredTerrain/CompositeBrushes/StoneWater/Runtime64/Mask-03.png
 12.6 kb	 0.1% Assets/LayeredTerrain/CompositeBrushes/StoneWater/Runtime64/Mask-02.png
 12.6 kb	 0.1% Assets/LayeredTerrain/CompositeBrushes/StoneWater/Runtime64/Mask-01.png
 12.6 kb	 0.1% Assets/LayeredTerrain/CompositeBrushes/StoneWater/Runtime64/Mask-00.png
 12.6 kb	 0.1% Assets/LayeredTerrain/CompositeBrushes/GrassSoil/Runtime64/Mask-15.png
 12.6 kb	 0.1% Assets/LayeredTerrain/CompositeBrushes/GrassSoil/Runtime64/Mask-14.png
 12.6 kb	 0.1% Assets/LayeredTerrain/CompositeBrushes/GrassSoil/Runtime64/Mask-13.png
 12.6 kb	 0.1% Assets/LayeredTerrain/CompositeBrushes/GrassSoil/Runtime64/Mask-12.png
 12.6 kb	 0.1% Assets/LayeredTerrain/CompositeBrushes/GrassSoil/Runtime64/Mask-11.png
 12.6 kb	 0.1% Assets/LayeredTerrain/CompositeBrushes/GrassSoil/Runtime64/Mask-10.png
 12.6 kb	 0.1% Assets/LayeredTerrain/CompositeBrushes/GrassSoil/Runtime64/Mask-09.png
 12.6 kb	 0.1% Assets/LayeredTerrain/CompositeBrushes/GrassSoil/Runtime64/Mask-08.png
 12.6 kb	 0.1% Assets/LayeredTerrain/CompositeBrushes/GrassSoil/Runtime64/Mask-07.png
 12.6 kb	 0.1% Assets/LayeredTerrain/CompositeBrushes/GrassSoil/Runtime64/Mask-06.png
 12.6 kb	 0.1% Assets/LayeredTerrain/CompositeBrushes/GrassSoil/Runtime64/Mask-05.png
 12.6 kb	 0.1% Assets/LayeredTerrain/CompositeBrushes/GrassSoil/Runtime64/Mask-04.png
 12.6 kb	 0.1% Assets/LayeredTerrain/CompositeBrushes/GrassSoil/Runtime64/Mask-03.png
 12.6 kb	 0.1% Assets/LayeredTerrain/CompositeBrushes/GrassSoil/Runtime64/Mask-02.png
 12.6 kb	 0.1% Assets/LayeredTerrain/CompositeBrushes/GrassSoil/Runtime64/Mask-01.png
 12.6 kb	 0.1% Assets/LayeredTerrain/CompositeBrushes/GrassSoil/Runtime64/Mask-00.png
 9.6 kb	 0.1% Assets/UI/Art/Runtime/sunny-orchard-painted/ornaments/ornament-metric-divider.png
 4.6 kb	 0.0% Assets/LayeredTerrain/GrassSoil/EdgeGrassOnSoilRefined/Mask-10.png
 4.6 kb	 0.0% Assets/LayeredTerrain/GrassSoil/EdgeGrassOnSoilRefined/Mask-05.png
 4.6 kb	 0.0% Assets/LayeredTerrain/GrassSoil/LandformSoil/Mask-10.png
 4.6 kb	 0.0% Assets/LayeredTerrain/GrassSoil/LandformSoil/Mask-05.png
 4.6 kb	 0.0% Assets/LayeredTerrain/GrassSoil/LandformGrass/Mask-10.png
 4.6 kb	 0.0% Assets/LayeredTerrain/GrassSoil/LandformGrass/Mask-05.png
 4.6 kb	 0.0% Assets/DualGridTerrain/StoneFloor/Generated/Mask-10.png
 4.6 kb	 0.0% Assets/DualGridTerrain/StoneFloor/Generated/Mask-05.png
 4.6 kb	 0.0% Assets/LayeredTerrain/GrassSoil/EdgeGrassOnSoilRefined/Mask-02.png
 4.6 kb	 0.0% Assets/LayeredTerrain/GrassSoil/LandformSoil/Mask-02.png
 4.6 kb	 0.0% Assets/LayeredTerrain/GrassSoil/LandformGrass/Mask-02.png
 4.6 kb	 0.0% Assets/LayeredTerrain/GrassSoil/EdgeGrassOnSoilRefined/Mask-14.png
 4.6 kb	 0.0% Assets/LayeredTerrain/GrassSoil/EdgeGrassOnSoilRefined/Mask-13.png
 4.6 kb	 0.0% Assets/LayeredTerrain/GrassSoil/EdgeGrassOnSoilRefined/Mask-11.png
 4.6 kb	 0.0% Assets/LayeredTerrain/GrassSoil/LandformSoil/Mask-04.png
 4.6 kb	 0.0% Assets/LayeredTerrain/GrassSoil/LandformGrass/Mask-04.png
 4.6 kb	 0.0% Assets/LayeredTerrain/GrassSoil/EdgeGrassOnSoilRefined/Mask-08.png
 4.6 kb	 0.0% Assets/LayeredTerrain/GrassSoil/EdgeGrassOnSoilRefined/Mask-07.png
 4.6 kb	 0.0% Assets/LayeredTerrain/GrassSoil/EdgeGrassOnSoilRefined/Mask-04.png
 4.6 kb	 0.0% Assets/LayeredTerrain/GrassSoil/EdgeGrassOnSoilRefined/Mask-01.png
 4.6 kb	 0.0% Assets/DualGridTerrain/StoneFloor/Generated/Mask-09.png
 4.6 kb	 0.0% Assets/DualGridTerrain/StoneFloor/Generated/Mask-04.png
 4.6 kb	 0.0% Assets/DualGridTerrain/StoneFloor/Generated/Mask-02.png
 4.6 kb	 0.0% Assets/LayeredTerrain/GrassSoil/LandformSoil/Mask-14.png
 4.6 kb	 0.0% Assets/LayeredTerrain/GrassSoil/LandformSoil/Mask-13.png
 4.6 kb	 0.0% Assets/LayeredTerrain/GrassSoil/LandformSoil/Mask-11.png
 4.6 kb	 0.0% Assets/LayeredTerrain/GrassSoil/LandformSoil/Mask-08.png
 4.6 kb	 0.0% Assets/LayeredTerrain/GrassSoil/LandformSoil/Mask-07.png
 4.6 kb	 0.0% Assets/LayeredTerrain/GrassSoil/LandformSoil/Mask-01.png
 4.6 kb	 0.0% Assets/LayeredTerrain/GrassSoil/LandformGrass/Mask-14.png
 4.6 kb	 0.0% Assets/LayeredTerrain/GrassSoil/LandformGrass/Mask-13.png
 4.6 kb	 0.0% Assets/LayeredTerrain/GrassSoil/LandformGrass/Mask-11.png
 4.6 kb	 0.0% Assets/LayeredTerrain/GrassSoil/LandformGrass/Mask-08.png
 4.6 kb	 0.0% Assets/LayeredTerrain/GrassSoil/LandformGrass/Mask-07.png
 4.6 kb	 0.0% Assets/LayeredTerrain/GrassSoil/LandformGrass/Mask-01.png
 4.6 kb	 0.0% Assets/LayeredTerrain/GrassSoil/EdgeGrassOnSoilRefined/Mask-09.png
 4.6 kb	 0.0% Assets/DualGridTerrain/StoneFloor/Generated/Mask-14.png
 4.6 kb	 0.0% Assets/DualGridTerrain/StoneFloor/Generated/Mask-13.png
 4.6 kb	 0.0% Assets/DualGridTerrain/StoneFloor/Generated/Mask-12.png
 4.6 kb	 0.0% Assets/DualGridTerrain/StoneFloor/Generated/Mask-11.png
 4.6 kb	 0.0% Assets/DualGridTerrain/StoneFloor/Generated/Mask-08.png
 4.6 kb	 0.0% Assets/DualGridTerrain/StoneFloor/Generated/Mask-07.png
 4.6 kb	 0.0% Assets/DualGridTerrain/StoneFloor/Generated/Mask-03.png
 4.6 kb	 0.0% Assets/DualGridTerrain/StoneFloor/Generated/Mask-01.png
 4.6 kb	 0.0% Assets/LayeredTerrain/GrassSoil/LandformSoil/Mask-12.png
 4.6 kb	 0.0% Assets/LayeredTerrain/GrassSoil/LandformSoil/Mask-09.png
 4.6 kb	 0.0% Assets/LayeredTerrain/GrassSoil/LandformSoil/Mask-06.png
 4.6 kb	 0.0% Assets/LayeredTerrain/GrassSoil/LandformSoil/Mask-03.png
 4.6 kb	 0.0% Assets/LayeredTerrain/GrassSoil/LandformGrass/Mask-12.png
 4.6 kb	 0.0% Assets/LayeredTerrain/GrassSoil/LandformGrass/Mask-09.png
 4.6 kb	 0.0% Assets/LayeredTerrain/GrassSoil/LandformGrass/Mask-06.png
 4.6 kb	 0.0% Assets/LayeredTerrain/GrassSoil/LandformGrass/Mask-03.png
 4.6 kb	 0.0% Assets/LayeredTerrain/GrassSoil/EdgeGrassOnSoilRefined/Mask-12.png
 4.6 kb	 0.0% Assets/LayeredTerrain/GrassSoil/EdgeGrassOnSoilRefined/Mask-06.png
 4.6 kb	 0.0% Assets/LayeredTerrain/GrassSoil/EdgeGrassOnSoilRefined/Mask-03.png
 4.6 kb	 0.0% Assets/DualGridTerrain/StoneFloor/Generated/Mask-06.png
 4.5 kb	 0.0% Assets/LayeredTerrain/GrassSoil/LandformSoil/Mask-00.png
 4.5 kb	 0.0% Assets/LayeredTerrain/GrassSoil/LandformGrass/Mask-00.png
 4.5 kb	 0.0% Assets/LayeredTerrain/GrassSoil/EdgeGrassOnSoilRefined/Mask-15.png
 4.5 kb	 0.0% Assets/LayeredTerrain/GrassSoil/EdgeGrassOnSoilRefined/Mask-00.png
 4.5 kb	 0.0% Assets/DualGridTerrain/StoneFloor/Generated/Mask-00.png
 4.4 kb	 0.0% Assets/Resources/Fonts/OFL-NotoSansSC.txt
 3.6 kb	 0.0% Assets/LayeredTerrain/GrassSoil/LandformSoil/Mask-15.png
 3.6 kb	 0.0% Assets/LayeredTerrain/GrassSoil/LandformGrass/Mask-15.png
 3.6 kb	 0.0% Assets/DualGridTerrain/StoneFloor/Generated/Mask-15.png
 3.6 kb	 0.0% Assets/UI/Art/Runtime/sunny-orchard-painted/surfaces/surface-scrim.png
 3.2 kb	 0.0% Assets/UI/Art/Sets/SunnyOrchardPaintedRuntimeUiArtSet.asset
 1.0 kb	 0.0% Assets/Resources/Fonts/README.md
 0.8 kb	 0.0% Assets/Battlefield/Terrain/OrchardDefaultTerrainPalette.asset
 0.5 kb	 0.0% Assets/UI/Theme/ReleaseRuntimeUiTheme.asset
 0.4 kb	 0.0% Built-in Sprite: 
 0.3 kb	 0.0% Assets/LayeredTerrain/GrassSoil/Square/LandformStoneRoad/StoneRoadSquareLandformTileSet.asset
 0.2 kb	 0.0% Assets/LayeredTerrain/GrassSoil/Square/LandformSoil/SoilSquareLandformTileSet.asset
 0.2 kb	 0.0% Assets/LayeredTerrain/GrassSoil/EdgeGrassOnSoilRefined/GrassOnSoilRefinedTileSet.asset
 0.2 kb	 0.0% Assets/LayeredTerrain/CompositeBrushes/StoneWater/StoneWaterCompositeTileSet.asset
 0.2 kb	 0.0% Assets/LayeredTerrain/CompositeBrushes/GrassSoil/GrassSoilCompositeTileSet.asset
 0.2 kb	 0.0% Assets/DualGridTerrain/StoneFloor/Generated/StoneFloorDualGridTileSet.asset
 0.2 kb	 0.0% Assets/LayeredTerrain/GrassSoil/LandformSoil/SoilLandformTileSet.asset
 0.2 kb	 0.0% Assets/LayeredTerrain/GrassSoil/LandformGrass/GrassLandformTileSet.asset
 0.1 kb	 0.0% Assets/LayeredTerrain/GrassSoil/Square/LandformStoneRoad/Mask-15.asset
 0.1 kb	 0.0% Assets/LayeredTerrain/GrassSoil/Square/LandformStoneRoad/Mask-14.asset
 0.1 kb	 0.0% Assets/LayeredTerrain/GrassSoil/Square/LandformStoneRoad/Mask-13.asset
 0.1 kb	 0.0% Assets/LayeredTerrain/GrassSoil/Square/LandformStoneRoad/Mask-12.asset
 0.1 kb	 0.0% Assets/LayeredTerrain/GrassSoil/Square/LandformStoneRoad/Mask-11.asset
 0.1 kb	 0.0% Assets/LayeredTerrain/GrassSoil/Square/LandformStoneRoad/Mask-10.asset
 0.1 kb	 0.0% Assets/LayeredTerrain/GrassSoil/Square/LandformStoneRoad/Mask-09.asset
 0.1 kb	 0.0% Assets/LayeredTerrain/GrassSoil/Square/LandformStoneRoad/Mask-08.asset
 0.1 kb	 0.0% Assets/LayeredTerrain/GrassSoil/Square/LandformStoneRoad/Mask-07.asset
 0.1 kb	 0.0% Assets/LayeredTerrain/GrassSoil/Square/LandformStoneRoad/Mask-06.asset
 0.1 kb	 0.0% Assets/LayeredTerrain/GrassSoil/Square/LandformStoneRoad/Mask-05.asset
 0.1 kb	 0.0% Assets/LayeredTerrain/GrassSoil/Square/LandformStoneRoad/Mask-04.asset
 0.1 kb	 0.0% Assets/LayeredTerrain/GrassSoil/Square/LandformStoneRoad/Mask-03.asset
 0.1 kb	 0.0% Assets/LayeredTerrain/GrassSoil/Square/LandformStoneRoad/Mask-02.asset
 0.1 kb	 0.0% Assets/LayeredTerrain/GrassSoil/Square/LandformStoneRoad/Mask-01.asset
 0.1 kb	 0.0% Assets/LayeredTerrain/GrassSoil/Square/LandformStoneRoad/Mask-00.asset
 0.1 kb	 0.0% Assets/LayeredTerrain/GrassSoil/Square/LandformSoil/Mask-15.asset
 0.1 kb	 0.0% Assets/LayeredTerrain/GrassSoil/Square/LandformSoil/Mask-14.asset
 0.1 kb	 0.0% Assets/LayeredTerrain/GrassSoil/Square/LandformSoil/Mask-13.asset
 0.1 kb	 0.0% Assets/LayeredTerrain/GrassSoil/Square/LandformSoil/Mask-12.asset
 0.1 kb	 0.0% Assets/LayeredTerrain/GrassSoil/Square/LandformSoil/Mask-11.asset
 0.1 kb	 0.0% Assets/LayeredTerrain/GrassSoil/Square/LandformSoil/Mask-10.asset
 0.1 kb	 0.0% Assets/LayeredTerrain/GrassSoil/Square/LandformSoil/Mask-09.asset
 0.1 kb	 0.0% Assets/LayeredTerrain/GrassSoil/Square/LandformSoil/Mask-08.asset
 0.1 kb	 0.0% Assets/LayeredTerrain/GrassSoil/Square/LandformSoil/Mask-07.asset
 0.1 kb	 0.0% Assets/LayeredTerrain/GrassSoil/Square/LandformSoil/Mask-06.asset
 0.1 kb	 0.0% Assets/LayeredTerrain/GrassSoil/Square/LandformSoil/Mask-05.asset
 0.1 kb	 0.0% Assets/LayeredTerrain/GrassSoil/Square/LandformSoil/Mask-04.asset
 0.1 kb	 0.0% Assets/LayeredTerrain/GrassSoil/Square/LandformSoil/Mask-03.asset
 0.1 kb	 0.0% Assets/LayeredTerrain/GrassSoil/Square/LandformSoil/Mask-02.asset
 0.1 kb	 0.0% Assets/LayeredTerrain/GrassSoil/Square/LandformSoil/Mask-01.asset
 0.1 kb	 0.0% Assets/LayeredTerrain/GrassSoil/Square/LandformSoil/Mask-00.asset
 0.1 kb	 0.0% Assets/LayeredTerrain/GrassSoil/LandformSoil/Mask-15.asset
 0.1 kb	 0.0% Assets/LayeredTerrain/GrassSoil/LandformSoil/Mask-14.asset
 0.1 kb	 0.0% Assets/LayeredTerrain/GrassSoil/LandformSoil/Mask-13.asset
 0.1 kb	 0.0% Assets/LayeredTerrain/GrassSoil/LandformSoil/Mask-12.asset
 0.1 kb	 0.0% Assets/LayeredTerrain/GrassSoil/LandformSoil/Mask-11.asset
 0.1 kb	 0.0% Assets/LayeredTerrain/GrassSoil/LandformSoil/Mask-10.asset
 0.1 kb	 0.0% Assets/LayeredTerrain/GrassSoil/LandformSoil/Mask-09.asset
 0.1 kb	 0.0% Assets/LayeredTerrain/GrassSoil/LandformSoil/Mask-08.asset
 0.1 kb	 0.0% Assets/LayeredTerrain/GrassSoil/LandformSoil/Mask-07.asset
 0.1 kb	 0.0% Assets/LayeredTerrain/GrassSoil/LandformSoil/Mask-06.asset
 0.1 kb	 0.0% Assets/LayeredTerrain/GrassSoil/LandformSoil/Mask-05.asset
 0.1 kb	 0.0% Assets/LayeredTerrain/GrassSoil/LandformSoil/Mask-04.asset
 0.1 kb	 0.0% Assets/LayeredTerrain/GrassSoil/LandformSoil/Mask-03.asset
 0.1 kb	 0.0% Assets/LayeredTerrain/GrassSoil/LandformSoil/Mask-02.asset
 0.1 kb	 0.0% Assets/LayeredTerrain/GrassSoil/LandformSoil/Mask-01.asset
 0.1 kb	 0.0% Assets/LayeredTerrain/GrassSoil/LandformSoil/Mask-00.asset
 0.1 kb	 0.0% Assets/LayeredTerrain/GrassSoil/LandformGrass/Mask-15.asset
 0.1 kb	 0.0% Assets/LayeredTerrain/GrassSoil/LandformGrass/Mask-14.asset
 0.1 kb	 0.0% Assets/LayeredTerrain/GrassSoil/LandformGrass/Mask-13.asset
 0.1 kb	 0.0% Assets/LayeredTerrain/GrassSoil/LandformGrass/Mask-12.asset
 0.1 kb	 0.0% Assets/LayeredTerrain/GrassSoil/LandformGrass/Mask-11.asset
 0.1 kb	 0.0% Assets/LayeredTerrain/GrassSoil/LandformGrass/Mask-10.asset
 0.1 kb	 0.0% Assets/LayeredTerrain/GrassSoil/LandformGrass/Mask-09.asset
 0.1 kb	 0.0% Assets/LayeredTerrain/GrassSoil/LandformGrass/Mask-08.asset
 0.1 kb	 0.0% Assets/LayeredTerrain/GrassSoil/LandformGrass/Mask-07.asset
 0.1 kb	 0.0% Assets/LayeredTerrain/GrassSoil/LandformGrass/Mask-06.asset
 0.1 kb	 0.0% Assets/LayeredTerrain/GrassSoil/LandformGrass/Mask-05.asset
 0.1 kb	 0.0% Assets/LayeredTerrain/GrassSoil/LandformGrass/Mask-04.asset
 0.1 kb	 0.0% Assets/LayeredTerrain/GrassSoil/LandformGrass/Mask-03.asset
 0.1 kb	 0.0% Assets/LayeredTerrain/GrassSoil/LandformGrass/Mask-02.asset
 0.1 kb	 0.0% Assets/LayeredTerrain/GrassSoil/LandformGrass/Mask-01.asset
 0.1 kb	 0.0% Assets/LayeredTerrain/GrassSoil/LandformGrass/Mask-00.asset
 0.1 kb	 0.0% Assets/LayeredTerrain/GrassSoil/EdgeGrassOnSoilRefined/Mask-15.asset
 0.1 kb	 0.0% Assets/LayeredTerrain/GrassSoil/EdgeGrassOnSoilRefined/Mask-14.asset
 0.1 kb	 0.0% Assets/LayeredTerrain/GrassSoil/EdgeGrassOnSoilRefined/Mask-13.asset
 0.1 kb	 0.0% Assets/LayeredTerrain/GrassSoil/EdgeGrassOnSoilRefined/Mask-12.asset
 0.1 kb	 0.0% Assets/LayeredTerrain/GrassSoil/EdgeGrassOnSoilRefined/Mask-11.asset
 0.1 kb	 0.0% Assets/LayeredTerrain/GrassSoil/EdgeGrassOnSoilRefined/Mask-10.asset
 0.1 kb	 0.0% Assets/LayeredTerrain/GrassSoil/EdgeGrassOnSoilRefined/Mask-09.asset
 0.1 kb	 0.0% Assets/LayeredTerrain/GrassSoil/EdgeGrassOnSoilRefined/Mask-08.asset
 0.1 kb	 0.0% Assets/LayeredTerrain/GrassSoil/EdgeGrassOnSoilRefined/Mask-07.asset
 0.1 kb	 0.0% Assets/LayeredTerrain/GrassSoil/EdgeGrassOnSoilRefined/Mask-06.asset
 0.1 kb	 0.0% Assets/LayeredTerrain/GrassSoil/EdgeGrassOnSoilRefined/Mask-05.asset
 0.1 kb	 0.0% Assets/LayeredTerrain/GrassSoil/EdgeGrassOnSoilRefined/Mask-04.asset
 0.1 kb	 0.0% Assets/LayeredTerrain/GrassSoil/EdgeGrassOnSoilRefined/Mask-03.asset
 0.1 kb	 0.0% Assets/LayeredTerrain/GrassSoil/EdgeGrassOnSoilRefined/Mask-02.asset
 0.1 kb	 0.0% Assets/LayeredTerrain/GrassSoil/EdgeGrassOnSoilRefined/Mask-01.asset
 0.1 kb	 0.0% Assets/LayeredTerrain/GrassSoil/EdgeGrassOnSoilRefined/Mask-00.asset
 0.1 kb	 0.0% Assets/LayeredTerrain/CompositeBrushes/StoneWater/Mask-15.asset
 0.1 kb	 0.0% Assets/LayeredTerrain/CompositeBrushes/StoneWater/Mask-14.asset
 0.1 kb	 0.0% Assets/LayeredTerrain/CompositeBrushes/StoneWater/Mask-13.asset
 0.1 kb	 0.0% Assets/LayeredTerrain/CompositeBrushes/StoneWater/Mask-12.asset
 0.1 kb	 0.0% Assets/LayeredTerrain/CompositeBrushes/StoneWater/Mask-11.asset
 0.1 kb	 0.0% Assets/LayeredTerrain/CompositeBrushes/StoneWater/Mask-10.asset
 0.1 kb	 0.0% Assets/LayeredTerrain/CompositeBrushes/StoneWater/Mask-09.asset
 0.1 kb	 0.0% Assets/LayeredTerrain/CompositeBrushes/StoneWater/Mask-08.asset
 0.1 kb	 0.0% Assets/LayeredTerrain/CompositeBrushes/StoneWater/Mask-07.asset
 0.1 kb	 0.0% Assets/LayeredTerrain/CompositeBrushes/StoneWater/Mask-06.asset
 0.1 kb	 0.0% Assets/LayeredTerrain/CompositeBrushes/StoneWater/Mask-05.asset
 0.1 kb	 0.0% Assets/LayeredTerrain/CompositeBrushes/StoneWater/Mask-04.asset
 0.1 kb	 0.0% Assets/LayeredTerrain/CompositeBrushes/StoneWater/Mask-03.asset
 0.1 kb	 0.0% Assets/LayeredTerrain/CompositeBrushes/StoneWater/Mask-02.asset
 0.1 kb	 0.0% Assets/LayeredTerrain/CompositeBrushes/StoneWater/Mask-01.asset
 0.1 kb	 0.0% Assets/LayeredTerrain/CompositeBrushes/StoneWater/Mask-00.asset
 0.1 kb	 0.0% Assets/LayeredTerrain/CompositeBrushes/GrassSoil/Mask-15.asset
 0.1 kb	 0.0% Assets/LayeredTerrain/CompositeBrushes/GrassSoil/Mask-14.asset
 0.1 kb	 0.0% Assets/LayeredTerrain/CompositeBrushes/GrassSoil/Mask-13.asset
 0.1 kb	 0.0% Assets/LayeredTerrain/CompositeBrushes/GrassSoil/Mask-12.asset
 0.1 kb	 0.0% Assets/LayeredTerrain/CompositeBrushes/GrassSoil/Mask-11.asset
 0.1 kb	 0.0% Assets/LayeredTerrain/CompositeBrushes/GrassSoil/Mask-10.asset
 0.1 kb	 0.0% Assets/LayeredTerrain/CompositeBrushes/GrassSoil/Mask-09.asset
 0.1 kb	 0.0% Assets/LayeredTerrain/CompositeBrushes/GrassSoil/Mask-08.asset
 0.1 kb	 0.0% Assets/LayeredTerrain/CompositeBrushes/GrassSoil/Mask-07.asset
 0.1 kb	 0.0% Assets/LayeredTerrain/CompositeBrushes/GrassSoil/Mask-06.asset
 0.1 kb	 0.0% Assets/LayeredTerrain/CompositeBrushes/GrassSoil/Mask-05.asset
 0.1 kb	 0.0% Assets/LayeredTerrain/CompositeBrushes/GrassSoil/Mask-04.asset
 0.1 kb	 0.0% Assets/LayeredTerrain/CompositeBrushes/GrassSoil/Mask-03.asset
 0.1 kb	 0.0% Assets/LayeredTerrain/CompositeBrushes/GrassSoil/Mask-02.asset
 0.1 kb	 0.0% Assets/LayeredTerrain/CompositeBrushes/GrassSoil/Mask-01.asset
 0.1 kb	 0.0% Assets/LayeredTerrain/CompositeBrushes/GrassSoil/Mask-00.asset
 0.1 kb	 0.0% Assets/DualGridTerrain/StoneFloor/Generated/Mask-15.asset
 0.1 kb	 0.0% Assets/DualGridTerrain/StoneFloor/Generated/Mask-14.asset
 0.1 kb	 0.0% Assets/DualGridTerrain/StoneFloor/Generated/Mask-13.asset
 0.1 kb	 0.0% Assets/DualGridTerrain/StoneFloor/Generated/Mask-12.asset
 0.1 kb	 0.0% Assets/DualGridTerrain/StoneFloor/Generated/Mask-11.asset
 0.1 kb	 0.0% Assets/DualGridTerrain/StoneFloor/Generated/Mask-10.asset
 0.1 kb	 0.0% Assets/DualGridTerrain/StoneFloor/Generated/Mask-09.asset
 0.1 kb	 0.0% Assets/DualGridTerrain/StoneFloor/Generated/Mask-08.asset
 0.1 kb	 0.0% Assets/DualGridTerrain/StoneFloor/Generated/Mask-07.asset
 0.1 kb	 0.0% Assets/DualGridTerrain/StoneFloor/Generated/Mask-06.asset
 0.1 kb	 0.0% Assets/DualGridTerrain/StoneFloor/Generated/Mask-05.asset
 0.1 kb	 0.0% Assets/DualGridTerrain/StoneFloor/Generated/Mask-04.asset
 0.1 kb	 0.0% Assets/DualGridTerrain/StoneFloor/Generated/Mask-03.asset
 0.1 kb	 0.0% Assets/DualGridTerrain/StoneFloor/Generated/Mask-02.asset
 0.1 kb	 0.0% Assets/DualGridTerrain/StoneFloor/Generated/Mask-01.asset
 0.1 kb	 0.0% Assets/DualGridTerrain/StoneFloor/Generated/Mask-00.asset
 0.1 kb	 0.0% Assets/Scripts/Tilemaps/LayeredTerrainAcceptancePresenter.cs
 0.1 kb	 0.0% Assets/Scripts/Tilemaps/CombinedWorkflowTrialBootstrap.cs
 0.1 kb	 0.0% Assets/Scripts/Presentation/BattleUiPresentationState.cs
 0.1 kb	 0.0% Assets/Scripts/Content/PublishedBattlefieldMapCatalog.cs
 0.1 kb	 0.0% Assets/Scripts/Tilemaps/BattlefieldTerrainPalette.cs
 0.1 kb	 0.0% Assets/Scripts/Tilemaps/BattlefieldDualGridTerrain.cs
 0.1 kb	 0.0% Assets/Scripts/Presentation/BattlePresentationBuffer.cs
 0.1 kb	 0.0% Assets/Scripts/Content/CompiledBattleContentCatalog.cs
 0.1 kb	 0.0% Assets/Scripts/Content/BundledLevelCatalogFactory.cs
 0.1 kb	 0.0% Assets/Scripts/Content/BundledBattleContentFactory.cs
 0.1 kb	 0.0% Assets/Scripts/Content/BattlefieldMapAuthoringAsset.cs
 0.1 kb	 0.0% Assets/Scripts/Content/BattleContentCatalogAsset.cs
 0.1 kb	 0.0% Assets/Scripts/Tilemaps/TerrainBrushDefinition.cs
 0.1 kb	 0.0% Assets/Scripts/Tilemaps/LayeredTerrainTilemap.cs
 0.1 kb	 0.0% Assets/Scripts/App/Services/LocalProfileStore.cs
 0.1 kb	 0.0% Assets/Scripts/Shell/ShellLayoutValidation.cs
 0.1 kb	 0.0% Assets/Scripts/Core/BattlefieldProjection.cs
 0.1 kb	 0.0% Assets/Scripts/Core/BattlefieldMap.cs
 0.1 kb	 0.0% Assets/Scripts/Core/BattlePresentationEvents.cs
 0.1 kb	 0.0% Assets/Scripts/Content/LevelCatalogContracts.cs
 0.1 kb	 0.0% Assets/Scripts/Content/LegacyBattleContentIds.cs
 0.1 kb	 0.0% Assets/Scripts/Content/BattleContentValidator.cs
 0.1 kb	 0.0% Assets/Scripts/App/Services/ProfileContracts.cs
 0.1 kb	 0.0% Assets/Scripts/Tilemaps/DualGridDebugTile.cs
 0.1 kb	 0.0% Assets/Scripts/Platform/PlatformRuntime.cs
 0.1 kb	 0.0% Assets/Scripts/Core/BattlefieldLayeredMap.cs
 0.1 kb	 0.0% Assets/Scripts/Content/CombatPassiveRuntime.cs
 0.1 kb	 0.0% Assets/Scripts/Content/BattleContentDtos.cs
 0.1 kb	 0.0% Assets/Scripts/BattleSessionContracts.cs
 0.1 kb	 0.0% Assets/Scripts/App/Services/RemoteConfigService.cs
 0.1 kb	 0.0% Assets/Scripts/App/AppFrameworkValidation.cs
 0.1 kb	 0.0% Assets/Scripts/Shell/ShellFlowValidation.cs
 0.1 kb	 0.0% Assets/Scripts/Shell/ShellFlowContracts.cs
 0.1 kb	 0.0% Assets/Scripts/Shell/SettlementPresenter.cs
 0.1 kb	 0.0% Assets/Scripts/Shell/PortraitShellLayout.cs
 0.1 kb	 0.0% Assets/Scripts/RuntimeSafeAreaResolver.cs
 0.1 kb	 0.0% Assets/Scripts/Presentation/BattleUiLayout.cs
 0.1 kb	 0.0% Assets/Scripts/Core/GameSimulationSnapshot.cs
 0.1 kb	 0.0% Assets/Scripts/Core/DeterministicRandom.cs
 0.1 kb	 0.0% Assets/Scripts/Core/CombatEntityState.cs
 0.1 kb	 0.0% Assets/Scripts/Content/LevelCatalogCompiler.cs
 0.1 kb	 0.0% Assets/Scripts/Content/BattleSkillRuntime.cs
 0.1 kb	 0.0% Assets/Scripts/Content/BattleContentJson.cs
 0.1 kb	 0.0% Assets/Scripts/UI/RuntimeUiVisualTypes.cs
 0.1 kb	 0.0% Assets/Scripts/UI/RuntimeUiCopyCatalog.cs
 0.1 kb	 0.0% Assets/Scripts/Tilemaps/DualGridTilemap.cs
 0.1 kb	 0.0% Assets/Scripts/Tilemaps/DualGridTileSet.cs
 0.1 kb	 0.0% Assets/Scripts/Tilemaps/DualGridMask.cs
 0.1 kb	 0.0% Assets/Scripts/App/AppFlowCoordinator.cs
 0.1 kb	 0.0% Assets/Scripts/Shell/LobbyPresenter.cs
 0.1 kb	 0.0% Assets/Scripts/Core/GameSimulation.cs
 0.1 kb	 0.0% Assets/Scripts/Core/GameModel.cs
 0.1 kb	 0.0% Assets/Scripts/Core/BattleSnapshotV2.cs
 0.1 kb	 0.0% Assets/Scripts/Core/BattleSnapshotV1.cs
 0.1 kb	 0.0% Assets/Scripts/Content/BattleContentIds.cs
 0.1 kb	 0.0% Assets/Scripts/UI/RuntimeUiTheme.cs
 0.1 kb	 0.0% Assets/Scripts/UI/RuntimeUiArtSet.cs
 0.1 kb	 0.0% Assets/Scripts/App/AppNavigation.cs
 0.1 kb	 0.0% Assets/Scripts/FruitDefenseGame.cs
 0.1 kb	 0.0% Assets/Scripts/Core/GameConfig.cs
 0.1 kb	 0.0% Assets/Scripts/Core/DragGeometry.cs
 0.1 kb	 0.0% Assets/Scripts/UI/RuntimeUiGui.cs
 0.1 kb	 0.0% Assets/Scripts/App/AppBootstrap.cs
-------------------------------------------------------------------------------
Unloading 324 Unused Serialized files (Serialized files now loaded: 0)
Unloading 518 unused Assets / (7.8 MB). Loaded Objects now: 803.
Memory consumption went from 139.3 MB to 131.5 MB.
Total: 7.234000 ms (FindLiveObjects: 0.082800 ms CreateObjectMapping: 0.019800 ms MarkObjects: 5.620000 ms  DeleteObjects: 1.510700 ms)

DisplayProgressNotification: Build Successful
Build Finished, Result: Success.
[websockify wrapper] Proxying from :35020 to localhost:34999
##utp:{"type":"PlayerBuildInfo","version":2,"phase":"Immediate","time":1787167525004,"processId":31652,"steps":[{"description":"Preprocess Player","duration":14},{"description":"Prepare For Build","duration":0},{"description":"ProducePlayerScriptAssemblies","duration":1642},{"description":"Verify Build setup","duration":82},{"description":"Prepare assets for target platform","duration":4},{"description":"Prepare splash screen","duration":0},{"description":"Building scenes","duration":288},{"description":"Build scripts DLLs","duration":22},{"description":"Build GlobalGameManagers file","duration":124},{"description":"Writing asset files","duration":170},{"description":"Building Resources/unity_builtin_extra","duration":52},{"description":"Creating compressed player package","duration":1142},{"description":"Write data build dirty tracking information","duration":27},{"description":"Postprocess built player","duration":102115}],"duration":105682}
Unloading 0 Unused Serialized files (Serialized files now loaded: 0)
Loaded scene 'Temp/__Backupscenes/0.backup'
	Deserialize:            0.394 ms
	Integration:            3.719 ms
	Integration of assets:  0.002 ms
	Thread Wait Time:       0.007 ms
	Total Operation Time:   4.122 ms
Unloading 0 unused Assets / (0 B). Loaded Objects now: 796.
Memory consumption went from 111.7 MB to 111.7 MB.
Total: 5.066600 ms (FindLiveObjects: 0.051500 ms CreateObjectMapping: 0.007900 ms MarkObjects: 5.003500 ms  DeleteObjects: 0.002800 ms)

FRUIT_DEFENSE_WEB_BUILD_OK path=E:\project\unity\furitDefense\Builds\WebGL compression=BrotliFallback stripping=High size=9646485 payloads=[WebGL.data.unityweb:version=1ca6385231e1:size=5575646, WebGL.framework.js.unityweb:version=2311a6f94ac3:size=69099, WebGL.loader.js:version=34035c24f91b:size=117893, WebGL.wasm.unityweb:version=ba2503f395b7:size=3864044]
UnityEngine.Debug:ExtractStackTraceNoAlloc (byte*,int,string)
UnityEngine.StackTraceUtility:ExtractStackTrace ()
UnityEngine.DebugLogHandler:Internal_Log (UnityEngine.LogType,UnityEngine.LogOption,string,UnityEngine.Object)
UnityEngine.DebugLogHandler:LogFormat (UnityEngine.LogType,UnityEngine.Object,string,object[])
UnityEngine.Logger:Log (UnityEngine.LogType,object)
UnityEngine.Debug:Log (object)
FruitDefense.Editor.WebBuild:Build () (at Assets/Editor/Tools/WebBuild.cs:101)

(Filename: Assets/Editor/Tools/WebBuild.cs Line: 101)

Batchmode quit successfully invoked - shutting down!
[websockify wrapper] Kill
[websockify wrapper] Process killed
[Physics::Module] Cleanup current backend.
[Physics::Module] Id: 0xf2b8ea05
Input System module state changed to: ShutdownInProgress.
Input System polling thread exited.
Input System module state changed to: Shutdown.
[Licensing::IpcConnector] LicenseClient-18163-notifications channel disconnected successfully.
[Licensing::IpcConnector] LicenseClient-18163 channel disconnected successfully.
AcceleratorClientConnectionCallback - disconnected - :0
Cleanup mono
[websockify wrapper] Kill
Exiting batchmode successfully now!
Exiting without the bug reporter. Application will terminate with return code 0