[Licensing::Module] Trying to connect to existing licensing client channel...
Built from '6000.3/staging' branch; Version is '6000.3.19f1 (7689f4515d75) revision 7768564'; Using compiler version '194234433'; Build Type 'Release'
[Licensing::IpcConnector] Channel LicenseClient-18163 doesn't exist
OS: 'Windows 10  (10.0.19045) 64bit Professional' Language: 'zh' Physical Memory: 32679 MB
BatchMode: 1, IsHumanControllingUs: 0, StartBugReporterOnCrash: 0, Is64bit: 1
System  architecture: x64
Process architecture: x64
Date: 2026-08-19T06:08:49Z
[Licensing::Module] Successfully launched the LicensingClient (PId: 30180)

COMMAND LINE ARGUMENTS:
C:\Program Files\Unity\Hub\Editor\6000.3.19f1\Editor\Unity.exe
-batchmode
-nographics
-quit
-projectPath
E:\project\unity\furitDefense
-executeMethod
FruitDefense.Editor.P0ValidationSuite.Run
-logFile
E:\project\unity\furitDefense\openspec\changes\unify-runtime-ui-visual-system\evidence\citrus-mint-candidate\p0-final.log
Successfully changed project path to: E:\project\unity\furitDefense
E:/project/unity/furitDefense
[UnityMemory] Configuration Parameters - Can be set up in boot.config
    "memorysetup-temp-allocator-size-nav-mesh-worker=65536"
    "memorysetup-temp-allocator-size-audio-worker=65536"
    "memorysetup-temp-allocator-size-gfx=262144"
    "memorysetup-allocator-temp-initial-block-size-main=262144"
    "memorysetup-allocator-temp-initial-block-size-worker=262144"
    "memorysetup-temp-allocator-size-background-worker=32768"
    "memorysetup-temp-allocator-size-job-worker=262144"
    "memorysetup-temp-allocator-size-preload-manager=33554432"
    "memorysetup-temp-allocator-size-gi-baking-worker=262144"
    "memorysetup-temp-allocator-size-gi-baking-worker=262144"
    "memorysetup-temp-allocator-size-gi-baking-worker=262144"
    "memorysetup-temp-allocator-size-gi-baking-worker=262144"
    "memorysetup-temp-allocator-size-gi-baking-worker=262144"
    "memorysetup-bucket-allocator-granularity=16"
    "memorysetup-bucket-allocator-bucket-count=8"
    "memorysetup-bucket-allocator-block-size=33554432"
    "memorysetup-bucket-allocator-block-count=8"
    "memorysetup-main-allocator-block-size=16777216"
    "memorysetup-thread-allocator-block-size=16777216"
    "memorysetup-gfx-main-allocator-block-size=16777216"
    "memorysetup-gfx-thread-allocator-block-size=16777216"
    "memorysetup-cache-allocator-block-size=4194304"
    "memorysetup-typetree-allocator-block-size=2097152"
    "memorysetup-profiler-bucket-allocator-granularity=16"
    "memorysetup-profiler-bucket-allocator-bucket-count=8"
    "memorysetup-profiler-bucket-allocator-block-size=33554432"
    "memorysetup-profiler-bucket-allocator-block-count=8"
    "memorysetup-profiler-allocator-block-size=16777216"
    "memorysetup-profiler-editor-allocator-block-size=1048576"
    "memorysetup-temp-allocator-size-main=16777216"
    "memorysetup-job-temp-allocator-block-size=2097152"
    "memorysetup-job-temp-allocator-block-size-background=1048576"
    "memorysetup-job-temp-allocator-reduction-small-platforms=262144"
    "memorysetup-temp-allocator-size-cloud-worker=32768"
Player connection [27736]  Target information:

Player connection [27736]  * "[IP] 192.168.3.10 [Port] 55504 [Flags] 2 [Guid] 3280658337 [EditorId] 3280658337 [Version] 1048832 [Id] WindowsEditor(7,DESKTOP-02DUQIQ) [Debug] 1 [PackageName] WindowsEditor [ProjectName] Editor" 

Player connection [27736]  * "[IP] 169.254.219.203 [Port] 55504 [Flags] 2 [Guid] 3280658337 [EditorId] 3280658337 [Version] 1048832 [Id] WindowsEditor(7,DESKTOP-02DUQIQ) [Debug] 1 [PackageName] WindowsEditor [ProjectName] Editor" 

Player connection [27736] Host joined multi-casting on [225.0.0.222:54997]...
Player connection [27736] Host joined alternative multi-casting on [225.0.0.222:34997]...
Input System module state changed to: Initialized.
[Physics::Module] Initialized fallback backend.
[Physics::Module] Id: 0xdecafbad
[Licensing::IpcConnector] Successfully connected to: "LicenseClient-18163" at "2026-08-19T06:08:50.0816045Z"
[Licensing::Client] Code 10 while verifying Licensing Client signature (process Id: 30180, path: "C:/Program Files/Unity/Hub/Editor/6000.3.19f1/Editor/Data/Resources/Licensing/Client/Unity.Licensing.Client.exe")
[Licensing::Module] LicensingClient has failed validation; ignoring
[Package Manager] Connected to IPC stream "Upm-35836" after 0.3 seconds.
[Licensing::Module] Licensing is not yet initialized.
[Licensing::Client] Handshaking with LicensingClient:
  Version:                 1.18.1+9fbee8e
  Session Id:              c6e2f91d08df4a6ebae680ce5ee72a2e
  Correlation Id:          19b134faae454be5fa479e365f5895bf
  External correlation Id: 7606952881296083281
  Machine Id:              45/sxUmrq84w1DGaAIO3nlH4R54=
[Licensing::Module] Successfully connected to LicensingClient on channel: "LicenseClient-18163" (connect: 0.37s, validation: 0.17s, handshake: 0.05s)
[Licensing::IpcConnector] Successfully connected to: "LicenseClient-18163-notifications" at "2026-08-19T06:08:50.307115Z"
[Licensing::Module] Connected to LicensingClient (PId: 30180, launch time: 0.01, total connection time: 0.60s)
[Licensing::Module] Error: Access token is unavailable; failed to update
[Licensing::Client] Successfully resolved entitlement details
[Licensing::Module] License group:
  Id: F4-PJMF-AXN2-R4YC-DCT2-XXXX
  Product: Unity Personal
  Type: ULF
  Expiration: 2026-08-31T07:08:32Z
[Licensing::Client] Successfully updated license, isAsync: True, time: 0.01
[Licensing::Client] Successfully resolved entitlement details
[Licensing::Module] Licensing Background thread has ended after 0.64s
[Licensing::Module] Licensing is initialized (took 0.13s).
[Licensing::Client] Successfully resolved entitlement details
Library Redirect Path: Library/
[Physics::Module] Selected backend.
[Physics::Module] Name: PhysX
[Physics::Module] Id: 0xf2b8ea05
[Physics::Module] SDK Version: 4.1.2
[Physics::Module] Integration Version: 1.0.0
[Physics::Module] Threading Mode: Multi-Threaded
Refreshing native plugins compatible for Editor in 0.30 ms, found 0 plugins.
Preloading 0 native plugins for Editor in 0.00 ms.
Initialize engine version: 6000.3.19f1 (7689f4515d75)
[Subsystems] Discovering subsystems at path C:/Program Files/Unity/Hub/Editor/6000.3.19f1/Editor/Data/Resources/UnitySubsystems
[Subsystems] Discovering subsystems at path E:/project/unity/furitDefense/Assets
Forcing GfxDevice: Null
GfxDevice: creating device client; kGfxThreadingModeNonThreaded
NullGfxDevice:
    Version:  NULL 1.0 [1.0]
    Renderer: Null Device
    Vendor:   Unity Technologies
Initialize mono
Mono path[0] = 'C:/Program Files/Unity/Hub/Editor/6000.3.19f1/Editor/Data/Managed'
Mono path[1] = 'C:/Program Files/Unity/Hub/Editor/6000.3.19f1/Editor/Data/MonoBleedingEdge/lib/mono/unityjit-win32'
Mono config path = 'C:/Program Files/Unity/Hub/Editor/6000.3.19f1/Editor/Data/MonoBleedingEdge/etc'
Using monoOptions --debugger-agent=transport=dt_socket,embedding=1,server=y,suspend=n,address=127.0.0.1:56836
Using cacheserver namespaces - metadata:defaultmetadata, artifacts:defaultartifacts
Using cacheserver namespaces - metadata:defaultmetadata, artifacts:defaultartifacts
ImportWorker Server TCP listen port: 0
AcceleratorClientConnectionCallback - disconnected - :0
Begin MonoManager ReloadAssembly
Registering precompiled unity dll's ...
Register platform support module: C:/Program Files/Unity/Hub/Editor/6000.3.19f1/Editor/Data/PlaybackEngines/WebGLSupport/UnityEditor.WebGL.Extensions.dll
Register platform support module: C:/Program Files/Unity/Hub/Editor/6000.3.19f1/Editor/Data/PlaybackEngines/WindowsStandaloneSupport/UnityEditor.WindowsStandalone.Extensions.dll
Registered in 0.003390 seconds.
- Loaded All Assemblies, in  0.433 seconds
Native extension for WindowsStandalone target not found
Native extension for WebGL target not found
Package Manager log level set to [2]
ScheduleIndexationOnStartup MainProcess:False IndexOnStartup:True
Mono: successfully reloaded assembly
- Finished resetting the current domain, in  0.370 seconds
Domain Reload Profiling: 799ms
	BeginReloadAssembly (150ms)
		ExecutionOrderSort (0ms)
		DisableScriptedObjects (0ms)
		BackupInstance (0ms)
		ReleaseScriptingObjects (0ms)
		CreateAndSetChildDomain (20ms)
	RebuildCommonClasses (35ms)
	RebuildNativeTypeToScriptingClass (14ms)
	initialDomainReloadingComplete (49ms)
	LoadAllAssembliesAndSetupDomain (181ms)
		LoadAssemblies (127ms)
		RebuildTransferFunctionScriptingTraits (0ms)
		AnalyzeDomain (177ms)
			TypeCache.Refresh (175ms)
				TypeCache.ScanAssembly (160ms)
			BuildScriptInfoCaches (0ms)
			ResolveRequiredComponents (1ms)
	FinalizeReload (371ms)
		ReleaseScriptCaches (0ms)
		RebuildScriptCaches (0ms)
		SetupLoadedEditorAssemblies (335ms)
			LogAssemblyErrors (0ms)
			InitializePlatformSupportModulesInManaged (53ms)
			SetLoadedEditorAssemblies (3ms)
			BeforeProcessingInitializeOnLoad (73ms)
			ProcessInitializeOnLoadAttributes (126ms)
			ProcessInitializeOnLoadMethodAttributes (78ms)
			AfterProcessingInitializeOnLoad (0ms)
			EditorAssembliesLoaded (0ms)
		ExecutionOrderSort2 (0ms)
		AwakeInstancesAfterBackupRestoration (0ms)
[Licensing::Client] Successfully resolved entitlement details
Application.AssetDatabase Initial Refresh Start
[Package Manager] Restoring resolved packages state from cache
[Licensing::Client] Successfully resolved entitlement details
[Package Manager] Registered 33 packages:
  Built-in packages:
    com.unity.modules.ai@1.0.0 (location: E:\project\unity\furitDefense\Library\PackageCache\com.unity.modules.ai)
    com.unity.modules.androidjni@1.0.0 (location: E:\project\unity\furitDefense\Library\PackageCache\com.unity.modules.androidjni)
    com.unity.modules.animation@1.0.0 (location: E:\project\unity\furitDefense\Library\PackageCache\com.unity.modules.animation)
    com.unity.modules.assetbundle@1.0.0 (location: E:\project\unity\furitDefense\Library\PackageCache\com.unity.modules.assetbundle)
    com.unity.modules.audio@1.0.0 (location: E:\project\unity\furitDefense\Library\PackageCache\com.unity.modules.audio)
    com.unity.modules.cloth@1.0.0 (location: E:\project\unity\furitDefense\Library\PackageCache\com.unity.modules.cloth)
    com.unity.modules.director@1.0.0 (location: E:\project\unity\furitDefense\Library\PackageCache\com.unity.modules.director)
    com.unity.modules.imageconversion@1.0.0 (location: E:\project\unity\furitDefense\Library\PackageCache\com.unity.modules.imageconversion)
    com.unity.modules.imgui@1.0.0 (location: E:\project\unity\furitDefense\Library\PackageCache\com.unity.modules.imgui)
    com.unity.modules.jsonserialize@1.0.0 (location: E:\project\unity\furitDefense\Library\PackageCache\com.unity.modules.jsonserialize)
    com.unity.modules.particlesystem@1.0.0 (location: E:\project\unity\furitDefense\Library\PackageCache\com.unity.modules.particlesystem)
    com.unity.modules.physics@1.0.0 (location: E:\project\unity\furitDefense\Library\PackageCache\com.unity.modules.physics)
    com.unity.modules.physics2d@1.0.0 (location: E:\project\unity\furitDefense\Library\PackageCache\com.unity.modules.physics2d)
    com.unity.modules.screencapture@1.0.0 (location: E:\project\unity\furitDefense\Library\PackageCache\com.unity.modules.screencapture)
    com.unity.modules.terrain@1.0.0 (location: E:\project\unity\furitDefense\Library\PackageCache\com.unity.modules.terrain)
    com.unity.modules.terrainphysics@1.0.0 (location: E:\project\unity\furitDefense\Library\PackageCache\com.unity.modules.terrainphysics)
    com.unity.modules.tilemap@1.0.0 (location: E:\project\unity\furitDefense\Library\PackageCache\com.unity.modules.tilemap)
    com.unity.modules.ui@1.0.0 (location: E:\project\unity\furitDefense\Library\PackageCache\com.unity.modules.ui)
    com.unity.modules.uielements@1.0.0 (location: E:\project\unity\furitDefense\Library\PackageCache\com.unity.modules.uielements)
    com.unity.modules.umbra@1.0.0 (location: E:\project\unity\furitDefense\Library\PackageCache\com.unity.modules.umbra)
    com.unity.modules.unityanalytics@1.0.0 (location: E:\project\unity\furitDefense\Library\PackageCache\com.unity.modules.unityanalytics)
    com.unity.modules.unitywebrequest@1.0.0 (location: E:\project\unity\furitDefense\Library\PackageCache\com.unity.modules.unitywebrequest)
    com.unity.modules.unitywebrequestassetbundle@1.0.0 (location: E:\project\unity\furitDefense\Library\PackageCache\com.unity.modules.unitywebrequestassetbundle)
    com.unity.modules.unitywebrequestaudio@1.0.0 (location: E:\project\unity\furitDefense\Library\PackageCache\com.unity.modules.unitywebrequestaudio)
    com.unity.modules.unitywebrequesttexture@1.0.0 (location: E:\project\unity\furitDefense\Library\PackageCache\com.unity.modules.unitywebrequesttexture)
    com.unity.modules.unitywebrequestwww@1.0.0 (location: E:\project\unity\furitDefense\Library\PackageCache\com.unity.modules.unitywebrequestwww)
    com.unity.modules.vehicles@1.0.0 (location: E:\project\unity\furitDefense\Library\PackageCache\com.unity.modules.vehicles)
    com.unity.modules.video@1.0.0 (location: E:\project\unity\furitDefense\Library\PackageCache\com.unity.modules.video)
    com.unity.modules.vr@1.0.0 (location: E:\project\unity\furitDefense\Library\PackageCache\com.unity.modules.vr)
    com.unity.modules.wind@1.0.0 (location: E:\project\unity\furitDefense\Library\PackageCache\com.unity.modules.wind)
    com.unity.modules.xr@1.0.0 (location: E:\project\unity\furitDefense\Library\PackageCache\com.unity.modules.xr)
    com.unity.modules.subsystems@1.0.0 (location: E:\project\unity\furitDefense\Library\PackageCache\com.unity.modules.subsystems)
    com.unity.modules.hierarchycore@1.0.0 (location: E:\project\unity\furitDefense\Library\PackageCache\com.unity.modules.hierarchycore)
[Subsystems] No new subsystems found in resolved package list.
[Package Manager] Done registering packages in 0.01 seconds
Starting: C:\Program Files\Unity\Hub\Editor\6000.3.19f1\Editor\Data\Tools\BuildPipeline\bee_backend.exe --ipc --defer-dag-verification --dagfile="Library/Bee/2000b0aE.dag" --continue-on-failure --profile="Library/Bee/backend1.traceevents" ScriptAssemblies
WorkingDir: E:/project/unity/furitDefense
DisplayProgressbar: Compiling Scripts
ExitCode: 0 Duration: 0s73ms
*** Tundra build success (0.03 seconds), 0 items updated, 157 evaluated
AssetDatabase: script compilation time: 0.409851s
Begin MonoManager ReloadAssembly
Total cache size 31377775
Total cache size after purge 31377775, took 00:00:00.0349910
- Loaded All Assemblies, in  0.332 seconds
Refreshing native plugins compatible for Editor in 0.18 ms, found 0 plugins.
Native extension for WindowsStandalone target not found
Native extension for WebGL target not found
ScheduleIndexationOnStartup MainProcess:True IndexOnStartup:True
Mono: successfully reloaded assembly
- Finished resetting the current domain, in  0.461 seconds
Domain Reload Profiling: 791ms
	BeginReloadAssembly (243ms)
		ExecutionOrderSort (0ms)
		DisableScriptedObjects (73ms)
		BackupInstance (0ms)
		ReleaseScriptingObjects (0ms)
		CreateAndSetChildDomain (36ms)
	RebuildCommonClasses (33ms)
	RebuildNativeTypeToScriptingClass (13ms)
	initialDomainReloadingComplete (23ms)
	LoadAllAssembliesAndSetupDomain (16ms)
		LoadAssemblies (109ms)
		RebuildTransferFunctionScriptingTraits (0ms)
		AnalyzeDomain (11ms)
			TypeCache.Refresh (8ms)
				TypeCache.ScanAssembly (4ms)
			BuildScriptInfoCaches (1ms)
			ResolveRequiredComponents (1ms)
	FinalizeReload (462ms)
		ReleaseScriptCaches (0ms)
		RebuildScriptCaches (0ms)
		SetupLoadedEditorAssemblies (297ms)
			LogAssemblyErrors (0ms)
			InitializePlatformSupportModulesInManaged (31ms)
			SetLoadedEditorAssemblies (3ms)
			BeforeProcessingInitializeOnLoad (107ms)
			ProcessInitializeOnLoadAttributes (106ms)
			ProcessInitializeOnLoadMethodAttributes (41ms)
			AfterProcessingInitializeOnLoad (9ms)
			EditorAssembliesLoaded (0ms)
		ExecutionOrderSort2 (0ms)
		AwakeInstancesAfterBackupRestoration (27ms)
Asset Pipeline Refresh (id=bcb7330585060264f88a135547c61069): Total: 1.341 seconds - Initiated by InitialRefreshV2(ForceSynchronousImport)
	Summary:
		Imports: total=0 (actual=0, local cache=0, cache server=0)
		Asset DB Process Time: managed=0 ms, native=561 ms
		Asset DB Callback time: managed=11 ms, native=15 ms
		Scripting: domain reloads=1, domain reload time=332 ms, compile time=412 ms, other=8 ms
		Project Asset Count: scripts=163, non-scripts=755
		Asset File Changes: new=0, changed=0, moved=0, deleted=0
		Scan Filter Count: 0
	InvokeCustomDependenciesCallbacks: 0.002ms
	InvokePackagesCallback: 17.737ms
	ApplyChangesToAssetFolders: 0.340ms
	Scan: 23.233ms
	OnSourceAssetsModified: 0.003ms
	CategorizeAssetsWithTransientArtifact: 0.540ms
	ProcessAssetsWithTransientArtifactChanges: 2.505ms
	CategorizeAssets: 5.410ms
	ImportOutOfDateAssets: 463.635ms (51.584ms without children)
		CompileScripts: 411.635ms
		ReloadNativeAssets: 0.000ms
		UnloadImportedAssets: 0.105ms
		EnsureUptoDateAssetsAreRegisteredWithGuidPM: 0.080ms
		InitializingProgressBar: 0.001ms
		PostProcessAllAssetNotificationsAddChangedAssets: 0.000ms
		OnDemandSchedulerStart: 0.231ms
	PostProcessAllAssets: 11.816ms
	GatherAllCurrentPrimaryArtifactRevisions: 0.002ms
	UnloadStreamsBegin: 0.985ms
	PersistCurrentRevisions: 0.021ms
	UnloadStreamsEnd: 0.001ms
	GenerateScriptTypeHashes: 0.112ms
	Untracked: 814.477ms

Application.AssetDatabase Initial Refresh End
Scanning for USB devices : 13.846ms
Initializing Unity extensions:
[MODES] ModeService[none].Initialize
[MODES] ModeService[none].LoadModes
[MODES] Loading mode Default (0) for mode-current-id-水果塔防
Unloading 3 Unused Serialized files (Serialized files now loaded: 0)
Unloading 136 unused Assets / (509.8 KB). Loaded Objects now: 767.
Memory consumption went from 91.5 MB to 91.0 MB.
Total: 4.991800 ms (FindLiveObjects: 0.054100 ms CreateObjectMapping: 0.010000 ms MarkObjects: 4.641000 ms  DeleteObjects: 0.286200 ms)

Battle content validation passed: catalog.bundled.orchard@1.0.0
UnityEngine.Debug:ExtractStackTraceNoAlloc (byte*,int,string)
UnityEngine.StackTraceUtility:ExtractStackTrace ()
UnityEngine.DebugLogHandler:Internal_Log (UnityEngine.LogType,UnityEngine.LogOption,string,UnityEngine.Object)
UnityEngine.DebugLogHandler:LogFormat (UnityEngine.LogType,UnityEngine.Object,string,object[])
UnityEngine.Logger:Log (UnityEngine.LogType,object)
UnityEngine.Debug:Log (object)
FruitDefense.Editor.BattleContentCatalogEditor:ValidateBundledCatalog () (at Assets/Editor/Tools/BattleContentCatalogEditor.cs:56)
FruitDefense.Editor.P0ValidationSuite:Run () (at Assets/Editor/Tests/P0ValidationSuite.cs:12)

(Filename: Assets/Editor/Tools/BattleContentCatalogEditor.cs Line: 56)

FRUIT_DEFENSE_APP_FRAMEWORK_OK
UnityEngine.Debug:ExtractStackTraceNoAlloc (byte*,int,string)
UnityEngine.StackTraceUtility:ExtractStackTrace ()
UnityEngine.DebugLogHandler:Internal_Log (UnityEngine.LogType,UnityEngine.LogOption,string,UnityEngine.Object)
UnityEngine.DebugLogHandler:LogFormat (UnityEngine.LogType,UnityEngine.Object,string,object[])
UnityEngine.Logger:Log (UnityEngine.LogType,object)
UnityEngine.Debug:Log (object)
FruitDefense.App.AppFrameworkValidation:SmokeValidate () (at Assets/Scripts/App/AppFrameworkValidation.cs:14)
FruitDefense.Editor.P0ValidationSuite:Run () (at Assets/Editor/Tests/P0ValidationSuite.cs:13)

(Filename: Assets/Scripts/App/AppFrameworkValidation.cs Line: 14)

FRUIT_DEFENSE_LOCAL_SERVICES_OK
UnityEngine.Debug:ExtractStackTraceNoAlloc (byte*,int,string)
UnityEngine.StackTraceUtility:ExtractStackTrace ()
UnityEngine.DebugLogHandler:Internal_Log (UnityEngine.LogType,UnityEngine.LogOption,string,UnityEngine.Object)
UnityEngine.DebugLogHandler:LogFormat (UnityEngine.LogType,UnityEngine.Object,string,object[])
UnityEngine.Logger:Log (UnityEngine.LogType,object)
UnityEngine.Debug:Log (object)
FruitDefense.Editor.LocalServicePortsSmoke:Run () (at Assets/Editor/Tests/LocalServicePortsSmoke.cs:21)
FruitDefense.Editor.P0ValidationSuite:Run () (at Assets/Editor/Tests/P0ValidationSuite.cs:14)

(Filename: Assets/Editor/Tests/LocalServicePortsSmoke.cs Line: 21)

Fruit Defense deterministic simulation validation passed.
UnityEngine.Debug:ExtractStackTraceNoAlloc (byte*,int,string)
UnityEngine.StackTraceUtility:ExtractStackTrace ()
UnityEngine.DebugLogHandler:Internal_Log (UnityEngine.LogType,UnityEngine.LogOption,string,UnityEngine.Object)
UnityEngine.DebugLogHandler:LogFormat (UnityEngine.LogType,UnityEngine.Object,string,object[])
UnityEngine.Logger:Log (UnityEngine.LogType,object)
UnityEngine.Debug:Log (object)
FruitDefense.Editor.DeterministicSimulationSmoke:Run () (at Assets/Editor/Tests/DeterministicSimulationSmoke.cs:18)
FruitDefense.Editor.P0ValidationSuite:Run () (at Assets/Editor/Tests/P0ValidationSuite.cs:15)

(Filename: Assets/Editor/Tests/DeterministicSimulationSmoke.cs Line: 18)

FRUIT_DEFENSE_REPEATED_ATTACK_OK plant=plant.pea actions=13 damage=156
UnityEngine.Debug:ExtractStackTraceNoAlloc (byte*,int,string)
UnityEngine.StackTraceUtility:ExtractStackTrace ()
UnityEngine.DebugLogHandler:Internal_Log (UnityEngine.LogType,UnityEngine.LogOption,string,UnityEngine.Object)
UnityEngine.DebugLogHandler:LogFormat (UnityEngine.LogType,UnityEngine.Object,string,object[])
UnityEngine.Logger:Log (UnityEngine.LogType,object)
UnityEngine.Debug:Log (object)
FruitDefense.Editor.ComposableBattleSkillsSmoke:ValidateRepeatedBasicAttacks () (at Assets/Editor/Tests/ComposableBattleSkillsSmoke.cs:147)
FruitDefense.Editor.ComposableBattleSkillsSmoke:Run () (at Assets/Editor/Tests/ComposableBattleSkillsSmoke.cs:19)
FruitDefense.Editor.P0ValidationSuite:Run () (at Assets/Editor/Tests/P0ValidationSuite.cs:16)

(Filename: Assets/Editor/Tests/ComposableBattleSkillsSmoke.cs Line: 147)

FRUIT_DEFENSE_REPEATED_ATTACK_OK plant=plant.watermelon actions=6 damage=72
UnityEngine.Debug:ExtractStackTraceNoAlloc (byte*,int,string)
UnityEngine.StackTraceUtility:ExtractStackTrace ()
UnityEngine.DebugLogHandler:Internal_Log (UnityEngine.LogType,UnityEngine.LogOption,string,UnityEngine.Object)
UnityEngine.DebugLogHandler:LogFormat (UnityEngine.LogType,UnityEngine.Object,string,object[])
UnityEngine.Logger:Log (UnityEngine.LogType,object)
UnityEngine.Debug:Log (object)
FruitDefense.Editor.ComposableBattleSkillsSmoke:ValidateRepeatedBasicAttacks () (at Assets/Editor/Tests/ComposableBattleSkillsSmoke.cs:147)
FruitDefense.Editor.ComposableBattleSkillsSmoke:Run () (at Assets/Editor/Tests/ComposableBattleSkillsSmoke.cs:19)
FruitDefense.Editor.P0ValidationSuite:Run () (at Assets/Editor/Tests/P0ValidationSuite.cs:16)

(Filename: Assets/Editor/Tests/ComposableBattleSkillsSmoke.cs Line: 147)

FRUIT_DEFENSE_REPEATED_ATTACK_OK plant=plant.banana actions=8 damage=90
UnityEngine.Debug:ExtractStackTraceNoAlloc (byte*,int,string)
UnityEngine.StackTraceUtility:ExtractStackTrace ()
UnityEngine.DebugLogHandler:Internal_Log (UnityEngine.LogType,UnityEngine.LogOption,string,UnityEngine.Object)
UnityEngine.DebugLogHandler:LogFormat (UnityEngine.LogType,UnityEngine.Object,string,object[])
UnityEngine.Logger:Log (UnityEngine.LogType,object)
UnityEngine.Debug:Log (object)
FruitDefense.Editor.ComposableBattleSkillsSmoke:ValidateRepeatedBasicAttacks () (at Assets/Editor/Tests/ComposableBattleSkillsSmoke.cs:147)
FruitDefense.Editor.ComposableBattleSkillsSmoke:Run () (at Assets/Editor/Tests/ComposableBattleSkillsSmoke.cs:19)
FruitDefense.Editor.P0ValidationSuite:Run () (at Assets/Editor/Tests/P0ValidationSuite.cs:16)

(Filename: Assets/Editor/Tests/ComposableBattleSkillsSmoke.cs Line: 147)

FRUIT_DEFENSE_REPEATED_ATTACK_OK plant=plant.durian actions=8 damage=96
UnityEngine.Debug:ExtractStackTraceNoAlloc (byte*,int,string)
UnityEngine.StackTraceUtility:ExtractStackTrace ()
UnityEngine.DebugLogHandler:Internal_Log (UnityEngine.LogType,UnityEngine.LogOption,string,UnityEngine.Object)
UnityEngine.DebugLogHandler:LogFormat (UnityEngine.LogType,UnityEngine.Object,string,object[])
UnityEngine.Logger:Log (UnityEngine.LogType,object)
UnityEngine.Debug:Log (object)
FruitDefense.Editor.ComposableBattleSkillsSmoke:ValidateRepeatedBasicAttacks () (at Assets/Editor/Tests/ComposableBattleSkillsSmoke.cs:147)
FruitDefense.Editor.ComposableBattleSkillsSmoke:Run () (at Assets/Editor/Tests/ComposableBattleSkillsSmoke.cs:19)
FruitDefense.Editor.P0ValidationSuite:Run () (at Assets/Editor/Tests/P0ValidationSuite.cs:16)

(Filename: Assets/Editor/Tests/ComposableBattleSkillsSmoke.cs Line: 147)

FRUIT_DEFENSE_COMPOSABLE_SKILLS_OK
UnityEngine.Debug:ExtractStackTraceNoAlloc (byte*,int,string)
UnityEngine.StackTraceUtility:ExtractStackTrace ()
UnityEngine.DebugLogHandler:Internal_Log (UnityEngine.LogType,UnityEngine.LogOption,string,UnityEngine.Object)
UnityEngine.DebugLogHandler:LogFormat (UnityEngine.LogType,UnityEngine.Object,string,object[])
UnityEngine.Logger:Log (UnityEngine.LogType,object)
UnityEngine.Debug:Log (object)
FruitDefense.Editor.ComposableBattleSkillsSmoke:Run () (at Assets/Editor/Tests/ComposableBattleSkillsSmoke.cs:23)
FruitDefense.Editor.P0ValidationSuite:Run () (at Assets/Editor/Tests/P0ValidationSuite.cs:16)

(Filename: Assets/Editor/Tests/ComposableBattleSkillsSmoke.cs Line: 23)

FRUIT_DEFENSE_BATTLE_SNAPSHOT_V1_OK
UnityEngine.Debug:ExtractStackTraceNoAlloc (byte*,int,string)
UnityEngine.StackTraceUtility:ExtractStackTrace ()
UnityEngine.DebugLogHandler:Internal_Log (UnityEngine.LogType,UnityEngine.LogOption,string,UnityEngine.Object)
UnityEngine.DebugLogHandler:LogFormat (UnityEngine.LogType,UnityEngine.Object,string,object[])
UnityEngine.Logger:Log (UnityEngine.LogType,object)
UnityEngine.Debug:Log (object)
FruitDefense.Editor.BattleSnapshotV1Smoke:Run () (at Assets/Editor/Tests/BattleSnapshotV1Smoke.cs:22)
FruitDefense.Editor.P0ValidationSuite:Run () (at Assets/Editor/Tests/P0ValidationSuite.cs:17)

(Filename: Assets/Editor/Tests/BattleSnapshotV1Smoke.cs Line: 22)

Asset Pipeline Refresh (id=a0d17911739b8da4a80dad97b1cd7eea): Total: 0.043 seconds - Initiated by RefreshV2(NoUpdateAssetOptions)
Square contour topology guide generated: Assets/LayeredTerrain/GrassSoil/Square/Topology/SquareContourTopologyGuide.png
UnityEngine.Debug:ExtractStackTraceNoAlloc (byte*,int,string)
UnityEngine.StackTraceUtility:ExtractStackTrace ()
UnityEngine.DebugLogHandler:Internal_Log (UnityEngine.LogType,UnityEngine.LogOption,string,UnityEngine.Object)
UnityEngine.DebugLogHandler:LogFormat (UnityEngine.LogType,UnityEngine.Object,string,object[])
UnityEngine.Logger:Log (UnityEngine.LogType,object)
UnityEngine.Debug:Log (object)
FruitDefense.Editor.SquareTerrainArtGenerator:GenerateTopologyGuide () (at Assets/Editor/Tools/SquareTerrainArtGenerator.cs:42)
FruitDefense.Editor.SquareTerrainArtGenerator:GenerateAvailableSquareAssets () (at Assets/Editor/Tools/SquareTerrainArtGenerator.cs:133)
FruitDefense.Editor.SquareTerrainArtSmoke:Run () (at Assets/Editor/Tests/SquareTerrainArtSmoke.cs:18)
FruitDefense.Editor.ProjectSetup:SmokeValidate () (at Assets/Editor/Tools/ProjectSetup.cs:236)
FruitDefense.Editor.P0ValidationSuite:Run () (at Assets/Editor/Tests/P0ValidationSuite.cs:18)

(Filename: Assets/Editor/Tools/SquareTerrainArtGenerator.cs Line: 42)

Asset Pipeline Refresh (id=4ceba45375ee529468bdaf644c8ab9ae): Total: 0.026 seconds - Initiated by RefreshV2(NoUpdateAssetOptions)
Asset Pipeline Refresh (id=49d38774be70ded49b561cd5e609d836): Total: 0.031 seconds - Initiated by RefreshV2(NoUpdateAssetOptions)
Asset Pipeline Refresh (id=16e174381bb73f84ba24a7e231f18d5e): Total: 0.032 seconds - Initiated by RefreshV2(NoUpdateAssetOptions)
Start importing Assets/LayeredTerrain/GrassSoil/Square/LandformStoneRoad/Mask-07.asset using Guid(b02fd980a2abc6b41974d859a777fb1d) (NativeFormatImporter) -> (artifact id: '09027e8d963d8fd928277d96f7735e27') in 0.0057757 seconds
Start importing Assets/LayeredTerrain/GrassSoil/Square/LandformGrass/Mask-05.asset using Guid(d04330ef8020b8a41b9e4589cb202101) (NativeFormatImporter) -> (artifact id: '4e5972f1b6c2ded32e8e48532b67135b') in 0.001889 seconds
Start importing Assets/LayeredTerrain/GrassSoil/Square/LandformGrass/Mask-12.asset using Guid(d00b41817e9bc0741ad148ea3e94519a) (NativeFormatImporter) -> (artifact id: '9d0a3a48e4156b96b3c76ca702bf7bff') in 0.0014801 seconds
Start importing Assets/LayeredTerrain/GrassSoil/Square/LandformStoneRoad/Mask-13.asset using Guid(116a8c3b6ac195a4ebb8e3c7a9989ddc) (NativeFormatImporter) -> (artifact id: '871e193410b26687800828802aef7920') in 0.0018413 seconds
Start importing Assets/LayeredTerrain/GrassSoil/Square/LandformGrass/Mask-02.asset using Guid(315648227c153724090125e98f4cba15) (NativeFormatImporter) -> (artifact id: 'd08b86b0e86b5ac26e9107766d5008d1') in 0.0016868 seconds
Start importing Assets/LayeredTerrain/GrassSoil/Square/LandformStoneRoad/Mask-11.asset using Guid(519050a0a5a9f5847b095ee0b83437a0) (NativeFormatImporter) -> (artifact id: 'ae100c2ae270a66d81134616e885003c') in 0.0015555 seconds
Start importing Assets/LayeredTerrain/GrassSoil/Square/LandformGrass/Mask-14.asset using Guid(81815b76ad7c06c47bf1bc7b65624ffd) (NativeFormatImporter) -> (artifact id: 'e00c4c5ecbd51682bc3c65bf8d862a23') in 0.0015023 seconds
Start importing Assets/LayeredTerrain/GrassSoil/Square/LandformSoil/Mask-03.asset using Guid(b1c5384b4651e4a4a82d483cc64aae79) (NativeFormatImporter) -> (artifact id: '45c12fb41048b850cd7cb0f3e535436a') in 0.0014143 seconds
Start importing Assets/LayeredTerrain/GrassSoil/Square/LandformGrass/Mask-15.asset using Guid(027119ab30d86a546a5d935d6e9ec608) (NativeFormatImporter) -> (artifact id: '7e821f282e19a2a4d5825e548df9693a') in 0.0013307 seconds
Start importing Assets/LayeredTerrain/GrassSoil/Square/LandformGrass/Mask-00.asset using Guid(13f70a46e499e0146bffd256e7c14483) (NativeFormatImporter) -> (artifact id: '2a9713a59b72231d0d554c49e274b85a') in 0.001372 seconds
Start importing Assets/LayeredTerrain/GrassSoil/Square/LandformSoil/Mask-00.asset using Guid(8303f71f8469fd7459473d47391ab0b3) (NativeFormatImporter) -> (artifact id: '1442dfc314550b70b27dde3dada60cc7') in 0.0014518 seconds
Start importing Assets/LayeredTerrain/GrassSoil/Square/LandformSoil/Mask-01.asset using Guid(d33072ada9e1bb749adcc5938680d51a) (NativeFormatImporter) -> (artifact id: '7a8f58bad24b64f744799cb0b0b9228f') in 0.0012645 seconds
Start importing Assets/LayeredTerrain/GrassSoil/Square/LandformStoneRoad/Mask-09.asset using Guid(d30b19c2c64338a4fa9211b305cf65b1) (NativeFormatImporter) -> (artifact id: '59211e6be04f7e5724ec1a1b38221d71') in 0.001911 seconds
Start importing Assets/LayeredTerrain/GrassSoil/Square/LandformSoil/Mask-13.asset using Guid(548b829df136ae948902efdc96ee70bb) (NativeFormatImporter) -> (artifact id: 'd770f2a72e8453a69c8ff146ee623ca5') in 0.0016632 seconds
Start importing Assets/LayeredTerrain/GrassSoil/Square/LandformStoneRoad/Mask-00.asset using Guid(74d1d4b679c3aec43af1bd30b6c4aea1) (NativeFormatImporter) -> (artifact id: '4c60ffb732228db343f89511449fce3b') in 0.0013436 seconds
Start importing Assets/LayeredTerrain/GrassSoil/Square/LandformGrass/Mask-01.asset using Guid(35cbc7e6bd8f2f84d9c7965779c9b2eb) (NativeFormatImporter) -> (artifact id: '7cd6fe12f157cd0a0b2a210183323c21') in 0.0013544 seconds
Start importing Assets/LayeredTerrain/GrassSoil/Square/LandformGrass/Mask-10.asset using Guid(5728d44dd2630ff40849746ce5d849d7) (NativeFormatImporter) -> (artifact id: '57d0e56c944d10ea9c02adfa74800a28') in 0.0015901 seconds
Start importing Assets/LayeredTerrain/GrassSoil/Square/LandformSoil/Mask-09.asset using Guid(67347eef4df492941b15d16b687e2cb7) (NativeFormatImporter) -> (artifact id: '0b3fee03fb07b35a5fbe9374ec056b4b') in 0.0013159 seconds
Start importing Assets/LayeredTerrain/GrassSoil/Square/LandformGrass/Mask-04.asset using Guid(87737865bdb87ec43864ad3d997d7626) (NativeFormatImporter) -> (artifact id: '83b9f8cc1d095defdc009bd1839b690f') in 0.0012205 seconds
Start importing Assets/LayeredTerrain/GrassSoil/Square/LandformSoil/Mask-02.asset using Guid(87e33da937f65d34fb027eebfd8c1343) (NativeFormatImporter) -> (artifact id: '031756e6cc2b3a5ef2ddcaf8740ee21f') in 0.00156 seconds
Start importing Assets/LayeredTerrain/GrassSoil/Square/LandformGrass/Mask-08.asset using Guid(b781c12832a4cd84392ab7d35a405505) (NativeFormatImporter) -> (artifact id: 'c734ab3f59a9e28ca19de35691f15a63') in 0.0014371 seconds
Start importing Assets/LayeredTerrain/GrassSoil/Square/LandformStoneRoad/Mask-04.asset using Guid(f70ec30b59552144a97e4da8fea5520c) (NativeFormatImporter) -> (artifact id: '67ab708a109917ddbe110252083911c2') in 0.0013132 seconds
Start importing Assets/LayeredTerrain/GrassSoil/Square/LandformStoneRoad/Mask-05.asset using Guid(08c7afe6a1108a84b9f8ac99c7fa610e) (NativeFormatImporter) -> (artifact id: 'a8026e8f0c10f4b634f0c477d7f79ba5') in 0.0013045 seconds
Start importing Assets/LayeredTerrain/GrassSoil/Square/LandformStoneRoad/Mask-14.asset using Guid(39202684bd500f14184c5131ac46a6dd) (NativeFormatImporter) -> (artifact id: 'b43c0e8abc2951d26427ba0ee51e7ebb') in 0.0013251 seconds
Start importing Assets/LayeredTerrain/GrassSoil/Square/LandformSoil/SoilSquareLandformTileSet.asset using Guid(897d878e9497c6e4d935ea42058d6001) (NativeFormatImporter) -> (artifact id: '17e85a477bcdc5aaf3c7a2ca1f1f5d8e') in 0.0013629 seconds
Start importing Assets/LayeredTerrain/GrassSoil/Square/LandformStoneRoad/StoneRoadSquareLandformTileSet.asset using Guid(0a6730ef0e26d5b49b9ae3129ee21909) (NativeFormatImporter) -> (artifact id: '48456893df0f467254b3256235820444') in 0.0013191 seconds
Start importing Assets/LayeredTerrain/GrassSoil/Square/LandformStoneRoad/Mask-10.asset using Guid(caa578d738fb0414e820ab1e3541b03f) (NativeFormatImporter) -> (artifact id: 'be4dcdbbc4fe728152242b70b5e9bb78') in 0.0013017 seconds
Start importing Assets/LayeredTerrain/GrassSoil/Square/LandformSoil/Mask-07.asset using Guid(2ce20b5da48d1ae43956c41d22ecd92e) (NativeFormatImporter) -> (artifact id: '7c41af1778c9689fc8cf1f4e4fcccd2c') in 0.0012823 seconds
Start importing Assets/LayeredTerrain/GrassSoil/Square/LandformSoil/Mask-11.asset using Guid(2c6bd62321830da498ea7724ae626857) (NativeFormatImporter) -> (artifact id: 'b1033fab3dddb68d369a244413a84ab3') in 0.0012196 seconds
Start importing Assets/LayeredTerrain/GrassSoil/Square/LandformStoneRoad/Mask-15.asset using Guid(5cbc1f25709453b4a90de7054d0ce9b7) (NativeFormatImporter) -> (artifact id: 'ca75aea14a03badd729ba37b57fc7710') in 0.0012416 seconds
Start importing Assets/LayeredTerrain/GrassSoil/Square/LandformGrass/Mask-09.asset using Guid(8c5fb632240287d48a17621f58d3a651) (NativeFormatImporter) -> (artifact id: '77c6cf5113d6c96189dbf6818d84fd5f') in 0.0015277 seconds
Start importing Assets/LayeredTerrain/GrassSoil/Square/LandformSoil/Mask-12.asset using Guid(bc85f424c35a6c845b2186949136a828) (NativeFormatImporter) -> (artifact id: '08c355397adee775c3834a7a7a0bf465') in 0.0014973 seconds
Start importing Assets/LayeredTerrain/GrassSoil/Square/LandformSoil/Mask-10.asset using Guid(0dfe2c0efe3330c4d9570f0061d459b9) (NativeFormatImporter) -> (artifact id: '88decb540b9e036a0400c2d34dbc707c') in 0.0013668 seconds
Start importing Assets/LayeredTerrain/GrassSoil/Square/LandformGrass/Mask-03.asset using Guid(1db706b3e9547554e9081663c6442ba0) (NativeFormatImporter) -> (artifact id: 'fdfbe87044d88284093ccc42787947e0') in 0.0017337 seconds
Start importing Assets/LayeredTerrain/GrassSoil/Square/LandformStoneRoad/Mask-02.asset using Guid(1d9b71389b4697e4586703b25f185da7) (NativeFormatImporter) -> (artifact id: 'dbb50fa57ab28462356bbd1a8ebab835') in 0.0018694 seconds
Start importing Assets/LayeredTerrain/GrassSoil/Square/LandformSoil/Mask-05.asset using Guid(2de42da45e48f974e9a74a6970e6e643) (NativeFormatImporter) -> (artifact id: '6e739e360d22b33fd378e6acefe9d800') in 0.0013874 seconds
Start importing Assets/LayeredTerrain/GrassSoil/Square/LandformGrass/Mask-11.asset using Guid(5d253dc28016ae64db4653758ac0af88) (NativeFormatImporter) -> (artifact id: '4dbb166b77c04b10385ee89749d834d3') in 0.0017023 seconds
Start importing Assets/LayeredTerrain/GrassSoil/Square/LandformSoil/Mask-04.asset using Guid(5d4806f722710eb40b1cf937cc6498b6) (NativeFormatImporter) -> (artifact id: 'a825e4a02be2364dca6cd5d251c2a1af') in 0.0016413 seconds
Start importing Assets/LayeredTerrain/GrassSoil/Square/LandformStoneRoad/Mask-01.asset using Guid(add98a42caf91414387900c1b29b92c6) (NativeFormatImporter) -> (artifact id: 'a1a43dffdd1f7cdd6311169ade464c57') in 0.0015282 seconds
Start importing Assets/LayeredTerrain/GrassSoil/Square/LandformGrass/Mask-06.asset using Guid(cd0f4d7279da9f84caa8c319e7ab29f9) (NativeFormatImporter) -> (artifact id: '52937737c65259daea7bed84aa0a8a04') in 0.0016757 seconds
Start importing Assets/LayeredTerrain/GrassSoil/Square/LandformGrass/Mask-07.asset using Guid(4e65cf042fab2c1448282809779edb8a) (NativeFormatImporter) -> (artifact id: '8cc68977b954eb6d618706e748b65e8b') in 0.0013999 seconds
Start importing Assets/LayeredTerrain/GrassSoil/Square/LandformGrass/Mask-13.asset using Guid(7e2014d33d57f294f97dea5ed30b730c) (NativeFormatImporter) -> (artifact id: '93ec9328dc52bc61493ece4ef09f812b') in 0.0012931 seconds
Start importing Assets/LayeredTerrain/GrassSoil/Square/LandformSoil/Mask-14.asset using Guid(ae949dd8d7965fa41b1d3481d8bf8e30) (NativeFormatImporter) -> (artifact id: '13d3e8fadf25938fb6084c9eacdc285d') in 0.0013133 seconds
Start importing Assets/LayeredTerrain/GrassSoil/Square/LandformStoneRoad/Mask-08.asset using Guid(aecab5b9f537b5349adcff0900809717) (NativeFormatImporter) -> (artifact id: '6723e7d6eab214144e2a993643460ee5') in 0.0013764 seconds
Start importing Assets/LayeredTerrain/GrassSoil/Square/LandformSoil/Mask-15.asset using Guid(ce833c44287e15a44945e738038eb1c3) (NativeFormatImporter) -> (artifact id: '7c1ac2f82e318d432012af6c6509f07a') in 0.0012772 seconds
Start importing Assets/LayeredTerrain/GrassSoil/Square/LandformSoil/Mask-08.asset using Guid(ee6f4f16a4085914dbcb15919c60654c) (NativeFormatImporter) -> (artifact id: '2a403aad88716c1a9d6ee321599dc86f') in 0.0012748 seconds
Start importing Assets/LayeredTerrain/GrassSoil/Square/LandformStoneRoad/Mask-12.asset using Guid(2f49f6b2d05a8804097e79c69e515dc3) (NativeFormatImporter) -> (artifact id: '3512849ba8746b3929337e37047f52c2') in 0.0015815 seconds
Start importing Assets/LayeredTerrain/GrassSoil/Square/LandformSoil/Mask-06.asset using Guid(3ff6ff5cd14cc7441a6a84cdde5ff745) (NativeFormatImporter) -> (artifact id: 'c47a955bf9dc32d5bb761f8069ffd421') in 0.0012702 seconds
Start importing Assets/LayeredTerrain/GrassSoil/Square/LandformStoneRoad/Mask-06.asset using Guid(df46002ea561b404889b370e84a77f83) (NativeFormatImporter) -> (artifact id: 'c73fed30de3e790341265e9a3306482c') in 0.0013263 seconds
Start importing Assets/LayeredTerrain/GrassSoil/Square/LandformStoneRoad/Mask-03.asset using Guid(df1e863caf3bc5441a0d4c507b76c311) (NativeFormatImporter) -> (artifact id: 'a9a2fb8e8c6cb1c0cdbe880f9de699ac') in 0.0014587 seconds
Start importing Assets/LayeredTerrain/GrassSoil/Square/LandformGrass/GrassSquareLandformTileSet.asset using Guid(ef399dc10411dd84ab6a276f72e506ea) (NativeFormatImporter) -> (artifact id: '3f3f806b6373e60abb62a5adaf65a9f7') in 0.0014612 seconds
Refreshing native plugins compatible for Editor in 0.29 ms, found 0 plugins.
Preloading 0 native plugins for Editor in 0.00 ms.
Asset Pipeline Refresh (id=9043fb4be6ae5da489b1b47cc8baab67): Total: 0.147 seconds - Initiated by StopAssetImportingV2(NoUpdateAssetOptions)
Native 256 px square grass, soil and stone-road landforms generated.
UnityEngine.Debug:ExtractStackTraceNoAlloc (byte*,int,string)
UnityEngine.StackTraceUtility:ExtractStackTrace ()
UnityEngine.DebugLogHandler:Internal_Log (UnityEngine.LogType,UnityEngine.LogOption,string,UnityEngine.Object)
UnityEngine.DebugLogHandler:LogFormat (UnityEngine.LogType,UnityEngine.Object,string,object[])
UnityEngine.Logger:Log (UnityEngine.LogType,object)
UnityEngine.Debug:Log (object)
FruitDefense.Editor.SquareTerrainArtGenerator:GenerateDeterministicLandforms () (at Assets/Editor/Tools/SquareTerrainArtGenerator.cs:87)
FruitDefense.Editor.SquareTerrainArtGenerator:GenerateAvailableSquareAssets () (at Assets/Editor/Tools/SquareTerrainArtGenerator.cs:134)
FruitDefense.Editor.SquareTerrainArtSmoke:Run () (at Assets/Editor/Tests/SquareTerrainArtSmoke.cs:18)
FruitDefense.Editor.ProjectSetup:SmokeValidate () (at Assets/Editor/Tools/ProjectSetup.cs:236)
FruitDefense.Editor.P0ValidationSuite:Run () (at Assets/Editor/Tests/P0ValidationSuite.cs:18)

(Filename: Assets/Editor/Tools/SquareTerrainArtGenerator.cs Line: 87)

Asset Pipeline Refresh (id=78cd14361b85040438146a01e496e881): Total: 0.029 seconds - Initiated by RefreshV2(NoUpdateAssetOptions)
Start importing Assets/LayeredTerrain/GrassSoil/Square/EdgeGrassOnSoilPainted/Mask-15.asset using Guid(a17969b175ec3354c8fe533c48257f94) (NativeFormatImporter) -> (artifact id: '99f211a0ff210a0c86467a3e625714fe') in 0.0018926 seconds
Start importing Assets/LayeredTerrain/GrassSoil/Square/EdgeGrassOnSoilPainted/Mask-04.asset using Guid(e2449efc0c1116648a5b9cbfe33d8e81) (NativeFormatImporter) -> (artifact id: '18145ed9e628d5f8340c44824db6c8be') in 0.0014894 seconds
Start importing Assets/LayeredTerrain/GrassSoil/Square/EdgeGrassOnSoilPainted/Mask-14.asset using Guid(4328f421ed4ea34439d6e4e50990e24a) (NativeFormatImporter) -> (artifact id: '6bbe4451c7dca2d4de869403308041cf') in 0.0015408 seconds
Start importing Assets/LayeredTerrain/GrassSoil/Square/EdgeGrassOnSoilPainted/Mask-11.asset using Guid(04aab987cd98a4440b66bb727667d8db) (NativeFormatImporter) -> (artifact id: 'eb6fb6ecd423e575e0946462aa243d66') in 0.001668 seconds
Start importing Assets/LayeredTerrain/GrassSoil/Square/EdgeGrassOnSoilPainted/Mask-13.asset using Guid(75f61e4d96323eb4e906226b1dd8a16a) (NativeFormatImporter) -> (artifact id: '7952dc870547efbd422b012b46d2b17a') in 0.0014383 seconds
Start importing Assets/LayeredTerrain/GrassSoil/Square/EdgeGrassOnSoilPainted/Mask-08.asset using Guid(062a9acbc752b0342becc47471c8dad4) (NativeFormatImporter) -> (artifact id: 'ee86fce3dc4587f247fc6e398cfff9cd') in 0.0016028 seconds
Start importing Assets/LayeredTerrain/GrassSoil/Square/EdgeGrassOnSoilPainted/Mask-12.asset using Guid(17347530ba5655e4cb59ff249a976ea1) (NativeFormatImporter) -> (artifact id: '27e6bc4eabc1e74cb23636389ffd9263') in 0.0014032 seconds
Start importing Assets/LayeredTerrain/GrassSoil/Square/EdgeGrassOnSoilPainted/Mask-00.asset using Guid(676ca911d7a7bbf408a30856d7cc6990) (NativeFormatImporter) -> (artifact id: '557d3d98682769dd5e96ded56f4299cf') in 0.0013187 seconds
Start importing Assets/LayeredTerrain/GrassSoil/Square/EdgeGrassOnSoilPainted/Mask-10.asset using Guid(e75c1031ec799e0448fd29d3082006b4) (NativeFormatImporter) -> (artifact id: 'c8e41218e8984dd46c91b31d7703de4f') in 0.0015602 seconds
Start importing Assets/LayeredTerrain/GrassSoil/Square/EdgeGrassOnSoilPainted/Mask-09.asset using Guid(a8a7730f3a6dd484198f1b19fed8a24f) (NativeFormatImporter) -> (artifact id: '5597baddb442bf8a928e37d39723d50b') in 0.0033707 seconds
Start importing Assets/LayeredTerrain/GrassSoil/Square/EdgeGrassOnSoilPainted/Mask-07.asset using Guid(f8b2f90201834fa478634d3f30f6af16) (NativeFormatImporter) -> (artifact id: 'a306cb5e617a8648a67a81dc94516e9e') in 0.0015961 seconds
Start importing Assets/LayeredTerrain/GrassSoil/Square/EdgeGrassOnSoilPainted/Mask-06.asset using Guid(19882d23e028ac94e8abd02f91624ba8) (NativeFormatImporter) -> (artifact id: '54900e8224e5828f7c6a4f69fec6db72') in 0.0016492 seconds
Start importing Assets/LayeredTerrain/GrassSoil/Square/EdgeGrassOnSoilPainted/Mask-01.asset using Guid(b94d4b2cd03a1b04b83a81974d966227) (NativeFormatImporter) -> (artifact id: '7caf427609fab688c51f9caa2ce6a79f') in 0.0013417 seconds
Start importing Assets/LayeredTerrain/GrassSoil/Square/EdgeGrassOnSoilPainted/Mask-03.asset using Guid(1a4a3cc4af69bbc4aaabde52016c4f95) (NativeFormatImporter) -> (artifact id: 'af45f85c0f45a239757e36be7c184f6c') in 0.0013083 seconds
Start importing Assets/LayeredTerrain/GrassSoil/Square/EdgeGrassOnSoilPainted/Mask-05.asset using Guid(bacdc75efb95eda42aa6803845d196c4) (NativeFormatImporter) -> (artifact id: '6d469253745d86e884993bfadfef01d0') in 0.0015479 seconds
Start importing Assets/LayeredTerrain/GrassSoil/Square/EdgeGrassOnSoilPainted/GrassOnSoilSquarePaintedTileSet.asset using Guid(1b984e39e61f8734d8c54b032e84c3a3) (NativeFormatImporter) -> (artifact id: '612bda68ec02f7c1be620eb4ba627873') in 0.0014108 seconds
Start importing Assets/LayeredTerrain/GrassSoil/Square/EdgeGrassOnSoilPainted/Mask-02.asset using Guid(8d6a7e51f29762f4796204a57546e522) (NativeFormatImporter) -> (artifact id: '504e9a251c8e415c78cba5f93910b005') in 0.0015065 seconds
Refreshing native plugins compatible for Editor in 0.20 ms, found 0 plugins.
Preloading 0 native plugins for Editor in 0.00 ms.
Asset Pipeline Refresh (id=b57dca46cf5a4f5479a014c71b2fb271): Total: 0.046 seconds - Initiated by StopAssetImportingV2(NoUpdateAssetOptions)
Accepted ribbon lip profile packaged as a top-down grass feather with base-grass RGB, guide-owned topology and no soil wall or outline.
UnityEngine.Debug:ExtractStackTraceNoAlloc (byte*,int,string)
UnityEngine.StackTraceUtility:ExtractStackTrace ()
UnityEngine.DebugLogHandler:Internal_Log (UnityEngine.LogType,UnityEngine.LogOption,string,UnityEngine.Object)
UnityEngine.DebugLogHandler:LogFormat (UnityEngine.LogType,UnityEngine.Object,string,object[])
UnityEngine.Logger:Log (UnityEngine.LogType,object)
UnityEngine.Debug:Log (object)
FruitDefense.Editor.SquareTerrainArtGenerator:PackageAcceptedGrassOnSoilCandidate () (at Assets/Editor/Tools/SquareTerrainArtGenerator.cs:126)
FruitDefense.Editor.SquareTerrainArtGenerator:GenerateAvailableSquareAssets () (at Assets/Editor/Tools/SquareTerrainArtGenerator.cs:138)
FruitDefense.Editor.SquareTerrainArtSmoke:Run () (at Assets/Editor/Tests/SquareTerrainArtSmoke.cs:18)
FruitDefense.Editor.ProjectSetup:SmokeValidate () (at Assets/Editor/Tools/ProjectSetup.cs:236)
FruitDefense.Editor.P0ValidationSuite:Run () (at Assets/Editor/Tests/P0ValidationSuite.cs:18)

(Filename: Assets/Editor/Tools/SquareTerrainArtGenerator.cs Line: 126)

Square, organic, coexistence and real Battle-scale boards rendered to Builds/Evidence/terrain-contours.
UnityEngine.Debug:ExtractStackTraceNoAlloc (byte*,int,string)
UnityEngine.StackTraceUtility:ExtractStackTrace ()
UnityEngine.DebugLogHandler:Internal_Log (UnityEngine.LogType,UnityEngine.LogOption,string,UnityEngine.Object)
UnityEngine.DebugLogHandler:LogFormat (UnityEngine.LogType,UnityEngine.Object,string,object[])
UnityEngine.Logger:Log (UnityEngine.LogType,object)
UnityEngine.Debug:Log (object)
FruitDefense.Editor.SquareTerrainEvidence:RenderReviewEvidence () (at Assets/Editor/Tests/SquareTerrainEvidence.cs:52)
FruitDefense.Editor.SquareTerrainArtSmoke:Run () (at Assets/Editor/Tests/SquareTerrainArtSmoke.cs:20)
FruitDefense.Editor.ProjectSetup:SmokeValidate () (at Assets/Editor/Tools/ProjectSetup.cs:236)
FruitDefense.Editor.P0ValidationSuite:Run () (at Assets/Editor/Tests/P0ValidationSuite.cs:18)

(Filename: Assets/Editor/Tests/SquareTerrainEvidence.cs Line: 52)

Square terrain art smoke passed: Builds/Evidence/terrain-contours/square-contour-smoke.log
UnityEngine.Debug:ExtractStackTraceNoAlloc (byte*,int,string)
UnityEngine.StackTraceUtility:ExtractStackTrace ()
UnityEngine.DebugLogHandler:Internal_Log (UnityEngine.LogType,UnityEngine.LogOption,string,UnityEngine.Object)
UnityEngine.DebugLogHandler:LogFormat (UnityEngine.LogType,UnityEngine.Object,string,object[])
UnityEngine.Logger:Log (UnityEngine.LogType,object)
UnityEngine.Debug:Log (object)
FruitDefense.Editor.SquareTerrainArtSmoke:Run () (at Assets/Editor/Tests/SquareTerrainArtSmoke.cs:86)
FruitDefense.Editor.ProjectSetup:SmokeValidate () (at Assets/Editor/Tools/ProjectSetup.cs:236)
FruitDefense.Editor.P0ValidationSuite:Run () (at Assets/Editor/Tests/P0ValidationSuite.cs:18)

(Filename: Assets/Editor/Tests/SquareTerrainArtSmoke.cs Line: 86)

FRUIT_DEFENSE_LAYERED_MAP_OK fixtures=3
UnityEngine.Debug:ExtractStackTraceNoAlloc (byte*,int,string)
UnityEngine.StackTraceUtility:ExtractStackTrace ()
UnityEngine.DebugLogHandler:Internal_Log (UnityEngine.LogType,UnityEngine.LogOption,string,UnityEngine.Object)
UnityEngine.DebugLogHandler:LogFormat (UnityEngine.LogType,UnityEngine.Object,string,object[])
UnityEngine.Logger:Log (UnityEngine.LogType,object)
UnityEngine.Debug:Log (object)
FruitDefense.Editor.BattlefieldLayeredMapSmoke:Validate () (at Assets/Editor/Tests/BattlefieldLayeredMapSmoke.cs:56)
FruitDefense.Editor.ProjectSetup:SmokeValidate () (at Assets/Editor/Tools/ProjectSetup.cs:242)
FruitDefense.Editor.P0ValidationSuite:Run () (at Assets/Editor/Tests/P0ValidationSuite.cs:18)

(Filename: Assets/Editor/Tests/BattlefieldLayeredMapSmoke.cs Line: 56)

Start importing Assets/Editor/Tests/Fixtures/CanonicalBattlefieldMap/RoundTripSmoke.asset using Guid(fd1864aeb5536f24da3ce7a771137ea3) (NativeFormatImporter) -> (artifact id: 'e0e796c1ecd7372cb460079f430a69b1') in 0.0017641 seconds
Refreshing native plugins compatible for Editor in 0.15 ms, found 0 plugins.
Preloading 0 native plugins for Editor in 0.00 ms.
Asset Pipeline Refresh (id=78b8d1f1ae2518446b9aeb211d9d3659): Total: 0.011 seconds - Initiated by StopAssetImportingV2(NoUpdateAssetOptions)
Start importing Assets/Editor/Tests/Fixtures/CanonicalBattlefieldMap/RoundTripSmoke.asset using Guid(fd1864aeb5536f24da3ce7a771137ea3) (NativeFormatImporter) -> (artifact id: 'e0e796c1ecd7372cb460079f430a69b1') in 0.0019583 seconds
Refreshing native plugins compatible for Editor in 0.19 ms, found 0 plugins.
Preloading 0 native plugins for Editor in 0.00 ms.
Asset Pipeline Refresh (id=b9694904fddbec74b8dae0854778efa7): Total: 0.013 seconds - Initiated by StopAssetImportingV2(NoUpdateAssetOptions)
CANONICAL_BATTLEFIELD_MAP_AUTHORING_SMOKE_OK
UnityEngine.Debug:ExtractStackTraceNoAlloc (byte*,int,string)
UnityEngine.StackTraceUtility:ExtractStackTrace ()
UnityEngine.DebugLogHandler:Internal_Log (UnityEngine.LogType,UnityEngine.LogOption,string,UnityEngine.Object)
UnityEngine.DebugLogHandler:LogFormat (UnityEngine.LogType,UnityEngine.Object,string,object[])
UnityEngine.Logger:Log (UnityEngine.LogType,object)
UnityEngine.Debug:Log (object)
FruitDefense.Editor.CanonicalBattlefieldMapAuthoringSmoke:Validate () (at Assets/Editor/Tests/CanonicalBattlefieldMapAuthoringSmoke.cs:26)
FruitDefense.Editor.ProjectSetup:SmokeValidate () (at Assets/Editor/Tools/ProjectSetup.cs:243)
FruitDefense.Editor.P0ValidationSuite:Run () (at Assets/Editor/Tests/P0ValidationSuite.cs:18)

(Filename: Assets/Editor/Tests/CanonicalBattlefieldMapAuthoringSmoke.cs Line: 26)

Start importing Assets/Editor/Tests/Fixtures/CanonicalBattlefieldMap/EditorOperationsSmoke.asset using Guid(b96a6df669e584148be8256f6384ecee) (NativeFormatImporter) -> (artifact id: 'faaf6af78a9fbd5da4ba0265965427d8') in 0.0017415 seconds
Refreshing native plugins compatible for Editor in 0.17 ms, found 0 plugins.
Preloading 0 native plugins for Editor in 0.00 ms.
Asset Pipeline Refresh (id=a7b1dbc999a852145ad2011891458daa): Total: 0.012 seconds - Initiated by StopAssetImportingV2(NoUpdateAssetOptions)
Start importing Assets/Editor/Tests/Fixtures/CanonicalBattlefieldMap/EditorOperationsSmoke.asset using Guid(b96a6df669e584148be8256f6384ecee) (NativeFormatImporter) -> (artifact id: 'faaf6af78a9fbd5da4ba0265965427d8') in 0.0018031 seconds
Refreshing native plugins compatible for Editor in 0.22 ms, found 0 plugins.
Preloading 0 native plugins for Editor in 0.00 ms.
Asset Pipeline Refresh (id=bf822c7f2a6f0b14a84e483773a527d3): Total: 0.012 seconds - Initiated by StopAssetImportingV2(NoUpdateAssetOptions)
Start importing Assets/Editor/Tests/Fixtures/CanonicalBattlefieldMap/EditorOperationsSmoke.asset using Guid(b96a6df669e584148be8256f6384ecee) (NativeFormatImporter) -> (artifact id: 'faaf6af78a9fbd5da4ba0265965427d8') in 0.0022075 seconds
Refreshing native plugins compatible for Editor in 0.17 ms, found 0 plugins.
Preloading 0 native plugins for Editor in 0.00 ms.
Asset Pipeline Refresh (id=1e5052c1535f92146886f586d4fb8d1c): Total: 0.013 seconds - Initiated by StopAssetImportingV2(NoUpdateAssetOptions)
Start importing Assets/Editor/Tests/Fixtures/CanonicalBattlefieldMap/EditorOperationsSmoke.asset using Guid(b96a6df669e584148be8256f6384ecee) (NativeFormatImporter) -> (artifact id: 'faaf6af78a9fbd5da4ba0265965427d8') in 0.0018616 seconds
Refreshing native plugins compatible for Editor in 0.17 ms, found 0 plugins.
Preloading 0 native plugins for Editor in 0.00 ms.
Asset Pipeline Refresh (id=50841c4741959b14a9cac0d9026439f9): Total: 0.011 seconds - Initiated by StopAssetImportingV2(NoUpdateAssetOptions)
Start importing Assets/Editor/Tests/Fixtures/CanonicalBattlefieldMap/EditorOperationsSmoke.asset using Guid(b96a6df669e584148be8256f6384ecee) (NativeFormatImporter) -> (artifact id: 'faaf6af78a9fbd5da4ba0265965427d8') in 0.0019592 seconds
Refreshing native plugins compatible for Editor in 0.16 ms, found 0 plugins.
Preloading 0 native plugins for Editor in 0.00 ms.
Asset Pipeline Refresh (id=40033887d84e5704796d11d091a56ac8): Total: 0.011 seconds - Initiated by StopAssetImportingV2(NoUpdateAssetOptions)
Start importing Assets/Editor/Tests/Fixtures/CanonicalBattlefieldMap/EditorOperationsSmoke.asset using Guid(b96a6df669e584148be8256f6384ecee) (NativeFormatImporter) -> (artifact id: 'b85afa424b8192abcf5b881ef91433ec') in 0.0018315 seconds
Refreshing native plugins compatible for Editor in 0.19 ms, found 0 plugins.
Preloading 0 native plugins for Editor in 0.00 ms.
Asset Pipeline Refresh (id=eca8de255cfd49b48a3b9bfbe24a9328): Total: 0.011 seconds - Initiated by StopAssetImportingV2(NoUpdateAssetOptions)
Asset Pipeline Refresh (id=68ef6fb6dbc7e304482c73bcf323e342): Total: 0.009 seconds - Initiated by RefreshV2(NoUpdateAssetOptions)
Asset Pipeline Refresh (id=fb182a13088587e4f92ab0d564482929): Total: 0.026 seconds - Initiated by RefreshV2(NoUpdateAssetOptions)
Square contour topology guide generated: Assets/LayeredTerrain/GrassSoil/Square/Topology/SquareContourTopologyGuide.png
UnityEngine.Debug:ExtractStackTraceNoAlloc (byte*,int,string)
UnityEngine.StackTraceUtility:ExtractStackTrace ()
UnityEngine.DebugLogHandler:Internal_Log (UnityEngine.LogType,UnityEngine.LogOption,string,UnityEngine.Object)
UnityEngine.DebugLogHandler:LogFormat (UnityEngine.LogType,UnityEngine.Object,string,object[])
UnityEngine.Logger:Log (UnityEngine.LogType,object)
UnityEngine.Debug:Log (object)
FruitDefense.Editor.SquareTerrainArtGenerator:GenerateTopologyGuide () (at Assets/Editor/Tools/SquareTerrainArtGenerator.cs:42)
FruitDefense.Editor.SquareTerrainArtGenerator:GenerateAvailableSquareAssets () (at Assets/Editor/Tools/SquareTerrainArtGenerator.cs:133)
FruitDefense.Editor.LayeredTerrainArtSetup:EnsurePaletteAssets () (at Assets/Editor/Tools/LayeredTerrainArtSetup.cs:62)
FruitDefense.Editor.CanonicalBattlefieldMapEditorSmoke:LoadCurrentReleasePalette () (at Assets/Editor/Tests/CanonicalBattlefieldMapEditorSmoke.cs:77)
FruitDefense.Editor.CanonicalBattlefieldMapEditorSmoke:ValidateContourPopupAvailability () (at Assets/Editor/Tests/CanonicalBattlefieldMapEditorSmoke.cs:31)
FruitDefense.Editor.CanonicalBattlefieldMapEditorSmoke:Validate () (at Assets/Editor/Tests/CanonicalBattlefieldMapEditorSmoke.cs:24)
FruitDefense.Editor.ProjectSetup:SmokeValidate () (at Assets/Editor/Tools/ProjectSetup.cs:244)
FruitDefense.Editor.P0ValidationSuite:Run () (at Assets/Editor/Tests/P0ValidationSuite.cs:18)

(Filename: Assets/Editor/Tools/SquareTerrainArtGenerator.cs Line: 42)

Asset Pipeline Refresh (id=9029740bb4cd2c9479e637cc42fba130): Total: 0.031 seconds - Initiated by RefreshV2(NoUpdateAssetOptions)
Asset Pipeline Refresh (id=cb38d80d9bbef834db94ef8e71a317b6): Total: 0.037 seconds - Initiated by RefreshV2(NoUpdateAssetOptions)
Asset Pipeline Refresh (id=5b20d86b2c985bd4a9d6c2b94e387478): Total: 0.038 seconds - Initiated by RefreshV2(NoUpdateAssetOptions)
Start importing Assets/LayeredTerrain/GrassSoil/Square/LandformStoneRoad/Mask-07.asset using Guid(b02fd980a2abc6b41974d859a777fb1d) (NativeFormatImporter) -> (artifact id: '09027e8d963d8fd928277d96f7735e27') in 0.0019323 seconds
Start importing Assets/LayeredTerrain/GrassSoil/Square/LandformGrass/Mask-05.asset using Guid(d04330ef8020b8a41b9e4589cb202101) (NativeFormatImporter) -> (artifact id: '4e5972f1b6c2ded32e8e48532b67135b') in 0.0014809 seconds
Start importing Assets/LayeredTerrain/GrassSoil/Square/LandformGrass/Mask-12.asset using Guid(d00b41817e9bc0741ad148ea3e94519a) (NativeFormatImporter) -> (artifact id: '9d0a3a48e4156b96b3c76ca702bf7bff') in 0.001523 seconds
Start importing Assets/LayeredTerrain/GrassSoil/Square/LandformStoneRoad/Mask-13.asset using Guid(116a8c3b6ac195a4ebb8e3c7a9989ddc) (NativeFormatImporter) -> (artifact id: '871e193410b26687800828802aef7920') in 0.0013788 seconds
Start importing Assets/LayeredTerrain/GrassSoil/Square/LandformGrass/Mask-02.asset using Guid(315648227c153724090125e98f4cba15) (NativeFormatImporter) -> (artifact id: 'd08b86b0e86b5ac26e9107766d5008d1') in 0.001307 seconds
Start importing Assets/LayeredTerrain/GrassSoil/Square/LandformStoneRoad/Mask-11.asset using Guid(519050a0a5a9f5847b095ee0b83437a0) (NativeFormatImporter) -> (artifact id: 'ae100c2ae270a66d81134616e885003c') in 0.0015314 seconds
Start importing Assets/LayeredTerrain/GrassSoil/Square/LandformGrass/Mask-14.asset using Guid(81815b76ad7c06c47bf1bc7b65624ffd) (NativeFormatImporter) -> (artifact id: 'e00c4c5ecbd51682bc3c65bf8d862a23') in 0.0013612 seconds
Start importing Assets/LayeredTerrain/GrassSoil/Square/LandformSoil/Mask-03.asset using Guid(b1c5384b4651e4a4a82d483cc64aae79) (NativeFormatImporter) -> (artifact id: '45c12fb41048b850cd7cb0f3e535436a') in 0.0012625 seconds
Start importing Assets/LayeredTerrain/GrassSoil/Square/LandformGrass/Mask-15.asset using Guid(027119ab30d86a546a5d935d6e9ec608) (NativeFormatImporter) -> (artifact id: '7e821f282e19a2a4d5825e548df9693a') in 0.0013122 seconds
Start importing Assets/LayeredTerrain/GrassSoil/Square/LandformGrass/Mask-00.asset using Guid(13f70a46e499e0146bffd256e7c14483) (NativeFormatImporter) -> (artifact id: '2a9713a59b72231d0d554c49e274b85a') in 0.0015363 seconds
Start importing Assets/LayeredTerrain/GrassSoil/Square/LandformSoil/Mask-00.asset using Guid(8303f71f8469fd7459473d47391ab0b3) (NativeFormatImporter) -> (artifact id: '1442dfc314550b70b27dde3dada60cc7') in 0.0012459 seconds
Start importing Assets/LayeredTerrain/GrassSoil/Square/LandformSoil/Mask-01.asset using Guid(d33072ada9e1bb749adcc5938680d51a) (NativeFormatImporter) -> (artifact id: '7a8f58bad24b64f744799cb0b0b9228f') in 0.0012295 seconds
Start importing Assets/LayeredTerrain/GrassSoil/Square/LandformStoneRoad/Mask-09.asset using Guid(d30b19c2c64338a4fa9211b305cf65b1) (NativeFormatImporter) -> (artifact id: '59211e6be04f7e5724ec1a1b38221d71') in 0.0013089 seconds
Start importing Assets/LayeredTerrain/GrassSoil/Square/LandformSoil/Mask-13.asset using Guid(548b829df136ae948902efdc96ee70bb) (NativeFormatImporter) -> (artifact id: 'd770f2a72e8453a69c8ff146ee623ca5') in 0.0013143 seconds
Start importing Assets/LayeredTerrain/GrassSoil/Square/LandformStoneRoad/Mask-00.asset using Guid(74d1d4b679c3aec43af1bd30b6c4aea1) (NativeFormatImporter) -> (artifact id: '4c60ffb732228db343f89511449fce3b') in 0.0012805 seconds
Start importing Assets/LayeredTerrain/GrassSoil/Square/LandformGrass/Mask-01.asset using Guid(35cbc7e6bd8f2f84d9c7965779c9b2eb) (NativeFormatImporter) -> (artifact id: '7cd6fe12f157cd0a0b2a210183323c21') in 0.0012296 seconds
Start importing Assets/LayeredTerrain/GrassSoil/Square/LandformGrass/Mask-10.asset using Guid(5728d44dd2630ff40849746ce5d849d7) (NativeFormatImporter) -> (artifact id: '57d0e56c944d10ea9c02adfa74800a28') in 0.0013849 seconds
Start importing Assets/LayeredTerrain/GrassSoil/Square/LandformSoil/Mask-09.asset using Guid(67347eef4df492941b15d16b687e2cb7) (NativeFormatImporter) -> (artifact id: '0b3fee03fb07b35a5fbe9374ec056b4b') in 0.0012575 seconds
Start importing Assets/LayeredTerrain/GrassSoil/Square/LandformGrass/Mask-04.asset using Guid(87737865bdb87ec43864ad3d997d7626) (NativeFormatImporter) -> (artifact id: '83b9f8cc1d095defdc009bd1839b690f') in 0.0012158 seconds
Start importing Assets/LayeredTerrain/GrassSoil/Square/LandformSoil/Mask-02.asset using Guid(87e33da937f65d34fb027eebfd8c1343) (NativeFormatImporter) -> (artifact id: '031756e6cc2b3a5ef2ddcaf8740ee21f') in 0.0013975 seconds
Start importing Assets/LayeredTerrain/GrassSoil/Square/LandformGrass/Mask-08.asset using Guid(b781c12832a4cd84392ab7d35a405505) (NativeFormatImporter) -> (artifact id: 'c734ab3f59a9e28ca19de35691f15a63') in 0.0013177 seconds
Start importing Assets/LayeredTerrain/GrassSoil/Square/LandformStoneRoad/Mask-04.asset using Guid(f70ec30b59552144a97e4da8fea5520c) (NativeFormatImporter) -> (artifact id: '67ab708a109917ddbe110252083911c2') in 0.0012408 seconds
Start importing Assets/LayeredTerrain/GrassSoil/Square/LandformStoneRoad/Mask-05.asset using Guid(08c7afe6a1108a84b9f8ac99c7fa610e) (NativeFormatImporter) -> (artifact id: 'a8026e8f0c10f4b634f0c477d7f79ba5') in 0.0012364 seconds
Start importing Assets/LayeredTerrain/GrassSoil/Square/LandformStoneRoad/Mask-14.asset using Guid(39202684bd500f14184c5131ac46a6dd) (NativeFormatImporter) -> (artifact id: 'b43c0e8abc2951d26427ba0ee51e7ebb') in 0.0013177 seconds
Start importing Assets/LayeredTerrain/GrassSoil/Square/LandformSoil/SoilSquareLandformTileSet.asset using Guid(897d878e9497c6e4d935ea42058d6001) (NativeFormatImporter) -> (artifact id: '17e85a477bcdc5aaf3c7a2ca1f1f5d8e') in 0.0024389 seconds
Start importing Assets/Editor/Tests/Fixtures/CanonicalBattlefieldMap/EditorOperationsSmoke.asset using Guid(b96a6df669e584148be8256f6384ecee) (NativeFormatImporter) -> (artifact id: '1316e254e4e7cbf1b7064f6df82b50c6') in 0.0012688 seconds
Start importing Assets/LayeredTerrain/GrassSoil/Square/LandformStoneRoad/StoneRoadSquareLandformTileSet.asset using Guid(0a6730ef0e26d5b49b9ae3129ee21909) (NativeFormatImporter) -> (artifact id: '48456893df0f467254b3256235820444') in 0.0014481 seconds
Start importing Assets/LayeredTerrain/GrassSoil/Square/LandformStoneRoad/Mask-10.asset using Guid(caa578d738fb0414e820ab1e3541b03f) (NativeFormatImporter) -> (artifact id: 'be4dcdbbc4fe728152242b70b5e9bb78') in 0.0013416 seconds
Start importing Assets/LayeredTerrain/GrassSoil/Square/LandformSoil/Mask-07.asset using Guid(2ce20b5da48d1ae43956c41d22ecd92e) (NativeFormatImporter) -> (artifact id: '7c41af1778c9689fc8cf1f4e4fcccd2c') in 0.0012464 seconds
Start importing Assets/LayeredTerrain/GrassSoil/Square/LandformSoil/Mask-11.asset using Guid(2c6bd62321830da498ea7724ae626857) (NativeFormatImporter) -> (artifact id: 'b1033fab3dddb68d369a244413a84ab3') in 0.0013043 seconds
Start importing Assets/LayeredTerrain/GrassSoil/Square/LandformStoneRoad/Mask-15.asset using Guid(5cbc1f25709453b4a90de7054d0ce9b7) (NativeFormatImporter) -> (artifact id: 'ca75aea14a03badd729ba37b57fc7710') in 0.0013674 seconds
Start importing Assets/LayeredTerrain/GrassSoil/Square/LandformGrass/Mask-09.asset using Guid(8c5fb632240287d48a17621f58d3a651) (NativeFormatImporter) -> (artifact id: '77c6cf5113d6c96189dbf6818d84fd5f') in 0.0012854 seconds
Start importing Assets/LayeredTerrain/GrassSoil/Square/LandformSoil/Mask-12.asset using Guid(bc85f424c35a6c845b2186949136a828) (NativeFormatImporter) -> (artifact id: '08c355397adee775c3834a7a7a0bf465') in 0.0012466 seconds
Start importing Assets/LayeredTerrain/GrassSoil/Square/LandformSoil/Mask-10.asset using Guid(0dfe2c0efe3330c4d9570f0061d459b9) (NativeFormatImporter) -> (artifact id: '88decb540b9e036a0400c2d34dbc707c') in 0.0012743 seconds
Start importing Assets/LayeredTerrain/GrassSoil/Square/LandformGrass/Mask-03.asset using Guid(1db706b3e9547554e9081663c6442ba0) (NativeFormatImporter) -> (artifact id: 'fdfbe87044d88284093ccc42787947e0') in 0.0012998 seconds
Start importing Assets/LayeredTerrain/GrassSoil/Square/LandformStoneRoad/Mask-02.asset using Guid(1d9b71389b4697e4586703b25f185da7) (NativeFormatImporter) -> (artifact id: 'dbb50fa57ab28462356bbd1a8ebab835') in 0.0012533 seconds
Start importing Assets/LayeredTerrain/GrassSoil/Square/LandformSoil/Mask-05.asset using Guid(2de42da45e48f974e9a74a6970e6e643) (NativeFormatImporter) -> (artifact id: '6e739e360d22b33fd378e6acefe9d800') in 0.0012399 seconds
Start importing Assets/LayeredTerrain/GrassSoil/Square/LandformGrass/Mask-11.asset using Guid(5d253dc28016ae64db4653758ac0af88) (NativeFormatImporter) -> (artifact id: '4dbb166b77c04b10385ee89749d834d3') in 0.0013416 seconds
Start importing Assets/LayeredTerrain/GrassSoil/Square/LandformSoil/Mask-04.asset using Guid(5d4806f722710eb40b1cf937cc6498b6) (NativeFormatImporter) -> (artifact id: 'a825e4a02be2364dca6cd5d251c2a1af') in 0.0012727 seconds
Start importing Assets/LayeredTerrain/GrassSoil/Square/LandformStoneRoad/Mask-01.asset using Guid(add98a42caf91414387900c1b29b92c6) (NativeFormatImporter) -> (artifact id: 'a1a43dffdd1f7cdd6311169ade464c57') in 0.0014879 seconds
Start importing Assets/LayeredTerrain/GrassSoil/Square/LandformGrass/Mask-06.asset using Guid(cd0f4d7279da9f84caa8c319e7ab29f9) (NativeFormatImporter) -> (artifact id: '52937737c65259daea7bed84aa0a8a04') in 0.0014459 seconds
Start importing Assets/LayeredTerrain/GrassSoil/Square/LandformGrass/Mask-07.asset using Guid(4e65cf042fab2c1448282809779edb8a) (NativeFormatImporter) -> (artifact id: '8cc68977b954eb6d618706e748b65e8b') in 0.0013178 seconds
Start importing Assets/LayeredTerrain/GrassSoil/Square/LandformGrass/Mask-13.asset using Guid(7e2014d33d57f294f97dea5ed30b730c) (NativeFormatImporter) -> (artifact id: '93ec9328dc52bc61493ece4ef09f812b') in 0.0012478 seconds
Start importing Assets/LayeredTerrain/GrassSoil/Square/LandformSoil/Mask-14.asset using Guid(ae949dd8d7965fa41b1d3481d8bf8e30) (NativeFormatImporter) -> (artifact id: '13d3e8fadf25938fb6084c9eacdc285d') in 0.001275 seconds
Start importing Assets/LayeredTerrain/GrassSoil/Square/LandformStoneRoad/Mask-08.asset using Guid(aecab5b9f537b5349adcff0900809717) (NativeFormatImporter) -> (artifact id: '6723e7d6eab214144e2a993643460ee5') in 0.0016074 seconds
Start importing Assets/LayeredTerrain/GrassSoil/Square/LandformSoil/Mask-15.asset using Guid(ce833c44287e15a44945e738038eb1c3) (NativeFormatImporter) -> (artifact id: '7c1ac2f82e318d432012af6c6509f07a') in 0.0013285 seconds
Start importing Assets/LayeredTerrain/GrassSoil/Square/LandformSoil/Mask-08.asset using Guid(ee6f4f16a4085914dbcb15919c60654c) (NativeFormatImporter) -> (artifact id: '2a403aad88716c1a9d6ee321599dc86f') in 0.0012699 seconds
Start importing Assets/LayeredTerrain/GrassSoil/Square/LandformStoneRoad/Mask-12.asset using Guid(2f49f6b2d05a8804097e79c69e515dc3) (NativeFormatImporter) -> (artifact id: '3512849ba8746b3929337e37047f52c2') in 0.0013533 seconds
Start importing Assets/LayeredTerrain/GrassSoil/Square/LandformSoil/Mask-06.asset using Guid(3ff6ff5cd14cc7441a6a84cdde5ff745) (NativeFormatImporter) -> (artifact id: 'c47a955bf9dc32d5bb761f8069ffd421') in 0.0015712 seconds
Start importing Assets/LayeredTerrain/GrassSoil/Square/LandformStoneRoad/Mask-06.asset using Guid(df46002ea561b404889b370e84a77f83) (NativeFormatImporter) -> (artifact id: 'c73fed30de3e790341265e9a3306482c') in 0.0013245 seconds
Start importing Assets/LayeredTerrain/GrassSoil/Square/LandformStoneRoad/Mask-03.asset using Guid(df1e863caf3bc5441a0d4c507b76c311) (NativeFormatImporter) -> (artifact id: 'a9a2fb8e8c6cb1c0cdbe880f9de699ac') in 0.0012551 seconds
Start importing Assets/LayeredTerrain/GrassSoil/Square/LandformGrass/GrassSquareLandformTileSet.asset using Guid(ef399dc10411dd84ab6a276f72e506ea) (NativeFormatImporter) -> (artifact id: '3f3f806b6373e60abb62a5adaf65a9f7') in 0.0015828 seconds
Refreshing native plugins compatible for Editor in 0.17 ms, found 0 plugins.
Preloading 0 native plugins for Editor in 0.00 ms.
Asset Pipeline Refresh (id=9642ac2bc4df8374da8f04a404c2af7e): Total: 0.096 seconds - Initiated by StopAssetImportingV2(NoUpdateAssetOptions)
Native 256 px square grass, soil and stone-road landforms generated.
UnityEngine.Debug:ExtractStackTraceNoAlloc (byte*,int,string)
UnityEngine.StackTraceUtility:ExtractStackTrace ()
UnityEngine.DebugLogHandler:Internal_Log (UnityEngine.LogType,UnityEngine.LogOption,string,UnityEngine.Object)
UnityEngine.DebugLogHandler:LogFormat (UnityEngine.LogType,UnityEngine.Object,string,object[])
UnityEngine.Logger:Log (UnityEngine.LogType,object)
UnityEngine.Debug:Log (object)
FruitDefense.Editor.SquareTerrainArtGenerator:GenerateDeterministicLandforms () (at Assets/Editor/Tools/SquareTerrainArtGenerator.cs:87)
FruitDefense.Editor.SquareTerrainArtGenerator:GenerateAvailableSquareAssets () (at Assets/Editor/Tools/SquareTerrainArtGenerator.cs:134)
FruitDefense.Editor.LayeredTerrainArtSetup:EnsurePaletteAssets () (at Assets/Editor/Tools/LayeredTerrainArtSetup.cs:62)
FruitDefense.Editor.CanonicalBattlefieldMapEditorSmoke:LoadCurrentReleasePalette () (at Assets/Editor/Tests/CanonicalBattlefieldMapEditorSmoke.cs:77)
FruitDefense.Editor.CanonicalBattlefieldMapEditorSmoke:ValidateContourPopupAvailability () (at Assets/Editor/Tests/CanonicalBattlefieldMapEditorSmoke.cs:31)
FruitDefense.Editor.CanonicalBattlefieldMapEditorSmoke:Validate () (at Assets/Editor/Tests/CanonicalBattlefieldMapEditorSmoke.cs:24)
FruitDefense.Editor.ProjectSetup:SmokeValidate () (at Assets/Editor/Tools/ProjectSetup.cs:244)
FruitDefense.Editor.P0ValidationSuite:Run () (at Assets/Editor/Tests/P0ValidationSuite.cs:18)

(Filename: Assets/Editor/Tools/SquareTerrainArtGenerator.cs Line: 87)

Asset Pipeline Refresh (id=36b56638f66ef7c49913509add0b0cac): Total: 0.031 seconds - Initiated by RefreshV2(NoUpdateAssetOptions)
Start importing Assets/LayeredTerrain/GrassSoil/Square/EdgeGrassOnSoilPainted/Mask-15.asset using Guid(a17969b175ec3354c8fe533c48257f94) (NativeFormatImporter) -> (artifact id: '99f211a0ff210a0c86467a3e625714fe') in 0.0019485 seconds
Start importing Assets/LayeredTerrain/GrassSoil/Square/EdgeGrassOnSoilPainted/Mask-04.asset using Guid(e2449efc0c1116648a5b9cbfe33d8e81) (NativeFormatImporter) -> (artifact id: '18145ed9e628d5f8340c44824db6c8be') in 0.0014703 seconds
Start importing Assets/LayeredTerrain/GrassSoil/Square/EdgeGrassOnSoilPainted/Mask-14.asset using Guid(4328f421ed4ea34439d6e4e50990e24a) (NativeFormatImporter) -> (artifact id: '6bbe4451c7dca2d4de869403308041cf') in 0.0013441 seconds
Start importing Assets/LayeredTerrain/GrassSoil/Square/EdgeGrassOnSoilPainted/Mask-11.asset using Guid(04aab987cd98a4440b66bb727667d8db) (NativeFormatImporter) -> (artifact id: 'eb6fb6ecd423e575e0946462aa243d66') in 0.0017711 seconds
Start importing Assets/LayeredTerrain/GrassSoil/Square/EdgeGrassOnSoilPainted/Mask-13.asset using Guid(75f61e4d96323eb4e906226b1dd8a16a) (NativeFormatImporter) -> (artifact id: '7952dc870547efbd422b012b46d2b17a') in 0.0014392 seconds
Start importing Assets/LayeredTerrain/GrassSoil/Square/EdgeGrassOnSoilPainted/Mask-08.asset using Guid(062a9acbc752b0342becc47471c8dad4) (NativeFormatImporter) -> (artifact id: 'ee86fce3dc4587f247fc6e398cfff9cd') in 0.0013767 seconds
Start importing Assets/LayeredTerrain/GrassSoil/Square/EdgeGrassOnSoilPainted/Mask-12.asset using Guid(17347530ba5655e4cb59ff249a976ea1) (NativeFormatImporter) -> (artifact id: '27e6bc4eabc1e74cb23636389ffd9263') in 0.0014691 seconds
Start importing Assets/LayeredTerrain/GrassSoil/Square/EdgeGrassOnSoilPainted/Mask-00.asset using Guid(676ca911d7a7bbf408a30856d7cc6990) (NativeFormatImporter) -> (artifact id: '557d3d98682769dd5e96ded56f4299cf') in 0.0016852 seconds
Start importing Assets/LayeredTerrain/GrassSoil/Square/EdgeGrassOnSoilPainted/Mask-10.asset using Guid(e75c1031ec799e0448fd29d3082006b4) (NativeFormatImporter) -> (artifact id: 'c8e41218e8984dd46c91b31d7703de4f') in 0.0013437 seconds
Start importing Assets/LayeredTerrain/GrassSoil/Square/EdgeGrassOnSoilPainted/Mask-09.asset using Guid(a8a7730f3a6dd484198f1b19fed8a24f) (NativeFormatImporter) -> (artifact id: '5597baddb442bf8a928e37d39723d50b') in 0.0014743 seconds
Start importing Assets/LayeredTerrain/GrassSoil/Square/EdgeGrassOnSoilPainted/Mask-07.asset using Guid(f8b2f90201834fa478634d3f30f6af16) (NativeFormatImporter) -> (artifact id: 'a306cb5e617a8648a67a81dc94516e9e') in 0.0014094 seconds
Start importing Assets/LayeredTerrain/GrassSoil/Square/EdgeGrassOnSoilPainted/Mask-06.asset using Guid(19882d23e028ac94e8abd02f91624ba8) (NativeFormatImporter) -> (artifact id: '54900e8224e5828f7c6a4f69fec6db72') in 0.0013401 seconds
Start importing Assets/LayeredTerrain/GrassSoil/Square/EdgeGrassOnSoilPainted/Mask-01.asset using Guid(b94d4b2cd03a1b04b83a81974d966227) (NativeFormatImporter) -> (artifact id: '7caf427609fab688c51f9caa2ce6a79f') in 0.0016397 seconds
Start importing Assets/LayeredTerrain/GrassSoil/Square/EdgeGrassOnSoilPainted/Mask-03.asset using Guid(1a4a3cc4af69bbc4aaabde52016c4f95) (NativeFormatImporter) -> (artifact id: 'af45f85c0f45a239757e36be7c184f6c') in 0.0014292 seconds
Start importing Assets/LayeredTerrain/GrassSoil/Square/EdgeGrassOnSoilPainted/Mask-05.asset using Guid(bacdc75efb95eda42aa6803845d196c4) (NativeFormatImporter) -> (artifact id: '6d469253745d86e884993bfadfef01d0') in 0.0013162 seconds
Start importing Assets/LayeredTerrain/GrassSoil/Square/EdgeGrassOnSoilPainted/GrassOnSoilSquarePaintedTileSet.asset using Guid(1b984e39e61f8734d8c54b032e84c3a3) (NativeFormatImporter) -> (artifact id: '612bda68ec02f7c1be620eb4ba627873') in 0.0013439 seconds
Start importing Assets/LayeredTerrain/GrassSoil/Square/EdgeGrassOnSoilPainted/Mask-02.asset using Guid(8d6a7e51f29762f4796204a57546e522) (NativeFormatImporter) -> (artifact id: '504e9a251c8e415c78cba5f93910b005') in 0.0015807 seconds
Refreshing native plugins compatible for Editor in 0.20 ms, found 0 plugins.
Preloading 0 native plugins for Editor in 0.00 ms.
Asset Pipeline Refresh (id=9ecc53ea518d3864a8513c0028c2f41a): Total: 0.040 seconds - Initiated by StopAssetImportingV2(NoUpdateAssetOptions)
Accepted ribbon lip profile packaged as a top-down grass feather with base-grass RGB, guide-owned topology and no soil wall or outline.
UnityEngine.Debug:ExtractStackTraceNoAlloc (byte*,int,string)
UnityEngine.StackTraceUtility:ExtractStackTrace ()
UnityEngine.DebugLogHandler:Internal_Log (UnityEngine.LogType,UnityEngine.LogOption,string,UnityEngine.Object)
UnityEngine.DebugLogHandler:LogFormat (UnityEngine.LogType,UnityEngine.Object,string,object[])
UnityEngine.Logger:Log (UnityEngine.LogType,object)
UnityEngine.Debug:Log (object)
FruitDefense.Editor.SquareTerrainArtGenerator:PackageAcceptedGrassOnSoilCandidate () (at Assets/Editor/Tools/SquareTerrainArtGenerator.cs:126)
FruitDefense.Editor.SquareTerrainArtGenerator:GenerateAvailableSquareAssets () (at Assets/Editor/Tools/SquareTerrainArtGenerator.cs:138)
FruitDefense.Editor.LayeredTerrainArtSetup:EnsurePaletteAssets () (at Assets/Editor/Tools/LayeredTerrainArtSetup.cs:62)
FruitDefense.Editor.CanonicalBattlefieldMapEditorSmoke:LoadCurrentReleasePalette () (at Assets/Editor/Tests/CanonicalBattlefieldMapEditorSmoke.cs:77)
FruitDefense.Editor.CanonicalBattlefieldMapEditorSmoke:ValidateContourPopupAvailability () (at Assets/Editor/Tests/CanonicalBattlefieldMapEditorSmoke.cs:31)
FruitDefense.Editor.CanonicalBattlefieldMapEditorSmoke:Validate () (at Assets/Editor/Tests/CanonicalBattlefieldMapEditorSmoke.cs:24)
FruitDefense.Editor.ProjectSetup:SmokeValidate () (at Assets/Editor/Tools/ProjectSetup.cs:244)
FruitDefense.Editor.P0ValidationSuite:Run () (at Assets/Editor/Tests/P0ValidationSuite.cs:18)

(Filename: Assets/Editor/Tools/SquareTerrainArtGenerator.cs Line: 126)

Start importing Assets/LayeredTerrain/GrassSoil/LandformSoil/Mask-07.asset using Guid(40244693c163e6541baff892b129cb00) (NativeFormatImporter) -> (artifact id: 'e65830c68ae7e03467001a0296ab0069') in 0.0019634 seconds
Start importing Assets/LayeredTerrain/GrassSoil/EdgeGrassOnSoilRefined/Mask-07.asset using Guid(418e9fec0ca97b64ab0f4c86dc0fd006) (NativeFormatImporter) -> (artifact id: 'cd9c2cf18fdd38f609098f7d0cc15714') in 0.0015607 seconds
Start importing Assets/LayeredTerrain/CompositeBrushes/OriginalGrassSoil/OriginalGrassSoilReverseLandformTileSet.asset using Guid(813c3f8ce1d51a24093ce2c5ed1547fa) (NativeFormatImporter) -> (artifact id: 'b5291246265ecb7af0dd8a3a19f371a0') in 0.0015912 seconds
Start importing Assets/LayeredTerrain/GrassSoil/Authoring/SoilBase.asset using Guid(a158e7b4dd9e7c448b398f9b22a9f9c2) (NativeFormatImporter) -> (artifact id: '1d93f5ffd6651520cc292a513066cccb') in 0.001545 seconds
Start importing Assets/LayeredTerrain/GrassSoil/EdgeGrassOnSoilRefined/Mask-05.asset using Guid(f15a3346efbbefb40babba4ef8f6ffa7) (NativeFormatImporter) -> (artifact id: '0325b05872f53d4d8922d91b29b864f9') in 0.0013907 seconds
Start importing Assets/LayeredTerrain/GrassSoil/LandformSoil/Mask-04.asset using Guid(f1fab5de0afca5445ba4970fcd52bbbe) (NativeFormatImporter) -> (artifact id: '09085b923c9ce06113de808e0225d25b') in 0.0013314 seconds
Start importing Assets/LayeredTerrain/GrassSoil/EdgeGrassOnSoilRefined/Mask-14.asset using Guid(1292b21714ab41b4197a410a29053ee2) (NativeFormatImporter) -> (artifact id: '113ba810aee874d1280699a85e7183b6') in 0.001307 seconds
Start importing Assets/LayeredTerrain/GrassSoil/LandformGrass/Mask-08.asset using Guid(52e1998e35a61a047bd24dd910b6bb8c) (NativeFormatImporter) -> (artifact id: '675f77c88e6e0d975abaaae9f510d95d') in 0.0017465 seconds
Start importing Assets/LayeredTerrain/GrassSoil/EdgeGrassOnSoilRefined/Mask-15.asset using Guid(a2ee8cf7722d54542bb6934c3c7acca3) (NativeFormatImporter) -> (artifact id: '6edcf8d7d3f26ee03919cdd607084ab1') in 0.0013907 seconds
Start importing Assets/LayeredTerrain/GrassSoil/EdgeGrassOnSoilRefined/Mask-11.asset using Guid(c29b700cc6f883f4d8d20d2a190eee05) (NativeFormatImporter) -> (artifact id: 'f51c180f858faa73b198142b42927cfc') in 0.0013016 seconds
Start importing Assets/LayeredTerrain/GrassSoil/LandformGrass/Mask-07.asset using Guid(d285b7a144ce1134ba6f4b02b003db14) (NativeFormatImporter) -> (artifact id: '0038d19d51d9c42dea9465db3b105f39') in 0.0015303 seconds
Start importing Assets/LayeredTerrain/GrassSoil/LandformSoil/Mask-01.asset using Guid(030d3f064f313fe4aa4dd2ab0ae33f07) (NativeFormatImporter) -> (artifact id: '3fd5251983b6578fd68bf6bc3bb3b4e3') in 0.0012808 seconds
Start importing Assets/LayeredTerrain/GrassSoil/EdgeGrassOnSoilRefined/Mask-10.asset using Guid(c32eb2f88b196e04f96b1b2b04ea7efe) (NativeFormatImporter) -> (artifact id: '2d01cd9893dc47967ba87373e479eb7e') in 0.0012839 seconds
Start importing Assets/LayeredTerrain/GrassSoil/LandformSoil/Mask-13.asset using Guid(04bdecbe02f95ef46986c7056c2b7c3b) (NativeFormatImporter) -> (artifact id: '15f31c02a38b8c10ecc25938dd45d64e') in 0.0013706 seconds
Start importing Assets/LayeredTerrain/GrassSoil/EdgeGrassOnSoilRefined/Mask-00.asset using Guid(e4a3c845026f4254892939518018693f) (NativeFormatImporter) -> (artifact id: '3a031e969e7d12b8ad7d8420c2b35c82') in 0.00135 seconds
Start importing Assets/LayeredTerrain/GrassSoil/LandformSoil/Mask-03.asset using Guid(15a3542839f831f41a0a24e5e9e2f22c) (NativeFormatImporter) -> (artifact id: '6e77d59b695c8200cb85f17fa75a4b54') in 0.0012851 seconds
Start importing Assets/LayeredTerrain/GrassSoil/LandformSoil/Mask-02.asset using Guid(f587922c248637745a6249f84c52611e) (NativeFormatImporter) -> (artifact id: '75844366cc32f023f1e40453bee8aa54') in 0.0012841 seconds
Start importing Assets/LayeredTerrain/GrassSoil/LandformGrass/Mask-09.asset using Guid(165dc20b52db7d14488b55217f6ac108) (NativeFormatImporter) -> (artifact id: '72e38899c33e0e3ced6ed6d0356b17dc') in 0.0015069 seconds
Start importing Assets/LayeredTerrain/GrassSoil/LandformSoil/Mask-11.asset using Guid(86718e5a68b1dcc47854d71bba5a1c17) (NativeFormatImporter) -> (artifact id: '04f57e67d298deb7839321669f6f5937') in 0.0013709 seconds
Start importing Assets/LayeredTerrain/GrassSoil/EdgeGrassOnSoilRefined/Mask-09.asset using Guid(86c349d56e9db3e4e849d6749cdfbfbe) (NativeFormatImporter) -> (artifact id: 'a3a3937713e26dae2d17075614e230de') in 0.0012588 seconds
Start importing Assets/LayeredTerrain/CompositeBrushes/GrassSoil/GrassSoilReverseLandformTileSet.asset using Guid(17ff6febab517824eb695d29e0459a1f) (NativeFormatImporter) -> (artifact id: '3aac16350dc78571bdc4c034dd153e34') in 0.001322 seconds
Start importing Assets/LayeredTerrain/GrassSoil/LandformSoil/Mask-09.asset using Guid(478b7d64a48c32541abd22cde03a7210) (NativeFormatImporter) -> (artifact id: 'df61b4f661f9c0aded60f089bd901d4a') in 0.0015355 seconds
Start importing Assets/LayeredTerrain/GrassSoil/LandformSoil/Mask-05.asset using Guid(878e7bb9dfa805f47b4b88fef4623c4b) (NativeFormatImporter) -> (artifact id: '6433cd5ece3fc29e9694b9c40d1cce7b') in 0.0013283 seconds
Start importing Assets/LayeredTerrain/CompositeBrushes/StoneWater/StoneWaterReverseLandformTileSet.asset using Guid(97ffcbb8c3ab6264e80693ccaf0c43de) (NativeFormatImporter) -> (artifact id: '098d79a46ae44df4e4eabca0ead85233') in 0.0013681 seconds
Start importing Assets/LayeredTerrain/GrassSoil/LandformSoil/Mask-14.asset using Guid(a7806afe4f019d445bbf552f9eece05e) (NativeFormatImporter) -> (artifact id: 'e86c3f661d3698b3e540fda453881940') in 0.0016294 seconds
Start importing Assets/LayeredTerrain/GrassSoil/EdgeGrassOnSoilRefined/Mask-13.asset using Guid(a7d1a82699efeae47a6ca0a5bb112ae7) (NativeFormatImporter) -> (artifact id: 'a78e3ab795bab51c2fb8875ea81a3142') in 0.0014129 seconds
Start importing Assets/LayeredTerrain/GrassSoil/EdgeGrassOnSoilRefined/GrassOnSoilRefinedTileSet.asset using Guid(b75665e5083dab441a2805aa7b5e1562) (NativeFormatImporter) -> (artifact id: '9a378045af94549dd04c416ddd049034') in 0.0013347 seconds
Start importing Assets/LayeredTerrain/GrassSoil/LandformGrass/Mask-14.asset using Guid(c7287b8c949516949b483b111ceb39a0) (NativeFormatImporter) -> (artifact id: '742a261e597b802d91fa4c4b50193514') in 0.0014435 seconds
Start importing Assets/LayeredTerrain/GrassSoil/LandformSoil/Mask-00.asset using Guid(88d5b3d83381240419fa7d0a9d6c2c63) (NativeFormatImporter) -> (artifact id: 'ec59939a8b52efe47b329a71ceccb6a9') in 0.0015577 seconds
Start importing Assets/LayeredTerrain/GrassSoil/LandformGrass/Mask-13.asset using Guid(e80621ea42744c243ac2ec385c32b338) (NativeFormatImporter) -> (artifact id: 'c073a20a8e0628f7baf4a55a699ae105') in 0.0014105 seconds
Start importing Assets/LayeredTerrain/GrassSoil/LandformGrass/Mask-00.asset using Guid(c92ffc9e81d587840892eb05cf844fbf) (NativeFormatImporter) -> (artifact id: '6de21ee1cddad2dc5dc822438a8f4094') in 0.0013199 seconds
Start importing Assets/LayeredTerrain/GrassSoil/LandformSoil/Mask-08.asset using Guid(d98e1448816e2f443a1e4e6b40e7cc25) (NativeFormatImporter) -> (artifact id: '8c84979613e06175002d882607152e4e') in 0.0018232 seconds
Start importing Assets/LayeredTerrain/GrassSoil/LandformSoil/Mask-15.asset using Guid(e95509ac4ec30484ab37daa221658805) (NativeFormatImporter) -> (artifact id: 'f96248f32c56c962dfe506862d5fb21b') in 0.0012904 seconds
Start importing Assets/LayeredTerrain/GrassSoil/EdgeGrassOnSoilRefined/Mask-06.asset using Guid(e9ac41d989ad93f4ca1a691487107c16) (NativeFormatImporter) -> (artifact id: 'e9daccbac2653977ee343c02f273f598') in 0.0012894 seconds
Start importing Assets/LayeredTerrain/GrassSoil/LandformSoil/Mask-10.asset using Guid(f95d6c7578efacd4cb1f12c63e1d8ff8) (NativeFormatImporter) -> (artifact id: '90d43f8749769d1781298dd6bba5d61f') in 0.0016011 seconds
Start importing Assets/LayeredTerrain/GrassSoil/LandformGrass/Mask-10.asset using Guid(0a64b675a1f765c409b8f9deea1eb208) (NativeFormatImporter) -> (artifact id: '09c03947b8c465db650824308fe637f1') in 0.0015284 seconds
Start importing Assets/LayeredTerrain/GrassSoil/EdgeGrassOnSoilRefined/Mask-12.asset using Guid(3a09b8d94e4515f4fa39c4292c8052a7) (NativeFormatImporter) -> (artifact id: 'af83cf963396621d9d3bad458f6ed2a9') in 0.0012964 seconds
Start importing Assets/LayeredTerrain/GrassSoil/LandformSoil/Mask-06.asset using Guid(4ab46eb735954bf45977209e4a936a01) (NativeFormatImporter) -> (artifact id: '8450f37df15f7709b95c5c346493f1fd') in 0.0016001 seconds
Start importing Assets/LayeredTerrain/GrassSoil/LandformGrass/Mask-15.asset using Guid(7a5208b63b1d6284285e932c3708e65d) (NativeFormatImporter) -> (artifact id: '67ddae65d0c7a750e13eb34b9baf8365') in 0.0017068 seconds
Start importing Assets/LayeredTerrain/GrassSoil/LandformGrass/Mask-05.asset using Guid(3b4a2864fb45c5b4fae56fc1f697bbdd) (NativeFormatImporter) -> (artifact id: 'cf3f476c92289c5b074cb8ea3198ce61') in 0.0014858 seconds
Start importing Assets/LayeredTerrain/GrassSoil/EdgeGrassOnSoilRefined/Mask-08.asset using Guid(9b3d0613b51d86146bf5ea0994b42ddd) (NativeFormatImporter) -> (artifact id: '4e302c1a03e18f66e6c41c139ec180d3') in 0.0014785 seconds
Start importing Assets/LayeredTerrain/GrassSoil/LandformGrass/Mask-11.asset using Guid(bb6bc251a6bbcf54480e7f80f2181f2a) (NativeFormatImporter) -> (artifact id: '857582d6d96bb87d66880447573db021') in 0.0014543 seconds
Start importing Assets/LayeredTerrain/GrassSoil/LandformSoil/Mask-12.asset using Guid(3cfb4949c07b1bf43bc66661515525d7) (NativeFormatImporter) -> (artifact id: '3a6ea6ab140b5d680c9d80d68e71cee7') in 0.0013768 seconds
Start importing Assets/LayeredTerrain/GrassSoil/EdgeGrassOnSoilRefined/Mask-04.asset using Guid(6cca3f06a711ab34992417d66eeec087) (NativeFormatImporter) -> (artifact id: 'be2a2aeb01573b6be77d3a2b070fef25') in 0.0016784 seconds
Start importing Assets/LayeredTerrain/GrassSoil/Authoring/GrassBase.asset using Guid(3d71b1ea4e270714eb43b3b4541cda21) (NativeFormatImporter) -> (artifact id: '3f5ae16e96393bccc7f5f4d3650a3ce6') in 0.0016002 seconds
Start importing Assets/LayeredTerrain/GrassSoil/LandformGrass/Mask-06.asset using Guid(5d15d49b3c156ae479bd995b33107c67) (NativeFormatImporter) -> (artifact id: '05abb2ca9d5f1492af0ec896fb864d4e') in 0.0015745 seconds
Start importing Assets/LayeredTerrain/GrassSoil/LandformGrass/Mask-01.asset using Guid(7d609e3f17078a44f9a89e21b68ae180) (NativeFormatImporter) -> (artifact id: 'a1ebd9002be9baca60bb274969bc4dc2') in 0.0014551 seconds
Start importing Assets/LayeredTerrain/GrassSoil/LandformGrass/Mask-04.asset using Guid(ede22ab8e9b7bcc4da28aa41887e8614) (NativeFormatImporter) -> (artifact id: '42c1c0d805e7b323f147012ab0eb20fb') in 0.0012947 seconds
Start importing Assets/LayeredTerrain/GrassSoil/LandformSoil/SoilLandformTileSet.asset using Guid(3e1155418d0567f44af4b96697c9dd09) (NativeFormatImporter) -> (artifact id: 'df15b8c45196950bc4219bee97aafc82') in 0.001383 seconds
Start importing Assets/LayeredTerrain/GrassSoil/EdgeGrassOnSoilRefined/Mask-02.asset using Guid(6ef5433501c908740932ed7d05777790) (NativeFormatImporter) -> (artifact id: '25936841c896ee6e32acaadabe2f5ad9') in 0.0012961 seconds
Start importing Assets/LayeredTerrain/GrassSoil/EdgeGrassOnSoilRefined/Mask-01.asset using Guid(8e0671f07975b7c43b734d81c5ff11bc) (NativeFormatImporter) -> (artifact id: 'c6f3c5aa165967eeb465f4156418931b') in 0.0016795 seconds
Start importing Assets/LayeredTerrain/GrassSoil/EdgeGrassOnSoilRefined/Mask-03.asset using Guid(de5135a77f40df84b9a7170011242e63) (NativeFormatImporter) -> (artifact id: 'c4b8007304dbcd55f4ed04fb4957f5a6') in 0.0012611 seconds
Start importing Assets/LayeredTerrain/GrassSoil/LandformGrass/GrassLandformTileSet.asset using Guid(2fc47b69529dfb541a089c835adb5ce8) (NativeFormatImporter) -> (artifact id: '7d9b947ceee84338616124256f8ad829') in 0.0012482 seconds
Start importing Assets/LayeredTerrain/GrassSoil/LandformGrass/Mask-12.asset using Guid(bfcde0f6045b297478b7cca21b2bd212) (NativeFormatImporter) -> (artifact id: 'fcc2d08d622fb7725cf22421d7d46e31') in 0.0019422 seconds
Start importing Assets/LayeredTerrain/GrassSoil/LandformGrass/Mask-02.asset using Guid(cfb8b16aec24e064ba3c8b202f110c99) (NativeFormatImporter) -> (artifact id: '918a9e9785ac5cd4f4174f2fe29d6d53') in 0.0013114 seconds
Start importing Assets/LayeredTerrain/GrassSoil/LandformGrass/Mask-03.asset using Guid(cf797356fdd5ba54fb021059b4e0c786) (NativeFormatImporter) -> (artifact id: '297c0fc42e401c9d7fd0a377a3b5b28e') in 0.0013598 seconds
Refreshing native plugins compatible for Editor in 0.21 ms, found 0 plugins.
Preloading 0 native plugins for Editor in 0.00 ms.
Asset Pipeline Refresh (id=4b54c55420dfe0f4eb2203f3189edf92): Total: 0.110 seconds - Initiated by StopAssetImportingV2(NoUpdateAssetOptions)
Start importing Assets/LayeredTerrain/CompositeBrushes/OriginalGrassSoil/OriginalGrassSoilBrush.asset using Guid(21a71232d6e654e4b8c7960242ff7182) (NativeFormatImporter) -> (artifact id: '3547d87e50bc075e0e2036afaef240e2') in 0.0021913 seconds
Start importing Assets/LayeredTerrain/CompositeBrushes/OriginalGrassSoil/OriginalGrassSoilReverseLandformTileSet.asset using Guid(813c3f8ce1d51a24093ce2c5ed1547fa) (NativeFormatImporter) -> (artifact id: 'b5291246265ecb7af0dd8a3a19f371a0') in 0.0013878 seconds
Refreshing native plugins compatible for Editor in 0.16 ms, found 0 plugins.
Preloading 0 native plugins for Editor in 0.00 ms.
Asset Pipeline Refresh (id=81ac9f55f10efdb45af179f0c9d03701): Total: 0.013 seconds - Initiated by StopAssetImportingV2(NoUpdateAssetOptions)
Start importing Assets/Battlefield/Terrain/OrchardDefaultTerrainPalette.asset using Guid(8f09d513b82ee0048abd5a50378dbb0c) (NativeFormatImporter) -> (artifact id: 'af117db4ea5f59db66e2603074e05e44') in 0.0017317 seconds
Refreshing native plugins compatible for Editor in 0.23 ms, found 0 plugins.
Preloading 0 native plugins for Editor in 0.00 ms.
Asset Pipeline Refresh (id=54257242de8a23148ba3a63d92d2f3ea): Total: 0.012 seconds - Initiated by StopAssetImportingV2(NoUpdateAssetOptions)
Start importing Assets/Battlefield/Terrain/OrchardDefaultTerrainPalette.asset using Guid(8f09d513b82ee0048abd5a50378dbb0c) (NativeFormatImporter) -> (artifact id: 'af117db4ea5f59db66e2603074e05e44') in 0.0025164 seconds
Refreshing native plugins compatible for Editor in 0.17 ms, found 0 plugins.
Preloading 0 native plugins for Editor in 0.00 ms.
Asset Pipeline Refresh (id=62e33f959dface844a6e389ab1e000df): Total: 0.012 seconds - Initiated by StopAssetImportingV2(NoUpdateAssetOptions)
Opening scene 'Assets/Scenes/Battle.unity additively'
Loaded scene 'Assets/Scenes/Battle.unity'
	Deserialize:            1.068 ms
	Integration:            0.368 ms
	Integration of assets:  0.002 ms
	Thread Wait Time:       0.007 ms
	Total Operation Time:   1.444 ms
Opening scene 'Assets/Scenes/Battle.unity additively'
Loaded scene 'Assets/Scenes/Battle.unity'
	Deserialize:            0.426 ms
	Integration:            0.091 ms
	Integration of assets:  0.001 ms
	Thread Wait Time:       0.007 ms
	Total Operation Time:   0.525 ms
CANONICAL_BATTLEFIELD_MAP_EDITOR_SMOKE_OK
UnityEngine.Debug:ExtractStackTraceNoAlloc (byte*,int,string)
UnityEngine.StackTraceUtility:ExtractStackTrace ()
UnityEngine.DebugLogHandler:Internal_Log (UnityEngine.LogType,UnityEngine.LogOption,string,UnityEngine.Object)
UnityEngine.DebugLogHandler:LogFormat (UnityEngine.LogType,UnityEngine.Object,string,object[])
UnityEngine.Logger:Log (UnityEngine.LogType,object)
UnityEngine.Debug:Log (object)
FruitDefense.Editor.CanonicalBattlefieldMapEditorSmoke:Validate () (at Assets/Editor/Tests/CanonicalBattlefieldMapEditorSmoke.cs:26)
FruitDefense.Editor.ProjectSetup:SmokeValidate () (at Assets/Editor/Tools/ProjectSetup.cs:244)
FruitDefense.Editor.P0ValidationSuite:Run () (at Assets/Editor/Tests/P0ValidationSuite.cs:18)

(Filename: Assets/Editor/Tests/CanonicalBattlefieldMapEditorSmoke.cs Line: 26)

Asset Pipeline Refresh (id=770b80e09c7dfff4a820011d3f7ce5a0): Total: 0.003 seconds - Initiated by StopAssetImportingV2(NoUpdateAssetOptions)
Asset Pipeline Refresh (id=6cb201702d565ce41b55d6efecc397d2): Total: 0.011 seconds - Initiated by RefreshV2(NoUpdateAssetOptions)
Opening scene 'Assets/Scenes/Battle.unity additively'
Loaded scene 'Assets/Scenes/Battle.unity'
	Deserialize:            0.409 ms
	Integration:            0.090 ms
	Integration of assets:  0.001 ms
	Thread Wait Time:       0.005 ms
	Total Operation Time:   0.505 ms
Asset Pipeline Refresh (id=1cd8e702429d9054186837c0140fad92): Total: 0.003 seconds - Initiated by StopAssetImportingV2(NoUpdateAssetOptions)
Asset Pipeline Refresh (id=da864aa31abdadd43a7f819ab7fed417): Total: 0.003 seconds - Initiated by RefreshV2(NoUpdateAssetOptions)
Start importing Assets/Editor/Tests/Fixtures/CanonicalBattlefieldMap/GeneratedPublicationSmoke.asset using Guid(5c97b1060f4ea344faf24be33e9f8e9e) (NativeFormatImporter) -> (artifact id: '85e289cf163953f9e336dc009a217234') in 0.0017934 seconds
Refreshing native plugins compatible for Editor in 0.16 ms, found 0 plugins.
Preloading 0 native plugins for Editor in 0.00 ms.
Asset Pipeline Refresh (id=ef5d646502785c84992487c16cfc5561): Total: 0.013 seconds - Initiated by StopAssetImportingV2(NoUpdateAssetOptions)
Start importing Assets/Editor/Tests/Fixtures/CanonicalBattlefieldMap/GeneratedPublicationSmoke.asset using Guid(5c97b1060f4ea344faf24be33e9f8e9e) (NativeFormatImporter) -> (artifact id: '85e289cf163953f9e336dc009a217234') in 0.0018751 seconds
Refreshing native plugins compatible for Editor in 0.19 ms, found 0 plugins.
Preloading 0 native plugins for Editor in 0.00 ms.
Asset Pipeline Refresh (id=7a74d2054f87d5242bd08f5f2d1b26f9): Total: 0.013 seconds - Initiated by StopAssetImportingV2(NoUpdateAssetOptions)
Start importing Assets/Editor/Tests/Fixtures/CanonicalBattlefieldMap/GeneratedPublicationSmoke.asset using Guid(5c97b1060f4ea344faf24be33e9f8e9e) (NativeFormatImporter) -> (artifact id: '85e289cf163953f9e336dc009a217234') in 0.001783 seconds
Refreshing native plugins compatible for Editor in 0.15 ms, found 0 plugins.
Preloading 0 native plugins for Editor in 0.00 ms.
Asset Pipeline Refresh (id=cfec4e910a706a44d931148c3fa92e4f): Total: 0.011 seconds - Initiated by StopAssetImportingV2(NoUpdateAssetOptions)
Start importing Assets/Editor/Tests/Fixtures/CanonicalBattlefieldMap/GeneratedPublicationSmoke.asset using Guid(5c97b1060f4ea344faf24be33e9f8e9e) (NativeFormatImporter) -> (artifact id: '85e289cf163953f9e336dc009a217234') in 0.0016424 seconds
Refreshing native plugins compatible for Editor in 0.15 ms, found 0 plugins.
Preloading 0 native plugins for Editor in 0.00 ms.
Asset Pipeline Refresh (id=e3e2fc1d7518901418f8a894cf2431d8): Total: 0.011 seconds - Initiated by StopAssetImportingV2(NoUpdateAssetOptions)
Start importing Assets/Editor/Tests/Fixtures/CanonicalBattlefieldMap/GeneratedPublicationSmoke.asset using Guid(5c97b1060f4ea344faf24be33e9f8e9e) (NativeFormatImporter) -> (artifact id: 'e634827c15c7d46bd9eede4c1d70aa52') in 0.001663 seconds
Refreshing native plugins compatible for Editor in 0.20 ms, found 0 plugins.
Preloading 0 native plugins for Editor in 0.00 ms.
Asset Pipeline Refresh (id=28d004a0aa0048643a83b8dbe30a3c60): Total: 0.012 seconds - Initiated by StopAssetImportingV2(NoUpdateAssetOptions)
Start importing Assets/Editor/Tests/Fixtures/CanonicalBattlefieldMap/GeneratedPublicationSmoke.asset using Guid(5c97b1060f4ea344faf24be33e9f8e9e) (NativeFormatImporter) -> (artifact id: 'e634827c15c7d46bd9eede4c1d70aa52') in 0.0021097 seconds
Refreshing native plugins compatible for Editor in 0.18 ms, found 0 plugins.
Preloading 0 native plugins for Editor in 0.00 ms.
Asset Pipeline Refresh (id=5f2e1f092906b9f4db92866f8edf5cf6): Total: 0.012 seconds - Initiated by StopAssetImportingV2(NoUpdateAssetOptions)
Start importing Assets/Editor/Tests/Fixtures/CanonicalBattlefieldMap/GeneratedPublicationSmoke.asset using Guid(5c97b1060f4ea344faf24be33e9f8e9e) (NativeFormatImporter) -> (artifact id: '8505477ebbb7682ef6ce40702ba594f0') in 0.0017154 seconds
Refreshing native plugins compatible for Editor in 0.18 ms, found 0 plugins.
Preloading 0 native plugins for Editor in 0.00 ms.
Asset Pipeline Refresh (id=b4235109b11b1f8439379f26f26696fe): Total: 0.011 seconds - Initiated by StopAssetImportingV2(NoUpdateAssetOptions)
Start importing Assets/Editor/Tests/Fixtures/CanonicalBattlefieldMap/GeneratedPublicationSmoke.asset using Guid(5c97b1060f4ea344faf24be33e9f8e9e) (NativeFormatImporter) -> (artifact id: '8505477ebbb7682ef6ce40702ba594f0') in 0.0016879 seconds
Refreshing native plugins compatible for Editor in 0.16 ms, found 0 plugins.
Preloading 0 native plugins for Editor in 0.00 ms.
Asset Pipeline Refresh (id=89f7ffa18c18d6f438c6b9cf320f26d3): Total: 0.011 seconds - Initiated by StopAssetImportingV2(NoUpdateAssetOptions)
Start importing Assets/Editor/Tests/Fixtures/CanonicalBattlefieldMap/GeneratedPublicationSmoke.asset using Guid(5c97b1060f4ea344faf24be33e9f8e9e) (NativeFormatImporter) -> (artifact id: '85e289cf163953f9e336dc009a217234') in 0.0015813 seconds
Refreshing native plugins compatible for Editor in 0.20 ms, found 0 plugins.
Preloading 0 native plugins for Editor in 0.00 ms.
Asset Pipeline Refresh (id=52f7a9ce8c042934082d2652437979a9): Total: 0.011 seconds - Initiated by StopAssetImportingV2(NoUpdateAssetOptions)
Start importing Assets/Editor/Tests/Fixtures/CanonicalBattlefieldMap/GeneratedPublicationSmoke.asset using Guid(5c97b1060f4ea344faf24be33e9f8e9e) (NativeFormatImporter) -> (artifact id: '85e289cf163953f9e336dc009a217234') in 0.0016896 seconds
Refreshing native plugins compatible for Editor in 0.18 ms, found 0 plugins.
Preloading 0 native plugins for Editor in 0.00 ms.
Asset Pipeline Refresh (id=2ed7f21143cfef2429c9abbc0ce818c0): Total: 0.011 seconds - Initiated by StopAssetImportingV2(NoUpdateAssetOptions)
Start importing Assets/Editor/Tests/Fixtures/CanonicalBattlefieldMap/GeneratedPublicationSmoke.asset using Guid(5c97b1060f4ea344faf24be33e9f8e9e) (NativeFormatImporter) -> (artifact id: '53cff325d063016269404ce58327f6bb') in 0.0016807 seconds
Refreshing native plugins compatible for Editor in 0.16 ms, found 0 plugins.
Preloading 0 native plugins for Editor in 0.00 ms.
Asset Pipeline Refresh (id=2532d3478e5444140b162ad51e102d15): Total: 0.011 seconds - Initiated by StopAssetImportingV2(NoUpdateAssetOptions)
Start importing Assets/Editor/Tests/Fixtures/CanonicalBattlefieldMap/GeneratedPublicationSmoke.asset using Guid(5c97b1060f4ea344faf24be33e9f8e9e) (NativeFormatImporter) -> (artifact id: '53cff325d063016269404ce58327f6bb') in 0.0016842 seconds
Refreshing native plugins compatible for Editor in 0.15 ms, found 0 plugins.
Preloading 0 native plugins for Editor in 0.00 ms.
Asset Pipeline Refresh (id=91d5d93bb0df09844ab535da03c09f1e): Total: 0.010 seconds - Initiated by StopAssetImportingV2(NoUpdateAssetOptions)
Start importing Assets/Editor/Tests/Fixtures/CanonicalBattlefieldMap/GeneratedPublicationSmoke.asset using Guid(5c97b1060f4ea344faf24be33e9f8e9e) (NativeFormatImporter) -> (artifact id: '53cff325d063016269404ce58327f6bb') in 0.0016597 seconds
Refreshing native plugins compatible for Editor in 0.18 ms, found 0 plugins.
Preloading 0 native plugins for Editor in 0.00 ms.
Asset Pipeline Refresh (id=47ccc366b9193764f9a81a27f96c68d7): Total: 0.013 seconds - Initiated by StopAssetImportingV2(NoUpdateAssetOptions)
Refreshing native plugins compatible for Editor in 0.17 ms, found 0 plugins.
Preloading 0 native plugins for Editor in 0.00 ms.
Asset Pipeline Refresh (id=f5b50ee4958445e46934d869bc1377ad): Total: 0.010 seconds - Initiated by StopAssetImportingV2(NoUpdateAssetOptions)
Asset Pipeline Refresh (id=bf23335223765c44aa82bfffc322c1b0): Total: 0.019 seconds - Initiated by RefreshV2(NoUpdateAssetOptions)
CANONICAL_BATTLEFIELD_MAP_PUBLICATION_SMOKE_OK
UnityEngine.Debug:ExtractStackTraceNoAlloc (byte*,int,string)
UnityEngine.StackTraceUtility:ExtractStackTrace ()
UnityEngine.DebugLogHandler:Internal_Log (UnityEngine.LogType,UnityEngine.LogOption,string,UnityEngine.Object)
UnityEngine.DebugLogHandler:LogFormat (UnityEngine.LogType,UnityEngine.Object,string,object[])
UnityEngine.Logger:Log (UnityEngine.LogType,object)
UnityEngine.Debug:Log (object)
FruitDefense.Editor.CanonicalBattlefieldMapPublicationSmoke:Validate () (at Assets/Editor/Tests/CanonicalBattlefieldMapPublicationSmoke.cs:30)
FruitDefense.Editor.ProjectSetup:SmokeValidate () (at Assets/Editor/Tools/ProjectSetup.cs:245)
FruitDefense.Editor.P0ValidationSuite:Run () (at Assets/Editor/Tests/P0ValidationSuite.cs:18)

(Filename: Assets/Editor/Tests/CanonicalBattlefieldMapPublicationSmoke.cs Line: 30)

Asset Pipeline Refresh (id=df19c9b931de2ca4aa7f95d16e209f75): Total: 0.000 seconds - Initiated by StopAssetImportingV2(NoUpdateAssetOptions)
Asset Pipeline Refresh (id=2081de2407d35454b915fce75a36d12c): Total: 0.005 seconds - Initiated by RefreshV2(NoUpdateAssetOptions)
FRUIT_DEFENSE_DUAL_GRID_PIXEL_ALL_PROFILES_OK count=2
UnityEngine.Debug:ExtractStackTraceNoAlloc (byte*,int,string)
UnityEngine.StackTraceUtility:ExtractStackTrace ()
UnityEngine.DebugLogHandler:Internal_Log (UnityEngine.LogType,UnityEngine.LogOption,string,UnityEngine.Object)
UnityEngine.DebugLogHandler:LogFormat (UnityEngine.LogType,UnityEngine.Object,string,object[])
UnityEngine.Logger:Log (UnityEngine.LogType,object)
UnityEngine.Debug:Log (object)
FruitDefense.Editor.DualGridPixelTileSetGenerator:ValidateGeneratedPixelTileSet () (at Assets/Editor/Tools/DualGridPixelTileSetGenerator.cs:346)
FruitDefense.Editor.DualGridTilemapSmoke:Validate () (at Assets/Editor/Tests/DualGridTilemapSmoke.cs:42)
FruitDefense.Editor.ProjectSetup:SmokeValidate () (at Assets/Editor/Tools/ProjectSetup.cs:246)
FruitDefense.Editor.P0ValidationSuite:Run () (at Assets/Editor/Tests/P0ValidationSuite.cs:18)

(Filename: Assets/Editor/Tools/DualGridPixelTileSetGenerator.cs Line: 346)

FRUIT_DEFENSE_DUAL_GRID_PIXEL_WIZARD_SMOKE_OK
UnityEngine.Debug:ExtractStackTraceNoAlloc (byte*,int,string)
UnityEngine.StackTraceUtility:ExtractStackTrace ()
UnityEngine.DebugLogHandler:Internal_Log (UnityEngine.LogType,UnityEngine.LogOption,string,UnityEngine.Object)
UnityEngine.DebugLogHandler:LogFormat (UnityEngine.LogType,UnityEngine.Object,string,object[])
UnityEngine.Logger:Log (UnityEngine.LogType,object)
UnityEngine.Debug:Log (object)
FruitDefense.Editor.DualGridPixelTerrainWizardSmoke:Validate () (at Assets/Editor/Tests/DualGridPixelTerrainWizardSmoke.cs:42)
FruitDefense.Editor.DualGridTilemapSmoke:Validate () (at Assets/Editor/Tests/DualGridTilemapSmoke.cs:43)
FruitDefense.Editor.ProjectSetup:SmokeValidate () (at Assets/Editor/Tools/ProjectSetup.cs:246)
FruitDefense.Editor.P0ValidationSuite:Run () (at Assets/Editor/Tests/P0ValidationSuite.cs:18)

(Filename: Assets/Editor/Tests/DualGridPixelTerrainWizardSmoke.cs Line: 42)

FRUIT_DEFENSE_DUAL_GRID_SMOKE_OK
UnityEngine.Debug:ExtractStackTraceNoAlloc (byte*,int,string)
UnityEngine.StackTraceUtility:ExtractStackTrace ()
UnityEngine.DebugLogHandler:Internal_Log (UnityEngine.LogType,UnityEngine.LogOption,string,UnityEngine.Object)
UnityEngine.DebugLogHandler:LogFormat (UnityEngine.LogType,UnityEngine.Object,string,object[])
UnityEngine.Logger:Log (UnityEngine.LogType,object)
UnityEngine.Debug:Log (object)
FruitDefense.Editor.DualGridTilemapSmoke:Validate () (at Assets/Editor/Tests/DualGridTilemapSmoke.cs:45)
FruitDefense.Editor.ProjectSetup:SmokeValidate () (at Assets/Editor/Tools/ProjectSetup.cs:246)
FruitDefense.Editor.P0ValidationSuite:Run () (at Assets/Editor/Tests/P0ValidationSuite.cs:18)

(Filename: Assets/Editor/Tests/DualGridTilemapSmoke.cs Line: 45)

Asset Pipeline Refresh (id=2a3014afec4d18b46863d40f8c4cd4da): Total: 0.003 seconds - Initiated by RefreshV2(NoUpdateAssetOptions)
Asset Pipeline Refresh (id=47f553c6d01ee484bb4a970b1927ab85): Total: 0.026 seconds - Initiated by RefreshV2(NoUpdateAssetOptions)
Square contour topology guide generated: Assets/LayeredTerrain/GrassSoil/Square/Topology/SquareContourTopologyGuide.png
UnityEngine.Debug:ExtractStackTraceNoAlloc (byte*,int,string)
UnityEngine.StackTraceUtility:ExtractStackTrace ()
UnityEngine.DebugLogHandler:Internal_Log (UnityEngine.LogType,UnityEngine.LogOption,string,UnityEngine.Object)
UnityEngine.DebugLogHandler:LogFormat (UnityEngine.LogType,UnityEngine.Object,string,object[])
UnityEngine.Logger:Log (UnityEngine.LogType,object)
UnityEngine.Debug:Log (object)
FruitDefense.Editor.SquareTerrainArtGenerator:GenerateTopologyGuide () (at Assets/Editor/Tools/SquareTerrainArtGenerator.cs:42)
FruitDefense.Editor.SquareTerrainArtGenerator:GenerateAvailableSquareAssets () (at Assets/Editor/Tools/SquareTerrainArtGenerator.cs:133)
FruitDefense.Editor.LayeredTerrainArtSetup:EnsurePaletteAssets () (at Assets/Editor/Tools/LayeredTerrainArtSetup.cs:62)
FruitDefense.Editor.LayeredTerrainTilemapSmoke:Validate () (at Assets/Editor/Tests/LayeredTerrainTilemapSmoke.cs:14)
FruitDefense.Editor.ProjectSetup:SmokeValidate () (at Assets/Editor/Tools/ProjectSetup.cs:247)
FruitDefense.Editor.P0ValidationSuite:Run () (at Assets/Editor/Tests/P0ValidationSuite.cs:18)

(Filename: Assets/Editor/Tools/SquareTerrainArtGenerator.cs Line: 42)

Asset Pipeline Refresh (id=1417a159d30608a468c9b7913571c49b): Total: 0.030 seconds - Initiated by RefreshV2(NoUpdateAssetOptions)
Asset Pipeline Refresh (id=76de11d252bb56045bec0b16c5003887): Total: 0.039 seconds - Initiated by RefreshV2(NoUpdateAssetOptions)
Asset Pipeline Refresh (id=0270a10c034460141a23bd1c25ccbbe0): Total: 0.030 seconds - Initiated by RefreshV2(NoUpdateAssetOptions)
Start importing Assets/LayeredTerrain/GrassSoil/Square/LandformStoneRoad/Mask-07.asset using Guid(b02fd980a2abc6b41974d859a777fb1d) (NativeFormatImporter) -> (artifact id: '09027e8d963d8fd928277d96f7735e27') in 0.0024748 seconds
Start importing Assets/LayeredTerrain/GrassSoil/Square/LandformGrass/Mask-05.asset using Guid(d04330ef8020b8a41b9e4589cb202101) (NativeFormatImporter) -> (artifact id: '4e5972f1b6c2ded32e8e48532b67135b') in 0.0020701 seconds
Start importing Assets/LayeredTerrain/GrassSoil/Square/LandformGrass/Mask-12.asset using Guid(d00b41817e9bc0741ad148ea3e94519a) (NativeFormatImporter) -> (artifact id: '9d0a3a48e4156b96b3c76ca702bf7bff') in 0.0016221 seconds
Start importing Assets/LayeredTerrain/GrassSoil/Square/LandformStoneRoad/Mask-13.asset using Guid(116a8c3b6ac195a4ebb8e3c7a9989ddc) (NativeFormatImporter) -> (artifact id: '871e193410b26687800828802aef7920') in 0.0019543 seconds
Start importing Assets/LayeredTerrain/GrassSoil/Square/LandformGrass/Mask-02.asset using Guid(315648227c153724090125e98f4cba15) (NativeFormatImporter) -> (artifact id: 'd08b86b0e86b5ac26e9107766d5008d1') in 0.0016517 seconds
Start importing Assets/LayeredTerrain/GrassSoil/Square/LandformStoneRoad/Mask-11.asset using Guid(519050a0a5a9f5847b095ee0b83437a0) (NativeFormatImporter) -> (artifact id: 'ae100c2ae270a66d81134616e885003c') in 0.0014104 seconds
Start importing Assets/LayeredTerrain/GrassSoil/Square/LandformGrass/Mask-14.asset using Guid(81815b76ad7c06c47bf1bc7b65624ffd) (NativeFormatImporter) -> (artifact id: 'e00c4c5ecbd51682bc3c65bf8d862a23') in 0.0019817 seconds
Start importing Assets/LayeredTerrain/GrassSoil/Square/LandformSoil/Mask-03.asset using Guid(b1c5384b4651e4a4a82d483cc64aae79) (NativeFormatImporter) -> (artifact id: '45c12fb41048b850cd7cb0f3e535436a') in 0.0016438 seconds
Start importing Assets/LayeredTerrain/GrassSoil/Square/LandformGrass/Mask-15.asset using Guid(027119ab30d86a546a5d935d6e9ec608) (NativeFormatImporter) -> (artifact id: '7e821f282e19a2a4d5825e548df9693a') in 0.0014189 seconds
Start importing Assets/LayeredTerrain/GrassSoil/Square/LandformGrass/Mask-00.asset using Guid(13f70a46e499e0146bffd256e7c14483) (NativeFormatImporter) -> (artifact id: '2a9713a59b72231d0d554c49e274b85a') in 0.0015848 seconds
Start importing Assets/LayeredTerrain/GrassSoil/Square/LandformSoil/Mask-00.asset using Guid(8303f71f8469fd7459473d47391ab0b3) (NativeFormatImporter) -> (artifact id: '1442dfc314550b70b27dde3dada60cc7') in 0.0017603 seconds
Start importing Assets/LayeredTerrain/GrassSoil/Square/LandformSoil/Mask-01.asset using Guid(d33072ada9e1bb749adcc5938680d51a) (NativeFormatImporter) -> (artifact id: '7a8f58bad24b64f744799cb0b0b9228f') in 0.0013896 seconds
Start importing Assets/LayeredTerrain/GrassSoil/Square/LandformStoneRoad/Mask-09.asset using Guid(d30b19c2c64338a4fa9211b305cf65b1) (NativeFormatImporter) -> (artifact id: '59211e6be04f7e5724ec1a1b38221d71') in 0.0014497 seconds
Start importing Assets/LayeredTerrain/GrassSoil/Square/LandformSoil/Mask-13.asset using Guid(548b829df136ae948902efdc96ee70bb) (NativeFormatImporter) -> (artifact id: 'd770f2a72e8453a69c8ff146ee623ca5') in 0.0014829 seconds
Start importing Assets/LayeredTerrain/GrassSoil/Square/LandformStoneRoad/Mask-00.asset using Guid(74d1d4b679c3aec43af1bd30b6c4aea1) (NativeFormatImporter) -> (artifact id: '4c60ffb732228db343f89511449fce3b') in 0.0015363 seconds
Start importing Assets/LayeredTerrain/GrassSoil/Square/LandformGrass/Mask-01.asset using Guid(35cbc7e6bd8f2f84d9c7965779c9b2eb) (NativeFormatImporter) -> (artifact id: '7cd6fe12f157cd0a0b2a210183323c21') in 0.0013761 seconds
Start importing Assets/LayeredTerrain/GrassSoil/Square/LandformGrass/Mask-10.asset using Guid(5728d44dd2630ff40849746ce5d849d7) (NativeFormatImporter) -> (artifact id: '57d0e56c944d10ea9c02adfa74800a28') in 0.001715 seconds
Start importing Assets/LayeredTerrain/GrassSoil/Square/LandformSoil/Mask-09.asset using Guid(67347eef4df492941b15d16b687e2cb7) (NativeFormatImporter) -> (artifact id: '0b3fee03fb07b35a5fbe9374ec056b4b') in 0.0014789 seconds
Start importing Assets/LayeredTerrain/GrassSoil/Square/LandformGrass/Mask-04.asset using Guid(87737865bdb87ec43864ad3d997d7626) (NativeFormatImporter) -> (artifact id: '83b9f8cc1d095defdc009bd1839b690f') in 0.0013722 seconds
Start importing Assets/LayeredTerrain/GrassSoil/Square/LandformSoil/Mask-02.asset using Guid(87e33da937f65d34fb027eebfd8c1343) (NativeFormatImporter) -> (artifact id: '031756e6cc2b3a5ef2ddcaf8740ee21f') in 0.0014289 seconds
Start importing Assets/LayeredTerrain/GrassSoil/Square/LandformGrass/Mask-08.asset using Guid(b781c12832a4cd84392ab7d35a405505) (NativeFormatImporter) -> (artifact id: 'c734ab3f59a9e28ca19de35691f15a63') in 0.0013057 seconds
Start importing Assets/LayeredTerrain/GrassSoil/Square/LandformStoneRoad/Mask-04.asset using Guid(f70ec30b59552144a97e4da8fea5520c) (NativeFormatImporter) -> (artifact id: '67ab708a109917ddbe110252083911c2') in 0.0012214 seconds
Start importing Assets/LayeredTerrain/GrassSoil/Square/LandformStoneRoad/Mask-05.asset using Guid(08c7afe6a1108a84b9f8ac99c7fa610e) (NativeFormatImporter) -> (artifact id: 'a8026e8f0c10f4b634f0c477d7f79ba5') in 0.001306 seconds
Start importing Assets/LayeredTerrain/GrassSoil/Square/LandformStoneRoad/Mask-14.asset using Guid(39202684bd500f14184c5131ac46a6dd) (NativeFormatImporter) -> (artifact id: 'b43c0e8abc2951d26427ba0ee51e7ebb') in 0.001265 seconds
Start importing Assets/LayeredTerrain/GrassSoil/Square/LandformSoil/SoilSquareLandformTileSet.asset using Guid(897d878e9497c6e4d935ea42058d6001) (NativeFormatImporter) -> (artifact id: '17e85a477bcdc5aaf3c7a2ca1f1f5d8e') in 0.0015196 seconds
Start importing Assets/LayeredTerrain/GrassSoil/Square/LandformStoneRoad/StoneRoadSquareLandformTileSet.asset using Guid(0a6730ef0e26d5b49b9ae3129ee21909) (NativeFormatImporter) -> (artifact id: '48456893df0f467254b3256235820444') in 0.0013038 seconds
Start importing Assets/LayeredTerrain/GrassSoil/Square/LandformStoneRoad/Mask-10.asset using Guid(caa578d738fb0414e820ab1e3541b03f) (NativeFormatImporter) -> (artifact id: 'be4dcdbbc4fe728152242b70b5e9bb78') in 0.0016826 seconds
Start importing Assets/LayeredTerrain/GrassSoil/Square/LandformSoil/Mask-07.asset using Guid(2ce20b5da48d1ae43956c41d22ecd92e) (NativeFormatImporter) -> (artifact id: '7c41af1778c9689fc8cf1f4e4fcccd2c') in 0.001288 seconds
Start importing Assets/LayeredTerrain/GrassSoil/Square/LandformSoil/Mask-11.asset using Guid(2c6bd62321830da498ea7724ae626857) (NativeFormatImporter) -> (artifact id: 'b1033fab3dddb68d369a244413a84ab3') in 0.001257 seconds
Start importing Assets/LayeredTerrain/GrassSoil/Square/LandformStoneRoad/Mask-15.asset using Guid(5cbc1f25709453b4a90de7054d0ce9b7) (NativeFormatImporter) -> (artifact id: 'ca75aea14a03badd729ba37b57fc7710') in 0.0015038 seconds
Start importing Assets/LayeredTerrain/GrassSoil/Square/LandformGrass/Mask-09.asset using Guid(8c5fb632240287d48a17621f58d3a651) (NativeFormatImporter) -> (artifact id: '77c6cf5113d6c96189dbf6818d84fd5f') in 0.0013536 seconds
Start importing Assets/LayeredTerrain/GrassSoil/Square/LandformSoil/Mask-12.asset using Guid(bc85f424c35a6c845b2186949136a828) (NativeFormatImporter) -> (artifact id: '08c355397adee775c3834a7a7a0bf465') in 0.0013108 seconds
Start importing Assets/LayeredTerrain/GrassSoil/Square/LandformSoil/Mask-10.asset using Guid(0dfe2c0efe3330c4d9570f0061d459b9) (NativeFormatImporter) -> (artifact id: '88decb540b9e036a0400c2d34dbc707c') in 0.0014179 seconds
Start importing Assets/LayeredTerrain/GrassSoil/Square/LandformGrass/Mask-03.asset using Guid(1db706b3e9547554e9081663c6442ba0) (NativeFormatImporter) -> (artifact id: 'fdfbe87044d88284093ccc42787947e0') in 0.0016238 seconds
Start importing Assets/LayeredTerrain/GrassSoil/Square/LandformStoneRoad/Mask-02.asset using Guid(1d9b71389b4697e4586703b25f185da7) (NativeFormatImporter) -> (artifact id: 'dbb50fa57ab28462356bbd1a8ebab835') in 0.0013673 seconds
Start importing Assets/LayeredTerrain/GrassSoil/Square/LandformSoil/Mask-05.asset using Guid(2de42da45e48f974e9a74a6970e6e643) (NativeFormatImporter) -> (artifact id: '6e739e360d22b33fd378e6acefe9d800') in 0.0012675 seconds
Start importing Assets/LayeredTerrain/GrassSoil/Square/LandformGrass/Mask-11.asset using Guid(5d253dc28016ae64db4653758ac0af88) (NativeFormatImporter) -> (artifact id: '4dbb166b77c04b10385ee89749d834d3') in 0.0014337 seconds
Start importing Assets/LayeredTerrain/GrassSoil/Square/LandformSoil/Mask-04.asset using Guid(5d4806f722710eb40b1cf937cc6498b6) (NativeFormatImporter) -> (artifact id: 'a825e4a02be2364dca6cd5d251c2a1af') in 0.0012691 seconds
Start importing Assets/LayeredTerrain/GrassSoil/Square/LandformStoneRoad/Mask-01.asset using Guid(add98a42caf91414387900c1b29b92c6) (NativeFormatImporter) -> (artifact id: 'a1a43dffdd1f7cdd6311169ade464c57') in 0.0013959 seconds
Start importing Assets/LayeredTerrain/GrassSoil/Square/LandformGrass/Mask-06.asset using Guid(cd0f4d7279da9f84caa8c319e7ab29f9) (NativeFormatImporter) -> (artifact id: '52937737c65259daea7bed84aa0a8a04') in 0.0014665 seconds
Start importing Assets/LayeredTerrain/GrassSoil/Square/LandformGrass/Mask-07.asset using Guid(4e65cf042fab2c1448282809779edb8a) (NativeFormatImporter) -> (artifact id: '8cc68977b954eb6d618706e748b65e8b') in 0.0014112 seconds
Start importing Assets/LayeredTerrain/GrassSoil/Square/LandformGrass/Mask-13.asset using Guid(7e2014d33d57f294f97dea5ed30b730c) (NativeFormatImporter) -> (artifact id: '93ec9328dc52bc61493ece4ef09f812b') in 0.001281 seconds
Start importing Assets/LayeredTerrain/GrassSoil/Square/LandformSoil/Mask-14.asset using Guid(ae949dd8d7965fa41b1d3481d8bf8e30) (NativeFormatImporter) -> (artifact id: '13d3e8fadf25938fb6084c9eacdc285d') in 0.0015059 seconds
Start importing Assets/LayeredTerrain/GrassSoil/Square/LandformStoneRoad/Mask-08.asset using Guid(aecab5b9f537b5349adcff0900809717) (NativeFormatImporter) -> (artifact id: '6723e7d6eab214144e2a993643460ee5') in 0.0018163 seconds
Start importing Assets/LayeredTerrain/GrassSoil/Square/LandformSoil/Mask-15.asset using Guid(ce833c44287e15a44945e738038eb1c3) (NativeFormatImporter) -> (artifact id: '7c1ac2f82e318d432012af6c6509f07a') in 0.0014092 seconds
Start importing Assets/LayeredTerrain/GrassSoil/Square/LandformSoil/Mask-08.asset using Guid(ee6f4f16a4085914dbcb15919c60654c) (NativeFormatImporter) -> (artifact id: '2a403aad88716c1a9d6ee321599dc86f') in 0.0012614 seconds
Start importing Assets/LayeredTerrain/GrassSoil/Square/LandformStoneRoad/Mask-12.asset using Guid(2f49f6b2d05a8804097e79c69e515dc3) (NativeFormatImporter) -> (artifact id: '3512849ba8746b3929337e37047f52c2') in 0.0017849 seconds
Start importing Assets/LayeredTerrain/GrassSoil/Square/LandformSoil/Mask-06.asset using Guid(3ff6ff5cd14cc7441a6a84cdde5ff745) (NativeFormatImporter) -> (artifact id: 'c47a955bf9dc32d5bb761f8069ffd421') in 0.0014955 seconds
Start importing Assets/LayeredTerrain/GrassSoil/Square/LandformStoneRoad/Mask-06.asset using Guid(df46002ea561b404889b370e84a77f83) (NativeFormatImporter) -> (artifact id: 'c73fed30de3e790341265e9a3306482c') in 0.0014075 seconds
Start importing Assets/LayeredTerrain/GrassSoil/Square/LandformStoneRoad/Mask-03.asset using Guid(df1e863caf3bc5441a0d4c507b76c311) (NativeFormatImporter) -> (artifact id: 'a9a2fb8e8c6cb1c0cdbe880f9de699ac') in 0.0027229 seconds
Start importing Assets/LayeredTerrain/GrassSoil/Square/LandformGrass/GrassSquareLandformTileSet.asset using Guid(ef399dc10411dd84ab6a276f72e506ea) (NativeFormatImporter) -> (artifact id: '3f3f806b6373e60abb62a5adaf65a9f7') in 0.0015824 seconds
Refreshing native plugins compatible for Editor in 0.21 ms, found 0 plugins.
Preloading 0 native plugins for Editor in 0.00 ms.
Asset Pipeline Refresh (id=d59cdb3303ddb9444b817b066a8177a4): Total: 0.106 seconds - Initiated by StopAssetImportingV2(NoUpdateAssetOptions)
Native 256 px square grass, soil and stone-road landforms generated.
UnityEngine.Debug:ExtractStackTraceNoAlloc (byte*,int,string)
UnityEngine.StackTraceUtility:ExtractStackTrace ()
UnityEngine.DebugLogHandler:Internal_Log (UnityEngine.LogType,UnityEngine.LogOption,string,UnityEngine.Object)
UnityEngine.DebugLogHandler:LogFormat (UnityEngine.LogType,UnityEngine.Object,string,object[])
UnityEngine.Logger:Log (UnityEngine.LogType,object)
UnityEngine.Debug:Log (object)
FruitDefense.Editor.SquareTerrainArtGenerator:GenerateDeterministicLandforms () (at Assets/Editor/Tools/SquareTerrainArtGenerator.cs:87)
FruitDefense.Editor.SquareTerrainArtGenerator:GenerateAvailableSquareAssets () (at Assets/Editor/Tools/SquareTerrainArtGenerator.cs:134)
FruitDefense.Editor.LayeredTerrainArtSetup:EnsurePaletteAssets () (at Assets/Editor/Tools/LayeredTerrainArtSetup.cs:62)
FruitDefense.Editor.LayeredTerrainTilemapSmoke:Validate () (at Assets/Editor/Tests/LayeredTerrainTilemapSmoke.cs:14)
FruitDefense.Editor.ProjectSetup:SmokeValidate () (at Assets/Editor/Tools/ProjectSetup.cs:247)
FruitDefense.Editor.P0ValidationSuite:Run () (at Assets/Editor/Tests/P0ValidationSuite.cs:18)

(Filename: Assets/Editor/Tools/SquareTerrainArtGenerator.cs Line: 87)

Asset Pipeline Refresh (id=ccfa9d1cda786a840b01a680842d08b8): Total: 0.040 seconds - Initiated by RefreshV2(NoUpdateAssetOptions)
Start importing Assets/LayeredTerrain/GrassSoil/Square/EdgeGrassOnSoilPainted/Mask-15.asset using Guid(a17969b175ec3354c8fe533c48257f94) (NativeFormatImporter) -> (artifact id: '99f211a0ff210a0c86467a3e625714fe') in 0.0018062 seconds
Start importing Assets/LayeredTerrain/GrassSoil/Square/EdgeGrassOnSoilPainted/Mask-04.asset using Guid(e2449efc0c1116648a5b9cbfe33d8e81) (NativeFormatImporter) -> (artifact id: '18145ed9e628d5f8340c44824db6c8be') in 0.0015153 seconds
Start importing Assets/LayeredTerrain/GrassSoil/Square/EdgeGrassOnSoilPainted/Mask-14.asset using Guid(4328f421ed4ea34439d6e4e50990e24a) (NativeFormatImporter) -> (artifact id: '6bbe4451c7dca2d4de869403308041cf') in 0.0014066 seconds
Start importing Assets/LayeredTerrain/GrassSoil/Square/EdgeGrassOnSoilPainted/Mask-11.asset using Guid(04aab987cd98a4440b66bb727667d8db) (NativeFormatImporter) -> (artifact id: 'eb6fb6ecd423e575e0946462aa243d66') in 0.0013262 seconds
Start importing Assets/LayeredTerrain/GrassSoil/Square/EdgeGrassOnSoilPainted/Mask-13.asset using Guid(75f61e4d96323eb4e906226b1dd8a16a) (NativeFormatImporter) -> (artifact id: '7952dc870547efbd422b012b46d2b17a') in 0.00148 seconds
Start importing Assets/LayeredTerrain/GrassSoil/Square/EdgeGrassOnSoilPainted/Mask-08.asset using Guid(062a9acbc752b0342becc47471c8dad4) (NativeFormatImporter) -> (artifact id: 'ee86fce3dc4587f247fc6e398cfff9cd') in 0.001301 seconds
Start importing Assets/LayeredTerrain/GrassSoil/Square/EdgeGrassOnSoilPainted/Mask-12.asset using Guid(17347530ba5655e4cb59ff249a976ea1) (NativeFormatImporter) -> (artifact id: '27e6bc4eabc1e74cb23636389ffd9263') in 0.0012664 seconds
Start importing Assets/LayeredTerrain/GrassSoil/Square/EdgeGrassOnSoilPainted/Mask-00.asset using Guid(676ca911d7a7bbf408a30856d7cc6990) (NativeFormatImporter) -> (artifact id: '557d3d98682769dd5e96ded56f4299cf') in 0.0013249 seconds
Start importing Assets/LayeredTerrain/GrassSoil/Square/EdgeGrassOnSoilPainted/Mask-10.asset using Guid(e75c1031ec799e0448fd29d3082006b4) (NativeFormatImporter) -> (artifact id: 'c8e41218e8984dd46c91b31d7703de4f') in 0.0012759 seconds
Start importing Assets/LayeredTerrain/GrassSoil/Square/EdgeGrassOnSoilPainted/Mask-09.asset using Guid(a8a7730f3a6dd484198f1b19fed8a24f) (NativeFormatImporter) -> (artifact id: '5597baddb442bf8a928e37d39723d50b') in 0.0012908 seconds
Start importing Assets/LayeredTerrain/GrassSoil/Square/EdgeGrassOnSoilPainted/Mask-07.asset using Guid(f8b2f90201834fa478634d3f30f6af16) (NativeFormatImporter) -> (artifact id: 'a306cb5e617a8648a67a81dc94516e9e') in 0.0014182 seconds
Start importing Assets/LayeredTerrain/GrassSoil/Square/EdgeGrassOnSoilPainted/Mask-06.asset using Guid(19882d23e028ac94e8abd02f91624ba8) (NativeFormatImporter) -> (artifact id: '54900e8224e5828f7c6a4f69fec6db72') in 0.0013999 seconds
Start importing Assets/LayeredTerrain/GrassSoil/Square/EdgeGrassOnSoilPainted/Mask-01.asset using Guid(b94d4b2cd03a1b04b83a81974d966227) (NativeFormatImporter) -> (artifact id: '7caf427609fab688c51f9caa2ce6a79f') in 0.0013138 seconds
Start importing Assets/LayeredTerrain/GrassSoil/Square/EdgeGrassOnSoilPainted/Mask-03.asset using Guid(1a4a3cc4af69bbc4aaabde52016c4f95) (NativeFormatImporter) -> (artifact id: 'af45f85c0f45a239757e36be7c184f6c') in 0.0012163 seconds
Start importing Assets/LayeredTerrain/GrassSoil/Square/EdgeGrassOnSoilPainted/Mask-05.asset using Guid(bacdc75efb95eda42aa6803845d196c4) (NativeFormatImporter) -> (artifact id: '6d469253745d86e884993bfadfef01d0') in 0.0014077 seconds
Start importing Assets/LayeredTerrain/GrassSoil/Square/EdgeGrassOnSoilPainted/GrassOnSoilSquarePaintedTileSet.asset using Guid(1b984e39e61f8734d8c54b032e84c3a3) (NativeFormatImporter) -> (artifact id: '612bda68ec02f7c1be620eb4ba627873') in 0.001341 seconds
Start importing Assets/LayeredTerrain/GrassSoil/Square/EdgeGrassOnSoilPainted/Mask-02.asset using Guid(8d6a7e51f29762f4796204a57546e522) (NativeFormatImporter) -> (artifact id: '504e9a251c8e415c78cba5f93910b005') in 0.0012347 seconds
Refreshing native plugins compatible for Editor in 0.16 ms, found 0 plugins.
Preloading 0 native plugins for Editor in 0.00 ms.
Asset Pipeline Refresh (id=95a8de58d6c23964f85e84c4621c3538): Total: 0.037 seconds - Initiated by StopAssetImportingV2(NoUpdateAssetOptions)
Accepted ribbon lip profile packaged as a top-down grass feather with base-grass RGB, guide-owned topology and no soil wall or outline.
UnityEngine.Debug:ExtractStackTraceNoAlloc (byte*,int,string)
UnityEngine.StackTraceUtility:ExtractStackTrace ()
UnityEngine.DebugLogHandler:Internal_Log (UnityEngine.LogType,UnityEngine.LogOption,string,UnityEngine.Object)
UnityEngine.DebugLogHandler:LogFormat (UnityEngine.LogType,UnityEngine.Object,string,object[])
UnityEngine.Logger:Log (UnityEngine.LogType,object)
UnityEngine.Debug:Log (object)
FruitDefense.Editor.SquareTerrainArtGenerator:PackageAcceptedGrassOnSoilCandidate () (at Assets/Editor/Tools/SquareTerrainArtGenerator.cs:126)
FruitDefense.Editor.SquareTerrainArtGenerator:GenerateAvailableSquareAssets () (at Assets/Editor/Tools/SquareTerrainArtGenerator.cs:138)
FruitDefense.Editor.LayeredTerrainArtSetup:EnsurePaletteAssets () (at Assets/Editor/Tools/LayeredTerrainArtSetup.cs:62)
FruitDefense.Editor.LayeredTerrainTilemapSmoke:Validate () (at Assets/Editor/Tests/LayeredTerrainTilemapSmoke.cs:14)
FruitDefense.Editor.ProjectSetup:SmokeValidate () (at Assets/Editor/Tools/ProjectSetup.cs:247)
FruitDefense.Editor.P0ValidationSuite:Run () (at Assets/Editor/Tests/P0ValidationSuite.cs:18)

(Filename: Assets/Editor/Tools/SquareTerrainArtGenerator.cs Line: 126)

Start importing Assets/LayeredTerrain/GrassSoil/LandformSoil/Mask-07.asset using Guid(40244693c163e6541baff892b129cb00) (NativeFormatImporter) -> (artifact id: 'e65830c68ae7e03467001a0296ab0069') in 0.0019254 seconds
Start importing Assets/LayeredTerrain/GrassSoil/EdgeGrassOnSoilRefined/Mask-07.asset using Guid(418e9fec0ca97b64ab0f4c86dc0fd006) (NativeFormatImporter) -> (artifact id: 'cd9c2cf18fdd38f609098f7d0cc15714') in 0.0014715 seconds
Start importing Assets/LayeredTerrain/CompositeBrushes/OriginalGrassSoil/OriginalGrassSoilReverseLandformTileSet.asset using Guid(813c3f8ce1d51a24093ce2c5ed1547fa) (NativeFormatImporter) -> (artifact id: 'b5291246265ecb7af0dd8a3a19f371a0') in 0.0013972 seconds
Start importing Assets/LayeredTerrain/GrassSoil/Authoring/SoilBase.asset using Guid(a158e7b4dd9e7c448b398f9b22a9f9c2) (NativeFormatImporter) -> (artifact id: '1d93f5ffd6651520cc292a513066cccb') in 0.0014098 seconds
Start importing Assets/LayeredTerrain/GrassSoil/EdgeGrassOnSoilRefined/Mask-05.asset using Guid(f15a3346efbbefb40babba4ef8f6ffa7) (NativeFormatImporter) -> (artifact id: '0325b05872f53d4d8922d91b29b864f9') in 0.0013431 seconds
Start importing Assets/LayeredTerrain/GrassSoil/LandformSoil/Mask-04.asset using Guid(f1fab5de0afca5445ba4970fcd52bbbe) (NativeFormatImporter) -> (artifact id: '09085b923c9ce06113de808e0225d25b') in 0.001304 seconds
Start importing Assets/LayeredTerrain/GrassSoil/EdgeGrassOnSoilRefined/Mask-14.asset using Guid(1292b21714ab41b4197a410a29053ee2) (NativeFormatImporter) -> (artifact id: '113ba810aee874d1280699a85e7183b6') in 0.0012967 seconds
Start importing Assets/LayeredTerrain/GrassSoil/LandformGrass/Mask-08.asset using Guid(52e1998e35a61a047bd24dd910b6bb8c) (NativeFormatImporter) -> (artifact id: '675f77c88e6e0d975abaaae9f510d95d') in 0.0015514 seconds
Start importing Assets/LayeredTerrain/GrassSoil/EdgeGrassOnSoilRefined/Mask-15.asset using Guid(a2ee8cf7722d54542bb6934c3c7acca3) (NativeFormatImporter) -> (artifact id: '6edcf8d7d3f26ee03919cdd607084ab1') in 0.0013216 seconds
Start importing Assets/LayeredTerrain/GrassSoil/EdgeGrassOnSoilRefined/Mask-11.asset using Guid(c29b700cc6f883f4d8d20d2a190eee05) (NativeFormatImporter) -> (artifact id: 'f51c180f858faa73b198142b42927cfc') in 0.0012764 seconds
Start importing Assets/LayeredTerrain/GrassSoil/LandformGrass/Mask-07.asset using Guid(d285b7a144ce1134ba6f4b02b003db14) (NativeFormatImporter) -> (artifact id: '0038d19d51d9c42dea9465db3b105f39') in 0.0014527 seconds
Start importing Assets/LayeredTerrain/GrassSoil/LandformSoil/Mask-01.asset using Guid(030d3f064f313fe4aa4dd2ab0ae33f07) (NativeFormatImporter) -> (artifact id: '3fd5251983b6578fd68bf6bc3bb3b4e3') in 0.0013739 seconds
Start importing Assets/LayeredTerrain/GrassSoil/EdgeGrassOnSoilRefined/Mask-10.asset using Guid(c32eb2f88b196e04f96b1b2b04ea7efe) (NativeFormatImporter) -> (artifact id: '2d01cd9893dc47967ba87373e479eb7e') in 0.0012568 seconds
Start importing Assets/LayeredTerrain/GrassSoil/LandformSoil/Mask-13.asset using Guid(04bdecbe02f95ef46986c7056c2b7c3b) (NativeFormatImporter) -> (artifact id: '15f31c02a38b8c10ecc25938dd45d64e') in 0.0012007 seconds
Start importing Assets/LayeredTerrain/GrassSoil/EdgeGrassOnSoilRefined/Mask-00.asset using Guid(e4a3c845026f4254892939518018693f) (NativeFormatImporter) -> (artifact id: '3a031e969e7d12b8ad7d8420c2b35c82') in 0.0013331 seconds
Start importing Assets/LayeredTerrain/GrassSoil/LandformSoil/Mask-03.asset using Guid(15a3542839f831f41a0a24e5e9e2f22c) (NativeFormatImporter) -> (artifact id: '6e77d59b695c8200cb85f17fa75a4b54') in 0.0012732 seconds
Start importing Assets/LayeredTerrain/GrassSoil/LandformSoil/Mask-02.asset using Guid(f587922c248637745a6249f84c52611e) (NativeFormatImporter) -> (artifact id: '75844366cc32f023f1e40453bee8aa54') in 0.0012521 seconds
Start importing Assets/LayeredTerrain/GrassSoil/LandformGrass/Mask-09.asset using Guid(165dc20b52db7d14488b55217f6ac108) (NativeFormatImporter) -> (artifact id: '72e38899c33e0e3ced6ed6d0356b17dc') in 0.0012299 seconds
Start importing Assets/LayeredTerrain/GrassSoil/LandformSoil/Mask-11.asset using Guid(86718e5a68b1dcc47854d71bba5a1c17) (NativeFormatImporter) -> (artifact id: '04f57e67d298deb7839321669f6f5937') in 0.0015716 seconds
Start importing Assets/LayeredTerrain/GrassSoil/EdgeGrassOnSoilRefined/Mask-09.asset using Guid(86c349d56e9db3e4e849d6749cdfbfbe) (NativeFormatImporter) -> (artifact id: 'a3a3937713e26dae2d17075614e230de') in 0.0012492 seconds
Start importing Assets/LayeredTerrain/CompositeBrushes/GrassSoil/GrassSoilReverseLandformTileSet.asset using Guid(17ff6febab517824eb695d29e0459a1f) (NativeFormatImporter) -> (artifact id: '3aac16350dc78571bdc4c034dd153e34') in 0.0012526 seconds
Start importing Assets/LayeredTerrain/GrassSoil/LandformSoil/Mask-09.asset using Guid(478b7d64a48c32541abd22cde03a7210) (NativeFormatImporter) -> (artifact id: 'df61b4f661f9c0aded60f089bd901d4a') in 0.0013727 seconds
Start importing Assets/LayeredTerrain/GrassSoil/LandformSoil/Mask-05.asset using Guid(878e7bb9dfa805f47b4b88fef4623c4b) (NativeFormatImporter) -> (artifact id: '6433cd5ece3fc29e9694b9c40d1cce7b') in 0.0012752 seconds
Start importing Assets/LayeredTerrain/CompositeBrushes/StoneWater/StoneWaterReverseLandformTileSet.asset using Guid(97ffcbb8c3ab6264e80693ccaf0c43de) (NativeFormatImporter) -> (artifact id: '098d79a46ae44df4e4eabca0ead85233') in 0.001268 seconds
Start importing Assets/LayeredTerrain/GrassSoil/LandformSoil/Mask-14.asset using Guid(a7806afe4f019d445bbf552f9eece05e) (NativeFormatImporter) -> (artifact id: 'e86c3f661d3698b3e540fda453881940') in 0.0011992 seconds
Start importing Assets/LayeredTerrain/GrassSoil/EdgeGrassOnSoilRefined/Mask-13.asset using Guid(a7d1a82699efeae47a6ca0a5bb112ae7) (NativeFormatImporter) -> (artifact id: 'a78e3ab795bab51c2fb8875ea81a3142') in 0.0013107 seconds
Start importing Assets/LayeredTerrain/GrassSoil/EdgeGrassOnSoilRefined/GrassOnSoilRefinedTileSet.asset using Guid(b75665e5083dab441a2805aa7b5e1562) (NativeFormatImporter) -> (artifact id: '9a378045af94549dd04c416ddd049034') in 0.0013293 seconds
Start importing Assets/LayeredTerrain/GrassSoil/LandformGrass/Mask-14.asset using Guid(c7287b8c949516949b483b111ceb39a0) (NativeFormatImporter) -> (artifact id: '742a261e597b802d91fa4c4b50193514') in 0.00126 seconds
Start importing Assets/LayeredTerrain/GrassSoil/LandformSoil/Mask-00.asset using Guid(88d5b3d83381240419fa7d0a9d6c2c63) (NativeFormatImporter) -> (artifact id: 'ec59939a8b52efe47b329a71ceccb6a9') in 0.0013621 seconds
Start importing Assets/LayeredTerrain/GrassSoil/LandformGrass/Mask-13.asset using Guid(e80621ea42744c243ac2ec385c32b338) (NativeFormatImporter) -> (artifact id: 'c073a20a8e0628f7baf4a55a699ae105') in 0.0015525 seconds
Start importing Assets/LayeredTerrain/GrassSoil/LandformGrass/Mask-00.asset using Guid(c92ffc9e81d587840892eb05cf844fbf) (NativeFormatImporter) -> (artifact id: '6de21ee1cddad2dc5dc822438a8f4094') in 0.0013143 seconds
Start importing Assets/LayeredTerrain/GrassSoil/LandformSoil/Mask-08.asset using Guid(d98e1448816e2f443a1e4e6b40e7cc25) (NativeFormatImporter) -> (artifact id: '8c84979613e06175002d882607152e4e') in 0.0012902 seconds
Start importing Assets/LayeredTerrain/GrassSoil/LandformSoil/Mask-15.asset using Guid(e95509ac4ec30484ab37daa221658805) (NativeFormatImporter) -> (artifact id: 'f96248f32c56c962dfe506862d5fb21b') in 0.0014782 seconds
Start importing Assets/LayeredTerrain/GrassSoil/EdgeGrassOnSoilRefined/Mask-06.asset using Guid(e9ac41d989ad93f4ca1a691487107c16) (NativeFormatImporter) -> (artifact id: 'e9daccbac2653977ee343c02f273f598') in 0.0012682 seconds
Start importing Assets/LayeredTerrain/GrassSoil/LandformSoil/Mask-10.asset using Guid(f95d6c7578efacd4cb1f12c63e1d8ff8) (NativeFormatImporter) -> (artifact id: '90d43f8749769d1781298dd6bba5d61f') in 0.0012488 seconds
Start importing Assets/LayeredTerrain/GrassSoil/LandformGrass/Mask-10.asset using Guid(0a64b675a1f765c409b8f9deea1eb208) (NativeFormatImporter) -> (artifact id: '09c03947b8c465db650824308fe637f1') in 0.001353 seconds
Start importing Assets/LayeredTerrain/GrassSoil/EdgeGrassOnSoilRefined/Mask-12.asset using Guid(3a09b8d94e4515f4fa39c4292c8052a7) (NativeFormatImporter) -> (artifact id: 'af83cf963396621d9d3bad458f6ed2a9') in 0.0013408 seconds
Start importing Assets/LayeredTerrain/GrassSoil/LandformSoil/Mask-06.asset using Guid(4ab46eb735954bf45977209e4a936a01) (NativeFormatImporter) -> (artifact id: '8450f37df15f7709b95c5c346493f1fd') in 0.0013209 seconds
Start importing Assets/LayeredTerrain/GrassSoil/LandformGrass/Mask-15.asset using Guid(7a5208b63b1d6284285e932c3708e65d) (NativeFormatImporter) -> (artifact id: '67ddae65d0c7a750e13eb34b9baf8365') in 0.0014236 seconds
Start importing Assets/LayeredTerrain/GrassSoil/LandformGrass/Mask-05.asset using Guid(3b4a2864fb45c5b4fae56fc1f697bbdd) (NativeFormatImporter) -> (artifact id: 'cf3f476c92289c5b074cb8ea3198ce61') in 0.0013464 seconds
Start importing Assets/LayeredTerrain/GrassSoil/EdgeGrassOnSoilRefined/Mask-08.asset using Guid(9b3d0613b51d86146bf5ea0994b42ddd) (NativeFormatImporter) -> (artifact id: '4e302c1a03e18f66e6c41c139ec180d3') in 0.0012779 seconds
Start importing Assets/LayeredTerrain/GrassSoil/LandformGrass/Mask-11.asset using Guid(bb6bc251a6bbcf54480e7f80f2181f2a) (NativeFormatImporter) -> (artifact id: '857582d6d96bb87d66880447573db021') in 0.001265 seconds
Start importing Assets/LayeredTerrain/GrassSoil/LandformSoil/Mask-12.asset using Guid(3cfb4949c07b1bf43bc66661515525d7) (NativeFormatImporter) -> (artifact id: '3a6ea6ab140b5d680c9d80d68e71cee7') in 0.001385 seconds
Start importing Assets/LayeredTerrain/GrassSoil/EdgeGrassOnSoilRefined/Mask-04.asset using Guid(6cca3f06a711ab34992417d66eeec087) (NativeFormatImporter) -> (artifact id: 'be2a2aeb01573b6be77d3a2b070fef25') in 0.0013274 seconds
Start importing Assets/LayeredTerrain/GrassSoil/Authoring/GrassBase.asset using Guid(3d71b1ea4e270714eb43b3b4541cda21) (NativeFormatImporter) -> (artifact id: '3f5ae16e96393bccc7f5f4d3650a3ce6') in 0.0012716 seconds
Start importing Assets/LayeredTerrain/GrassSoil/LandformGrass/Mask-06.asset using Guid(5d15d49b3c156ae479bd995b33107c67) (NativeFormatImporter) -> (artifact id: '05abb2ca9d5f1492af0ec896fb864d4e') in 0.0012289 seconds
Start importing Assets/LayeredTerrain/GrassSoil/LandformGrass/Mask-01.asset using Guid(7d609e3f17078a44f9a89e21b68ae180) (NativeFormatImporter) -> (artifact id: 'a1ebd9002be9baca60bb274969bc4dc2') in 0.0014222 seconds
Start importing Assets/LayeredTerrain/GrassSoil/LandformGrass/Mask-04.asset using Guid(ede22ab8e9b7bcc4da28aa41887e8614) (NativeFormatImporter) -> (artifact id: '42c1c0d805e7b323f147012ab0eb20fb') in 0.0013076 seconds
Start importing Assets/LayeredTerrain/GrassSoil/LandformSoil/SoilLandformTileSet.asset using Guid(3e1155418d0567f44af4b96697c9dd09) (NativeFormatImporter) -> (artifact id: 'df15b8c45196950bc4219bee97aafc82') in 0.0014082 seconds
Start importing Assets/LayeredTerrain/GrassSoil/EdgeGrassOnSoilRefined/Mask-02.asset using Guid(6ef5433501c908740932ed7d05777790) (NativeFormatImporter) -> (artifact id: '25936841c896ee6e32acaadabe2f5ad9') in 0.0013255 seconds
Start importing Assets/LayeredTerrain/GrassSoil/EdgeGrassOnSoilRefined/Mask-01.asset using Guid(8e0671f07975b7c43b734d81c5ff11bc) (NativeFormatImporter) -> (artifact id: 'c6f3c5aa165967eeb465f4156418931b') in 0.0013708 seconds
Start importing Assets/LayeredTerrain/GrassSoil/EdgeGrassOnSoilRefined/Mask-03.asset using Guid(de5135a77f40df84b9a7170011242e63) (NativeFormatImporter) -> (artifact id: 'c4b8007304dbcd55f4ed04fb4957f5a6') in 0.0012721 seconds
Start importing Assets/LayeredTerrain/GrassSoil/LandformGrass/GrassLandformTileSet.asset using Guid(2fc47b69529dfb541a089c835adb5ce8) (NativeFormatImporter) -> (artifact id: '7d9b947ceee84338616124256f8ad829') in 0.0012592 seconds
Start importing Assets/LayeredTerrain/GrassSoil/LandformGrass/Mask-12.asset using Guid(bfcde0f6045b297478b7cca21b2bd212) (NativeFormatImporter) -> (artifact id: 'fcc2d08d622fb7725cf22421d7d46e31') in 0.0013793 seconds
Start importing Assets/LayeredTerrain/GrassSoil/LandformGrass/Mask-02.asset using Guid(cfb8b16aec24e064ba3c8b202f110c99) (NativeFormatImporter) -> (artifact id: '918a9e9785ac5cd4f4174f2fe29d6d53') in 0.0012451 seconds
Start importing Assets/LayeredTerrain/GrassSoil/LandformGrass/Mask-03.asset using Guid(cf797356fdd5ba54fb021059b4e0c786) (NativeFormatImporter) -> (artifact id: '297c0fc42e401c9d7fd0a377a3b5b28e') in 0.0012135 seconds
Refreshing native plugins compatible for Editor in 0.18 ms, found 0 plugins.
Preloading 0 native plugins for Editor in 0.00 ms.
Asset Pipeline Refresh (id=50e23948bf5e457458ca8bed1c72474d): Total: 0.102 seconds - Initiated by StopAssetImportingV2(NoUpdateAssetOptions)
Start importing Assets/LayeredTerrain/CompositeBrushes/OriginalGrassSoil/OriginalGrassSoilBrush.asset using Guid(21a71232d6e654e4b8c7960242ff7182) (NativeFormatImporter) -> (artifact id: '3547d87e50bc075e0e2036afaef240e2') in 0.0016085 seconds
Start importing Assets/LayeredTerrain/CompositeBrushes/OriginalGrassSoil/OriginalGrassSoilReverseLandformTileSet.asset using Guid(813c3f8ce1d51a24093ce2c5ed1547fa) (NativeFormatImporter) -> (artifact id: 'b5291246265ecb7af0dd8a3a19f371a0') in 0.0013817 seconds
Refreshing native plugins compatible for Editor in 0.17 ms, found 0 plugins.
Preloading 0 native plugins for Editor in 0.00 ms.
Asset Pipeline Refresh (id=6ed801fc270bd944782d2464e26d0030): Total: 0.013 seconds - Initiated by StopAssetImportingV2(NoUpdateAssetOptions)
Start importing Assets/Battlefield/Terrain/OrchardDefaultTerrainPalette.asset using Guid(8f09d513b82ee0048abd5a50378dbb0c) (NativeFormatImporter) -> (artifact id: 'af117db4ea5f59db66e2603074e05e44') in 0.0017623 seconds
Refreshing native plugins compatible for Editor in 0.19 ms, found 0 plugins.
Preloading 0 native plugins for Editor in 0.00 ms.
Asset Pipeline Refresh (id=02fe7964a5b36204ca2bebf0912487b4): Total: 0.011 seconds - Initiated by StopAssetImportingV2(NoUpdateAssetOptions)
FRUIT_DEFENSE_LAYERED_TERRAIN_TILEMAP_OK
UnityEngine.Debug:ExtractStackTraceNoAlloc (byte*,int,string)
UnityEngine.StackTraceUtility:ExtractStackTrace ()
UnityEngine.DebugLogHandler:Internal_Log (UnityEngine.LogType,UnityEngine.LogOption,string,UnityEngine.Object)
UnityEngine.DebugLogHandler:LogFormat (UnityEngine.LogType,UnityEngine.Object,string,object[])
UnityEngine.Logger:Log (UnityEngine.LogType,object)
UnityEngine.Debug:Log (object)
FruitDefense.Editor.LayeredTerrainTilemapSmoke:Validate () (at Assets/Editor/Tests/LayeredTerrainTilemapSmoke.cs:153)
FruitDefense.Editor.ProjectSetup:SmokeValidate () (at Assets/Editor/Tools/ProjectSetup.cs:247)
FruitDefense.Editor.P0ValidationSuite:Run () (at Assets/Editor/Tests/P0ValidationSuite.cs:18)

(Filename: Assets/Editor/Tests/LayeredTerrainTilemapSmoke.cs Line: 153)

Asset Pipeline Refresh (id=8c2abde75800fc94fb24ee30f4d416f3): Total: 0.012 seconds - Initiated by RefreshV2(NoUpdateAssetOptions)
Asset Pipeline Refresh (id=26eedaed80901d24ba2dfc85b0ca69ed): Total: 0.038 seconds - Initiated by RefreshV2(NoUpdateAssetOptions)
Square contour topology guide generated: Assets/LayeredTerrain/GrassSoil/Square/Topology/SquareContourTopologyGuide.png
UnityEngine.Debug:ExtractStackTraceNoAlloc (byte*,int,string)
UnityEngine.StackTraceUtility:ExtractStackTrace ()
UnityEngine.DebugLogHandler:Internal_Log (UnityEngine.LogType,UnityEngine.LogOption,string,UnityEngine.Object)
UnityEngine.DebugLogHandler:LogFormat (UnityEngine.LogType,UnityEngine.Object,string,object[])
UnityEngine.Logger:Log (UnityEngine.LogType,object)
UnityEngine.Debug:Log (object)
FruitDefense.Editor.SquareTerrainArtGenerator:GenerateTopologyGuide () (at Assets/Editor/Tools/SquareTerrainArtGenerator.cs:42)
FruitDefense.Editor.SquareTerrainArtGenerator:GenerateAvailableSquareAssets () (at Assets/Editor/Tools/SquareTerrainArtGenerator.cs:133)
FruitDefense.Editor.LayeredTerrainArtSetup:EnsurePaletteAssets () (at Assets/Editor/Tools/LayeredTerrainArtSetup.cs:62)
FruitDefense.Editor.LayeredTerrainPainterSmoke:Validate () (at Assets/Editor/Tests/LayeredTerrainPainterSmoke.cs:18)
FruitDefense.Editor.ProjectSetup:SmokeValidate () (at Assets/Editor/Tools/ProjectSetup.cs:248)
FruitDefense.Editor.P0ValidationSuite:Run () (at Assets/Editor/Tests/P0ValidationSuite.cs:18)

(Filename: Assets/Editor/Tools/SquareTerrainArtGenerator.cs Line: 42)

Asset Pipeline Refresh (id=76530308d4b93c041962a43053b5e3c5): Total: 0.030 seconds - Initiated by RefreshV2(NoUpdateAssetOptions)
Asset Pipeline Refresh (id=040641ba990fc1248a5bbcd91bd56c32): Total: 0.031 seconds - Initiated by RefreshV2(NoUpdateAssetOptions)
Asset Pipeline Refresh (id=23ae911ab520af74e8b919bac39f8aa9): Total: 0.031 seconds - Initiated by RefreshV2(NoUpdateAssetOptions)
Start importing Assets/LayeredTerrain/GrassSoil/Square/LandformStoneRoad/Mask-07.asset using Guid(b02fd980a2abc6b41974d859a777fb1d) (NativeFormatImporter) -> (artifact id: '09027e8d963d8fd928277d96f7735e27') in 0.0020734 seconds
Start importing Assets/LayeredTerrain/GrassSoil/Square/LandformGrass/Mask-05.asset using Guid(d04330ef8020b8a41b9e4589cb202101) (NativeFormatImporter) -> (artifact id: '4e5972f1b6c2ded32e8e48532b67135b') in 0.001672 seconds
Start importing Assets/LayeredTerrain/GrassSoil/Square/LandformGrass/Mask-12.asset using Guid(d00b41817e9bc0741ad148ea3e94519a) (NativeFormatImporter) -> (artifact id: '9d0a3a48e4156b96b3c76ca702bf7bff') in 0.0016215 seconds
Start importing Assets/LayeredTerrain/GrassSoil/Square/LandformStoneRoad/Mask-13.asset using Guid(116a8c3b6ac195a4ebb8e3c7a9989ddc) (NativeFormatImporter) -> (artifact id: '871e193410b26687800828802aef7920') in 0.001459 seconds
Start importing Assets/LayeredTerrain/GrassSoil/Square/LandformGrass/Mask-02.asset using Guid(315648227c153724090125e98f4cba15) (NativeFormatImporter) -> (artifact id: 'd08b86b0e86b5ac26e9107766d5008d1') in 0.0013327 seconds
Start importing Assets/LayeredTerrain/GrassSoil/Square/LandformStoneRoad/Mask-11.asset using Guid(519050a0a5a9f5847b095ee0b83437a0) (NativeFormatImporter) -> (artifact id: 'ae100c2ae270a66d81134616e885003c') in 0.0013256 seconds
Start importing Assets/LayeredTerrain/GrassSoil/Square/LandformGrass/Mask-14.asset using Guid(81815b76ad7c06c47bf1bc7b65624ffd) (NativeFormatImporter) -> (artifact id: 'e00c4c5ecbd51682bc3c65bf8d862a23') in 0.0013581 seconds
Start importing Assets/LayeredTerrain/GrassSoil/Square/LandformSoil/Mask-03.asset using Guid(b1c5384b4651e4a4a82d483cc64aae79) (NativeFormatImporter) -> (artifact id: '45c12fb41048b850cd7cb0f3e535436a') in 0.001385 seconds
Start importing Assets/LayeredTerrain/GrassSoil/Square/LandformGrass/Mask-15.asset using Guid(027119ab30d86a546a5d935d6e9ec608) (NativeFormatImporter) -> (artifact id: '7e821f282e19a2a4d5825e548df9693a') in 0.0013851 seconds
Start importing Assets/LayeredTerrain/GrassSoil/Square/LandformGrass/Mask-00.asset using Guid(13f70a46e499e0146bffd256e7c14483) (NativeFormatImporter) -> (artifact id: '2a9713a59b72231d0d554c49e274b85a') in 0.0013302 seconds
Start importing Assets/LayeredTerrain/GrassSoil/Square/LandformSoil/Mask-00.asset using Guid(8303f71f8469fd7459473d47391ab0b3) (NativeFormatImporter) -> (artifact id: '1442dfc314550b70b27dde3dada60cc7') in 0.0013439 seconds
Start importing Assets/LayeredTerrain/GrassSoil/Square/LandformSoil/Mask-01.asset using Guid(d33072ada9e1bb749adcc5938680d51a) (NativeFormatImporter) -> (artifact id: '7a8f58bad24b64f744799cb0b0b9228f') in 0.0012953 seconds
Start importing Assets/LayeredTerrain/GrassSoil/Square/LandformStoneRoad/Mask-09.asset using Guid(d30b19c2c64338a4fa9211b305cf65b1) (NativeFormatImporter) -> (artifact id: '59211e6be04f7e5724ec1a1b38221d71') in 0.0013607 seconds
Start importing Assets/LayeredTerrain/GrassSoil/Square/LandformSoil/Mask-13.asset using Guid(548b829df136ae948902efdc96ee70bb) (NativeFormatImporter) -> (artifact id: 'd770f2a72e8453a69c8ff146ee623ca5') in 0.0014776 seconds
Start importing Assets/LayeredTerrain/GrassSoil/Square/LandformStoneRoad/Mask-00.asset using Guid(74d1d4b679c3aec43af1bd30b6c4aea1) (NativeFormatImporter) -> (artifact id: '4c60ffb732228db343f89511449fce3b') in 0.0013099 seconds
Start importing Assets/LayeredTerrain/GrassSoil/Square/LandformGrass/Mask-01.asset using Guid(35cbc7e6bd8f2f84d9c7965779c9b2eb) (NativeFormatImporter) -> (artifact id: '7cd6fe12f157cd0a0b2a210183323c21') in 0.0013171 seconds
Start importing Assets/LayeredTerrain/GrassSoil/Square/LandformGrass/Mask-10.asset using Guid(5728d44dd2630ff40849746ce5d849d7) (NativeFormatImporter) -> (artifact id: '57d0e56c944d10ea9c02adfa74800a28') in 0.0015075 seconds
Start importing Assets/LayeredTerrain/GrassSoil/Square/LandformSoil/Mask-09.asset using Guid(67347eef4df492941b15d16b687e2cb7) (NativeFormatImporter) -> (artifact id: '0b3fee03fb07b35a5fbe9374ec056b4b') in 0.0017792 seconds
Start importing Assets/LayeredTerrain/GrassSoil/Square/LandformGrass/Mask-04.asset using Guid(87737865bdb87ec43864ad3d997d7626) (NativeFormatImporter) -> (artifact id: '83b9f8cc1d095defdc009bd1839b690f') in 0.0013108 seconds
Start importing Assets/LayeredTerrain/GrassSoil/Square/LandformSoil/Mask-02.asset using Guid(87e33da937f65d34fb027eebfd8c1343) (NativeFormatImporter) -> (artifact id: '031756e6cc2b3a5ef2ddcaf8740ee21f') in 0.0013889 seconds
Start importing Assets/LayeredTerrain/GrassSoil/Square/LandformGrass/Mask-08.asset using Guid(b781c12832a4cd84392ab7d35a405505) (NativeFormatImporter) -> (artifact id: 'c734ab3f59a9e28ca19de35691f15a63') in 0.0016841 seconds
Start importing Assets/LayeredTerrain/GrassSoil/Square/LandformStoneRoad/Mask-04.asset using Guid(f70ec30b59552144a97e4da8fea5520c) (NativeFormatImporter) -> (artifact id: '67ab708a109917ddbe110252083911c2') in 0.001487 seconds
Start importing Assets/LayeredTerrain/GrassSoil/Square/LandformStoneRoad/Mask-05.asset using Guid(08c7afe6a1108a84b9f8ac99c7fa610e) (NativeFormatImporter) -> (artifact id: 'a8026e8f0c10f4b634f0c477d7f79ba5') in 0.0015884 seconds
Start importing Assets/LayeredTerrain/GrassSoil/Square/LandformStoneRoad/Mask-14.asset using Guid(39202684bd500f14184c5131ac46a6dd) (NativeFormatImporter) -> (artifact id: 'b43c0e8abc2951d26427ba0ee51e7ebb') in 0.0015643 seconds
Start importing Assets/LayeredTerrain/GrassSoil/Square/LandformSoil/SoilSquareLandformTileSet.asset using Guid(897d878e9497c6e4d935ea42058d6001) (NativeFormatImporter) -> (artifact id: '17e85a477bcdc5aaf3c7a2ca1f1f5d8e') in 0.001388 seconds
Start importing Assets/LayeredTerrain/GrassSoil/Square/LandformStoneRoad/StoneRoadSquareLandformTileSet.asset using Guid(0a6730ef0e26d5b49b9ae3129ee21909) (NativeFormatImporter) -> (artifact id: '48456893df0f467254b3256235820444') in 0.0015441 seconds
Start importing Assets/LayeredTerrain/GrassSoil/Square/LandformStoneRoad/Mask-10.asset using Guid(caa578d738fb0414e820ab1e3541b03f) (NativeFormatImporter) -> (artifact id: 'be4dcdbbc4fe728152242b70b5e9bb78') in 0.001701 seconds
Start importing Assets/LayeredTerrain/GrassSoil/Square/LandformSoil/Mask-07.asset using Guid(2ce20b5da48d1ae43956c41d22ecd92e) (NativeFormatImporter) -> (artifact id: '7c41af1778c9689fc8cf1f4e4fcccd2c') in 0.0013756 seconds
Start importing Assets/LayeredTerrain/GrassSoil/Square/LandformSoil/Mask-11.asset using Guid(2c6bd62321830da498ea7724ae626857) (NativeFormatImporter) -> (artifact id: 'b1033fab3dddb68d369a244413a84ab3') in 0.0014143 seconds
Start importing Assets/LayeredTerrain/GrassSoil/Square/LandformStoneRoad/Mask-15.asset using Guid(5cbc1f25709453b4a90de7054d0ce9b7) (NativeFormatImporter) -> (artifact id: 'ca75aea14a03badd729ba37b57fc7710') in 0.0016557 seconds
Start importing Assets/LayeredTerrain/GrassSoil/Square/LandformGrass/Mask-09.asset using Guid(8c5fb632240287d48a17621f58d3a651) (NativeFormatImporter) -> (artifact id: '77c6cf5113d6c96189dbf6818d84fd5f') in 0.001457 seconds
Start importing Assets/LayeredTerrain/GrassSoil/Square/LandformSoil/Mask-12.asset using Guid(bc85f424c35a6c845b2186949136a828) (NativeFormatImporter) -> (artifact id: '08c355397adee775c3834a7a7a0bf465') in 0.0013177 seconds
Start importing Assets/LayeredTerrain/GrassSoil/Square/LandformSoil/Mask-10.asset using Guid(0dfe2c0efe3330c4d9570f0061d459b9) (NativeFormatImporter) -> (artifact id: '88decb540b9e036a0400c2d34dbc707c') in 0.001483 seconds
Start importing Assets/LayeredTerrain/GrassSoil/Square/LandformGrass/Mask-03.asset using Guid(1db706b3e9547554e9081663c6442ba0) (NativeFormatImporter) -> (artifact id: 'fdfbe87044d88284093ccc42787947e0') in 0.0013741 seconds
Start importing Assets/LayeredTerrain/GrassSoil/Square/LandformStoneRoad/Mask-02.asset using Guid(1d9b71389b4697e4586703b25f185da7) (NativeFormatImporter) -> (artifact id: 'dbb50fa57ab28462356bbd1a8ebab835') in 0.0013022 seconds
Start importing Assets/LayeredTerrain/GrassSoil/Square/LandformSoil/Mask-05.asset using Guid(2de42da45e48f974e9a74a6970e6e643) (NativeFormatImporter) -> (artifact id: '6e739e360d22b33fd378e6acefe9d800') in 0.001779 seconds
Start importing Assets/LayeredTerrain/GrassSoil/Square/LandformGrass/Mask-11.asset using Guid(5d253dc28016ae64db4653758ac0af88) (NativeFormatImporter) -> (artifact id: '4dbb166b77c04b10385ee89749d834d3') in 0.0014979 seconds
Start importing Assets/LayeredTerrain/GrassSoil/Square/LandformSoil/Mask-04.asset using Guid(5d4806f722710eb40b1cf937cc6498b6) (NativeFormatImporter) -> (artifact id: 'a825e4a02be2364dca6cd5d251c2a1af') in 0.001344 seconds
Start importing Assets/LayeredTerrain/GrassSoil/Square/LandformStoneRoad/Mask-01.asset using Guid(add98a42caf91414387900c1b29b92c6) (NativeFormatImporter) -> (artifact id: 'a1a43dffdd1f7cdd6311169ade464c57') in 0.0016883 seconds
Start importing Assets/LayeredTerrain/GrassSoil/Square/LandformGrass/Mask-06.asset using Guid(cd0f4d7279da9f84caa8c319e7ab29f9) (NativeFormatImporter) -> (artifact id: '52937737c65259daea7bed84aa0a8a04') in 0.0016523 seconds
Start importing Assets/LayeredTerrain/GrassSoil/Square/LandformGrass/Mask-07.asset using Guid(4e65cf042fab2c1448282809779edb8a) (NativeFormatImporter) -> (artifact id: '8cc68977b954eb6d618706e748b65e8b') in 0.0017291 seconds
Start importing Assets/LayeredTerrain/GrassSoil/Square/LandformGrass/Mask-13.asset using Guid(7e2014d33d57f294f97dea5ed30b730c) (NativeFormatImporter) -> (artifact id: '93ec9328dc52bc61493ece4ef09f812b') in 0.0017614 seconds
Start importing Assets/LayeredTerrain/GrassSoil/Square/LandformSoil/Mask-14.asset using Guid(ae949dd8d7965fa41b1d3481d8bf8e30) (NativeFormatImporter) -> (artifact id: '13d3e8fadf25938fb6084c9eacdc285d') in 0.0013498 seconds
Start importing Assets/LayeredTerrain/GrassSoil/Square/LandformStoneRoad/Mask-08.asset using Guid(aecab5b9f537b5349adcff0900809717) (NativeFormatImporter) -> (artifact id: '6723e7d6eab214144e2a993643460ee5') in 0.0013077 seconds
Start importing Assets/LayeredTerrain/GrassSoil/Square/LandformSoil/Mask-15.asset using Guid(ce833c44287e15a44945e738038eb1c3) (NativeFormatImporter) -> (artifact id: '7c1ac2f82e318d432012af6c6509f07a') in 0.0014832 seconds
Start importing Assets/LayeredTerrain/GrassSoil/Square/LandformSoil/Mask-08.asset using Guid(ee6f4f16a4085914dbcb15919c60654c) (NativeFormatImporter) -> (artifact id: '2a403aad88716c1a9d6ee321599dc86f') in 0.0013696 seconds
Start importing Assets/LayeredTerrain/GrassSoil/Square/LandformStoneRoad/Mask-12.asset using Guid(2f49f6b2d05a8804097e79c69e515dc3) (NativeFormatImporter) -> (artifact id: '3512849ba8746b3929337e37047f52c2') in 0.0012988 seconds
Start importing Assets/LayeredTerrain/GrassSoil/Square/LandformSoil/Mask-06.asset using Guid(3ff6ff5cd14cc7441a6a84cdde5ff745) (NativeFormatImporter) -> (artifact id: 'c47a955bf9dc32d5bb761f8069ffd421') in 0.0016942 seconds
Start importing Assets/LayeredTerrain/GrassSoil/Square/LandformStoneRoad/Mask-06.asset using Guid(df46002ea561b404889b370e84a77f83) (NativeFormatImporter) -> (artifact id: 'c73fed30de3e790341265e9a3306482c') in 0.0013478 seconds
Start importing Assets/LayeredTerrain/GrassSoil/Square/LandformStoneRoad/Mask-03.asset using Guid(df1e863caf3bc5441a0d4c507b76c311) (NativeFormatImporter) -> (artifact id: 'a9a2fb8e8c6cb1c0cdbe880f9de699ac') in 0.0014091 seconds
Start importing Assets/LayeredTerrain/GrassSoil/Square/LandformGrass/GrassSquareLandformTileSet.asset using Guid(ef399dc10411dd84ab6a276f72e506ea) (NativeFormatImporter) -> (artifact id: '3f3f806b6373e60abb62a5adaf65a9f7') in 0.001339 seconds
Refreshing native plugins compatible for Editor in 0.18 ms, found 0 plugins.
Preloading 0 native plugins for Editor in 0.00 ms.
Asset Pipeline Refresh (id=8f8c463650cd1524484e7d0531c1f8c3): Total: 0.103 seconds - Initiated by StopAssetImportingV2(NoUpdateAssetOptions)
Native 256 px square grass, soil and stone-road landforms generated.
UnityEngine.Debug:ExtractStackTraceNoAlloc (byte*,int,string)
UnityEngine.StackTraceUtility:ExtractStackTrace ()
UnityEngine.DebugLogHandler:Internal_Log (UnityEngine.LogType,UnityEngine.LogOption,string,UnityEngine.Object)
UnityEngine.DebugLogHandler:LogFormat (UnityEngine.LogType,UnityEngine.Object,string,object[])
UnityEngine.Logger:Log (UnityEngine.LogType,object)
UnityEngine.Debug:Log (object)
FruitDefense.Editor.SquareTerrainArtGenerator:GenerateDeterministicLandforms () (at Assets/Editor/Tools/SquareTerrainArtGenerator.cs:87)
FruitDefense.Editor.SquareTerrainArtGenerator:GenerateAvailableSquareAssets () (at Assets/Editor/Tools/SquareTerrainArtGenerator.cs:134)
FruitDefense.Editor.LayeredTerrainArtSetup:EnsurePaletteAssets () (at Assets/Editor/Tools/LayeredTerrainArtSetup.cs:62)
FruitDefense.Editor.LayeredTerrainPainterSmoke:Validate () (at Assets/Editor/Tests/LayeredTerrainPainterSmoke.cs:18)
FruitDefense.Editor.ProjectSetup:SmokeValidate () (at Assets/Editor/Tools/ProjectSetup.cs:248)
FruitDefense.Editor.P0ValidationSuite:Run () (at Assets/Editor/Tests/P0ValidationSuite.cs:18)

(Filename: Assets/Editor/Tools/SquareTerrainArtGenerator.cs Line: 87)

Asset Pipeline Refresh (id=655ad21ef3af2f34cb0215de2e1e2cee): Total: 0.040 seconds - Initiated by RefreshV2(NoUpdateAssetOptions)
Start importing Assets/LayeredTerrain/GrassSoil/Square/EdgeGrassOnSoilPainted/Mask-15.asset using Guid(a17969b175ec3354c8fe533c48257f94) (NativeFormatImporter) -> (artifact id: '99f211a0ff210a0c86467a3e625714fe') in 0.0018691 seconds
Start importing Assets/LayeredTerrain/GrassSoil/Square/EdgeGrassOnSoilPainted/Mask-04.asset using Guid(e2449efc0c1116648a5b9cbfe33d8e81) (NativeFormatImporter) -> (artifact id: '18145ed9e628d5f8340c44824db6c8be') in 0.0020526 seconds
Start importing Assets/LayeredTerrain/GrassSoil/Square/EdgeGrassOnSoilPainted/Mask-14.asset using Guid(4328f421ed4ea34439d6e4e50990e24a) (NativeFormatImporter) -> (artifact id: '6bbe4451c7dca2d4de869403308041cf') in 0.001435 seconds
Start importing Assets/LayeredTerrain/GrassSoil/Square/EdgeGrassOnSoilPainted/Mask-11.asset using Guid(04aab987cd98a4440b66bb727667d8db) (NativeFormatImporter) -> (artifact id: 'eb6fb6ecd423e575e0946462aa243d66') in 0.0013362 seconds
Start importing Assets/LayeredTerrain/GrassSoil/Square/EdgeGrassOnSoilPainted/Mask-13.asset using Guid(75f61e4d96323eb4e906226b1dd8a16a) (NativeFormatImporter) -> (artifact id: '7952dc870547efbd422b012b46d2b17a') in 0.0015077 seconds
Start importing Assets/LayeredTerrain/GrassSoil/Square/EdgeGrassOnSoilPainted/Mask-08.asset using Guid(062a9acbc752b0342becc47471c8dad4) (NativeFormatImporter) -> (artifact id: 'ee86fce3dc4587f247fc6e398cfff9cd') in 0.0013705 seconds
Start importing Assets/LayeredTerrain/GrassSoil/Square/EdgeGrassOnSoilPainted/Mask-12.asset using Guid(17347530ba5655e4cb59ff249a976ea1) (NativeFormatImporter) -> (artifact id: '27e6bc4eabc1e74cb23636389ffd9263') in 0.0012783 seconds
Start importing Assets/LayeredTerrain/GrassSoil/Square/EdgeGrassOnSoilPainted/Mask-00.asset using Guid(676ca911d7a7bbf408a30856d7cc6990) (NativeFormatImporter) -> (artifact id: '557d3d98682769dd5e96ded56f4299cf') in 0.0019416 seconds
Start importing Assets/LayeredTerrain/GrassSoil/Square/EdgeGrassOnSoilPainted/Mask-10.asset using Guid(e75c1031ec799e0448fd29d3082006b4) (NativeFormatImporter) -> (artifact id: 'c8e41218e8984dd46c91b31d7703de4f') in 0.0014102 seconds
Start importing Assets/LayeredTerrain/GrassSoil/Square/EdgeGrassOnSoilPainted/Mask-09.asset using Guid(a8a7730f3a6dd484198f1b19fed8a24f) (NativeFormatImporter) -> (artifact id: '5597baddb442bf8a928e37d39723d50b') in 0.0012813 seconds
Start importing Assets/LayeredTerrain/GrassSoil/Square/EdgeGrassOnSoilPainted/Mask-07.asset using Guid(f8b2f90201834fa478634d3f30f6af16) (NativeFormatImporter) -> (artifact id: 'a306cb5e617a8648a67a81dc94516e9e') in 0.0017952 seconds
Start importing Assets/LayeredTerrain/GrassSoil/Square/EdgeGrassOnSoilPainted/Mask-06.asset using Guid(19882d23e028ac94e8abd02f91624ba8) (NativeFormatImporter) -> (artifact id: '54900e8224e5828f7c6a4f69fec6db72') in 0.0016871 seconds
Start importing Assets/LayeredTerrain/GrassSoil/Square/EdgeGrassOnSoilPainted/Mask-01.asset using Guid(b94d4b2cd03a1b04b83a81974d966227) (NativeFormatImporter) -> (artifact id: '7caf427609fab688c51f9caa2ce6a79f') in 0.0015253 seconds
Start importing Assets/LayeredTerrain/GrassSoil/Square/EdgeGrassOnSoilPainted/Mask-03.asset using Guid(1a4a3cc4af69bbc4aaabde52016c4f95) (NativeFormatImporter) -> (artifact id: 'af45f85c0f45a239757e36be7c184f6c') in 0.0018791 seconds
Start importing Assets/LayeredTerrain/GrassSoil/Square/EdgeGrassOnSoilPainted/Mask-05.asset using Guid(bacdc75efb95eda42aa6803845d196c4) (NativeFormatImporter) -> (artifact id: '6d469253745d86e884993bfadfef01d0') in 0.00203 seconds
Start importing Assets/LayeredTerrain/GrassSoil/Square/EdgeGrassOnSoilPainted/GrassOnSoilSquarePaintedTileSet.asset using Guid(1b984e39e61f8734d8c54b032e84c3a3) (NativeFormatImporter) -> (artifact id: '612bda68ec02f7c1be620eb4ba627873') in 0.0018796 seconds
Start importing Assets/LayeredTerrain/GrassSoil/Square/EdgeGrassOnSoilPainted/Mask-02.asset using Guid(8d6a7e51f29762f4796204a57546e522) (NativeFormatImporter) -> (artifact id: '504e9a251c8e415c78cba5f93910b005') in 0.0016824 seconds
Refreshing native plugins compatible for Editor in 0.17 ms, found 0 plugins.
Preloading 0 native plugins for Editor in 0.00 ms.
Asset Pipeline Refresh (id=537696012573d8d4c9b878641bc4a7b0): Total: 0.044 seconds - Initiated by StopAssetImportingV2(NoUpdateAssetOptions)
Accepted ribbon lip profile packaged as a top-down grass feather with base-grass RGB, guide-owned topology and no soil wall or outline.
UnityEngine.Debug:ExtractStackTraceNoAlloc (byte*,int,string)
UnityEngine.StackTraceUtility:ExtractStackTrace ()
UnityEngine.DebugLogHandler:Internal_Log (UnityEngine.LogType,UnityEngine.LogOption,string,UnityEngine.Object)
UnityEngine.DebugLogHandler:LogFormat (UnityEngine.LogType,UnityEngine.Object,string,object[])
UnityEngine.Logger:Log (UnityEngine.LogType,object)
UnityEngine.Debug:Log (object)
FruitDefense.Editor.SquareTerrainArtGenerator:PackageAcceptedGrassOnSoilCandidate () (at Assets/Editor/Tools/SquareTerrainArtGenerator.cs:126)
FruitDefense.Editor.SquareTerrainArtGenerator:GenerateAvailableSquareAssets () (at Assets/Editor/Tools/SquareTerrainArtGenerator.cs:138)
FruitDefense.Editor.LayeredTerrainArtSetup:EnsurePaletteAssets () (at Assets/Editor/Tools/LayeredTerrainArtSetup.cs:62)
FruitDefense.Editor.LayeredTerrainPainterSmoke:Validate () (at Assets/Editor/Tests/LayeredTerrainPainterSmoke.cs:18)
FruitDefense.Editor.ProjectSetup:SmokeValidate () (at Assets/Editor/Tools/ProjectSetup.cs:248)
FruitDefense.Editor.P0ValidationSuite:Run () (at Assets/Editor/Tests/P0ValidationSuite.cs:18)

(Filename: Assets/Editor/Tools/SquareTerrainArtGenerator.cs Line: 126)

Start importing Assets/LayeredTerrain/GrassSoil/LandformSoil/Mask-07.asset using Guid(40244693c163e6541baff892b129cb00) (NativeFormatImporter) -> (artifact id: 'e65830c68ae7e03467001a0296ab0069') in 0.0021751 seconds
Start importing Assets/LayeredTerrain/GrassSoil/EdgeGrassOnSoilRefined/Mask-07.asset using Guid(418e9fec0ca97b64ab0f4c86dc0fd006) (NativeFormatImporter) -> (artifact id: 'cd9c2cf18fdd38f609098f7d0cc15714') in 0.0015107 seconds
Start importing Assets/LayeredTerrain/CompositeBrushes/OriginalGrassSoil/OriginalGrassSoilReverseLandformTileSet.asset using Guid(813c3f8ce1d51a24093ce2c5ed1547fa) (NativeFormatImporter) -> (artifact id: 'b5291246265ecb7af0dd8a3a19f371a0') in 0.0015313 seconds
Start importing Assets/LayeredTerrain/GrassSoil/Authoring/SoilBase.asset using Guid(a158e7b4dd9e7c448b398f9b22a9f9c2) (NativeFormatImporter) -> (artifact id: '1d93f5ffd6651520cc292a513066cccb') in 0.0014372 seconds
Start importing Assets/LayeredTerrain/GrassSoil/EdgeGrassOnSoilRefined/Mask-05.asset using Guid(f15a3346efbbefb40babba4ef8f6ffa7) (NativeFormatImporter) -> (artifact id: '0325b05872f53d4d8922d91b29b864f9') in 0.001372 seconds
Start importing Assets/LayeredTerrain/GrassSoil/LandformSoil/Mask-04.asset using Guid(f1fab5de0afca5445ba4970fcd52bbbe) (NativeFormatImporter) -> (artifact id: '09085b923c9ce06113de808e0225d25b') in 0.0014038 seconds
Start importing Assets/LayeredTerrain/GrassSoil/EdgeGrassOnSoilRefined/Mask-14.asset using Guid(1292b21714ab41b4197a410a29053ee2) (NativeFormatImporter) -> (artifact id: '113ba810aee874d1280699a85e7183b6') in 0.0018745 seconds
Start importing Assets/LayeredTerrain/GrassSoil/LandformGrass/Mask-08.asset using Guid(52e1998e35a61a047bd24dd910b6bb8c) (NativeFormatImporter) -> (artifact id: '675f77c88e6e0d975abaaae9f510d95d') in 0.0013005 seconds
Start importing Assets/LayeredTerrain/GrassSoil/EdgeGrassOnSoilRefined/Mask-15.asset using Guid(a2ee8cf7722d54542bb6934c3c7acca3) (NativeFormatImporter) -> (artifact id: '6edcf8d7d3f26ee03919cdd607084ab1') in 0.0013186 seconds
Start importing Assets/LayeredTerrain/GrassSoil/EdgeGrassOnSoilRefined/Mask-11.asset using Guid(c29b700cc6f883f4d8d20d2a190eee05) (NativeFormatImporter) -> (artifact id: 'f51c180f858faa73b198142b42927cfc') in 0.0016138 seconds
Start importing Assets/LayeredTerrain/GrassSoil/LandformGrass/Mask-07.asset using Guid(d285b7a144ce1134ba6f4b02b003db14) (NativeFormatImporter) -> (artifact id: '0038d19d51d9c42dea9465db3b105f39') in 0.0014198 seconds
Start importing Assets/LayeredTerrain/GrassSoil/LandformSoil/Mask-01.asset using Guid(030d3f064f313fe4aa4dd2ab0ae33f07) (NativeFormatImporter) -> (artifact id: '3fd5251983b6578fd68bf6bc3bb3b4e3') in 0.0014619 seconds
Start importing Assets/LayeredTerrain/GrassSoil/EdgeGrassOnSoilRefined/Mask-10.asset using Guid(c32eb2f88b196e04f96b1b2b04ea7efe) (NativeFormatImporter) -> (artifact id: '2d01cd9893dc47967ba87373e479eb7e') in 0.001858 seconds
Start importing Assets/LayeredTerrain/GrassSoil/LandformSoil/Mask-13.asset using Guid(04bdecbe02f95ef46986c7056c2b7c3b) (NativeFormatImporter) -> (artifact id: '15f31c02a38b8c10ecc25938dd45d64e') in 0.00134 seconds
Start importing Assets/LayeredTerrain/GrassSoil/EdgeGrassOnSoilRefined/Mask-00.asset using Guid(e4a3c845026f4254892939518018693f) (NativeFormatImporter) -> (artifact id: '3a031e969e7d12b8ad7d8420c2b35c82') in 0.0013962 seconds
Start importing Assets/LayeredTerrain/GrassSoil/LandformSoil/Mask-03.asset using Guid(15a3542839f831f41a0a24e5e9e2f22c) (NativeFormatImporter) -> (artifact id: '6e77d59b695c8200cb85f17fa75a4b54') in 0.0013672 seconds
Start importing Assets/LayeredTerrain/GrassSoil/LandformSoil/Mask-02.asset using Guid(f587922c248637745a6249f84c52611e) (NativeFormatImporter) -> (artifact id: '75844366cc32f023f1e40453bee8aa54') in 0.0013073 seconds
Start importing Assets/LayeredTerrain/GrassSoil/LandformGrass/Mask-09.asset using Guid(165dc20b52db7d14488b55217f6ac108) (NativeFormatImporter) -> (artifact id: '72e38899c33e0e3ced6ed6d0356b17dc') in 0.0013189 seconds
Start importing Assets/LayeredTerrain/GrassSoil/LandformSoil/Mask-11.asset using Guid(86718e5a68b1dcc47854d71bba5a1c17) (NativeFormatImporter) -> (artifact id: '04f57e67d298deb7839321669f6f5937') in 0.0013047 seconds
Start importing Assets/LayeredTerrain/GrassSoil/EdgeGrassOnSoilRefined/Mask-09.asset using Guid(86c349d56e9db3e4e849d6749cdfbfbe) (NativeFormatImporter) -> (artifact id: 'a3a3937713e26dae2d17075614e230de') in 0.0013354 seconds
Start importing Assets/LayeredTerrain/CompositeBrushes/GrassSoil/GrassSoilReverseLandformTileSet.asset using Guid(17ff6febab517824eb695d29e0459a1f) (NativeFormatImporter) -> (artifact id: '3aac16350dc78571bdc4c034dd153e34') in 0.0012791 seconds
Start importing Assets/LayeredTerrain/GrassSoil/LandformSoil/Mask-09.asset using Guid(478b7d64a48c32541abd22cde03a7210) (NativeFormatImporter) -> (artifact id: 'df61b4f661f9c0aded60f089bd901d4a') in 0.001195 seconds
Start importing Assets/LayeredTerrain/GrassSoil/LandformSoil/Mask-05.asset using Guid(878e7bb9dfa805f47b4b88fef4623c4b) (NativeFormatImporter) -> (artifact id: '6433cd5ece3fc29e9694b9c40d1cce7b') in 0.001467 seconds
Start importing Assets/LayeredTerrain/CompositeBrushes/StoneWater/StoneWaterReverseLandformTileSet.asset using Guid(97ffcbb8c3ab6264e80693ccaf0c43de) (NativeFormatImporter) -> (artifact id: '098d79a46ae44df4e4eabca0ead85233') in 0.001392 seconds
Start importing Assets/LayeredTerrain/GrassSoil/LandformSoil/Mask-14.asset using Guid(a7806afe4f019d445bbf552f9eece05e) (NativeFormatImporter) -> (artifact id: 'e86c3f661d3698b3e540fda453881940') in 0.0013597 seconds
Start importing Assets/LayeredTerrain/GrassSoil/EdgeGrassOnSoilRefined/Mask-13.asset using Guid(a7d1a82699efeae47a6ca0a5bb112ae7) (NativeFormatImporter) -> (artifact id: 'a78e3ab795bab51c2fb8875ea81a3142') in 0.0017367 seconds
Start importing Assets/LayeredTerrain/GrassSoil/EdgeGrassOnSoilRefined/GrassOnSoilRefinedTileSet.asset using Guid(b75665e5083dab441a2805aa7b5e1562) (NativeFormatImporter) -> (artifact id: '9a378045af94549dd04c416ddd049034') in 0.0020592 seconds
Start importing Assets/LayeredTerrain/GrassSoil/LandformGrass/Mask-14.asset using Guid(c7287b8c949516949b483b111ceb39a0) (NativeFormatImporter) -> (artifact id: '742a261e597b802d91fa4c4b50193514') in 0.0013842 seconds
Start importing Assets/LayeredTerrain/GrassSoil/LandformSoil/Mask-00.asset using Guid(88d5b3d83381240419fa7d0a9d6c2c63) (NativeFormatImporter) -> (artifact id: 'ec59939a8b52efe47b329a71ceccb6a9') in 0.0016144 seconds
Start importing Assets/LayeredTerrain/GrassSoil/LandformGrass/Mask-13.asset using Guid(e80621ea42744c243ac2ec385c32b338) (NativeFormatImporter) -> (artifact id: 'c073a20a8e0628f7baf4a55a699ae105') in 0.0015426 seconds
Start importing Assets/LayeredTerrain/GrassSoil/LandformGrass/Mask-00.asset using Guid(c92ffc9e81d587840892eb05cf844fbf) (NativeFormatImporter) -> (artifact id: '6de21ee1cddad2dc5dc822438a8f4094') in 0.0013464 seconds
Start importing Assets/LayeredTerrain/GrassSoil/LandformSoil/Mask-08.asset using Guid(d98e1448816e2f443a1e4e6b40e7cc25) (NativeFormatImporter) -> (artifact id: '8c84979613e06175002d882607152e4e') in 0.0013826 seconds
Start importing Assets/LayeredTerrain/GrassSoil/LandformSoil/Mask-15.asset using Guid(e95509ac4ec30484ab37daa221658805) (NativeFormatImporter) -> (artifact id: 'f96248f32c56c962dfe506862d5fb21b') in 0.0018704 seconds
Start importing Assets/LayeredTerrain/GrassSoil/EdgeGrassOnSoilRefined/Mask-06.asset using Guid(e9ac41d989ad93f4ca1a691487107c16) (NativeFormatImporter) -> (artifact id: 'e9daccbac2653977ee343c02f273f598') in 0.0016542 seconds
Start importing Assets/LayeredTerrain/GrassSoil/LandformSoil/Mask-10.asset using Guid(f95d6c7578efacd4cb1f12c63e1d8ff8) (NativeFormatImporter) -> (artifact id: '90d43f8749769d1781298dd6bba5d61f') in 0.0015447 seconds
Start importing Assets/LayeredTerrain/GrassSoil/LandformGrass/Mask-10.asset using Guid(0a64b675a1f765c409b8f9deea1eb208) (NativeFormatImporter) -> (artifact id: '09c03947b8c465db650824308fe637f1') in 0.0016166 seconds
Start importing Assets/LayeredTerrain/GrassSoil/EdgeGrassOnSoilRefined/Mask-12.asset using Guid(3a09b8d94e4515f4fa39c4292c8052a7) (NativeFormatImporter) -> (artifact id: 'af83cf963396621d9d3bad458f6ed2a9') in 0.0014001 seconds
Start importing Assets/LayeredTerrain/GrassSoil/LandformSoil/Mask-06.asset using Guid(4ab46eb735954bf45977209e4a936a01) (NativeFormatImporter) -> (artifact id: '8450f37df15f7709b95c5c346493f1fd') in 0.0015036 seconds
Start importing Assets/LayeredTerrain/GrassSoil/LandformGrass/Mask-15.asset using Guid(7a5208b63b1d6284285e932c3708e65d) (NativeFormatImporter) -> (artifact id: '67ddae65d0c7a750e13eb34b9baf8365') in 0.001406 seconds
Start importing Assets/LayeredTerrain/GrassSoil/LandformGrass/Mask-05.asset using Guid(3b4a2864fb45c5b4fae56fc1f697bbdd) (NativeFormatImporter) -> (artifact id: 'cf3f476c92289c5b074cb8ea3198ce61') in 0.0013047 seconds
Start importing Assets/LayeredTerrain/GrassSoil/EdgeGrassOnSoilRefined/Mask-08.asset using Guid(9b3d0613b51d86146bf5ea0994b42ddd) (NativeFormatImporter) -> (artifact id: '4e302c1a03e18f66e6c41c139ec180d3') in 0.0013508 seconds
Start importing Assets/LayeredTerrain/GrassSoil/LandformGrass/Mask-11.asset using Guid(bb6bc251a6bbcf54480e7f80f2181f2a) (NativeFormatImporter) -> (artifact id: '857582d6d96bb87d66880447573db021') in 0.0014647 seconds
Start importing Assets/LayeredTerrain/GrassSoil/LandformSoil/Mask-12.asset using Guid(3cfb4949c07b1bf43bc66661515525d7) (NativeFormatImporter) -> (artifact id: '3a6ea6ab140b5d680c9d80d68e71cee7') in 0.0014454 seconds
Start importing Assets/LayeredTerrain/GrassSoil/EdgeGrassOnSoilRefined/Mask-04.asset using Guid(6cca3f06a711ab34992417d66eeec087) (NativeFormatImporter) -> (artifact id: 'be2a2aeb01573b6be77d3a2b070fef25') in 0.0013455 seconds
Start importing Assets/LayeredTerrain/GrassSoil/Authoring/GrassBase.asset using Guid(3d71b1ea4e270714eb43b3b4541cda21) (NativeFormatImporter) -> (artifact id: '3f5ae16e96393bccc7f5f4d3650a3ce6') in 0.0023979 seconds
Start importing Assets/LayeredTerrain/GrassSoil/LandformGrass/Mask-06.asset using Guid(5d15d49b3c156ae479bd995b33107c67) (NativeFormatImporter) -> (artifact id: '05abb2ca9d5f1492af0ec896fb864d4e') in 0.0012909 seconds
Start importing Assets/LayeredTerrain/GrassSoil/LandformGrass/Mask-01.asset using Guid(7d609e3f17078a44f9a89e21b68ae180) (NativeFormatImporter) -> (artifact id: 'a1ebd9002be9baca60bb274969bc4dc2') in 0.0012144 seconds
Start importing Assets/LayeredTerrain/GrassSoil/LandformGrass/Mask-04.asset using Guid(ede22ab8e9b7bcc4da28aa41887e8614) (NativeFormatImporter) -> (artifact id: '42c1c0d805e7b323f147012ab0eb20fb') in 0.0016439 seconds
Start importing Assets/LayeredTerrain/GrassSoil/LandformSoil/SoilLandformTileSet.asset using Guid(3e1155418d0567f44af4b96697c9dd09) (NativeFormatImporter) -> (artifact id: 'df15b8c45196950bc4219bee97aafc82') in 0.0013155 seconds
Start importing Assets/LayeredTerrain/GrassSoil/EdgeGrassOnSoilRefined/Mask-02.asset using Guid(6ef5433501c908740932ed7d05777790) (NativeFormatImporter) -> (artifact id: '25936841c896ee6e32acaadabe2f5ad9') in 0.0012492 seconds
Start importing Assets/LayeredTerrain/GrassSoil/EdgeGrassOnSoilRefined/Mask-01.asset using Guid(8e0671f07975b7c43b734d81c5ff11bc) (NativeFormatImporter) -> (artifact id: 'c6f3c5aa165967eeb465f4156418931b') in 0.0014636 seconds
Start importing Assets/LayeredTerrain/GrassSoil/EdgeGrassOnSoilRefined/Mask-03.asset using Guid(de5135a77f40df84b9a7170011242e63) (NativeFormatImporter) -> (artifact id: 'c4b8007304dbcd55f4ed04fb4957f5a6') in 0.001707 seconds
Start importing Assets/LayeredTerrain/GrassSoil/LandformGrass/GrassLandformTileSet.asset using Guid(2fc47b69529dfb541a089c835adb5ce8) (NativeFormatImporter) -> (artifact id: '7d9b947ceee84338616124256f8ad829') in 0.0013072 seconds
Start importing Assets/LayeredTerrain/GrassSoil/LandformGrass/Mask-12.asset using Guid(bfcde0f6045b297478b7cca21b2bd212) (NativeFormatImporter) -> (artifact id: 'fcc2d08d622fb7725cf22421d7d46e31') in 0.0013412 seconds
Start importing Assets/LayeredTerrain/GrassSoil/LandformGrass/Mask-02.asset using Guid(cfb8b16aec24e064ba3c8b202f110c99) (NativeFormatImporter) -> (artifact id: '918a9e9785ac5cd4f4174f2fe29d6d53') in 0.001303 seconds
Start importing Assets/LayeredTerrain/GrassSoil/LandformGrass/Mask-03.asset using Guid(cf797356fdd5ba54fb021059b4e0c786) (NativeFormatImporter) -> (artifact id: '297c0fc42e401c9d7fd0a377a3b5b28e') in 0.0013249 seconds
Refreshing native plugins compatible for Editor in 0.19 ms, found 0 plugins.
Preloading 0 native plugins for Editor in 0.00 ms.
Asset Pipeline Refresh (id=ff0555b4f8aaec44abb9f8e98de113ca): Total: 0.113 seconds - Initiated by StopAssetImportingV2(NoUpdateAssetOptions)
Start importing Assets/LayeredTerrain/CompositeBrushes/OriginalGrassSoil/OriginalGrassSoilBrush.asset using Guid(21a71232d6e654e4b8c7960242ff7182) (NativeFormatImporter) -> (artifact id: '3547d87e50bc075e0e2036afaef240e2') in 0.001694 seconds
Start importing Assets/LayeredTerrain/CompositeBrushes/OriginalGrassSoil/OriginalGrassSoilReverseLandformTileSet.asset using Guid(813c3f8ce1d51a24093ce2c5ed1547fa) (NativeFormatImporter) -> (artifact id: 'b5291246265ecb7af0dd8a3a19f371a0') in 0.0014722 seconds
Refreshing native plugins compatible for Editor in 0.17 ms, found 0 plugins.
Preloading 0 native plugins for Editor in 0.00 ms.
Asset Pipeline Refresh (id=8c7fe21fe184ddf4fa647dd9743622e2): Total: 0.013 seconds - Initiated by StopAssetImportingV2(NoUpdateAssetOptions)
Start importing Assets/Battlefield/Terrain/OrchardDefaultTerrainPalette.asset using Guid(8f09d513b82ee0048abd5a50378dbb0c) (NativeFormatImporter) -> (artifact id: 'af117db4ea5f59db66e2603074e05e44') in 0.001829 seconds
Refreshing native plugins compatible for Editor in 0.19 ms, found 0 plugins.
Preloading 0 native plugins for Editor in 0.00 ms.
Asset Pipeline Refresh (id=bbdb9b66447c7394ea653dbdc31f3185): Total: 0.012 seconds - Initiated by StopAssetImportingV2(NoUpdateAssetOptions)
Asset Pipeline Refresh (id=6cc21c36f0f8d774e9d34c41f5a1fd67): Total: 0.013 seconds - Initiated by RefreshV2(NoUpdateAssetOptions)
Asset Pipeline Refresh (id=0de204e85b78c53499dbd71b88d8d811): Total: 0.032 seconds - Initiated by RefreshV2(NoUpdateAssetOptions)
Square contour topology guide generated: Assets/LayeredTerrain/GrassSoil/Square/Topology/SquareContourTopologyGuide.png
UnityEngine.Debug:ExtractStackTraceNoAlloc (byte*,int,string)
UnityEngine.StackTraceUtility:ExtractStackTrace ()
UnityEngine.DebugLogHandler:Internal_Log (UnityEngine.LogType,UnityEngine.LogOption,string,UnityEngine.Object)
UnityEngine.DebugLogHandler:LogFormat (UnityEngine.LogType,UnityEngine.Object,string,object[])
UnityEngine.Logger:Log (UnityEngine.LogType,object)
UnityEngine.Debug:Log (object)
FruitDefense.Editor.SquareTerrainArtGenerator:GenerateTopologyGuide () (at Assets/Editor/Tools/SquareTerrainArtGenerator.cs:42)
FruitDefense.Editor.SquareTerrainArtGenerator:GenerateAvailableSquareAssets () (at Assets/Editor/Tools/SquareTerrainArtGenerator.cs:133)
FruitDefense.Editor.LayeredTerrainArtSetup:EnsurePaletteAssets () (at Assets/Editor/Tools/LayeredTerrainArtSetup.cs:62)
FruitDefense.Editor.LayeredTerrainPainterSmoke:ValidateRegisteredBrushApplication () (at Assets/Editor/Tests/LayeredTerrainPainterSmoke.cs:99)
FruitDefense.Editor.LayeredTerrainPainterSmoke:Validate () (at Assets/Editor/Tests/LayeredTerrainPainterSmoke.cs:26)
FruitDefense.Editor.ProjectSetup:SmokeValidate () (at Assets/Editor/Tools/ProjectSetup.cs:248)
FruitDefense.Editor.P0ValidationSuite:Run () (at Assets/Editor/Tests/P0ValidationSuite.cs:18)

(Filename: Assets/Editor/Tools/SquareTerrainArtGenerator.cs Line: 42)

Asset Pipeline Refresh (id=82e39779b88f27b439d0e6126b5c996e): Total: 0.032 seconds - Initiated by RefreshV2(NoUpdateAssetOptions)
Asset Pipeline Refresh (id=7e68c56152c77d747a109fc28479a1c8): Total: 0.034 seconds - Initiated by RefreshV2(NoUpdateAssetOptions)
Asset Pipeline Refresh (id=0d6c7c5f0fd72df4e8e98bb27739ae82): Total: 0.031 seconds - Initiated by RefreshV2(NoUpdateAssetOptions)
Start importing Assets/LayeredTerrain/GrassSoil/Square/LandformStoneRoad/Mask-07.asset using Guid(b02fd980a2abc6b41974d859a777fb1d) (NativeFormatImporter) -> (artifact id: '09027e8d963d8fd928277d96f7735e27') in 0.0017806 seconds
Start importing Assets/LayeredTerrain/GrassSoil/Square/LandformGrass/Mask-05.asset using Guid(d04330ef8020b8a41b9e4589cb202101) (NativeFormatImporter) -> (artifact id: '4e5972f1b6c2ded32e8e48532b67135b') in 0.0016687 seconds
Start importing Assets/LayeredTerrain/GrassSoil/Square/LandformGrass/Mask-12.asset using Guid(d00b41817e9bc0741ad148ea3e94519a) (NativeFormatImporter) -> (artifact id: '9d0a3a48e4156b96b3c76ca702bf7bff') in 0.0014405 seconds
Start importing Assets/LayeredTerrain/GrassSoil/Square/LandformStoneRoad/Mask-13.asset using Guid(116a8c3b6ac195a4ebb8e3c7a9989ddc) (NativeFormatImporter) -> (artifact id: '871e193410b26687800828802aef7920') in 0.0013371 seconds
Start importing Assets/LayeredTerrain/GrassSoil/Square/LandformGrass/Mask-02.asset using Guid(315648227c153724090125e98f4cba15) (NativeFormatImporter) -> (artifact id: 'd08b86b0e86b5ac26e9107766d5008d1') in 0.0014698 seconds
Start importing Assets/LayeredTerrain/GrassSoil/Square/LandformStoneRoad/Mask-11.asset using Guid(519050a0a5a9f5847b095ee0b83437a0) (NativeFormatImporter) -> (artifact id: 'ae100c2ae270a66d81134616e885003c') in 0.0014417 seconds
Start importing Assets/LayeredTerrain/GrassSoil/Square/LandformGrass/Mask-14.asset using Guid(81815b76ad7c06c47bf1bc7b65624ffd) (NativeFormatImporter) -> (artifact id: 'e00c4c5ecbd51682bc3c65bf8d862a23') in 0.0013262 seconds
Start importing Assets/LayeredTerrain/GrassSoil/Square/LandformSoil/Mask-03.asset using Guid(b1c5384b4651e4a4a82d483cc64aae79) (NativeFormatImporter) -> (artifact id: '45c12fb41048b850cd7cb0f3e535436a') in 0.001253 seconds
Start importing Assets/LayeredTerrain/GrassSoil/Square/LandformGrass/Mask-15.asset using Guid(027119ab30d86a546a5d935d6e9ec608) (NativeFormatImporter) -> (artifact id: '7e821f282e19a2a4d5825e548df9693a') in 0.0013505 seconds
Start importing Assets/LayeredTerrain/GrassSoil/Square/LandformGrass/Mask-00.asset using Guid(13f70a46e499e0146bffd256e7c14483) (NativeFormatImporter) -> (artifact id: '2a9713a59b72231d0d554c49e274b85a') in 0.0012737 seconds
Start importing Assets/LayeredTerrain/GrassSoil/Square/LandformSoil/Mask-00.asset using Guid(8303f71f8469fd7459473d47391ab0b3) (NativeFormatImporter) -> (artifact id: '1442dfc314550b70b27dde3dada60cc7') in 0.0012711 seconds
Start importing Assets/LayeredTerrain/GrassSoil/Square/LandformSoil/Mask-01.asset using Guid(d33072ada9e1bb749adcc5938680d51a) (NativeFormatImporter) -> (artifact id: '7a8f58bad24b64f744799cb0b0b9228f') in 0.0013048 seconds
Start importing Assets/LayeredTerrain/GrassSoil/Square/LandformStoneRoad/Mask-09.asset using Guid(d30b19c2c64338a4fa9211b305cf65b1) (NativeFormatImporter) -> (artifact id: '59211e6be04f7e5724ec1a1b38221d71') in 0.0013035 seconds
Start importing Assets/LayeredTerrain/GrassSoil/Square/LandformSoil/Mask-13.asset using Guid(548b829df136ae948902efdc96ee70bb) (NativeFormatImporter) -> (artifact id: 'd770f2a72e8453a69c8ff146ee623ca5') in 0.0012879 seconds
Start importing Assets/LayeredTerrain/GrassSoil/Square/LandformStoneRoad/Mask-00.asset using Guid(74d1d4b679c3aec43af1bd30b6c4aea1) (NativeFormatImporter) -> (artifact id: '4c60ffb732228db343f89511449fce3b') in 0.0011951 seconds
Start importing Assets/LayeredTerrain/GrassSoil/Square/LandformGrass/Mask-01.asset using Guid(35cbc7e6bd8f2f84d9c7965779c9b2eb) (NativeFormatImporter) -> (artifact id: '7cd6fe12f157cd0a0b2a210183323c21') in 0.0013329 seconds
Start importing Assets/LayeredTerrain/GrassSoil/Square/LandformGrass/Mask-10.asset using Guid(5728d44dd2630ff40849746ce5d849d7) (NativeFormatImporter) -> (artifact id: '57d0e56c944d10ea9c02adfa74800a28') in 0.0014825 seconds
Start importing Assets/LayeredTerrain/GrassSoil/Square/LandformSoil/Mask-09.asset using Guid(67347eef4df492941b15d16b687e2cb7) (NativeFormatImporter) -> (artifact id: '0b3fee03fb07b35a5fbe9374ec056b4b') in 0.0013435 seconds
Start importing Assets/LayeredTerrain/GrassSoil/Square/LandformGrass/Mask-04.asset using Guid(87737865bdb87ec43864ad3d997d7626) (NativeFormatImporter) -> (artifact id: '83b9f8cc1d095defdc009bd1839b690f') in 0.0012666 seconds
Start importing Assets/LayeredTerrain/GrassSoil/Square/LandformSoil/Mask-02.asset using Guid(87e33da937f65d34fb027eebfd8c1343) (NativeFormatImporter) -> (artifact id: '031756e6cc2b3a5ef2ddcaf8740ee21f') in 0.0016411 seconds
Start importing Assets/LayeredTerrain/GrassSoil/Square/LandformGrass/Mask-08.asset using Guid(b781c12832a4cd84392ab7d35a405505) (NativeFormatImporter) -> (artifact id: 'c734ab3f59a9e28ca19de35691f15a63') in 0.0014054 seconds
Start importing Assets/LayeredTerrain/GrassSoil/Square/LandformStoneRoad/Mask-04.asset using Guid(f70ec30b59552144a97e4da8fea5520c) (NativeFormatImporter) -> (artifact id: '67ab708a109917ddbe110252083911c2') in 0.0013204 seconds
Start importing Assets/LayeredTerrain/GrassSoil/Square/LandformStoneRoad/Mask-05.asset using Guid(08c7afe6a1108a84b9f8ac99c7fa610e) (NativeFormatImporter) -> (artifact id: 'a8026e8f0c10f4b634f0c477d7f79ba5') in 0.0012936 seconds
Start importing Assets/LayeredTerrain/GrassSoil/Square/LandformStoneRoad/Mask-14.asset using Guid(39202684bd500f14184c5131ac46a6dd) (NativeFormatImporter) -> (artifact id: 'b43c0e8abc2951d26427ba0ee51e7ebb') in 0.0012844 seconds
Start importing Assets/LayeredTerrain/GrassSoil/Square/LandformSoil/SoilSquareLandformTileSet.asset using Guid(897d878e9497c6e4d935ea42058d6001) (NativeFormatImporter) -> (artifact id: '17e85a477bcdc5aaf3c7a2ca1f1f5d8e') in 0.0012913 seconds
Start importing Assets/LayeredTerrain/GrassSoil/Square/LandformStoneRoad/StoneRoadSquareLandformTileSet.asset using Guid(0a6730ef0e26d5b49b9ae3129ee21909) (NativeFormatImporter) -> (artifact id: '48456893df0f467254b3256235820444') in 0.0012647 seconds
Start importing Assets/LayeredTerrain/GrassSoil/Square/LandformStoneRoad/Mask-10.asset using Guid(caa578d738fb0414e820ab1e3541b03f) (NativeFormatImporter) -> (artifact id: 'be4dcdbbc4fe728152242b70b5e9bb78') in 0.0013136 seconds
Start importing Assets/LayeredTerrain/GrassSoil/Square/LandformSoil/Mask-07.asset using Guid(2ce20b5da48d1ae43956c41d22ecd92e) (NativeFormatImporter) -> (artifact id: '7c41af1778c9689fc8cf1f4e4fcccd2c') in 0.0012508 seconds
Start importing Assets/LayeredTerrain/GrassSoil/Square/LandformSoil/Mask-11.asset using Guid(2c6bd62321830da498ea7724ae626857) (NativeFormatImporter) -> (artifact id: 'b1033fab3dddb68d369a244413a84ab3') in 0.0012211 seconds
Start importing Assets/LayeredTerrain/GrassSoil/Square/LandformStoneRoad/Mask-15.asset using Guid(5cbc1f25709453b4a90de7054d0ce9b7) (NativeFormatImporter) -> (artifact id: 'ca75aea14a03badd729ba37b57fc7710') in 0.0015259 seconds
Start importing Assets/LayeredTerrain/GrassSoil/Square/LandformGrass/Mask-09.asset using Guid(8c5fb632240287d48a17621f58d3a651) (NativeFormatImporter) -> (artifact id: '77c6cf5113d6c96189dbf6818d84fd5f') in 0.0013422 seconds
Start importing Assets/LayeredTerrain/GrassSoil/Square/LandformSoil/Mask-12.asset using Guid(bc85f424c35a6c845b2186949136a828) (NativeFormatImporter) -> (artifact id: '08c355397adee775c3834a7a7a0bf465') in 0.0012081 seconds
Start importing Assets/LayeredTerrain/GrassSoil/Square/LandformSoil/Mask-10.asset using Guid(0dfe2c0efe3330c4d9570f0061d459b9) (NativeFormatImporter) -> (artifact id: '88decb540b9e036a0400c2d34dbc707c') in 0.0011995 seconds
Start importing Assets/LayeredTerrain/GrassSoil/Square/LandformGrass/Mask-03.asset using Guid(1db706b3e9547554e9081663c6442ba0) (NativeFormatImporter) -> (artifact id: 'fdfbe87044d88284093ccc42787947e0') in 0.0013034 seconds
Start importing Assets/LayeredTerrain/GrassSoil/Square/LandformStoneRoad/Mask-02.asset using Guid(1d9b71389b4697e4586703b25f185da7) (NativeFormatImporter) -> (artifact id: 'dbb50fa57ab28462356bbd1a8ebab835') in 0.0012707 seconds
Start importing Assets/LayeredTerrain/GrassSoil/Square/LandformSoil/Mask-05.asset using Guid(2de42da45e48f974e9a74a6970e6e643) (NativeFormatImporter) -> (artifact id: '6e739e360d22b33fd378e6acefe9d800') in 0.0012225 seconds
Start importing Assets/LayeredTerrain/GrassSoil/Square/LandformGrass/Mask-11.asset using Guid(5d253dc28016ae64db4653758ac0af88) (NativeFormatImporter) -> (artifact id: '4dbb166b77c04b10385ee89749d834d3') in 0.0012698 seconds
Start importing Assets/LayeredTerrain/GrassSoil/Square/LandformSoil/Mask-04.asset using Guid(5d4806f722710eb40b1cf937cc6498b6) (NativeFormatImporter) -> (artifact id: 'a825e4a02be2364dca6cd5d251c2a1af') in 0.001617 seconds
Start importing Assets/LayeredTerrain/GrassSoil/Square/LandformStoneRoad/Mask-01.asset using Guid(add98a42caf91414387900c1b29b92c6) (NativeFormatImporter) -> (artifact id: 'a1a43dffdd1f7cdd6311169ade464c57') in 0.001248 seconds
Start importing Assets/LayeredTerrain/GrassSoil/Square/LandformGrass/Mask-06.asset using Guid(cd0f4d7279da9f84caa8c319e7ab29f9) (NativeFormatImporter) -> (artifact id: '52937737c65259daea7bed84aa0a8a04') in 0.0014319 seconds
Start importing Assets/LayeredTerrain/GrassSoil/Square/LandformGrass/Mask-07.asset using Guid(4e65cf042fab2c1448282809779edb8a) (NativeFormatImporter) -> (artifact id: '8cc68977b954eb6d618706e748b65e8b') in 0.0016538 seconds
Start importing Assets/LayeredTerrain/GrassSoil/Square/LandformGrass/Mask-13.asset using Guid(7e2014d33d57f294f97dea5ed30b730c) (NativeFormatImporter) -> (artifact id: '93ec9328dc52bc61493ece4ef09f812b') in 0.0013242 seconds
Start importing Assets/LayeredTerrain/GrassSoil/Square/LandformSoil/Mask-14.asset using Guid(ae949dd8d7965fa41b1d3481d8bf8e30) (NativeFormatImporter) -> (artifact id: '13d3e8fadf25938fb6084c9eacdc285d') in 0.001254 seconds
Start importing Assets/LayeredTerrain/GrassSoil/Square/LandformStoneRoad/Mask-08.asset using Guid(aecab5b9f537b5349adcff0900809717) (NativeFormatImporter) -> (artifact id: '6723e7d6eab214144e2a993643460ee5') in 0.0012971 seconds
Start importing Assets/LayeredTerrain/GrassSoil/Square/LandformSoil/Mask-15.asset using Guid(ce833c44287e15a44945e738038eb1c3) (NativeFormatImporter) -> (artifact id: '7c1ac2f82e318d432012af6c6509f07a') in 0.0013303 seconds
Start importing Assets/LayeredTerrain/GrassSoil/Square/LandformSoil/Mask-08.asset using Guid(ee6f4f16a4085914dbcb15919c60654c) (NativeFormatImporter) -> (artifact id: '2a403aad88716c1a9d6ee321599dc86f') in 0.0013133 seconds
Start importing Assets/LayeredTerrain/GrassSoil/Square/LandformStoneRoad/Mask-12.asset using Guid(2f49f6b2d05a8804097e79c69e515dc3) (NativeFormatImporter) -> (artifact id: '3512849ba8746b3929337e37047f52c2') in 0.0013569 seconds
Start importing Assets/LayeredTerrain/GrassSoil/Square/LandformSoil/Mask-06.asset using Guid(3ff6ff5cd14cc7441a6a84cdde5ff745) (NativeFormatImporter) -> (artifact id: 'c47a955bf9dc32d5bb761f8069ffd421') in 0.0014619 seconds
Start importing Assets/LayeredTerrain/GrassSoil/Square/LandformStoneRoad/Mask-06.asset using Guid(df46002ea561b404889b370e84a77f83) (NativeFormatImporter) -> (artifact id: 'c73fed30de3e790341265e9a3306482c') in 0.0013705 seconds
Start importing Assets/LayeredTerrain/GrassSoil/Square/LandformStoneRoad/Mask-03.asset using Guid(df1e863caf3bc5441a0d4c507b76c311) (NativeFormatImporter) -> (artifact id: 'a9a2fb8e8c6cb1c0cdbe880f9de699ac') in 0.0012642 seconds
Start importing Assets/LayeredTerrain/GrassSoil/Square/LandformGrass/GrassSquareLandformTileSet.asset using Guid(ef399dc10411dd84ab6a276f72e506ea) (NativeFormatImporter) -> (artifact id: '3f3f806b6373e60abb62a5adaf65a9f7') in 0.0013122 seconds
Refreshing native plugins compatible for Editor in 0.16 ms, found 0 plugins.
Preloading 0 native plugins for Editor in 0.00 ms.
Asset Pipeline Refresh (id=d698143101b91e5429dde767d46d44a9): Total: 0.093 seconds - Initiated by StopAssetImportingV2(NoUpdateAssetOptions)
Native 256 px square grass, soil and stone-road landforms generated.
UnityEngine.Debug:ExtractStackTraceNoAlloc (byte*,int,string)
UnityEngine.StackTraceUtility:ExtractStackTrace ()
UnityEngine.DebugLogHandler:Internal_Log (UnityEngine.LogType,UnityEngine.LogOption,string,UnityEngine.Object)
UnityEngine.DebugLogHandler:LogFormat (UnityEngine.LogType,UnityEngine.Object,string,object[])
UnityEngine.Logger:Log (UnityEngine.LogType,object)
UnityEngine.Debug:Log (object)
FruitDefense.Editor.SquareTerrainArtGenerator:GenerateDeterministicLandforms () (at Assets/Editor/Tools/SquareTerrainArtGenerator.cs:87)
FruitDefense.Editor.SquareTerrainArtGenerator:GenerateAvailableSquareAssets () (at Assets/Editor/Tools/SquareTerrainArtGenerator.cs:134)
FruitDefense.Editor.LayeredTerrainArtSetup:EnsurePaletteAssets () (at Assets/Editor/Tools/LayeredTerrainArtSetup.cs:62)
FruitDefense.Editor.LayeredTerrainPainterSmoke:ValidateRegisteredBrushApplication () (at Assets/Editor/Tests/LayeredTerrainPainterSmoke.cs:99)
FruitDefense.Editor.LayeredTerrainPainterSmoke:Validate () (at Assets/Editor/Tests/LayeredTerrainPainterSmoke.cs:26)
FruitDefense.Editor.ProjectSetup:SmokeValidate () (at Assets/Editor/Tools/ProjectSetup.cs:248)
FruitDefense.Editor.P0ValidationSuite:Run () (at Assets/Editor/Tests/P0ValidationSuite.cs:18)

(Filename: Assets/Editor/Tools/SquareTerrainArtGenerator.cs Line: 87)

Asset Pipeline Refresh (id=23f9b1cb00a299f46b2082cd3c91b506): Total: 0.039 seconds - Initiated by RefreshV2(NoUpdateAssetOptions)
Start importing Assets/LayeredTerrain/GrassSoil/Square/EdgeGrassOnSoilPainted/Mask-15.asset using Guid(a17969b175ec3354c8fe533c48257f94) (NativeFormatImporter) -> (artifact id: '99f211a0ff210a0c86467a3e625714fe') in 0.0017793 seconds
Start importing Assets/LayeredTerrain/GrassSoil/Square/EdgeGrassOnSoilPainted/Mask-04.asset using Guid(e2449efc0c1116648a5b9cbfe33d8e81) (NativeFormatImporter) -> (artifact id: '18145ed9e628d5f8340c44824db6c8be') in 0.0014418 seconds
Start importing Assets/LayeredTerrain/GrassSoil/Square/EdgeGrassOnSoilPainted/Mask-14.asset using Guid(4328f421ed4ea34439d6e4e50990e24a) (NativeFormatImporter) -> (artifact id: '6bbe4451c7dca2d4de869403308041cf') in 0.0013207 seconds
Start importing Assets/LayeredTerrain/GrassSoil/Square/EdgeGrassOnSoilPainted/Mask-11.asset using Guid(04aab987cd98a4440b66bb727667d8db) (NativeFormatImporter) -> (artifact id: 'eb6fb6ecd423e575e0946462aa243d66') in 0.0013456 seconds
Start importing Assets/LayeredTerrain/GrassSoil/Square/EdgeGrassOnSoilPainted/Mask-13.asset using Guid(75f61e4d96323eb4e906226b1dd8a16a) (NativeFormatImporter) -> (artifact id: '7952dc870547efbd422b012b46d2b17a') in 0.0014894 seconds
Start importing Assets/LayeredTerrain/GrassSoil/Square/EdgeGrassOnSoilPainted/Mask-08.asset using Guid(062a9acbc752b0342becc47471c8dad4) (NativeFormatImporter) -> (artifact id: 'ee86fce3dc4587f247fc6e398cfff9cd') in 0.0018234 seconds
Start importing Assets/LayeredTerrain/GrassSoil/Square/EdgeGrassOnSoilPainted/Mask-12.asset using Guid(17347530ba5655e4cb59ff249a976ea1) (NativeFormatImporter) -> (artifact id: '27e6bc4eabc1e74cb23636389ffd9263') in 0.0014453 seconds
Start importing Assets/LayeredTerrain/GrassSoil/Square/EdgeGrassOnSoilPainted/Mask-00.asset using Guid(676ca911d7a7bbf408a30856d7cc6990) (NativeFormatImporter) -> (artifact id: '557d3d98682769dd5e96ded56f4299cf') in 0.0013131 seconds
Start importing Assets/LayeredTerrain/GrassSoil/Square/EdgeGrassOnSoilPainted/Mask-10.asset using Guid(e75c1031ec799e0448fd29d3082006b4) (NativeFormatImporter) -> (artifact id: 'c8e41218e8984dd46c91b31d7703de4f') in 0.0013246 seconds
Start importing Assets/LayeredTerrain/GrassSoil/Square/EdgeGrassOnSoilPainted/Mask-09.asset using Guid(a8a7730f3a6dd484198f1b19fed8a24f) (NativeFormatImporter) -> (artifact id: '5597baddb442bf8a928e37d39723d50b') in 0.0016116 seconds
Start importing Assets/LayeredTerrain/GrassSoil/Square/EdgeGrassOnSoilPainted/Mask-07.asset using Guid(f8b2f90201834fa478634d3f30f6af16) (NativeFormatImporter) -> (artifact id: 'a306cb5e617a8648a67a81dc94516e9e') in 0.0013726 seconds
Start importing Assets/LayeredTerrain/GrassSoil/Square/EdgeGrassOnSoilPainted/Mask-06.asset using Guid(19882d23e028ac94e8abd02f91624ba8) (NativeFormatImporter) -> (artifact id: '54900e8224e5828f7c6a4f69fec6db72') in 0.0027185 seconds
Start importing Assets/LayeredTerrain/GrassSoil/Square/EdgeGrassOnSoilPainted/Mask-01.asset using Guid(b94d4b2cd03a1b04b83a81974d966227) (NativeFormatImporter) -> (artifact id: '7caf427609fab688c51f9caa2ce6a79f') in 0.0014521 seconds
Start importing Assets/LayeredTerrain/GrassSoil/Square/EdgeGrassOnSoilPainted/Mask-03.asset using Guid(1a4a3cc4af69bbc4aaabde52016c4f95) (NativeFormatImporter) -> (artifact id: 'af45f85c0f45a239757e36be7c184f6c') in 0.0013037 seconds
Start importing Assets/LayeredTerrain/GrassSoil/Square/EdgeGrassOnSoilPainted/Mask-05.asset using Guid(bacdc75efb95eda42aa6803845d196c4) (NativeFormatImporter) -> (artifact id: '6d469253745d86e884993bfadfef01d0') in 0.0014814 seconds
Start importing Assets/LayeredTerrain/GrassSoil/Square/EdgeGrassOnSoilPainted/GrassOnSoilSquarePaintedTileSet.asset using Guid(1b984e39e61f8734d8c54b032e84c3a3) (NativeFormatImporter) -> (artifact id: '612bda68ec02f7c1be620eb4ba627873') in 0.0015581 seconds
Start importing Assets/LayeredTerrain/GrassSoil/Square/EdgeGrassOnSoilPainted/Mask-02.asset using Guid(8d6a7e51f29762f4796204a57546e522) (NativeFormatImporter) -> (artifact id: '504e9a251c8e415c78cba5f93910b005') in 0.0013024 seconds
Refreshing native plugins compatible for Editor in 0.18 ms, found 0 plugins.
Preloading 0 native plugins for Editor in 0.00 ms.
Asset Pipeline Refresh (id=d2f59e04229a49345a66007df20eb4b3): Total: 0.042 seconds - Initiated by StopAssetImportingV2(NoUpdateAssetOptions)
Accepted ribbon lip profile packaged as a top-down grass feather with base-grass RGB, guide-owned topology and no soil wall or outline.
UnityEngine.Debug:ExtractStackTraceNoAlloc (byte*,int,string)
UnityEngine.StackTraceUtility:ExtractStackTrace ()
UnityEngine.DebugLogHandler:Internal_Log (UnityEngine.LogType,UnityEngine.LogOption,string,UnityEngine.Object)
UnityEngine.DebugLogHandler:LogFormat (UnityEngine.LogType,UnityEngine.Object,string,object[])
UnityEngine.Logger:Log (UnityEngine.LogType,object)
UnityEngine.Debug:Log (object)
FruitDefense.Editor.SquareTerrainArtGenerator:PackageAcceptedGrassOnSoilCandidate () (at Assets/Editor/Tools/SquareTerrainArtGenerator.cs:126)
FruitDefense.Editor.SquareTerrainArtGenerator:GenerateAvailableSquareAssets () (at Assets/Editor/Tools/SquareTerrainArtGenerator.cs:138)
FruitDefense.Editor.LayeredTerrainArtSetup:EnsurePaletteAssets () (at Assets/Editor/Tools/LayeredTerrainArtSetup.cs:62)
FruitDefense.Editor.LayeredTerrainPainterSmoke:ValidateRegisteredBrushApplication () (at Assets/Editor/Tests/LayeredTerrainPainterSmoke.cs:99)
FruitDefense.Editor.LayeredTerrainPainterSmoke:Validate () (at Assets/Editor/Tests/LayeredTerrainPainterSmoke.cs:26)
FruitDefense.Editor.ProjectSetup:SmokeValidate () (at Assets/Editor/Tools/ProjectSetup.cs:248)
FruitDefense.Editor.P0ValidationSuite:Run () (at Assets/Editor/Tests/P0ValidationSuite.cs:18)

(Filename: Assets/Editor/Tools/SquareTerrainArtGenerator.cs Line: 126)

Start importing Assets/LayeredTerrain/GrassSoil/LandformSoil/Mask-07.asset using Guid(40244693c163e6541baff892b129cb00) (NativeFormatImporter) -> (artifact id: 'e65830c68ae7e03467001a0296ab0069') in 0.0018158 seconds
Start importing Assets/LayeredTerrain/GrassSoil/EdgeGrassOnSoilRefined/Mask-07.asset using Guid(418e9fec0ca97b64ab0f4c86dc0fd006) (NativeFormatImporter) -> (artifact id: 'cd9c2cf18fdd38f609098f7d0cc15714') in 0.0017449 seconds
Start importing Assets/LayeredTerrain/CompositeBrushes/OriginalGrassSoil/OriginalGrassSoilReverseLandformTileSet.asset using Guid(813c3f8ce1d51a24093ce2c5ed1547fa) (NativeFormatImporter) -> (artifact id: 'b5291246265ecb7af0dd8a3a19f371a0') in 0.0015382 seconds
Start importing Assets/LayeredTerrain/GrassSoil/Authoring/SoilBase.asset using Guid(a158e7b4dd9e7c448b398f9b22a9f9c2) (NativeFormatImporter) -> (artifact id: '1d93f5ffd6651520cc292a513066cccb') in 0.0014082 seconds
Start importing Assets/LayeredTerrain/GrassSoil/EdgeGrassOnSoilRefined/Mask-05.asset using Guid(f15a3346efbbefb40babba4ef8f6ffa7) (NativeFormatImporter) -> (artifact id: '0325b05872f53d4d8922d91b29b864f9') in 0.0015516 seconds
Start importing Assets/LayeredTerrain/GrassSoil/LandformSoil/Mask-04.asset using Guid(f1fab5de0afca5445ba4970fcd52bbbe) (NativeFormatImporter) -> (artifact id: '09085b923c9ce06113de808e0225d25b') in 0.0014128 seconds
Start importing Assets/LayeredTerrain/GrassSoil/EdgeGrassOnSoilRefined/Mask-14.asset using Guid(1292b21714ab41b4197a410a29053ee2) (NativeFormatImporter) -> (artifact id: '113ba810aee874d1280699a85e7183b6') in 0.0013102 seconds
Start importing Assets/LayeredTerrain/GrassSoil/LandformGrass/Mask-08.asset using Guid(52e1998e35a61a047bd24dd910b6bb8c) (NativeFormatImporter) -> (artifact id: '675f77c88e6e0d975abaaae9f510d95d') in 0.001361 seconds
Start importing Assets/LayeredTerrain/GrassSoil/EdgeGrassOnSoilRefined/Mask-15.asset using Guid(a2ee8cf7722d54542bb6934c3c7acca3) (NativeFormatImporter) -> (artifact id: '6edcf8d7d3f26ee03919cdd607084ab1') in 0.0013904 seconds
Start importing Assets/LayeredTerrain/GrassSoil/EdgeGrassOnSoilRefined/Mask-11.asset using Guid(c29b700cc6f883f4d8d20d2a190eee05) (NativeFormatImporter) -> (artifact id: 'f51c180f858faa73b198142b42927cfc') in 0.0014541 seconds
Start importing Assets/LayeredTerrain/GrassSoil/LandformGrass/Mask-07.asset using Guid(d285b7a144ce1134ba6f4b02b003db14) (NativeFormatImporter) -> (artifact id: '0038d19d51d9c42dea9465db3b105f39') in 0.0013396 seconds
Start importing Assets/LayeredTerrain/GrassSoil/LandformSoil/Mask-01.asset using Guid(030d3f064f313fe4aa4dd2ab0ae33f07) (NativeFormatImporter) -> (artifact id: '3fd5251983b6578fd68bf6bc3bb3b4e3') in 0.0015882 seconds
Start importing Assets/LayeredTerrain/GrassSoil/EdgeGrassOnSoilRefined/Mask-10.asset using Guid(c32eb2f88b196e04f96b1b2b04ea7efe) (NativeFormatImporter) -> (artifact id: '2d01cd9893dc47967ba87373e479eb7e') in 0.0014117 seconds
Start importing Assets/LayeredTerrain/GrassSoil/LandformSoil/Mask-13.asset using Guid(04bdecbe02f95ef46986c7056c2b7c3b) (NativeFormatImporter) -> (artifact id: '15f31c02a38b8c10ecc25938dd45d64e') in 0.0013486 seconds
Start importing Assets/LayeredTerrain/GrassSoil/EdgeGrassOnSoilRefined/Mask-00.asset using Guid(e4a3c845026f4254892939518018693f) (NativeFormatImporter) -> (artifact id: '3a031e969e7d12b8ad7d8420c2b35c82') in 0.0015901 seconds
Start importing Assets/LayeredTerrain/GrassSoil/LandformSoil/Mask-03.asset using Guid(15a3542839f831f41a0a24e5e9e2f22c) (NativeFormatImporter) -> (artifact id: '6e77d59b695c8200cb85f17fa75a4b54') in 0.0013893 seconds
Start importing Assets/LayeredTerrain/GrassSoil/LandformSoil/Mask-02.asset using Guid(f587922c248637745a6249f84c52611e) (NativeFormatImporter) -> (artifact id: '75844366cc32f023f1e40453bee8aa54') in 0.0013341 seconds
Start importing Assets/LayeredTerrain/GrassSoil/LandformGrass/Mask-09.asset using Guid(165dc20b52db7d14488b55217f6ac108) (NativeFormatImporter) -> (artifact id: '72e38899c33e0e3ced6ed6d0356b17dc') in 0.001319 seconds
Start importing Assets/LayeredTerrain/GrassSoil/LandformSoil/Mask-11.asset using Guid(86718e5a68b1dcc47854d71bba5a1c17) (NativeFormatImporter) -> (artifact id: '04f57e67d298deb7839321669f6f5937') in 0.001336 seconds
Start importing Assets/LayeredTerrain/GrassSoil/EdgeGrassOnSoilRefined/Mask-09.asset using Guid(86c349d56e9db3e4e849d6749cdfbfbe) (NativeFormatImporter) -> (artifact id: 'a3a3937713e26dae2d17075614e230de') in 0.0013467 seconds
Start importing Assets/LayeredTerrain/CompositeBrushes/GrassSoil/GrassSoilReverseLandformTileSet.asset using Guid(17ff6febab517824eb695d29e0459a1f) (NativeFormatImporter) -> (artifact id: '3aac16350dc78571bdc4c034dd153e34') in 0.0013004 seconds
Start importing Assets/LayeredTerrain/GrassSoil/LandformSoil/Mask-09.asset using Guid(478b7d64a48c32541abd22cde03a7210) (NativeFormatImporter) -> (artifact id: 'df61b4f661f9c0aded60f089bd901d4a') in 0.0013825 seconds
Start importing Assets/LayeredTerrain/GrassSoil/LandformSoil/Mask-05.asset using Guid(878e7bb9dfa805f47b4b88fef4623c4b) (NativeFormatImporter) -> (artifact id: '6433cd5ece3fc29e9694b9c40d1cce7b') in 0.0012701 seconds
Start importing Assets/LayeredTerrain/CompositeBrushes/StoneWater/StoneWaterReverseLandformTileSet.asset using Guid(97ffcbb8c3ab6264e80693ccaf0c43de) (NativeFormatImporter) -> (artifact id: '098d79a46ae44df4e4eabca0ead85233') in 0.0012864 seconds
Start importing Assets/LayeredTerrain/GrassSoil/LandformSoil/Mask-14.asset using Guid(a7806afe4f019d445bbf552f9eece05e) (NativeFormatImporter) -> (artifact id: 'e86c3f661d3698b3e540fda453881940') in 0.0012888 seconds
Start importing Assets/LayeredTerrain/GrassSoil/EdgeGrassOnSoilRefined/Mask-13.asset using Guid(a7d1a82699efeae47a6ca0a5bb112ae7) (NativeFormatImporter) -> (artifact id: 'a78e3ab795bab51c2fb8875ea81a3142') in 0.001335 seconds
Start importing Assets/LayeredTerrain/GrassSoil/EdgeGrassOnSoilRefined/GrassOnSoilRefinedTileSet.asset using Guid(b75665e5083dab441a2805aa7b5e1562) (NativeFormatImporter) -> (artifact id: '9a378045af94549dd04c416ddd049034') in 0.0013231 seconds
Start importing Assets/LayeredTerrain/GrassSoil/LandformGrass/Mask-14.asset using Guid(c7287b8c949516949b483b111ceb39a0) (NativeFormatImporter) -> (artifact id: '742a261e597b802d91fa4c4b50193514') in 0.0012447 seconds
Start importing Assets/LayeredTerrain/GrassSoil/LandformSoil/Mask-00.asset using Guid(88d5b3d83381240419fa7d0a9d6c2c63) (NativeFormatImporter) -> (artifact id: 'ec59939a8b52efe47b329a71ceccb6a9') in 0.0012834 seconds
Start importing Assets/LayeredTerrain/GrassSoil/LandformGrass/Mask-13.asset using Guid(e80621ea42744c243ac2ec385c32b338) (NativeFormatImporter) -> (artifact id: 'c073a20a8e0628f7baf4a55a699ae105') in 0.001537 seconds
Start importing Assets/LayeredTerrain/GrassSoil/LandformGrass/Mask-00.asset using Guid(c92ffc9e81d587840892eb05cf844fbf) (NativeFormatImporter) -> (artifact id: '6de21ee1cddad2dc5dc822438a8f4094') in 0.0013557 seconds
Start importing Assets/LayeredTerrain/GrassSoil/LandformSoil/Mask-08.asset using Guid(d98e1448816e2f443a1e4e6b40e7cc25) (NativeFormatImporter) -> (artifact id: '8c84979613e06175002d882607152e4e') in 0.0014794 seconds
Start importing Assets/LayeredTerrain/GrassSoil/LandformSoil/Mask-15.asset using Guid(e95509ac4ec30484ab37daa221658805) (NativeFormatImporter) -> (artifact id: 'f96248f32c56c962dfe506862d5fb21b') in 0.0014393 seconds
Start importing Assets/LayeredTerrain/GrassSoil/EdgeGrassOnSoilRefined/Mask-06.asset using Guid(e9ac41d989ad93f4ca1a691487107c16) (NativeFormatImporter) -> (artifact id: 'e9daccbac2653977ee343c02f273f598') in 0.0013024 seconds
Start importing Assets/LayeredTerrain/GrassSoil/LandformSoil/Mask-10.asset using Guid(f95d6c7578efacd4cb1f12c63e1d8ff8) (NativeFormatImporter) -> (artifact id: '90d43f8749769d1781298dd6bba5d61f') in 0.0012774 seconds
Start importing Assets/LayeredTerrain/GrassSoil/LandformGrass/Mask-10.asset using Guid(0a64b675a1f765c409b8f9deea1eb208) (NativeFormatImporter) -> (artifact id: '09c03947b8c465db650824308fe637f1') in 0.0016932 seconds
Start importing Assets/LayeredTerrain/GrassSoil/EdgeGrassOnSoilRefined/Mask-12.asset using Guid(3a09b8d94e4515f4fa39c4292c8052a7) (NativeFormatImporter) -> (artifact id: 'af83cf963396621d9d3bad458f6ed2a9') in 0.0012802 seconds
Start importing Assets/LayeredTerrain/GrassSoil/LandformSoil/Mask-06.asset using Guid(4ab46eb735954bf45977209e4a936a01) (NativeFormatImporter) -> (artifact id: '8450f37df15f7709b95c5c346493f1fd') in 0.0012687 seconds
Start importing Assets/LayeredTerrain/GrassSoil/LandformGrass/Mask-15.asset using Guid(7a5208b63b1d6284285e932c3708e65d) (NativeFormatImporter) -> (artifact id: '67ddae65d0c7a750e13eb34b9baf8365') in 0.0014786 seconds
Start importing Assets/LayeredTerrain/GrassSoil/LandformGrass/Mask-05.asset using Guid(3b4a2864fb45c5b4fae56fc1f697bbdd) (NativeFormatImporter) -> (artifact id: 'cf3f476c92289c5b074cb8ea3198ce61') in 0.0015935 seconds
Start importing Assets/LayeredTerrain/GrassSoil/EdgeGrassOnSoilRefined/Mask-08.asset using Guid(9b3d0613b51d86146bf5ea0994b42ddd) (NativeFormatImporter) -> (artifact id: '4e302c1a03e18f66e6c41c139ec180d3') in 0.0013512 seconds
Start importing Assets/LayeredTerrain/GrassSoil/LandformGrass/Mask-11.asset using Guid(bb6bc251a6bbcf54480e7f80f2181f2a) (NativeFormatImporter) -> (artifact id: '857582d6d96bb87d66880447573db021') in 0.0014227 seconds
Start importing Assets/LayeredTerrain/GrassSoil/LandformSoil/Mask-12.asset using Guid(3cfb4949c07b1bf43bc66661515525d7) (NativeFormatImporter) -> (artifact id: '3a6ea6ab140b5d680c9d80d68e71cee7') in 0.0015037 seconds
Start importing Assets/LayeredTerrain/GrassSoil/EdgeGrassOnSoilRefined/Mask-04.asset using Guid(6cca3f06a711ab34992417d66eeec087) (NativeFormatImporter) -> (artifact id: 'be2a2aeb01573b6be77d3a2b070fef25') in 0.0014046 seconds
Start importing Assets/LayeredTerrain/GrassSoil/Authoring/GrassBase.asset using Guid(3d71b1ea4e270714eb43b3b4541cda21) (NativeFormatImporter) -> (artifact id: '3f5ae16e96393bccc7f5f4d3650a3ce6') in 0.0012923 seconds
Start importing Assets/LayeredTerrain/GrassSoil/LandformGrass/Mask-06.asset using Guid(5d15d49b3c156ae479bd995b33107c67) (NativeFormatImporter) -> (artifact id: '05abb2ca9d5f1492af0ec896fb864d4e') in 0.0015467 seconds
Start importing Assets/LayeredTerrain/GrassSoil/LandformGrass/Mask-01.asset using Guid(7d609e3f17078a44f9a89e21b68ae180) (NativeFormatImporter) -> (artifact id: 'a1ebd9002be9baca60bb274969bc4dc2') in 0.0013444 seconds
Start importing Assets/LayeredTerrain/GrassSoil/LandformGrass/Mask-04.asset using Guid(ede22ab8e9b7bcc4da28aa41887e8614) (NativeFormatImporter) -> (artifact id: '42c1c0d805e7b323f147012ab0eb20fb') in 0.0012957 seconds
Start importing Assets/LayeredTerrain/GrassSoil/LandformSoil/SoilLandformTileSet.asset using Guid(3e1155418d0567f44af4b96697c9dd09) (NativeFormatImporter) -> (artifact id: 'df15b8c45196950bc4219bee97aafc82') in 0.0018012 seconds
Start importing Assets/LayeredTerrain/GrassSoil/EdgeGrassOnSoilRefined/Mask-02.asset using Guid(6ef5433501c908740932ed7d05777790) (NativeFormatImporter) -> (artifact id: '25936841c896ee6e32acaadabe2f5ad9') in 0.0014477 seconds
Start importing Assets/LayeredTerrain/GrassSoil/EdgeGrassOnSoilRefined/Mask-01.asset using Guid(8e0671f07975b7c43b734d81c5ff11bc) (NativeFormatImporter) -> (artifact id: 'c6f3c5aa165967eeb465f4156418931b') in 0.0013165 seconds
Start importing Assets/LayeredTerrain/GrassSoil/EdgeGrassOnSoilRefined/Mask-03.asset using Guid(de5135a77f40df84b9a7170011242e63) (NativeFormatImporter) -> (artifact id: 'c4b8007304dbcd55f4ed04fb4957f5a6') in 0.0017213 seconds
Start importing Assets/LayeredTerrain/GrassSoil/LandformGrass/GrassLandformTileSet.asset using Guid(2fc47b69529dfb541a089c835adb5ce8) (NativeFormatImporter) -> (artifact id: '7d9b947ceee84338616124256f8ad829') in 0.0015564 seconds
Start importing Assets/LayeredTerrain/GrassSoil/LandformGrass/Mask-12.asset using Guid(bfcde0f6045b297478b7cca21b2bd212) (NativeFormatImporter) -> (artifact id: 'fcc2d08d622fb7725cf22421d7d46e31') in 0.001385 seconds
Start importing Assets/LayeredTerrain/GrassSoil/LandformGrass/Mask-02.asset using Guid(cfb8b16aec24e064ba3c8b202f110c99) (NativeFormatImporter) -> (artifact id: '918a9e9785ac5cd4f4174f2fe29d6d53') in 0.0014821 seconds
Start importing Assets/LayeredTerrain/GrassSoil/LandformGrass/Mask-03.asset using Guid(cf797356fdd5ba54fb021059b4e0c786) (NativeFormatImporter) -> (artifact id: '297c0fc42e401c9d7fd0a377a3b5b28e') in 0.0014165 seconds
Refreshing native plugins compatible for Editor in 0.17 ms, found 0 plugins.
Preloading 0 native plugins for Editor in 0.00 ms.
Asset Pipeline Refresh (id=03fbac27eecfc814bb3b65ec09ee90ae): Total: 0.107 seconds - Initiated by StopAssetImportingV2(NoUpdateAssetOptions)
Start importing Assets/LayeredTerrain/CompositeBrushes/OriginalGrassSoil/OriginalGrassSoilBrush.asset using Guid(21a71232d6e654e4b8c7960242ff7182) (NativeFormatImporter) -> (artifact id: '3547d87e50bc075e0e2036afaef240e2') in 0.0018254 seconds
Start importing Assets/LayeredTerrain/CompositeBrushes/OriginalGrassSoil/OriginalGrassSoilReverseLandformTileSet.asset using Guid(813c3f8ce1d51a24093ce2c5ed1547fa) (NativeFormatImporter) -> (artifact id: 'b5291246265ecb7af0dd8a3a19f371a0') in 0.002275 seconds
Refreshing native plugins compatible for Editor in 0.17 ms, found 0 plugins.
Preloading 0 native plugins for Editor in 0.00 ms.
Asset Pipeline Refresh (id=2dccd93c9952f3b44b9cfb2353e12940): Total: 0.015 seconds - Initiated by StopAssetImportingV2(NoUpdateAssetOptions)
Start importing Assets/Battlefield/Terrain/OrchardDefaultTerrainPalette.asset using Guid(8f09d513b82ee0048abd5a50378dbb0c) (NativeFormatImporter) -> (artifact id: 'af117db4ea5f59db66e2603074e05e44') in 0.0021588 seconds
Refreshing native plugins compatible for Editor in 0.18 ms, found 0 plugins.
Preloading 0 native plugins for Editor in 0.00 ms.
Asset Pipeline Refresh (id=3098548ba617604468450cda26132fe5): Total: 0.013 seconds - Initiated by StopAssetImportingV2(NoUpdateAssetOptions)
Opening scene 'Assets/Scenes/LayeredTerrainDemo.unity additively'
Loaded scene 'Assets/Scenes/LayeredTerrainDemo.unity'
	Deserialize:            3.337 ms
	Integration:            0.668 ms
	Integration of assets:  0.002 ms
	Thread Wait Time:       0.013 ms
	Total Operation Time:   4.021 ms
FRUIT_DEFENSE_LAYERED_TERRAIN_PAINTER_OK
UnityEngine.Debug:ExtractStackTraceNoAlloc (byte*,int,string)
UnityEngine.StackTraceUtility:ExtractStackTrace ()
UnityEngine.DebugLogHandler:Internal_Log (UnityEngine.LogType,UnityEngine.LogOption,string,UnityEngine.Object)
UnityEngine.DebugLogHandler:LogFormat (UnityEngine.LogType,UnityEngine.Object,string,object[])
UnityEngine.Logger:Log (UnityEngine.LogType,object)
UnityEngine.Debug:Log (object)
FruitDefense.Editor.LayeredTerrainPainterSmoke:Validate () (at Assets/Editor/Tests/LayeredTerrainPainterSmoke.cs:35)
FruitDefense.Editor.ProjectSetup:SmokeValidate () (at Assets/Editor/Tools/ProjectSetup.cs:248)
FruitDefense.Editor.P0ValidationSuite:Run () (at Assets/Editor/Tests/P0ValidationSuite.cs:18)

(Filename: Assets/Editor/Tests/LayeredTerrainPainterSmoke.cs Line: 35)

Asset Pipeline Refresh (id=e317be12974362140ad39f6ba7613206): Total: 0.014 seconds - Initiated by RefreshV2(NoUpdateAssetOptions)
Asset Pipeline Refresh (id=4b122ac2277b8974382d3fd98a229425): Total: 0.027 seconds - Initiated by RefreshV2(NoUpdateAssetOptions)
Square contour topology guide generated: Assets/LayeredTerrain/GrassSoil/Square/Topology/SquareContourTopologyGuide.png
UnityEngine.Debug:ExtractStackTraceNoAlloc (byte*,int,string)
UnityEngine.StackTraceUtility:ExtractStackTrace ()
UnityEngine.DebugLogHandler:Internal_Log (UnityEngine.LogType,UnityEngine.LogOption,string,UnityEngine.Object)
UnityEngine.DebugLogHandler:LogFormat (UnityEngine.LogType,UnityEngine.Object,string,object[])
UnityEngine.Logger:Log (UnityEngine.LogType,object)
UnityEngine.Debug:Log (object)
FruitDefense.Editor.SquareTerrainArtGenerator:GenerateTopologyGuide () (at Assets/Editor/Tools/SquareTerrainArtGenerator.cs:42)
FruitDefense.Editor.SquareTerrainArtGenerator:GenerateAvailableSquareAssets () (at Assets/Editor/Tools/SquareTerrainArtGenerator.cs:133)
FruitDefense.Editor.LayeredTerrainArtSetup:EnsurePaletteAssets () (at Assets/Editor/Tools/LayeredTerrainArtSetup.cs:62)
FruitDefense.Editor.TerrainBrushRegistrySmoke:Validate () (at Assets/Editor/Tests/TerrainBrushRegistrySmoke.cs:14)
FruitDefense.Editor.ProjectSetup:SmokeValidate () (at Assets/Editor/Tools/ProjectSetup.cs:249)
FruitDefense.Editor.P0ValidationSuite:Run () (at Assets/Editor/Tests/P0ValidationSuite.cs:18)

(Filename: Assets/Editor/Tools/SquareTerrainArtGenerator.cs Line: 42)

Asset Pipeline Refresh (id=4439176f2d8336a45987b5f002488843): Total: 0.029 seconds - Initiated by RefreshV2(NoUpdateAssetOptions)
Asset Pipeline Refresh (id=6e641038c10eb1642998728e7e7e0745): Total: 0.037 seconds - Initiated by RefreshV2(NoUpdateAssetOptions)
Asset Pipeline Refresh (id=a45daa1a2161bbb46bf5fe00dca67c04): Total: 0.036 seconds - Initiated by RefreshV2(NoUpdateAssetOptions)
Start importing Assets/LayeredTerrain/GrassSoil/Square/LandformStoneRoad/Mask-07.asset using Guid(b02fd980a2abc6b41974d859a777fb1d) (NativeFormatImporter) -> (artifact id: '09027e8d963d8fd928277d96f7735e27') in 0.0021592 seconds
Start importing Assets/LayeredTerrain/GrassSoil/Square/LandformGrass/Mask-05.asset using Guid(d04330ef8020b8a41b9e4589cb202101) (NativeFormatImporter) -> (artifact id: '4e5972f1b6c2ded32e8e48532b67135b') in 0.0014918 seconds
Start importing Assets/LayeredTerrain/GrassSoil/Square/LandformGrass/Mask-12.asset using Guid(d00b41817e9bc0741ad148ea3e94519a) (NativeFormatImporter) -> (artifact id: '9d0a3a48e4156b96b3c76ca702bf7bff') in 0.0017116 seconds
Start importing Assets/LayeredTerrain/GrassSoil/Square/LandformStoneRoad/Mask-13.asset using Guid(116a8c3b6ac195a4ebb8e3c7a9989ddc) (NativeFormatImporter) -> (artifact id: '871e193410b26687800828802aef7920') in 0.001491 seconds
Start importing Assets/LayeredTerrain/GrassSoil/Square/LandformGrass/Mask-02.asset using Guid(315648227c153724090125e98f4cba15) (NativeFormatImporter) -> (artifact id: 'd08b86b0e86b5ac26e9107766d5008d1') in 0.0013504 seconds
Start importing Assets/LayeredTerrain/GrassSoil/Square/LandformStoneRoad/Mask-11.asset using Guid(519050a0a5a9f5847b095ee0b83437a0) (NativeFormatImporter) -> (artifact id: 'ae100c2ae270a66d81134616e885003c') in 0.0015189 seconds
Start importing Assets/LayeredTerrain/GrassSoil/Square/LandformGrass/Mask-14.asset using Guid(81815b76ad7c06c47bf1bc7b65624ffd) (NativeFormatImporter) -> (artifact id: 'e00c4c5ecbd51682bc3c65bf8d862a23') in 0.0015573 seconds
Start importing Assets/LayeredTerrain/GrassSoil/Square/LandformSoil/Mask-03.asset using Guid(b1c5384b4651e4a4a82d483cc64aae79) (NativeFormatImporter) -> (artifact id: '45c12fb41048b850cd7cb0f3e535436a') in 0.0013437 seconds
Start importing Assets/LayeredTerrain/GrassSoil/Square/LandformGrass/Mask-15.asset using Guid(027119ab30d86a546a5d935d6e9ec608) (NativeFormatImporter) -> (artifact id: '7e821f282e19a2a4d5825e548df9693a') in 0.0014912 seconds
Start importing Assets/LayeredTerrain/GrassSoil/Square/LandformGrass/Mask-00.asset using Guid(13f70a46e499e0146bffd256e7c14483) (NativeFormatImporter) -> (artifact id: '2a9713a59b72231d0d554c49e274b85a') in 0.0017475 seconds
Start importing Assets/LayeredTerrain/GrassSoil/Square/LandformSoil/Mask-00.asset using Guid(8303f71f8469fd7459473d47391ab0b3) (NativeFormatImporter) -> (artifact id: '1442dfc314550b70b27dde3dada60cc7') in 0.0014967 seconds
Start importing Assets/LayeredTerrain/GrassSoil/Square/LandformSoil/Mask-01.asset using Guid(d33072ada9e1bb749adcc5938680d51a) (NativeFormatImporter) -> (artifact id: '7a8f58bad24b64f744799cb0b0b9228f') in 0.0013976 seconds
Start importing Assets/LayeredTerrain/GrassSoil/Square/LandformStoneRoad/Mask-09.asset using Guid(d30b19c2c64338a4fa9211b305cf65b1) (NativeFormatImporter) -> (artifact id: '59211e6be04f7e5724ec1a1b38221d71') in 0.0017778 seconds
Start importing Assets/LayeredTerrain/GrassSoil/Square/LandformSoil/Mask-13.asset using Guid(548b829df136ae948902efdc96ee70bb) (NativeFormatImporter) -> (artifact id: 'd770f2a72e8453a69c8ff146ee623ca5') in 0.0014366 seconds
Start importing Assets/LayeredTerrain/GrassSoil/Square/LandformStoneRoad/Mask-00.asset using Guid(74d1d4b679c3aec43af1bd30b6c4aea1) (NativeFormatImporter) -> (artifact id: '4c60ffb732228db343f89511449fce3b') in 0.0012749 seconds
Start importing Assets/LayeredTerrain/GrassSoil/Square/LandformGrass/Mask-01.asset using Guid(35cbc7e6bd8f2f84d9c7965779c9b2eb) (NativeFormatImporter) -> (artifact id: '7cd6fe12f157cd0a0b2a210183323c21') in 0.0014423 seconds
Start importing Assets/LayeredTerrain/GrassSoil/Square/LandformGrass/Mask-10.asset using Guid(5728d44dd2630ff40849746ce5d849d7) (NativeFormatImporter) -> (artifact id: '57d0e56c944d10ea9c02adfa74800a28') in 0.0014758 seconds
Start importing Assets/LayeredTerrain/GrassSoil/Square/LandformSoil/Mask-09.asset using Guid(67347eef4df492941b15d16b687e2cb7) (NativeFormatImporter) -> (artifact id: '0b3fee03fb07b35a5fbe9374ec056b4b') in 0.0012773 seconds
Start importing Assets/LayeredTerrain/GrassSoil/Square/LandformGrass/Mask-04.asset using Guid(87737865bdb87ec43864ad3d997d7626) (NativeFormatImporter) -> (artifact id: '83b9f8cc1d095defdc009bd1839b690f') in 0.001312 seconds
Start importing Assets/LayeredTerrain/GrassSoil/Square/LandformSoil/Mask-02.asset using Guid(87e33da937f65d34fb027eebfd8c1343) (NativeFormatImporter) -> (artifact id: '031756e6cc2b3a5ef2ddcaf8740ee21f') in 0.0013788 seconds
Start importing Assets/LayeredTerrain/GrassSoil/Square/LandformGrass/Mask-08.asset using Guid(b781c12832a4cd84392ab7d35a405505) (NativeFormatImporter) -> (artifact id: 'c734ab3f59a9e28ca19de35691f15a63') in 0.0013112 seconds
Start importing Assets/LayeredTerrain/GrassSoil/Square/LandformStoneRoad/Mask-04.asset using Guid(f70ec30b59552144a97e4da8fea5520c) (NativeFormatImporter) -> (artifact id: '67ab708a109917ddbe110252083911c2') in 0.0012792 seconds
Start importing Assets/LayeredTerrain/GrassSoil/Square/LandformStoneRoad/Mask-05.asset using Guid(08c7afe6a1108a84b9f8ac99c7fa610e) (NativeFormatImporter) -> (artifact id: 'a8026e8f0c10f4b634f0c477d7f79ba5') in 0.0015646 seconds
Start importing Assets/LayeredTerrain/GrassSoil/Square/LandformStoneRoad/Mask-14.asset using Guid(39202684bd500f14184c5131ac46a6dd) (NativeFormatImporter) -> (artifact id: 'b43c0e8abc2951d26427ba0ee51e7ebb') in 0.0013155 seconds
Start importing Assets/LayeredTerrain/GrassSoil/Square/LandformSoil/SoilSquareLandformTileSet.asset using Guid(897d878e9497c6e4d935ea42058d6001) (NativeFormatImporter) -> (artifact id: '17e85a477bcdc5aaf3c7a2ca1f1f5d8e') in 0.001266 seconds
Start importing Assets/LayeredTerrain/GrassSoil/Square/LandformStoneRoad/StoneRoadSquareLandformTileSet.asset using Guid(0a6730ef0e26d5b49b9ae3129ee21909) (NativeFormatImporter) -> (artifact id: '48456893df0f467254b3256235820444') in 0.0013824 seconds
Start importing Assets/LayeredTerrain/GrassSoil/Square/LandformStoneRoad/Mask-10.asset using Guid(caa578d738fb0414e820ab1e3541b03f) (NativeFormatImporter) -> (artifact id: 'be4dcdbbc4fe728152242b70b5e9bb78') in 0.0014364 seconds
Start importing Assets/LayeredTerrain/GrassSoil/Square/LandformSoil/Mask-07.asset using Guid(2ce20b5da48d1ae43956c41d22ecd92e) (NativeFormatImporter) -> (artifact id: '7c41af1778c9689fc8cf1f4e4fcccd2c') in 0.0013606 seconds
Start importing Assets/LayeredTerrain/GrassSoil/Square/LandformSoil/Mask-11.asset using Guid(2c6bd62321830da498ea7724ae626857) (NativeFormatImporter) -> (artifact id: 'b1033fab3dddb68d369a244413a84ab3') in 0.0012807 seconds
Start importing Assets/LayeredTerrain/GrassSoil/Square/LandformStoneRoad/Mask-15.asset using Guid(5cbc1f25709453b4a90de7054d0ce9b7) (NativeFormatImporter) -> (artifact id: 'ca75aea14a03badd729ba37b57fc7710') in 0.0015911 seconds
Start importing Assets/LayeredTerrain/GrassSoil/Square/LandformGrass/Mask-09.asset using Guid(8c5fb632240287d48a17621f58d3a651) (NativeFormatImporter) -> (artifact id: '77c6cf5113d6c96189dbf6818d84fd5f') in 0.0017312 seconds
Start importing Assets/LayeredTerrain/GrassSoil/Square/LandformSoil/Mask-12.asset using Guid(bc85f424c35a6c845b2186949136a828) (NativeFormatImporter) -> (artifact id: '08c355397adee775c3834a7a7a0bf465') in 0.0012904 seconds
Start importing Assets/LayeredTerrain/GrassSoil/Square/LandformSoil/Mask-10.asset using Guid(0dfe2c0efe3330c4d9570f0061d459b9) (NativeFormatImporter) -> (artifact id: '88decb540b9e036a0400c2d34dbc707c') in 0.0013706 seconds
Start importing Assets/LayeredTerrain/GrassSoil/Square/LandformGrass/Mask-03.asset using Guid(1db706b3e9547554e9081663c6442ba0) (NativeFormatImporter) -> (artifact id: 'fdfbe87044d88284093ccc42787947e0') in 0.0012853 seconds
Start importing Assets/LayeredTerrain/GrassSoil/Square/LandformStoneRoad/Mask-02.asset using Guid(1d9b71389b4697e4586703b25f185da7) (NativeFormatImporter) -> (artifact id: 'dbb50fa57ab28462356bbd1a8ebab835') in 0.0012636 seconds
Start importing Assets/LayeredTerrain/GrassSoil/Square/LandformSoil/Mask-05.asset using Guid(2de42da45e48f974e9a74a6970e6e643) (NativeFormatImporter) -> (artifact id: '6e739e360d22b33fd378e6acefe9d800') in 0.00124 seconds
Start importing Assets/LayeredTerrain/GrassSoil/Square/LandformGrass/Mask-11.asset using Guid(5d253dc28016ae64db4653758ac0af88) (NativeFormatImporter) -> (artifact id: '4dbb166b77c04b10385ee89749d834d3') in 0.0016827 seconds
Start importing Assets/LayeredTerrain/GrassSoil/Square/LandformSoil/Mask-04.asset using Guid(5d4806f722710eb40b1cf937cc6498b6) (NativeFormatImporter) -> (artifact id: 'a825e4a02be2364dca6cd5d251c2a1af') in 0.0015398 seconds
Start importing Assets/LayeredTerrain/GrassSoil/Square/LandformStoneRoad/Mask-01.asset using Guid(add98a42caf91414387900c1b29b92c6) (NativeFormatImporter) -> (artifact id: 'a1a43dffdd1f7cdd6311169ade464c57') in 0.0012307 seconds
Start importing Assets/LayeredTerrain/GrassSoil/Square/LandformGrass/Mask-06.asset using Guid(cd0f4d7279da9f84caa8c319e7ab29f9) (NativeFormatImporter) -> (artifact id: '52937737c65259daea7bed84aa0a8a04') in 0.0013874 seconds
Start importing Assets/LayeredTerrain/GrassSoil/Square/LandformGrass/Mask-07.asset using Guid(4e65cf042fab2c1448282809779edb8a) (NativeFormatImporter) -> (artifact id: '8cc68977b954eb6d618706e748b65e8b') in 0.0012633 seconds
Start importing Assets/LayeredTerrain/GrassSoil/Square/LandformGrass/Mask-13.asset using Guid(7e2014d33d57f294f97dea5ed30b730c) (NativeFormatImporter) -> (artifact id: '93ec9328dc52bc61493ece4ef09f812b') in 0.0013144 seconds
Start importing Assets/LayeredTerrain/GrassSoil/Square/LandformSoil/Mask-14.asset using Guid(ae949dd8d7965fa41b1d3481d8bf8e30) (NativeFormatImporter) -> (artifact id: '13d3e8fadf25938fb6084c9eacdc285d') in 0.0015336 seconds
Start importing Assets/LayeredTerrain/GrassSoil/Square/LandformStoneRoad/Mask-08.asset using Guid(aecab5b9f537b5349adcff0900809717) (NativeFormatImporter) -> (artifact id: '6723e7d6eab214144e2a993643460ee5') in 0.0013548 seconds
Start importing Assets/LayeredTerrain/GrassSoil/Square/LandformSoil/Mask-15.asset using Guid(ce833c44287e15a44945e738038eb1c3) (NativeFormatImporter) -> (artifact id: '7c1ac2f82e318d432012af6c6509f07a') in 0.001276 seconds
Start importing Assets/LayeredTerrain/GrassSoil/Square/LandformSoil/Mask-08.asset using Guid(ee6f4f16a4085914dbcb15919c60654c) (NativeFormatImporter) -> (artifact id: '2a403aad88716c1a9d6ee321599dc86f') in 0.0012404 seconds
Start importing Assets/LayeredTerrain/GrassSoil/Square/LandformStoneRoad/Mask-12.asset using Guid(2f49f6b2d05a8804097e79c69e515dc3) (NativeFormatImporter) -> (artifact id: '3512849ba8746b3929337e37047f52c2') in 0.0014087 seconds
Start importing Assets/LayeredTerrain/GrassSoil/Square/LandformSoil/Mask-06.asset using Guid(3ff6ff5cd14cc7441a6a84cdde5ff745) (NativeFormatImporter) -> (artifact id: 'c47a955bf9dc32d5bb761f8069ffd421') in 0.0013044 seconds
Start importing Assets/LayeredTerrain/GrassSoil/Square/LandformStoneRoad/Mask-06.asset using Guid(df46002ea561b404889b370e84a77f83) (NativeFormatImporter) -> (artifact id: 'c73fed30de3e790341265e9a3306482c') in 0.0012098 seconds
Start importing Assets/LayeredTerrain/GrassSoil/Square/LandformStoneRoad/Mask-03.asset using Guid(df1e863caf3bc5441a0d4c507b76c311) (NativeFormatImporter) -> (artifact id: 'a9a2fb8e8c6cb1c0cdbe880f9de699ac') in 0.0015296 seconds
Start importing Assets/LayeredTerrain/GrassSoil/Square/LandformGrass/GrassSquareLandformTileSet.asset using Guid(ef399dc10411dd84ab6a276f72e506ea) (NativeFormatImporter) -> (artifact id: '3f3f806b6373e60abb62a5adaf65a9f7') in 0.0014351 seconds
Refreshing native plugins compatible for Editor in 0.17 ms, found 0 plugins.
Preloading 0 native plugins for Editor in 0.00 ms.
Asset Pipeline Refresh (id=79e39d81a232f1540b4d03236c019e89): Total: 0.098 seconds - Initiated by StopAssetImportingV2(NoUpdateAssetOptions)
Native 256 px square grass, soil and stone-road landforms generated.
UnityEngine.Debug:ExtractStackTraceNoAlloc (byte*,int,string)
UnityEngine.StackTraceUtility:ExtractStackTrace ()
UnityEngine.DebugLogHandler:Internal_Log (UnityEngine.LogType,UnityEngine.LogOption,string,UnityEngine.Object)
UnityEngine.DebugLogHandler:LogFormat (UnityEngine.LogType,UnityEngine.Object,string,object[])
UnityEngine.Logger:Log (UnityEngine.LogType,object)
UnityEngine.Debug:Log (object)
FruitDefense.Editor.SquareTerrainArtGenerator:GenerateDeterministicLandforms () (at Assets/Editor/Tools/SquareTerrainArtGenerator.cs:87)
FruitDefense.Editor.SquareTerrainArtGenerator:GenerateAvailableSquareAssets () (at Assets/Editor/Tools/SquareTerrainArtGenerator.cs:134)
FruitDefense.Editor.LayeredTerrainArtSetup:EnsurePaletteAssets () (at Assets/Editor/Tools/LayeredTerrainArtSetup.cs:62)
FruitDefense.Editor.TerrainBrushRegistrySmoke:Validate () (at Assets/Editor/Tests/TerrainBrushRegistrySmoke.cs:14)
FruitDefense.Editor.ProjectSetup:SmokeValidate () (at Assets/Editor/Tools/ProjectSetup.cs:249)
FruitDefense.Editor.P0ValidationSuite:Run () (at Assets/Editor/Tests/P0ValidationSuite.cs:18)

(Filename: Assets/Editor/Tools/SquareTerrainArtGenerator.cs Line: 87)

Asset Pipeline Refresh (id=fec41d900039f2b468b10e1276e33d0c): Total: 0.029 seconds - Initiated by RefreshV2(NoUpdateAssetOptions)
Start importing Assets/LayeredTerrain/GrassSoil/Square/EdgeGrassOnSoilPainted/Mask-15.asset using Guid(a17969b175ec3354c8fe533c48257f94) (NativeFormatImporter) -> (artifact id: '99f211a0ff210a0c86467a3e625714fe') in 0.0017295 seconds
Start importing Assets/LayeredTerrain/GrassSoil/Square/EdgeGrassOnSoilPainted/Mask-04.asset using Guid(e2449efc0c1116648a5b9cbfe33d8e81) (NativeFormatImporter) -> (artifact id: '18145ed9e628d5f8340c44824db6c8be') in 0.0017491 seconds
Start importing Assets/LayeredTerrain/GrassSoil/Square/EdgeGrassOnSoilPainted/Mask-14.asset using Guid(4328f421ed4ea34439d6e4e50990e24a) (NativeFormatImporter) -> (artifact id: '6bbe4451c7dca2d4de869403308041cf') in 0.0015563 seconds
Start importing Assets/LayeredTerrain/GrassSoil/Square/EdgeGrassOnSoilPainted/Mask-11.asset using Guid(04aab987cd98a4440b66bb727667d8db) (NativeFormatImporter) -> (artifact id: 'eb6fb6ecd423e575e0946462aa243d66') in 0.0013691 seconds
Start importing Assets/LayeredTerrain/GrassSoil/Square/EdgeGrassOnSoilPainted/Mask-13.asset using Guid(75f61e4d96323eb4e906226b1dd8a16a) (NativeFormatImporter) -> (artifact id: '7952dc870547efbd422b012b46d2b17a') in 0.0016049 seconds
Start importing Assets/LayeredTerrain/GrassSoil/Square/EdgeGrassOnSoilPainted/Mask-08.asset using Guid(062a9acbc752b0342becc47471c8dad4) (NativeFormatImporter) -> (artifact id: 'ee86fce3dc4587f247fc6e398cfff9cd') in 0.0017245 seconds
Start importing Assets/LayeredTerrain/GrassSoil/Square/EdgeGrassOnSoilPainted/Mask-12.asset using Guid(17347530ba5655e4cb59ff249a976ea1) (NativeFormatImporter) -> (artifact id: '27e6bc4eabc1e74cb23636389ffd9263') in 0.0013827 seconds
Start importing Assets/LayeredTerrain/GrassSoil/Square/EdgeGrassOnSoilPainted/Mask-00.asset using Guid(676ca911d7a7bbf408a30856d7cc6990) (NativeFormatImporter) -> (artifact id: '557d3d98682769dd5e96ded56f4299cf') in 0.0014607 seconds
Start importing Assets/LayeredTerrain/GrassSoil/Square/EdgeGrassOnSoilPainted/Mask-10.asset using Guid(e75c1031ec799e0448fd29d3082006b4) (NativeFormatImporter) -> (artifact id: 'c8e41218e8984dd46c91b31d7703de4f') in 0.0018058 seconds
Start importing Assets/LayeredTerrain/GrassSoil/Square/EdgeGrassOnSoilPainted/Mask-09.asset using Guid(a8a7730f3a6dd484198f1b19fed8a24f) (NativeFormatImporter) -> (artifact id: '5597baddb442bf8a928e37d39723d50b') in 0.0015681 seconds
Start importing Assets/LayeredTerrain/GrassSoil/Square/EdgeGrassOnSoilPainted/Mask-07.asset using Guid(f8b2f90201834fa478634d3f30f6af16) (NativeFormatImporter) -> (artifact id: 'a306cb5e617a8648a67a81dc94516e9e') in 0.0013322 seconds
Start importing Assets/LayeredTerrain/GrassSoil/Square/EdgeGrassOnSoilPainted/Mask-06.asset using Guid(19882d23e028ac94e8abd02f91624ba8) (NativeFormatImporter) -> (artifact id: '54900e8224e5828f7c6a4f69fec6db72') in 0.0014871 seconds
Start importing Assets/LayeredTerrain/GrassSoil/Square/EdgeGrassOnSoilPainted/Mask-01.asset using Guid(b94d4b2cd03a1b04b83a81974d966227) (NativeFormatImporter) -> (artifact id: '7caf427609fab688c51f9caa2ce6a79f') in 0.0012495 seconds
Start importing Assets/LayeredTerrain/GrassSoil/Square/EdgeGrassOnSoilPainted/Mask-03.asset using Guid(1a4a3cc4af69bbc4aaabde52016c4f95) (NativeFormatImporter) -> (artifact id: 'af45f85c0f45a239757e36be7c184f6c') in 0.0012589 seconds
Start importing Assets/LayeredTerrain/GrassSoil/Square/EdgeGrassOnSoilPainted/Mask-05.asset using Guid(bacdc75efb95eda42aa6803845d196c4) (NativeFormatImporter) -> (artifact id: '6d469253745d86e884993bfadfef01d0') in 0.001426 seconds
Start importing Assets/LayeredTerrain/GrassSoil/Square/EdgeGrassOnSoilPainted/GrassOnSoilSquarePaintedTileSet.asset using Guid(1b984e39e61f8734d8c54b032e84c3a3) (NativeFormatImporter) -> (artifact id: '612bda68ec02f7c1be620eb4ba627873') in 0.0014317 seconds
Start importing Assets/LayeredTerrain/GrassSoil/Square/EdgeGrassOnSoilPainted/Mask-02.asset using Guid(8d6a7e51f29762f4796204a57546e522) (NativeFormatImporter) -> (artifact id: '504e9a251c8e415c78cba5f93910b005') in 0.001442 seconds
Refreshing native plugins compatible for Editor in 0.22 ms, found 0 plugins.
Preloading 0 native plugins for Editor in 0.00 ms.
Asset Pipeline Refresh (id=b285c5a94fbfa7f48afb085599645923): Total: 0.042 seconds - Initiated by StopAssetImportingV2(NoUpdateAssetOptions)
Accepted ribbon lip profile packaged as a top-down grass feather with base-grass RGB, guide-owned topology and no soil wall or outline.
UnityEngine.Debug:ExtractStackTraceNoAlloc (byte*,int,string)
UnityEngine.StackTraceUtility:ExtractStackTrace ()
UnityEngine.DebugLogHandler:Internal_Log (UnityEngine.LogType,UnityEngine.LogOption,string,UnityEngine.Object)
UnityEngine.DebugLogHandler:LogFormat (UnityEngine.LogType,UnityEngine.Object,string,object[])
UnityEngine.Logger:Log (UnityEngine.LogType,object)
UnityEngine.Debug:Log (object)
FruitDefense.Editor.SquareTerrainArtGenerator:PackageAcceptedGrassOnSoilCandidate () (at Assets/Editor/Tools/SquareTerrainArtGenerator.cs:126)
FruitDefense.Editor.SquareTerrainArtGenerator:GenerateAvailableSquareAssets () (at Assets/Editor/Tools/SquareTerrainArtGenerator.cs:138)
FruitDefense.Editor.LayeredTerrainArtSetup:EnsurePaletteAssets () (at Assets/Editor/Tools/LayeredTerrainArtSetup.cs:62)
FruitDefense.Editor.TerrainBrushRegistrySmoke:Validate () (at Assets/Editor/Tests/TerrainBrushRegistrySmoke.cs:14)
FruitDefense.Editor.ProjectSetup:SmokeValidate () (at Assets/Editor/Tools/ProjectSetup.cs:249)
FruitDefense.Editor.P0ValidationSuite:Run () (at Assets/Editor/Tests/P0ValidationSuite.cs:18)

(Filename: Assets/Editor/Tools/SquareTerrainArtGenerator.cs Line: 126)

Start importing Assets/LayeredTerrain/GrassSoil/LandformSoil/Mask-07.asset using Guid(40244693c163e6541baff892b129cb00) (NativeFormatImporter) -> (artifact id: 'e65830c68ae7e03467001a0296ab0069') in 0.0017585 seconds
Start importing Assets/LayeredTerrain/GrassSoil/EdgeGrassOnSoilRefined/Mask-07.asset using Guid(418e9fec0ca97b64ab0f4c86dc0fd006) (NativeFormatImporter) -> (artifact id: 'cd9c2cf18fdd38f609098f7d0cc15714') in 0.0014327 seconds
Start importing Assets/LayeredTerrain/CompositeBrushes/OriginalGrassSoil/OriginalGrassSoilReverseLandformTileSet.asset using Guid(813c3f8ce1d51a24093ce2c5ed1547fa) (NativeFormatImporter) -> (artifact id: 'b5291246265ecb7af0dd8a3a19f371a0') in 0.0015435 seconds
Start importing Assets/LayeredTerrain/GrassSoil/Authoring/SoilBase.asset using Guid(a158e7b4dd9e7c448b398f9b22a9f9c2) (NativeFormatImporter) -> (artifact id: '1d93f5ffd6651520cc292a513066cccb') in 0.0013424 seconds
Start importing Assets/LayeredTerrain/GrassSoil/EdgeGrassOnSoilRefined/Mask-05.asset using Guid(f15a3346efbbefb40babba4ef8f6ffa7) (NativeFormatImporter) -> (artifact id: '0325b05872f53d4d8922d91b29b864f9') in 0.0013238 seconds
Start importing Assets/LayeredTerrain/GrassSoil/LandformSoil/Mask-04.asset using Guid(f1fab5de0afca5445ba4970fcd52bbbe) (NativeFormatImporter) -> (artifact id: '09085b923c9ce06113de808e0225d25b') in 0.0013988 seconds
Start importing Assets/LayeredTerrain/GrassSoil/EdgeGrassOnSoilRefined/Mask-14.asset using Guid(1292b21714ab41b4197a410a29053ee2) (NativeFormatImporter) -> (artifact id: '113ba810aee874d1280699a85e7183b6') in 0.0014453 seconds
Start importing Assets/LayeredTerrain/GrassSoil/LandformGrass/Mask-08.asset using Guid(52e1998e35a61a047bd24dd910b6bb8c) (NativeFormatImporter) -> (artifact id: '675f77c88e6e0d975abaaae9f510d95d') in 0.0012855 seconds
Start importing Assets/LayeredTerrain/GrassSoil/EdgeGrassOnSoilRefined/Mask-15.asset using Guid(a2ee8cf7722d54542bb6934c3c7acca3) (NativeFormatImporter) -> (artifact id: '6edcf8d7d3f26ee03919cdd607084ab1') in 0.0016708 seconds
Start importing Assets/LayeredTerrain/GrassSoil/EdgeGrassOnSoilRefined/Mask-11.asset using Guid(c29b700cc6f883f4d8d20d2a190eee05) (NativeFormatImporter) -> (artifact id: 'f51c180f858faa73b198142b42927cfc') in 0.0014571 seconds
Start importing Assets/LayeredTerrain/GrassSoil/LandformGrass/Mask-07.asset using Guid(d285b7a144ce1134ba6f4b02b003db14) (NativeFormatImporter) -> (artifact id: '0038d19d51d9c42dea9465db3b105f39') in 0.0013963 seconds
Start importing Assets/LayeredTerrain/GrassSoil/LandformSoil/Mask-01.asset using Guid(030d3f064f313fe4aa4dd2ab0ae33f07) (NativeFormatImporter) -> (artifact id: '3fd5251983b6578fd68bf6bc3bb3b4e3') in 0.0013903 seconds
Start importing Assets/LayeredTerrain/GrassSoil/EdgeGrassOnSoilRefined/Mask-10.asset using Guid(c32eb2f88b196e04f96b1b2b04ea7efe) (NativeFormatImporter) -> (artifact id: '2d01cd9893dc47967ba87373e479eb7e') in 0.0015571 seconds
Start importing Assets/LayeredTerrain/GrassSoil/LandformSoil/Mask-13.asset using Guid(04bdecbe02f95ef46986c7056c2b7c3b) (NativeFormatImporter) -> (artifact id: '15f31c02a38b8c10ecc25938dd45d64e') in 0.0013516 seconds
Start importing Assets/LayeredTerrain/GrassSoil/EdgeGrassOnSoilRefined/Mask-00.asset using Guid(e4a3c845026f4254892939518018693f) (NativeFormatImporter) -> (artifact id: '3a031e969e7d12b8ad7d8420c2b35c82') in 0.0012953 seconds
Start importing Assets/LayeredTerrain/GrassSoil/LandformSoil/Mask-03.asset using Guid(15a3542839f831f41a0a24e5e9e2f22c) (NativeFormatImporter) -> (artifact id: '6e77d59b695c8200cb85f17fa75a4b54') in 0.0016138 seconds
Start importing Assets/LayeredTerrain/GrassSoil/LandformSoil/Mask-02.asset using Guid(f587922c248637745a6249f84c52611e) (NativeFormatImporter) -> (artifact id: '75844366cc32f023f1e40453bee8aa54') in 0.0012978 seconds
Start importing Assets/LayeredTerrain/GrassSoil/LandformGrass/Mask-09.asset using Guid(165dc20b52db7d14488b55217f6ac108) (NativeFormatImporter) -> (artifact id: '72e38899c33e0e3ced6ed6d0356b17dc') in 0.0013476 seconds
Start importing Assets/LayeredTerrain/GrassSoil/LandformSoil/Mask-11.asset using Guid(86718e5a68b1dcc47854d71bba5a1c17) (NativeFormatImporter) -> (artifact id: '04f57e67d298deb7839321669f6f5937') in 0.0013202 seconds
Start importing Assets/LayeredTerrain/GrassSoil/EdgeGrassOnSoilRefined/Mask-09.asset using Guid(86c349d56e9db3e4e849d6749cdfbfbe) (NativeFormatImporter) -> (artifact id: 'a3a3937713e26dae2d17075614e230de') in 0.0015323 seconds
Start importing Assets/LayeredTerrain/CompositeBrushes/GrassSoil/GrassSoilReverseLandformTileSet.asset using Guid(17ff6febab517824eb695d29e0459a1f) (NativeFormatImporter) -> (artifact id: '3aac16350dc78571bdc4c034dd153e34') in 0.0013862 seconds
Start importing Assets/LayeredTerrain/GrassSoil/LandformSoil/Mask-09.asset using Guid(478b7d64a48c32541abd22cde03a7210) (NativeFormatImporter) -> (artifact id: 'df61b4f661f9c0aded60f089bd901d4a') in 0.0012365 seconds
Start importing Assets/LayeredTerrain/GrassSoil/LandformSoil/Mask-05.asset using Guid(878e7bb9dfa805f47b4b88fef4623c4b) (NativeFormatImporter) -> (artifact id: '6433cd5ece3fc29e9694b9c40d1cce7b') in 0.0016888 seconds
Start importing Assets/LayeredTerrain/CompositeBrushes/StoneWater/StoneWaterReverseLandformTileSet.asset using Guid(97ffcbb8c3ab6264e80693ccaf0c43de) (NativeFormatImporter) -> (artifact id: '098d79a46ae44df4e4eabca0ead85233') in 0.0013924 seconds
Start importing Assets/LayeredTerrain/GrassSoil/LandformSoil/Mask-14.asset using Guid(a7806afe4f019d445bbf552f9eece05e) (NativeFormatImporter) -> (artifact id: 'e86c3f661d3698b3e540fda453881940') in 0.001247 seconds
Start importing Assets/LayeredTerrain/GrassSoil/EdgeGrassOnSoilRefined/Mask-13.asset using Guid(a7d1a82699efeae47a6ca0a5bb112ae7) (NativeFormatImporter) -> (artifact id: 'a78e3ab795bab51c2fb8875ea81a3142') in 0.0013809 seconds
Start importing Assets/LayeredTerrain/GrassSoil/EdgeGrassOnSoilRefined/GrassOnSoilRefinedTileSet.asset using Guid(b75665e5083dab441a2805aa7b5e1562) (NativeFormatImporter) -> (artifact id: '9a378045af94549dd04c416ddd049034') in 0.0014441 seconds
Start importing Assets/LayeredTerrain/GrassSoil/LandformGrass/Mask-14.asset using Guid(c7287b8c949516949b483b111ceb39a0) (NativeFormatImporter) -> (artifact id: '742a261e597b802d91fa4c4b50193514') in 0.001324 seconds
Start importing Assets/LayeredTerrain/GrassSoil/LandformSoil/Mask-00.asset using Guid(88d5b3d83381240419fa7d0a9d6c2c63) (NativeFormatImporter) -> (artifact id: 'ec59939a8b52efe47b329a71ceccb6a9') in 0.0013699 seconds
Start importing Assets/LayeredTerrain/GrassSoil/LandformGrass/Mask-13.asset using Guid(e80621ea42744c243ac2ec385c32b338) (NativeFormatImporter) -> (artifact id: 'c073a20a8e0628f7baf4a55a699ae105') in 0.0015766 seconds
Start importing Assets/LayeredTerrain/GrassSoil/LandformGrass/Mask-00.asset using Guid(c92ffc9e81d587840892eb05cf844fbf) (NativeFormatImporter) -> (artifact id: '6de21ee1cddad2dc5dc822438a8f4094') in 0.0013123 seconds
Start importing Assets/LayeredTerrain/GrassSoil/LandformSoil/Mask-08.asset using Guid(d98e1448816e2f443a1e4e6b40e7cc25) (NativeFormatImporter) -> (artifact id: '8c84979613e06175002d882607152e4e') in 0.0017917 seconds
Start importing Assets/LayeredTerrain/GrassSoil/LandformSoil/Mask-15.asset using Guid(e95509ac4ec30484ab37daa221658805) (NativeFormatImporter) -> (artifact id: 'f96248f32c56c962dfe506862d5fb21b') in 0.0014293 seconds
Start importing Assets/LayeredTerrain/GrassSoil/EdgeGrassOnSoilRefined/Mask-06.asset using Guid(e9ac41d989ad93f4ca1a691487107c16) (NativeFormatImporter) -> (artifact id: 'e9daccbac2653977ee343c02f273f598') in 0.0012775 seconds
Start importing Assets/LayeredTerrain/GrassSoil/LandformSoil/Mask-10.asset using Guid(f95d6c7578efacd4cb1f12c63e1d8ff8) (NativeFormatImporter) -> (artifact id: '90d43f8749769d1781298dd6bba5d61f') in 0.001253 seconds
Start importing Assets/LayeredTerrain/GrassSoil/LandformGrass/Mask-10.asset using Guid(0a64b675a1f765c409b8f9deea1eb208) (NativeFormatImporter) -> (artifact id: '09c03947b8c465db650824308fe637f1') in 0.0017599 seconds
Start importing Assets/LayeredTerrain/GrassSoil/EdgeGrassOnSoilRefined/Mask-12.asset using Guid(3a09b8d94e4515f4fa39c4292c8052a7) (NativeFormatImporter) -> (artifact id: 'af83cf963396621d9d3bad458f6ed2a9') in 0.0013414 seconds
Start importing Assets/LayeredTerrain/GrassSoil/LandformSoil/Mask-06.asset using Guid(4ab46eb735954bf45977209e4a936a01) (NativeFormatImporter) -> (artifact id: '8450f37df15f7709b95c5c346493f1fd') in 0.0012451 seconds
Start importing Assets/LayeredTerrain/GrassSoil/LandformGrass/Mask-15.asset using Guid(7a5208b63b1d6284285e932c3708e65d) (NativeFormatImporter) -> (artifact id: '67ddae65d0c7a750e13eb34b9baf8365') in 0.0015416 seconds
Start importing Assets/LayeredTerrain/GrassSoil/LandformGrass/Mask-05.asset using Guid(3b4a2864fb45c5b4fae56fc1f697bbdd) (NativeFormatImporter) -> (artifact id: 'cf3f476c92289c5b074cb8ea3198ce61') in 0.0013187 seconds
Start importing Assets/LayeredTerrain/GrassSoil/EdgeGrassOnSoilRefined/Mask-08.asset using Guid(9b3d0613b51d86146bf5ea0994b42ddd) (NativeFormatImporter) -> (artifact id: '4e302c1a03e18f66e6c41c139ec180d3') in 0.001239 seconds
Start importing Assets/LayeredTerrain/GrassSoil/LandformGrass/Mask-11.asset using Guid(bb6bc251a6bbcf54480e7f80f2181f2a) (NativeFormatImporter) -> (artifact id: '857582d6d96bb87d66880447573db021') in 0.0012864 seconds
Start importing Assets/LayeredTerrain/GrassSoil/LandformSoil/Mask-12.asset using Guid(3cfb4949c07b1bf43bc66661515525d7) (NativeFormatImporter) -> (artifact id: '3a6ea6ab140b5d680c9d80d68e71cee7') in 0.0017636 seconds
Start importing Assets/LayeredTerrain/GrassSoil/EdgeGrassOnSoilRefined/Mask-04.asset using Guid(6cca3f06a711ab34992417d66eeec087) (NativeFormatImporter) -> (artifact id: 'be2a2aeb01573b6be77d3a2b070fef25') in 0.0014735 seconds
Start importing Assets/LayeredTerrain/GrassSoil/Authoring/GrassBase.asset using Guid(3d71b1ea4e270714eb43b3b4541cda21) (NativeFormatImporter) -> (artifact id: '3f5ae16e96393bccc7f5f4d3650a3ce6') in 0.001524 seconds
Start importing Assets/LayeredTerrain/GrassSoil/LandformGrass/Mask-06.asset using Guid(5d15d49b3c156ae479bd995b33107c67) (NativeFormatImporter) -> (artifact id: '05abb2ca9d5f1492af0ec896fb864d4e') in 0.0017484 seconds
Start importing Assets/LayeredTerrain/GrassSoil/LandformGrass/Mask-01.asset using Guid(7d609e3f17078a44f9a89e21b68ae180) (NativeFormatImporter) -> (artifact id: 'a1ebd9002be9baca60bb274969bc4dc2') in 0.0014181 seconds
Start importing Assets/LayeredTerrain/GrassSoil/LandformGrass/Mask-04.asset using Guid(ede22ab8e9b7bcc4da28aa41887e8614) (NativeFormatImporter) -> (artifact id: '42c1c0d805e7b323f147012ab0eb20fb') in 0.0013418 seconds
Start importing Assets/LayeredTerrain/GrassSoil/LandformSoil/SoilLandformTileSet.asset using Guid(3e1155418d0567f44af4b96697c9dd09) (NativeFormatImporter) -> (artifact id: 'df15b8c45196950bc4219bee97aafc82') in 0.0016312 seconds
Start importing Assets/LayeredTerrain/GrassSoil/EdgeGrassOnSoilRefined/Mask-02.asset using Guid(6ef5433501c908740932ed7d05777790) (NativeFormatImporter) -> (artifact id: '25936841c896ee6e32acaadabe2f5ad9') in 0.0013813 seconds
Start importing Assets/LayeredTerrain/GrassSoil/EdgeGrassOnSoilRefined/Mask-01.asset using Guid(8e0671f07975b7c43b734d81c5ff11bc) (NativeFormatImporter) -> (artifact id: 'c6f3c5aa165967eeb465f4156418931b') in 0.0013131 seconds
Start importing Assets/LayeredTerrain/GrassSoil/EdgeGrassOnSoilRefined/Mask-03.asset using Guid(de5135a77f40df84b9a7170011242e63) (NativeFormatImporter) -> (artifact id: 'c4b8007304dbcd55f4ed04fb4957f5a6') in 0.0014023 seconds
Start importing Assets/LayeredTerrain/GrassSoil/LandformGrass/GrassLandformTileSet.asset using Guid(2fc47b69529dfb541a089c835adb5ce8) (NativeFormatImporter) -> (artifact id: '7d9b947ceee84338616124256f8ad829') in 0.0013178 seconds
Start importing Assets/LayeredTerrain/GrassSoil/LandformGrass/Mask-12.asset using Guid(bfcde0f6045b297478b7cca21b2bd212) (NativeFormatImporter) -> (artifact id: 'fcc2d08d622fb7725cf22421d7d46e31') in 0.0013813 seconds
Start importing Assets/LayeredTerrain/GrassSoil/LandformGrass/Mask-02.asset using Guid(cfb8b16aec24e064ba3c8b202f110c99) (NativeFormatImporter) -> (artifact id: '918a9e9785ac5cd4f4174f2fe29d6d53') in 0.0012265 seconds
Start importing Assets/LayeredTerrain/GrassSoil/LandformGrass/Mask-03.asset using Guid(cf797356fdd5ba54fb021059b4e0c786) (NativeFormatImporter) -> (artifact id: '297c0fc42e401c9d7fd0a377a3b5b28e') in 0.0014934 seconds
Refreshing native plugins compatible for Editor in 0.16 ms, found 0 plugins.
Preloading 0 native plugins for Editor in 0.00 ms.
Asset Pipeline Refresh (id=55f7c75536730244e91f222aec862a12): Total: 0.109 seconds - Initiated by StopAssetImportingV2(NoUpdateAssetOptions)
Start importing Assets/LayeredTerrain/CompositeBrushes/OriginalGrassSoil/OriginalGrassSoilBrush.asset using Guid(21a71232d6e654e4b8c7960242ff7182) (NativeFormatImporter) -> (artifact id: '3547d87e50bc075e0e2036afaef240e2') in 0.0019591 seconds
Start importing Assets/LayeredTerrain/CompositeBrushes/OriginalGrassSoil/OriginalGrassSoilReverseLandformTileSet.asset using Guid(813c3f8ce1d51a24093ce2c5ed1547fa) (NativeFormatImporter) -> (artifact id: 'b5291246265ecb7af0dd8a3a19f371a0') in 0.0015555 seconds
Refreshing native plugins compatible for Editor in 0.19 ms, found 0 plugins.
Preloading 0 native plugins for Editor in 0.00 ms.
Asset Pipeline Refresh (id=20e1ee10ceb971744990381ace1a3b89): Total: 0.014 seconds - Initiated by StopAssetImportingV2(NoUpdateAssetOptions)
Start importing Assets/Battlefield/Terrain/OrchardDefaultTerrainPalette.asset using Guid(8f09d513b82ee0048abd5a50378dbb0c) (NativeFormatImporter) -> (artifact id: 'af117db4ea5f59db66e2603074e05e44') in 0.0017731 seconds
Refreshing native plugins compatible for Editor in 0.17 ms, found 0 plugins.
Preloading 0 native plugins for Editor in 0.00 ms.
Asset Pipeline Refresh (id=4100a0494428a174f897410c3cf42479): Total: 0.012 seconds - Initiated by StopAssetImportingV2(NoUpdateAssetOptions)
FRUIT_DEFENSE_TERRAIN_BRUSH_REGISTRY_OK count=3
UnityEngine.Debug:ExtractStackTraceNoAlloc (byte*,int,string)
UnityEngine.StackTraceUtility:ExtractStackTrace ()
UnityEngine.DebugLogHandler:Internal_Log (UnityEngine.LogType,UnityEngine.LogOption,string,UnityEngine.Object)
UnityEngine.DebugLogHandler:LogFormat (UnityEngine.LogType,UnityEngine.Object,string,object[])
UnityEngine.Logger:Log (UnityEngine.LogType,object)
UnityEngine.Debug:Log (object)
FruitDefense.Editor.TerrainBrushRegistrySmoke:Validate () (at Assets/Editor/Tests/TerrainBrushRegistrySmoke.cs:93)
FruitDefense.Editor.ProjectSetup:SmokeValidate () (at Assets/Editor/Tools/ProjectSetup.cs:249)
FruitDefense.Editor.P0ValidationSuite:Run () (at Assets/Editor/Tests/P0ValidationSuite.cs:18)

(Filename: Assets/Editor/Tests/TerrainBrushRegistrySmoke.cs Line: 93)

Battlefield terrain presentation stopped: Terrain palette 'palette.orchard.default' has no landform binding for surface 'surface.grass' with contour 'contour.square' at visual cell 8.
UnityEngine.Debug:ExtractStackTraceNoAlloc (byte*,int,string)
UnityEngine.StackTraceUtility:ExtractStackTrace ()
UnityEngine.DebugLogHandler:Internal_Log (UnityEngine.LogType,UnityEngine.LogOption,string,UnityEngine.Object)
UnityEngine.DebugLogHandler:LogFormat (UnityEngine.LogType,UnityEngine.Object,string,object[])
UnityEngine.Logger:Log (UnityEngine.LogType,object,UnityEngine.Object)
UnityEngine.Debug:LogWarning (object,UnityEngine.Object)
FruitDefense.FruitDefenseGame:SetTerrainPresentationError (string) (at Assets/Scripts/FruitDefenseGame.cs:1679)
FruitDefense.FruitDefenseGame:RefreshTerrainPresentationStatus () (at Assets/Scripts/FruitDefenseGame.cs:1668)
FruitDefense.FruitDefenseGame:CompleteInitialization (FruitDefense.Battle.BattleLaunchRequest,FruitDefense.App.IAppNavigator,FruitDefense.Battle.IBattleResultSink,FruitDefense.UI.RuntimeUiTheme,FruitDefense.Core.GameSimulation) (at Assets/Scripts/FruitDefenseGame.cs:786)
FruitDefense.FruitDefenseGame:Initialize (FruitDefense.Battle.BattleLaunchRequest,FruitDefense.App.IAppNavigator,FruitDefense.Battle.IBattleResultSink,FruitDefense.UI.RuntimeUiTheme,FruitDefense.Content.ResolvedLevelDefinition) (at Assets/Scripts/FruitDefenseGame.cs:715)
FruitDefense.Editor.BattlefieldDualGridTerrainSmoke:ValidateRuntimeTerrainFailurePolicy (FruitDefense.Tilemaps.BattlefieldTerrainPalette) (at Assets/Editor/Tests/BattlefieldDualGridTerrainSmoke.cs:285)
FruitDefense.Editor.BattlefieldDualGridTerrainSmoke:Validate () (at Assets/Editor/Tests/BattlefieldDualGridTerrainSmoke.cs:46)
FruitDefense.Editor.ProjectSetup:SmokeValidate () (at Assets/Editor/Tools/ProjectSetup.cs:250)
FruitDefense.Editor.P0ValidationSuite:Run () (at Assets/Editor/Tests/P0ValidationSuite.cs:18)

(Filename: Assets/Scripts/FruitDefenseGame.cs Line: 1679)

Asset Pipeline Refresh (id=adb6ed54e3787514e8adba44b8b65ed9): Total: 0.013 seconds - Initiated by RefreshV2(NoUpdateAssetOptions)
Asset Pipeline Refresh (id=9a292d4e3350cc047b8654aba417a601): Total: 0.026 seconds - Initiated by RefreshV2(NoUpdateAssetOptions)
Square contour topology guide generated: Assets/LayeredTerrain/GrassSoil/Square/Topology/SquareContourTopologyGuide.png
UnityEngine.Debug:ExtractStackTraceNoAlloc (byte*,int,string)
UnityEngine.StackTraceUtility:ExtractStackTrace ()
UnityEngine.DebugLogHandler:Internal_Log (UnityEngine.LogType,UnityEngine.LogOption,string,UnityEngine.Object)
UnityEngine.DebugLogHandler:LogFormat (UnityEngine.LogType,UnityEngine.Object,string,object[])
UnityEngine.Logger:Log (UnityEngine.LogType,object)
UnityEngine.Debug:Log (object)
FruitDefense.Editor.SquareTerrainArtGenerator:GenerateTopologyGuide () (at Assets/Editor/Tools/SquareTerrainArtGenerator.cs:42)
FruitDefense.Editor.SquareTerrainArtGenerator:GenerateAvailableSquareAssets () (at Assets/Editor/Tools/SquareTerrainArtGenerator.cs:133)
FruitDefense.Editor.LayeredTerrainArtSetup:EnsurePaletteAssets () (at Assets/Editor/Tools/LayeredTerrainArtSetup.cs:62)
FruitDefense.Editor.ProjectSetup:ConfigureBattlefieldTerrain (FruitDefense.FruitDefenseGame) (at Assets/Editor/Tools/ProjectSetup.cs:217)
FruitDefense.Editor.BattlefieldDualGridTerrainSmoke:ValidateSetupBinding (FruitDefense.Tilemaps.BattlefieldTerrainPalette,FruitDefense.Tilemaps.DualGridTileSet,FruitDefense.Tilemaps.DualGridTileSet,UnityEngine.Texture2D) (at Assets/Editor/Tests/BattlefieldDualGridTerrainSmoke.cs:489)
FruitDefense.Editor.BattlefieldDualGridTerrainSmoke:Validate () (at Assets/Editor/Tests/BattlefieldDualGridTerrainSmoke.cs:92)
FruitDefense.Editor.ProjectSetup:SmokeValidate () (at Assets/Editor/Tools/ProjectSetup.cs:250)
FruitDefense.Editor.P0ValidationSuite:Run () (at Assets/Editor/Tests/P0ValidationSuite.cs:18)

(Filename: Assets/Editor/Tools/SquareTerrainArtGenerator.cs Line: 42)

Asset Pipeline Refresh (id=364353b813ebced45ab3b8c106941788): Total: 0.026 seconds - Initiated by RefreshV2(NoUpdateAssetOptions)
Asset Pipeline Refresh (id=2a9057af5e03d8543b70e7af3d3467da): Total: 0.034 seconds - Initiated by RefreshV2(NoUpdateAssetOptions)
Asset Pipeline Refresh (id=e39d297b5b5bcb64bb46eec2e8e5d828): Total: 0.031 seconds - Initiated by RefreshV2(NoUpdateAssetOptions)
Start importing Assets/LayeredTerrain/GrassSoil/Square/LandformStoneRoad/Mask-07.asset using Guid(b02fd980a2abc6b41974d859a777fb1d) (NativeFormatImporter) -> (artifact id: '09027e8d963d8fd928277d96f7735e27') in 0.0019102 seconds
Start importing Assets/LayeredTerrain/GrassSoil/Square/LandformGrass/Mask-05.asset using Guid(d04330ef8020b8a41b9e4589cb202101) (NativeFormatImporter) -> (artifact id: '4e5972f1b6c2ded32e8e48532b67135b') in 0.0014119 seconds
Start importing Assets/LayeredTerrain/GrassSoil/Square/LandformGrass/Mask-12.asset using Guid(d00b41817e9bc0741ad148ea3e94519a) (NativeFormatImporter) -> (artifact id: '9d0a3a48e4156b96b3c76ca702bf7bff') in 0.0017319 seconds
Start importing Assets/LayeredTerrain/GrassSoil/Square/LandformStoneRoad/Mask-13.asset using Guid(116a8c3b6ac195a4ebb8e3c7a9989ddc) (NativeFormatImporter) -> (artifact id: '871e193410b26687800828802aef7920') in 0.0014408 seconds
Start importing Assets/LayeredTerrain/GrassSoil/Square/LandformGrass/Mask-02.asset using Guid(315648227c153724090125e98f4cba15) (NativeFormatImporter) -> (artifact id: 'd08b86b0e86b5ac26e9107766d5008d1') in 0.0013026 seconds
Start importing Assets/LayeredTerrain/GrassSoil/Square/LandformStoneRoad/Mask-11.asset using Guid(519050a0a5a9f5847b095ee0b83437a0) (NativeFormatImporter) -> (artifact id: 'ae100c2ae270a66d81134616e885003c') in 0.0015003 seconds
Start importing Assets/LayeredTerrain/GrassSoil/Square/LandformGrass/Mask-14.asset using Guid(81815b76ad7c06c47bf1bc7b65624ffd) (NativeFormatImporter) -> (artifact id: 'e00c4c5ecbd51682bc3c65bf8d862a23') in 0.0015073 seconds
Start importing Assets/LayeredTerrain/GrassSoil/Square/LandformSoil/Mask-03.asset using Guid(b1c5384b4651e4a4a82d483cc64aae79) (NativeFormatImporter) -> (artifact id: '45c12fb41048b850cd7cb0f3e535436a') in 0.0012999 seconds
Start importing Assets/LayeredTerrain/GrassSoil/Square/LandformGrass/Mask-15.asset using Guid(027119ab30d86a546a5d935d6e9ec608) (NativeFormatImporter) -> (artifact id: '7e821f282e19a2a4d5825e548df9693a') in 0.0013383 seconds
Start importing Assets/LayeredTerrain/GrassSoil/Square/LandformGrass/Mask-00.asset using Guid(13f70a46e499e0146bffd256e7c14483) (NativeFormatImporter) -> (artifact id: '2a9713a59b72231d0d554c49e274b85a') in 0.0015078 seconds
Start importing Assets/LayeredTerrain/GrassSoil/Square/LandformSoil/Mask-00.asset using Guid(8303f71f8469fd7459473d47391ab0b3) (NativeFormatImporter) -> (artifact id: '1442dfc314550b70b27dde3dada60cc7') in 0.0012788 seconds
Start importing Assets/LayeredTerrain/GrassSoil/Square/LandformSoil/Mask-01.asset using Guid(d33072ada9e1bb749adcc5938680d51a) (NativeFormatImporter) -> (artifact id: '7a8f58bad24b64f744799cb0b0b9228f') in 0.0012457 seconds
Start importing Assets/LayeredTerrain/GrassSoil/Square/LandformStoneRoad/Mask-09.asset using Guid(d30b19c2c64338a4fa9211b305cf65b1) (NativeFormatImporter) -> (artifact id: '59211e6be04f7e5724ec1a1b38221d71') in 0.0014828 seconds
Start importing Assets/LayeredTerrain/GrassSoil/Square/LandformSoil/Mask-13.asset using Guid(548b829df136ae948902efdc96ee70bb) (NativeFormatImporter) -> (artifact id: 'd770f2a72e8453a69c8ff146ee623ca5') in 0.0019051 seconds
Start importing Assets/LayeredTerrain/GrassSoil/Square/LandformStoneRoad/Mask-00.asset using Guid(74d1d4b679c3aec43af1bd30b6c4aea1) (NativeFormatImporter) -> (artifact id: '4c60ffb732228db343f89511449fce3b') in 0.0015372 seconds
Start importing Assets/LayeredTerrain/GrassSoil/Square/LandformGrass/Mask-01.asset using Guid(35cbc7e6bd8f2f84d9c7965779c9b2eb) (NativeFormatImporter) -> (artifact id: '7cd6fe12f157cd0a0b2a210183323c21') in 0.001779 seconds
Start importing Assets/LayeredTerrain/GrassSoil/Square/LandformGrass/Mask-10.asset using Guid(5728d44dd2630ff40849746ce5d849d7) (NativeFormatImporter) -> (artifact id: '57d0e56c944d10ea9c02adfa74800a28') in 0.0015345 seconds
Start importing Assets/LayeredTerrain/GrassSoil/Square/LandformSoil/Mask-09.asset using Guid(67347eef4df492941b15d16b687e2cb7) (NativeFormatImporter) -> (artifact id: '0b3fee03fb07b35a5fbe9374ec056b4b') in 0.0013322 seconds
Start importing Assets/LayeredTerrain/GrassSoil/Square/LandformGrass/Mask-04.asset using Guid(87737865bdb87ec43864ad3d997d7626) (NativeFormatImporter) -> (artifact id: '83b9f8cc1d095defdc009bd1839b690f') in 0.0016609 seconds
Start importing Assets/LayeredTerrain/GrassSoil/Square/LandformSoil/Mask-02.asset using Guid(87e33da937f65d34fb027eebfd8c1343) (NativeFormatImporter) -> (artifact id: '031756e6cc2b3a5ef2ddcaf8740ee21f') in 0.001404 seconds
Start importing Assets/LayeredTerrain/GrassSoil/Square/LandformGrass/Mask-08.asset using Guid(b781c12832a4cd84392ab7d35a405505) (NativeFormatImporter) -> (artifact id: 'c734ab3f59a9e28ca19de35691f15a63') in 0.001441 seconds
Start importing Assets/LayeredTerrain/GrassSoil/Square/LandformStoneRoad/Mask-04.asset using Guid(f70ec30b59552144a97e4da8fea5520c) (NativeFormatImporter) -> (artifact id: '67ab708a109917ddbe110252083911c2') in 0.0015575 seconds
Start importing Assets/LayeredTerrain/GrassSoil/Square/LandformStoneRoad/Mask-05.asset using Guid(08c7afe6a1108a84b9f8ac99c7fa610e) (NativeFormatImporter) -> (artifact id: 'a8026e8f0c10f4b634f0c477d7f79ba5') in 0.0014276 seconds
Start importing Assets/LayeredTerrain/GrassSoil/Square/LandformStoneRoad/Mask-14.asset using Guid(39202684bd500f14184c5131ac46a6dd) (NativeFormatImporter) -> (artifact id: 'b43c0e8abc2951d26427ba0ee51e7ebb') in 0.0013 seconds
Start importing Assets/LayeredTerrain/GrassSoil/Square/LandformSoil/SoilSquareLandformTileSet.asset using Guid(897d878e9497c6e4d935ea42058d6001) (NativeFormatImporter) -> (artifact id: '17e85a477bcdc5aaf3c7a2ca1f1f5d8e') in 0.0013531 seconds
Start importing Assets/LayeredTerrain/GrassSoil/Square/LandformStoneRoad/StoneRoadSquareLandformTileSet.asset using Guid(0a6730ef0e26d5b49b9ae3129ee21909) (NativeFormatImporter) -> (artifact id: '48456893df0f467254b3256235820444') in 0.0013771 seconds
Start importing Assets/LayeredTerrain/GrassSoil/Square/LandformStoneRoad/Mask-10.asset using Guid(caa578d738fb0414e820ab1e3541b03f) (NativeFormatImporter) -> (artifact id: 'be4dcdbbc4fe728152242b70b5e9bb78') in 0.0012616 seconds
Start importing Assets/LayeredTerrain/GrassSoil/Square/LandformSoil/Mask-07.asset using Guid(2ce20b5da48d1ae43956c41d22ecd92e) (NativeFormatImporter) -> (artifact id: '7c41af1778c9689fc8cf1f4e4fcccd2c') in 0.0012372 seconds
Start importing Assets/LayeredTerrain/GrassSoil/Square/LandformSoil/Mask-11.asset using Guid(2c6bd62321830da498ea7724ae626857) (NativeFormatImporter) -> (artifact id: 'b1033fab3dddb68d369a244413a84ab3') in 0.001474 seconds
Start importing Assets/LayeredTerrain/GrassSoil/Square/LandformStoneRoad/Mask-15.asset using Guid(5cbc1f25709453b4a90de7054d0ce9b7) (NativeFormatImporter) -> (artifact id: 'ca75aea14a03badd729ba37b57fc7710') in 0.0013089 seconds
Start importing Assets/LayeredTerrain/GrassSoil/Square/LandformGrass/Mask-09.asset using Guid(8c5fb632240287d48a17621f58d3a651) (NativeFormatImporter) -> (artifact id: '77c6cf5113d6c96189dbf6818d84fd5f') in 0.0014956 seconds
Start importing Assets/LayeredTerrain/GrassSoil/Square/LandformSoil/Mask-12.asset using Guid(bc85f424c35a6c845b2186949136a828) (NativeFormatImporter) -> (artifact id: '08c355397adee775c3834a7a7a0bf465') in 0.0014813 seconds
Start importing Assets/LayeredTerrain/GrassSoil/Square/LandformSoil/Mask-10.asset using Guid(0dfe2c0efe3330c4d9570f0061d459b9) (NativeFormatImporter) -> (artifact id: '88decb540b9e036a0400c2d34dbc707c') in 0.0014631 seconds
Start importing Assets/LayeredTerrain/GrassSoil/Square/LandformGrass/Mask-03.asset using Guid(1db706b3e9547554e9081663c6442ba0) (NativeFormatImporter) -> (artifact id: 'fdfbe87044d88284093ccc42787947e0') in 0.0012637 seconds
Start importing Assets/LayeredTerrain/GrassSoil/Square/LandformStoneRoad/Mask-02.asset using Guid(1d9b71389b4697e4586703b25f185da7) (NativeFormatImporter) -> (artifact id: 'dbb50fa57ab28462356bbd1a8ebab835') in 0.0012514 seconds
Start importing Assets/LayeredTerrain/GrassSoil/Square/LandformSoil/Mask-05.asset using Guid(2de42da45e48f974e9a74a6970e6e643) (NativeFormatImporter) -> (artifact id: '6e739e360d22b33fd378e6acefe9d800') in 0.0013089 seconds
Start importing Assets/LayeredTerrain/GrassSoil/Square/LandformGrass/Mask-11.asset using Guid(5d253dc28016ae64db4653758ac0af88) (NativeFormatImporter) -> (artifact id: '4dbb166b77c04b10385ee89749d834d3') in 0.0013207 seconds
Start importing Assets/LayeredTerrain/GrassSoil/Square/LandformSoil/Mask-04.asset using Guid(5d4806f722710eb40b1cf937cc6498b6) (NativeFormatImporter) -> (artifact id: 'a825e4a02be2364dca6cd5d251c2a1af') in 0.0012301 seconds
Start importing Assets/LayeredTerrain/GrassSoil/Square/LandformStoneRoad/Mask-01.asset using Guid(add98a42caf91414387900c1b29b92c6) (NativeFormatImporter) -> (artifact id: 'a1a43dffdd1f7cdd6311169ade464c57') in 0.0012743 seconds
Start importing Assets/LayeredTerrain/GrassSoil/Square/LandformGrass/Mask-06.asset using Guid(cd0f4d7279da9f84caa8c319e7ab29f9) (NativeFormatImporter) -> (artifact id: '52937737c65259daea7bed84aa0a8a04') in 0.0012751 seconds
Start importing Assets/LayeredTerrain/GrassSoil/Square/LandformGrass/Mask-07.asset using Guid(4e65cf042fab2c1448282809779edb8a) (NativeFormatImporter) -> (artifact id: '8cc68977b954eb6d618706e748b65e8b') in 0.0014496 seconds
Start importing Assets/LayeredTerrain/GrassSoil/Square/LandformGrass/Mask-13.asset using Guid(7e2014d33d57f294f97dea5ed30b730c) (NativeFormatImporter) -> (artifact id: '93ec9328dc52bc61493ece4ef09f812b') in 0.0012747 seconds
Start importing Assets/LayeredTerrain/GrassSoil/Square/LandformSoil/Mask-14.asset using Guid(ae949dd8d7965fa41b1d3481d8bf8e30) (NativeFormatImporter) -> (artifact id: '13d3e8fadf25938fb6084c9eacdc285d') in 0.0018294 seconds
Start importing Assets/LayeredTerrain/GrassSoil/Square/LandformStoneRoad/Mask-08.asset using Guid(aecab5b9f537b5349adcff0900809717) (NativeFormatImporter) -> (artifact id: '6723e7d6eab214144e2a993643460ee5') in 0.0013316 seconds
Start importing Assets/LayeredTerrain/GrassSoil/Square/LandformSoil/Mask-15.asset using Guid(ce833c44287e15a44945e738038eb1c3) (NativeFormatImporter) -> (artifact id: '7c1ac2f82e318d432012af6c6509f07a') in 0.001252 seconds
Start importing Assets/LayeredTerrain/GrassSoil/Square/LandformSoil/Mask-08.asset using Guid(ee6f4f16a4085914dbcb15919c60654c) (NativeFormatImporter) -> (artifact id: '2a403aad88716c1a9d6ee321599dc86f') in 0.0015832 seconds
Start importing Assets/LayeredTerrain/GrassSoil/Square/LandformStoneRoad/Mask-12.asset using Guid(2f49f6b2d05a8804097e79c69e515dc3) (NativeFormatImporter) -> (artifact id: '3512849ba8746b3929337e37047f52c2') in 0.0013934 seconds
Start importing Assets/LayeredTerrain/GrassSoil/Square/LandformSoil/Mask-06.asset using Guid(3ff6ff5cd14cc7441a6a84cdde5ff745) (NativeFormatImporter) -> (artifact id: 'c47a955bf9dc32d5bb761f8069ffd421') in 0.001278 seconds
Start importing Assets/LayeredTerrain/GrassSoil/Square/LandformStoneRoad/Mask-06.asset using Guid(df46002ea561b404889b370e84a77f83) (NativeFormatImporter) -> (artifact id: 'c73fed30de3e790341265e9a3306482c') in 0.0013498 seconds
Start importing Assets/LayeredTerrain/GrassSoil/Square/LandformStoneRoad/Mask-03.asset using Guid(df1e863caf3bc5441a0d4c507b76c311) (NativeFormatImporter) -> (artifact id: 'a9a2fb8e8c6cb1c0cdbe880f9de699ac') in 0.0015807 seconds
Start importing Assets/LayeredTerrain/GrassSoil/Square/LandformGrass/GrassSquareLandformTileSet.asset using Guid(ef399dc10411dd84ab6a276f72e506ea) (NativeFormatImporter) -> (artifact id: '3f3f806b6373e60abb62a5adaf65a9f7') in 0.001449 seconds
Refreshing native plugins compatible for Editor in 0.19 ms, found 0 plugins.
Preloading 0 native plugins for Editor in 0.00 ms.
Asset Pipeline Refresh (id=6cebbe16eb614034daa3f47d0548c528): Total: 0.099 seconds - Initiated by StopAssetImportingV2(NoUpdateAssetOptions)
Native 256 px square grass, soil and stone-road landforms generated.
UnityEngine.Debug:ExtractStackTraceNoAlloc (byte*,int,string)
UnityEngine.StackTraceUtility:ExtractStackTrace ()
UnityEngine.DebugLogHandler:Internal_Log (UnityEngine.LogType,UnityEngine.LogOption,string,UnityEngine.Object)
UnityEngine.DebugLogHandler:LogFormat (UnityEngine.LogType,UnityEngine.Object,string,object[])
UnityEngine.Logger:Log (UnityEngine.LogType,object)
UnityEngine.Debug:Log (object)
FruitDefense.Editor.SquareTerrainArtGenerator:GenerateDeterministicLandforms () (at Assets/Editor/Tools/SquareTerrainArtGenerator.cs:87)
FruitDefense.Editor.SquareTerrainArtGenerator:GenerateAvailableSquareAssets () (at Assets/Editor/Tools/SquareTerrainArtGenerator.cs:134)
FruitDefense.Editor.LayeredTerrainArtSetup:EnsurePaletteAssets () (at Assets/Editor/Tools/LayeredTerrainArtSetup.cs:62)
FruitDefense.Editor.ProjectSetup:ConfigureBattlefieldTerrain (FruitDefense.FruitDefenseGame) (at Assets/Editor/Tools/ProjectSetup.cs:217)
FruitDefense.Editor.BattlefieldDualGridTerrainSmoke:ValidateSetupBinding (FruitDefense.Tilemaps.BattlefieldTerrainPalette,FruitDefense.Tilemaps.DualGridTileSet,FruitDefense.Tilemaps.DualGridTileSet,UnityEngine.Texture2D) (at Assets/Editor/Tests/BattlefieldDualGridTerrainSmoke.cs:489)
FruitDefense.Editor.BattlefieldDualGridTerrainSmoke:Validate () (at Assets/Editor/Tests/BattlefieldDualGridTerrainSmoke.cs:92)
FruitDefense.Editor.ProjectSetup:SmokeValidate () (at Assets/Editor/Tools/ProjectSetup.cs:250)
FruitDefense.Editor.P0ValidationSuite:Run () (at Assets/Editor/Tests/P0ValidationSuite.cs:18)

(Filename: Assets/Editor/Tools/SquareTerrainArtGenerator.cs Line: 87)

Asset Pipeline Refresh (id=884816735ef33f4499937f34ecafb4cb): Total: 0.029 seconds - Initiated by RefreshV2(NoUpdateAssetOptions)
Start importing Assets/LayeredTerrain/GrassSoil/Square/EdgeGrassOnSoilPainted/Mask-15.asset using Guid(a17969b175ec3354c8fe533c48257f94) (NativeFormatImporter) -> (artifact id: '99f211a0ff210a0c86467a3e625714fe') in 0.0017324 seconds
Start importing Assets/LayeredTerrain/GrassSoil/Square/EdgeGrassOnSoilPainted/Mask-04.asset using Guid(e2449efc0c1116648a5b9cbfe33d8e81) (NativeFormatImporter) -> (artifact id: '18145ed9e628d5f8340c44824db6c8be') in 0.0015768 seconds
Start importing Assets/LayeredTerrain/GrassSoil/Square/EdgeGrassOnSoilPainted/Mask-14.asset using Guid(4328f421ed4ea34439d6e4e50990e24a) (NativeFormatImporter) -> (artifact id: '6bbe4451c7dca2d4de869403308041cf') in 0.0015114 seconds
Start importing Assets/LayeredTerrain/GrassSoil/Square/EdgeGrassOnSoilPainted/Mask-11.asset using Guid(04aab987cd98a4440b66bb727667d8db) (NativeFormatImporter) -> (artifact id: 'eb6fb6ecd423e575e0946462aa243d66') in 0.0013845 seconds
Start importing Assets/LayeredTerrain/GrassSoil/Square/EdgeGrassOnSoilPainted/Mask-13.asset using Guid(75f61e4d96323eb4e906226b1dd8a16a) (NativeFormatImporter) -> (artifact id: '7952dc870547efbd422b012b46d2b17a') in 0.0013772 seconds
Start importing Assets/LayeredTerrain/GrassSoil/Square/EdgeGrassOnSoilPainted/Mask-08.asset using Guid(062a9acbc752b0342becc47471c8dad4) (NativeFormatImporter) -> (artifact id: 'ee86fce3dc4587f247fc6e398cfff9cd') in 0.0013894 seconds
Start importing Assets/LayeredTerrain/GrassSoil/Square/EdgeGrassOnSoilPainted/Mask-12.asset using Guid(17347530ba5655e4cb59ff249a976ea1) (NativeFormatImporter) -> (artifact id: '27e6bc4eabc1e74cb23636389ffd9263') in 0.0012708 seconds
Start importing Assets/LayeredTerrain/GrassSoil/Square/EdgeGrassOnSoilPainted/Mask-00.asset using Guid(676ca911d7a7bbf408a30856d7cc6990) (NativeFormatImporter) -> (artifact id: '557d3d98682769dd5e96ded56f4299cf') in 0.0013649 seconds
Start importing Assets/LayeredTerrain/GrassSoil/Square/EdgeGrassOnSoilPainted/Mask-10.asset using Guid(e75c1031ec799e0448fd29d3082006b4) (NativeFormatImporter) -> (artifact id: 'c8e41218e8984dd46c91b31d7703de4f') in 0.001681 seconds
Start importing Assets/LayeredTerrain/GrassSoil/Square/EdgeGrassOnSoilPainted/Mask-09.asset using Guid(a8a7730f3a6dd484198f1b19fed8a24f) (NativeFormatImporter) -> (artifact id: '5597baddb442bf8a928e37d39723d50b') in 0.0014963 seconds
Start importing Assets/LayeredTerrain/GrassSoil/Square/EdgeGrassOnSoilPainted/Mask-07.asset using Guid(f8b2f90201834fa478634d3f30f6af16) (NativeFormatImporter) -> (artifact id: 'a306cb5e617a8648a67a81dc94516e9e') in 0.0014155 seconds
Start importing Assets/LayeredTerrain/GrassSoil/Square/EdgeGrassOnSoilPainted/Mask-06.asset using Guid(19882d23e028ac94e8abd02f91624ba8) (NativeFormatImporter) -> (artifact id: '54900e8224e5828f7c6a4f69fec6db72') in 0.0015072 seconds
Start importing Assets/LayeredTerrain/GrassSoil/Square/EdgeGrassOnSoilPainted/Mask-01.asset using Guid(b94d4b2cd03a1b04b83a81974d966227) (NativeFormatImporter) -> (artifact id: '7caf427609fab688c51f9caa2ce6a79f') in 0.0015709 seconds
Start importing Assets/LayeredTerrain/GrassSoil/Square/EdgeGrassOnSoilPainted/Mask-03.asset using Guid(1a4a3cc4af69bbc4aaabde52016c4f95) (NativeFormatImporter) -> (artifact id: 'af45f85c0f45a239757e36be7c184f6c') in 0.001336 seconds
Start importing Assets/LayeredTerrain/GrassSoil/Square/EdgeGrassOnSoilPainted/Mask-05.asset using Guid(bacdc75efb95eda42aa6803845d196c4) (NativeFormatImporter) -> (artifact id: '6d469253745d86e884993bfadfef01d0') in 0.0016968 seconds
Start importing Assets/LayeredTerrain/GrassSoil/Square/EdgeGrassOnSoilPainted/GrassOnSoilSquarePaintedTileSet.asset using Guid(1b984e39e61f8734d8c54b032e84c3a3) (NativeFormatImporter) -> (artifact id: '612bda68ec02f7c1be620eb4ba627873') in 0.0016529 seconds
Start importing Assets/LayeredTerrain/GrassSoil/Square/EdgeGrassOnSoilPainted/Mask-02.asset using Guid(8d6a7e51f29762f4796204a57546e522) (NativeFormatImporter) -> (artifact id: '504e9a251c8e415c78cba5f93910b005') in 0.0014442 seconds
Refreshing native plugins compatible for Editor in 0.21 ms, found 0 plugins.
Preloading 0 native plugins for Editor in 0.00 ms.
Asset Pipeline Refresh (id=2ea7f845ada4ca04688a2b18ac81efef): Total: 0.041 seconds - Initiated by StopAssetImportingV2(NoUpdateAssetOptions)
Accepted ribbon lip profile packaged as a top-down grass feather with base-grass RGB, guide-owned topology and no soil wall or outline.
UnityEngine.Debug:ExtractStackTraceNoAlloc (byte*,int,string)
UnityEngine.StackTraceUtility:ExtractStackTrace ()
UnityEngine.DebugLogHandler:Internal_Log (UnityEngine.LogType,UnityEngine.LogOption,string,UnityEngine.Object)
UnityEngine.DebugLogHandler:LogFormat (UnityEngine.LogType,UnityEngine.Object,string,object[])
UnityEngine.Logger:Log (UnityEngine.LogType,object)
UnityEngine.Debug:Log (object)
FruitDefense.Editor.SquareTerrainArtGenerator:PackageAcceptedGrassOnSoilCandidate () (at Assets/Editor/Tools/SquareTerrainArtGenerator.cs:126)
FruitDefense.Editor.SquareTerrainArtGenerator:GenerateAvailableSquareAssets () (at Assets/Editor/Tools/SquareTerrainArtGenerator.cs:138)
FruitDefense.Editor.LayeredTerrainArtSetup:EnsurePaletteAssets () (at Assets/Editor/Tools/LayeredTerrainArtSetup.cs:62)
FruitDefense.Editor.ProjectSetup:ConfigureBattlefieldTerrain (FruitDefense.FruitDefenseGame) (at Assets/Editor/Tools/ProjectSetup.cs:217)
FruitDefense.Editor.BattlefieldDualGridTerrainSmoke:ValidateSetupBinding (FruitDefense.Tilemaps.BattlefieldTerrainPalette,FruitDefense.Tilemaps.DualGridTileSet,FruitDefense.Tilemaps.DualGridTileSet,UnityEngine.Texture2D) (at Assets/Editor/Tests/BattlefieldDualGridTerrainSmoke.cs:489)
FruitDefense.Editor.BattlefieldDualGridTerrainSmoke:Validate () (at Assets/Editor/Tests/BattlefieldDualGridTerrainSmoke.cs:92)
FruitDefense.Editor.ProjectSetup:SmokeValidate () (at Assets/Editor/Tools/ProjectSetup.cs:250)
FruitDefense.Editor.P0ValidationSuite:Run () (at Assets/Editor/Tests/P0ValidationSuite.cs:18)

(Filename: Assets/Editor/Tools/SquareTerrainArtGenerator.cs Line: 126)

Start importing Assets/LayeredTerrain/GrassSoil/LandformSoil/Mask-07.asset using Guid(40244693c163e6541baff892b129cb00) (NativeFormatImporter) -> (artifact id: 'e65830c68ae7e03467001a0296ab0069') in 0.0017673 seconds
Start importing Assets/LayeredTerrain/GrassSoil/EdgeGrassOnSoilRefined/Mask-07.asset using Guid(418e9fec0ca97b64ab0f4c86dc0fd006) (NativeFormatImporter) -> (artifact id: 'cd9c2cf18fdd38f609098f7d0cc15714') in 0.0017978 seconds
Start importing Assets/LayeredTerrain/CompositeBrushes/OriginalGrassSoil/OriginalGrassSoilReverseLandformTileSet.asset using Guid(813c3f8ce1d51a24093ce2c5ed1547fa) (NativeFormatImporter) -> (artifact id: 'b5291246265ecb7af0dd8a3a19f371a0') in 0.0017007 seconds
Start importing Assets/LayeredTerrain/GrassSoil/Authoring/SoilBase.asset using Guid(a158e7b4dd9e7c448b398f9b22a9f9c2) (NativeFormatImporter) -> (artifact id: '1d93f5ffd6651520cc292a513066cccb') in 0.0014478 seconds
Start importing Assets/LayeredTerrain/GrassSoil/EdgeGrassOnSoilRefined/Mask-05.asset using Guid(f15a3346efbbefb40babba4ef8f6ffa7) (NativeFormatImporter) -> (artifact id: '0325b05872f53d4d8922d91b29b864f9') in 0.0018042 seconds
Start importing Assets/LayeredTerrain/GrassSoil/LandformSoil/Mask-04.asset using Guid(f1fab5de0afca5445ba4970fcd52bbbe) (NativeFormatImporter) -> (artifact id: '09085b923c9ce06113de808e0225d25b') in 0.001461 seconds
Start importing Assets/LayeredTerrain/GrassSoil/EdgeGrassOnSoilRefined/Mask-14.asset using Guid(1292b21714ab41b4197a410a29053ee2) (NativeFormatImporter) -> (artifact id: '113ba810aee874d1280699a85e7183b6') in 0.0013768 seconds
Start importing Assets/LayeredTerrain/GrassSoil/LandformGrass/Mask-08.asset using Guid(52e1998e35a61a047bd24dd910b6bb8c) (NativeFormatImporter) -> (artifact id: '675f77c88e6e0d975abaaae9f510d95d') in 0.0016617 seconds
Start importing Assets/LayeredTerrain/GrassSoil/EdgeGrassOnSoilRefined/Mask-15.asset using Guid(a2ee8cf7722d54542bb6934c3c7acca3) (NativeFormatImporter) -> (artifact id: '6edcf8d7d3f26ee03919cdd607084ab1') in 0.0015155 seconds
Start importing Assets/LayeredTerrain/GrassSoil/EdgeGrassOnSoilRefined/Mask-11.asset using Guid(c29b700cc6f883f4d8d20d2a190eee05) (NativeFormatImporter) -> (artifact id: 'f51c180f858faa73b198142b42927cfc') in 0.0013397 seconds
Start importing Assets/LayeredTerrain/GrassSoil/LandformGrass/Mask-07.asset using Guid(d285b7a144ce1134ba6f4b02b003db14) (NativeFormatImporter) -> (artifact id: '0038d19d51d9c42dea9465db3b105f39') in 0.0015362 seconds
Start importing Assets/LayeredTerrain/GrassSoil/LandformSoil/Mask-01.asset using Guid(030d3f064f313fe4aa4dd2ab0ae33f07) (NativeFormatImporter) -> (artifact id: '3fd5251983b6578fd68bf6bc3bb3b4e3') in 0.0018484 seconds
Start importing Assets/LayeredTerrain/GrassSoil/EdgeGrassOnSoilRefined/Mask-10.asset using Guid(c32eb2f88b196e04f96b1b2b04ea7efe) (NativeFormatImporter) -> (artifact id: '2d01cd9893dc47967ba87373e479eb7e') in 0.0015205 seconds
Start importing Assets/LayeredTerrain/GrassSoil/LandformSoil/Mask-13.asset using Guid(04bdecbe02f95ef46986c7056c2b7c3b) (NativeFormatImporter) -> (artifact id: '15f31c02a38b8c10ecc25938dd45d64e') in 0.0017209 seconds
Start importing Assets/LayeredTerrain/GrassSoil/EdgeGrassOnSoilRefined/Mask-00.asset using Guid(e4a3c845026f4254892939518018693f) (NativeFormatImporter) -> (artifact id: '3a031e969e7d12b8ad7d8420c2b35c82') in 0.0014937 seconds
Start importing Assets/LayeredTerrain/GrassSoil/LandformSoil/Mask-03.asset using Guid(15a3542839f831f41a0a24e5e9e2f22c) (NativeFormatImporter) -> (artifact id: '6e77d59b695c8200cb85f17fa75a4b54') in 0.001341 seconds
Start importing Assets/LayeredTerrain/GrassSoil/LandformSoil/Mask-02.asset using Guid(f587922c248637745a6249f84c52611e) (NativeFormatImporter) -> (artifact id: '75844366cc32f023f1e40453bee8aa54') in 0.0015483 seconds
Start importing Assets/LayeredTerrain/GrassSoil/LandformGrass/Mask-09.asset using Guid(165dc20b52db7d14488b55217f6ac108) (NativeFormatImporter) -> (artifact id: '72e38899c33e0e3ced6ed6d0356b17dc') in 0.0014576 seconds
Start importing Assets/LayeredTerrain/GrassSoil/LandformSoil/Mask-11.asset using Guid(86718e5a68b1dcc47854d71bba5a1c17) (NativeFormatImporter) -> (artifact id: '04f57e67d298deb7839321669f6f5937') in 0.0012982 seconds
Start importing Assets/LayeredTerrain/GrassSoil/EdgeGrassOnSoilRefined/Mask-09.asset using Guid(86c349d56e9db3e4e849d6749cdfbfbe) (NativeFormatImporter) -> (artifact id: 'a3a3937713e26dae2d17075614e230de') in 0.0013449 seconds
Start importing Assets/LayeredTerrain/CompositeBrushes/GrassSoil/GrassSoilReverseLandformTileSet.asset using Guid(17ff6febab517824eb695d29e0459a1f) (NativeFormatImporter) -> (artifact id: '3aac16350dc78571bdc4c034dd153e34') in 0.0015917 seconds
Start importing Assets/LayeredTerrain/GrassSoil/LandformSoil/Mask-09.asset using Guid(478b7d64a48c32541abd22cde03a7210) (NativeFormatImporter) -> (artifact id: 'df61b4f661f9c0aded60f089bd901d4a') in 0.0014195 seconds
Start importing Assets/LayeredTerrain/GrassSoil/LandformSoil/Mask-05.asset using Guid(878e7bb9dfa805f47b4b88fef4623c4b) (NativeFormatImporter) -> (artifact id: '6433cd5ece3fc29e9694b9c40d1cce7b') in 0.0014133 seconds
Start importing Assets/LayeredTerrain/CompositeBrushes/StoneWater/StoneWaterReverseLandformTileSet.asset using Guid(97ffcbb8c3ab6264e80693ccaf0c43de) (NativeFormatImporter) -> (artifact id: '098d79a46ae44df4e4eabca0ead85233') in 0.0016255 seconds
Start importing Assets/LayeredTerrain/GrassSoil/LandformSoil/Mask-14.asset using Guid(a7806afe4f019d445bbf552f9eece05e) (NativeFormatImporter) -> (artifact id: 'e86c3f661d3698b3e540fda453881940') in 0.0013695 seconds
Start importing Assets/LayeredTerrain/GrassSoil/EdgeGrassOnSoilRefined/Mask-13.asset using Guid(a7d1a82699efeae47a6ca0a5bb112ae7) (NativeFormatImporter) -> (artifact id: 'a78e3ab795bab51c2fb8875ea81a3142') in 0.0013592 seconds
Start importing Assets/LayeredTerrain/GrassSoil/EdgeGrassOnSoilRefined/GrassOnSoilRefinedTileSet.asset using Guid(b75665e5083dab441a2805aa7b5e1562) (NativeFormatImporter) -> (artifact id: '9a378045af94549dd04c416ddd049034') in 0.0014943 seconds
Start importing Assets/LayeredTerrain/GrassSoil/LandformGrass/Mask-14.asset using Guid(c7287b8c949516949b483b111ceb39a0) (NativeFormatImporter) -> (artifact id: '742a261e597b802d91fa4c4b50193514') in 0.0013667 seconds
Start importing Assets/LayeredTerrain/GrassSoil/LandformSoil/Mask-00.asset using Guid(88d5b3d83381240419fa7d0a9d6c2c63) (NativeFormatImporter) -> (artifact id: 'ec59939a8b52efe47b329a71ceccb6a9') in 0.001595 seconds
Start importing Assets/LayeredTerrain/GrassSoil/LandformGrass/Mask-13.asset using Guid(e80621ea42744c243ac2ec385c32b338) (NativeFormatImporter) -> (artifact id: 'c073a20a8e0628f7baf4a55a699ae105') in 0.0016354 seconds
Start importing Assets/LayeredTerrain/GrassSoil/LandformGrass/Mask-00.asset using Guid(c92ffc9e81d587840892eb05cf844fbf) (NativeFormatImporter) -> (artifact id: '6de21ee1cddad2dc5dc822438a8f4094') in 0.00143 seconds
Start importing Assets/LayeredTerrain/GrassSoil/LandformSoil/Mask-08.asset using Guid(d98e1448816e2f443a1e4e6b40e7cc25) (NativeFormatImporter) -> (artifact id: '8c84979613e06175002d882607152e4e') in 0.0012827 seconds
Start importing Assets/LayeredTerrain/GrassSoil/LandformSoil/Mask-15.asset using Guid(e95509ac4ec30484ab37daa221658805) (NativeFormatImporter) -> (artifact id: 'f96248f32c56c962dfe506862d5fb21b') in 0.0013629 seconds
Start importing Assets/LayeredTerrain/GrassSoil/EdgeGrassOnSoilRefined/Mask-06.asset using Guid(e9ac41d989ad93f4ca1a691487107c16) (NativeFormatImporter) -> (artifact id: 'e9daccbac2653977ee343c02f273f598') in 0.0013753 seconds
Start importing Assets/LayeredTerrain/GrassSoil/LandformSoil/Mask-10.asset using Guid(f95d6c7578efacd4cb1f12c63e1d8ff8) (NativeFormatImporter) -> (artifact id: '90d43f8749769d1781298dd6bba5d61f') in 0.0012766 seconds
Start importing Assets/LayeredTerrain/GrassSoil/LandformGrass/Mask-10.asset using Guid(0a64b675a1f765c409b8f9deea1eb208) (NativeFormatImporter) -> (artifact id: '09c03947b8c465db650824308fe637f1') in 0.001619 seconds
Start importing Assets/LayeredTerrain/GrassSoil/EdgeGrassOnSoilRefined/Mask-12.asset using Guid(3a09b8d94e4515f4fa39c4292c8052a7) (NativeFormatImporter) -> (artifact id: 'af83cf963396621d9d3bad458f6ed2a9') in 0.0013823 seconds
Start importing Assets/LayeredTerrain/GrassSoil/LandformSoil/Mask-06.asset using Guid(4ab46eb735954bf45977209e4a936a01) (NativeFormatImporter) -> (artifact id: '8450f37df15f7709b95c5c346493f1fd') in 0.0012732 seconds
Start importing Assets/LayeredTerrain/GrassSoil/LandformGrass/Mask-15.asset using Guid(7a5208b63b1d6284285e932c3708e65d) (NativeFormatImporter) -> (artifact id: '67ddae65d0c7a750e13eb34b9baf8365') in 0.0012508 seconds
Start importing Assets/LayeredTerrain/GrassSoil/LandformGrass/Mask-05.asset using Guid(3b4a2864fb45c5b4fae56fc1f697bbdd) (NativeFormatImporter) -> (artifact id: 'cf3f476c92289c5b074cb8ea3198ce61') in 0.0017433 seconds
Start importing Assets/LayeredTerrain/GrassSoil/EdgeGrassOnSoilRefined/Mask-08.asset using Guid(9b3d0613b51d86146bf5ea0994b42ddd) (NativeFormatImporter) -> (artifact id: '4e302c1a03e18f66e6c41c139ec180d3') in 0.0014205 seconds
Start importing Assets/LayeredTerrain/GrassSoil/LandformGrass/Mask-11.asset using Guid(bb6bc251a6bbcf54480e7f80f2181f2a) (NativeFormatImporter) -> (artifact id: '857582d6d96bb87d66880447573db021') in 0.0013095 seconds
Start importing Assets/LayeredTerrain/GrassSoil/LandformSoil/Mask-12.asset using Guid(3cfb4949c07b1bf43bc66661515525d7) (NativeFormatImporter) -> (artifact id: '3a6ea6ab140b5d680c9d80d68e71cee7') in 0.0013318 seconds
Start importing Assets/LayeredTerrain/GrassSoil/EdgeGrassOnSoilRefined/Mask-04.asset using Guid(6cca3f06a711ab34992417d66eeec087) (NativeFormatImporter) -> (artifact id: 'be2a2aeb01573b6be77d3a2b070fef25') in 0.0014465 seconds
Start importing Assets/LayeredTerrain/GrassSoil/Authoring/GrassBase.asset using Guid(3d71b1ea4e270714eb43b3b4541cda21) (NativeFormatImporter) -> (artifact id: '3f5ae16e96393bccc7f5f4d3650a3ce6') in 0.0012874 seconds
Start importing Assets/LayeredTerrain/GrassSoil/LandformGrass/Mask-06.asset using Guid(5d15d49b3c156ae479bd995b33107c67) (NativeFormatImporter) -> (artifact id: '05abb2ca9d5f1492af0ec896fb864d4e') in 0.001238 seconds
Start importing Assets/LayeredTerrain/GrassSoil/LandformGrass/Mask-01.asset using Guid(7d609e3f17078a44f9a89e21b68ae180) (NativeFormatImporter) -> (artifact id: 'a1ebd9002be9baca60bb274969bc4dc2') in 0.0016538 seconds
Start importing Assets/LayeredTerrain/GrassSoil/LandformGrass/Mask-04.asset using Guid(ede22ab8e9b7bcc4da28aa41887e8614) (NativeFormatImporter) -> (artifact id: '42c1c0d805e7b323f147012ab0eb20fb') in 0.0013661 seconds
Start importing Assets/LayeredTerrain/GrassSoil/LandformSoil/SoilLandformTileSet.asset using Guid(3e1155418d0567f44af4b96697c9dd09) (NativeFormatImporter) -> (artifact id: 'df15b8c45196950bc4219bee97aafc82') in 0.0014411 seconds
Start importing Assets/LayeredTerrain/GrassSoil/EdgeGrassOnSoilRefined/Mask-02.asset using Guid(6ef5433501c908740932ed7d05777790) (NativeFormatImporter) -> (artifact id: '25936841c896ee6e32acaadabe2f5ad9') in 0.0015025 seconds
Start importing Assets/LayeredTerrain/GrassSoil/EdgeGrassOnSoilRefined/Mask-01.asset using Guid(8e0671f07975b7c43b734d81c5ff11bc) (NativeFormatImporter) -> (artifact id: 'c6f3c5aa165967eeb465f4156418931b') in 0.0013536 seconds
Start importing Assets/LayeredTerrain/GrassSoil/EdgeGrassOnSoilRefined/Mask-03.asset using Guid(de5135a77f40df84b9a7170011242e63) (NativeFormatImporter) -> (artifact id: 'c4b8007304dbcd55f4ed04fb4957f5a6') in 0.0013323 seconds
Start importing Assets/LayeredTerrain/GrassSoil/LandformGrass/GrassLandformTileSet.asset using Guid(2fc47b69529dfb541a089c835adb5ce8) (NativeFormatImporter) -> (artifact id: '7d9b947ceee84338616124256f8ad829') in 0.0014201 seconds
Start importing Assets/LayeredTerrain/GrassSoil/LandformGrass/Mask-12.asset using Guid(bfcde0f6045b297478b7cca21b2bd212) (NativeFormatImporter) -> (artifact id: 'fcc2d08d622fb7725cf22421d7d46e31') in 0.0014694 seconds
Start importing Assets/LayeredTerrain/GrassSoil/LandformGrass/Mask-02.asset using Guid(cfb8b16aec24e064ba3c8b202f110c99) (NativeFormatImporter) -> (artifact id: '918a9e9785ac5cd4f4174f2fe29d6d53') in 0.0013527 seconds
Start importing Assets/LayeredTerrain/GrassSoil/LandformGrass/Mask-03.asset using Guid(cf797356fdd5ba54fb021059b4e0c786) (NativeFormatImporter) -> (artifact id: '297c0fc42e401c9d7fd0a377a3b5b28e') in 0.0012762 seconds
Refreshing native plugins compatible for Editor in 0.24 ms, found 0 plugins.
Preloading 0 native plugins for Editor in 0.00 ms.
Asset Pipeline Refresh (id=aadaed87008e8d940ab946687b6d3cf0): Total: 0.113 seconds - Initiated by StopAssetImportingV2(NoUpdateAssetOptions)
Start importing Assets/LayeredTerrain/CompositeBrushes/OriginalGrassSoil/OriginalGrassSoilBrush.asset using Guid(21a71232d6e654e4b8c7960242ff7182) (NativeFormatImporter) -> (artifact id: '3547d87e50bc075e0e2036afaef240e2') in 0.0021379 seconds
Start importing Assets/LayeredTerrain/CompositeBrushes/OriginalGrassSoil/OriginalGrassSoilReverseLandformTileSet.asset using Guid(813c3f8ce1d51a24093ce2c5ed1547fa) (NativeFormatImporter) -> (artifact id: 'b5291246265ecb7af0dd8a3a19f371a0') in 0.0016172 seconds
Refreshing native plugins compatible for Editor in 0.19 ms, found 0 plugins.
Preloading 0 native plugins for Editor in 0.00 ms.
Asset Pipeline Refresh (id=65ce70c95284ab849b74407ab0273110): Total: 0.014 seconds - Initiated by StopAssetImportingV2(NoUpdateAssetOptions)
Start importing Assets/Battlefield/Terrain/OrchardDefaultTerrainPalette.asset using Guid(8f09d513b82ee0048abd5a50378dbb0c) (NativeFormatImporter) -> (artifact id: 'af117db4ea5f59db66e2603074e05e44') in 0.0024698 seconds
Refreshing native plugins compatible for Editor in 0.22 ms, found 0 plugins.
Preloading 0 native plugins for Editor in 0.00 ms.
Asset Pipeline Refresh (id=d2089ce7325effd46b1b590280e773bf): Total: 0.013 seconds - Initiated by StopAssetImportingV2(NoUpdateAssetOptions)
Opening scene 'Assets/Scenes/Battle.unity additively'
Loaded scene 'Assets/Scenes/Battle.unity'
	Deserialize:            0.495 ms
	Integration:            0.091 ms
	Integration of assets:  0.001 ms
	Thread Wait Time:       0.008 ms
	Total Operation Time:   0.596 ms
FRUIT_DEFENSE_BATTLEFIELD_DUAL_GRID_TERRAIN_OK productionMaps=3 acceptanceFixtures=1
UnityEngine.Debug:ExtractStackTraceNoAlloc (byte*,int,string)
UnityEngine.StackTraceUtility:ExtractStackTrace ()
UnityEngine.DebugLogHandler:Internal_Log (UnityEngine.LogType,UnityEngine.LogOption,string,UnityEngine.Object)
UnityEngine.DebugLogHandler:LogFormat (UnityEngine.LogType,UnityEngine.Object,string,object[])
UnityEngine.Logger:Log (UnityEngine.LogType,object)
UnityEngine.Debug:Log (object)
FruitDefense.Editor.BattlefieldDualGridTerrainSmoke:Validate () (at Assets/Editor/Tests/BattlefieldDualGridTerrainSmoke.cs:94)
FruitDefense.Editor.ProjectSetup:SmokeValidate () (at Assets/Editor/Tools/ProjectSetup.cs:250)
FruitDefense.Editor.P0ValidationSuite:Run () (at Assets/Editor/Tests/P0ValidationSuite.cs:18)

(Filename: Assets/Editor/Tests/BattlefieldDualGridTerrainSmoke.cs Line: 94)

FRUIT_DEFENSE_PLANT_INTERACTION_PRESENTATION_OK
UnityEngine.Debug:ExtractStackTraceNoAlloc (byte*,int,string)
UnityEngine.StackTraceUtility:ExtractStackTrace ()
UnityEngine.DebugLogHandler:Internal_Log (UnityEngine.LogType,UnityEngine.LogOption,string,UnityEngine.Object)
UnityEngine.DebugLogHandler:LogFormat (UnityEngine.LogType,UnityEngine.Object,string,object[])
UnityEngine.Logger:Log (UnityEngine.LogType,object)
UnityEngine.Debug:Log (object)
FruitDefense.Editor.PlantInteractionPresentationSmoke:Run () (at Assets/Editor/Tests/PlantInteractionPresentationSmoke.cs:15)
FruitDefense.Editor.ProjectSetup:SmokeValidate () (at Assets/Editor/Tools/ProjectSetup.cs:251)
FruitDefense.Editor.P0ValidationSuite:Run () (at Assets/Editor/Tests/P0ValidationSuite.cs:18)

(Filename: Assets/Editor/Tests/PlantInteractionPresentationSmoke.cs Line: 15)

FRUIT_DEFENSE_COMBAT_FRAMEWORK_OK
UnityEngine.Debug:ExtractStackTraceNoAlloc (byte*,int,string)
UnityEngine.StackTraceUtility:ExtractStackTrace ()
UnityEngine.DebugLogHandler:Internal_Log (UnityEngine.LogType,UnityEngine.LogOption,string,UnityEngine.Object)
UnityEngine.DebugLogHandler:LogFormat (UnityEngine.LogType,UnityEngine.Object,string,object[])
UnityEngine.Logger:Log (UnityEngine.LogType,object)
UnityEngine.Debug:Log (object)
FruitDefense.Editor.CombatFrameworkSmoke:Run () (at Assets/Editor/Tests/CombatFrameworkSmoke.cs:23)
FruitDefense.Editor.ProjectSetup:SmokeValidate () (at Assets/Editor/Tools/ProjectSetup.cs:303)
FruitDefense.Editor.P0ValidationSuite:Run () (at Assets/Editor/Tests/P0ValidationSuite.cs:18)

(Filename: Assets/Editor/Tests/CombatFrameworkSmoke.cs Line: 23)

FRUIT_DEFENSE_LEVEL_MAP_CATALOG_OK
UnityEngine.Debug:ExtractStackTraceNoAlloc (byte*,int,string)
UnityEngine.StackTraceUtility:ExtractStackTrace ()
UnityEngine.DebugLogHandler:Internal_Log (UnityEngine.LogType,UnityEngine.LogOption,string,UnityEngine.Object)
UnityEngine.DebugLogHandler:LogFormat (UnityEngine.LogType,UnityEngine.Object,string,object[])
UnityEngine.Logger:Log (UnityEngine.LogType,object)
UnityEngine.Debug:Log (object)
FruitDefense.Editor.LevelMapCatalogSmoke:Run () (at Assets/Editor/Tests/LevelMapCatalogSmoke.cs:27)
FruitDefense.Editor.ProjectSetup:ValidateP1LevelCatalogPath () (at Assets/Editor/Tools/ProjectSetup.cs:345)
FruitDefense.Editor.ProjectSetup:SmokeValidate () (at Assets/Editor/Tools/ProjectSetup.cs:331)
FruitDefense.Editor.P0ValidationSuite:Run () (at Assets/Editor/Tests/P0ValidationSuite.cs:18)

(Filename: Assets/Editor/Tests/LevelMapCatalogSmoke.cs Line: 27)

FRUIT_DEFENSE_MULTI_LEVEL_SIMULATION_OK
UnityEngine.Debug:ExtractStackTraceNoAlloc (byte*,int,string)
UnityEngine.StackTraceUtility:ExtractStackTrace ()
UnityEngine.DebugLogHandler:Internal_Log (UnityEngine.LogType,UnityEngine.LogOption,string,UnityEngine.Object)
UnityEngine.DebugLogHandler:LogFormat (UnityEngine.LogType,UnityEngine.Object,string,object[])
UnityEngine.Logger:Log (UnityEngine.LogType,object)
UnityEngine.Debug:Log (object)
FruitDefense.Editor.MultiLevelSimulationSmoke:Run () (at Assets/Editor/Tests/MultiLevelSimulationSmoke.cs:29)
FruitDefense.Editor.ProjectSetup:ValidateP1LevelCatalogPath () (at Assets/Editor/Tools/ProjectSetup.cs:346)
FruitDefense.Editor.ProjectSetup:SmokeValidate () (at Assets/Editor/Tools/ProjectSetup.cs:331)
FruitDefense.Editor.P0ValidationSuite:Run () (at Assets/Editor/Tests/P0ValidationSuite.cs:18)

(Filename: Assets/Editor/Tests/MultiLevelSimulationSmoke.cs Line: 29)

FRUIT_DEFENSE_BATTLE_SNAPSHOT_V2_OK
UnityEngine.Debug:ExtractStackTraceNoAlloc (byte*,int,string)
UnityEngine.StackTraceUtility:ExtractStackTrace ()
UnityEngine.DebugLogHandler:Internal_Log (UnityEngine.LogType,UnityEngine.LogOption,string,UnityEngine.Object)
UnityEngine.DebugLogHandler:LogFormat (UnityEngine.LogType,UnityEngine.Object,string,object[])
UnityEngine.Logger:Log (UnityEngine.LogType,object)
UnityEngine.Debug:Log (object)
FruitDefense.Editor.BattleSnapshotV2Smoke:Run () (at Assets/Editor/Tests/BattleSnapshotV2Smoke.cs:20)
FruitDefense.Editor.ProjectSetup:ValidateP1LevelCatalogPath () (at Assets/Editor/Tools/ProjectSetup.cs:347)
FruitDefense.Editor.ProjectSetup:SmokeValidate () (at Assets/Editor/Tools/ProjectSetup.cs:331)
FruitDefense.Editor.P0ValidationSuite:Run () (at Assets/Editor/Tests/P0ValidationSuite.cs:18)

(Filename: Assets/Editor/Tests/BattleSnapshotV2Smoke.cs Line: 20)

Battlefield terrain presentation stopped: The active battle theme has no terrain palette identity.
UnityEngine.Debug:ExtractStackTraceNoAlloc (byte*,int,string)
UnityEngine.StackTraceUtility:ExtractStackTrace ()
UnityEngine.DebugLogHandler:Internal_Log (UnityEngine.LogType,UnityEngine.LogOption,string,UnityEngine.Object)
UnityEngine.DebugLogHandler:LogFormat (UnityEngine.LogType,UnityEngine.Object,string,object[])
UnityEngine.Logger:Log (UnityEngine.LogType,object,UnityEngine.Object)
UnityEngine.Debug:LogWarning (object,UnityEngine.Object)
FruitDefense.FruitDefenseGame:SetTerrainPresentationError (string) (at Assets/Scripts/FruitDefenseGame.cs:1679)
FruitDefense.FruitDefenseGame:RefreshTerrainPresentationStatus () (at Assets/Scripts/FruitDefenseGame.cs:1668)
FruitDefense.FruitDefenseGame:CompleteInitialization (FruitDefense.Battle.BattleLaunchRequest,FruitDefense.App.IAppNavigator,FruitDefense.Battle.IBattleResultSink,FruitDefense.UI.RuntimeUiTheme,FruitDefense.Core.GameSimulation) (at Assets/Scripts/FruitDefenseGame.cs:786)
FruitDefense.FruitDefenseGame:Initialize (FruitDefense.Battle.BattleLaunchRequest,FruitDefense.App.IAppNavigator,FruitDefense.Battle.IBattleResultSink,FruitDefense.UI.RuntimeUiTheme,FruitDefense.Core.BattlefieldMapDefinition) (at Assets/Scripts/FruitDefenseGame.cs:676)
FruitDefense.Editor.BattleSessionHostSmoke:ValidateInitializationAndLifecycle (FruitDefense.UI.RuntimeUiTheme) (at Assets/Editor/Tests/BattleSessionHostSmoke.cs:90)
FruitDefense.Editor.BattleSessionHostSmoke:Run () (at Assets/Editor/Tests/BattleSessionHostSmoke.cs:19)
FruitDefense.Editor.ProjectSetup:ValidateP1LevelCatalogPath () (at Assets/Editor/Tools/ProjectSetup.cs:348)
FruitDefense.Editor.ProjectSetup:SmokeValidate () (at Assets/Editor/Tools/ProjectSetup.cs:331)
FruitDefense.Editor.P0ValidationSuite:Run () (at Assets/Editor/Tests/P0ValidationSuite.cs:18)

(Filename: Assets/Scripts/FruitDefenseGame.cs Line: 1679)

Battlefield terrain presentation stopped: The active battle theme has no terrain palette identity.
UnityEngine.Debug:ExtractStackTraceNoAlloc (byte*,int,string)
UnityEngine.StackTraceUtility:ExtractStackTrace ()
UnityEngine.DebugLogHandler:Internal_Log (UnityEngine.LogType,UnityEngine.LogOption,string,UnityEngine.Object)
UnityEngine.DebugLogHandler:LogFormat (UnityEngine.LogType,UnityEngine.Object,string,object[])
UnityEngine.Logger:Log (UnityEngine.LogType,object,UnityEngine.Object)
UnityEngine.Debug:LogWarning (object,UnityEngine.Object)
FruitDefense.FruitDefenseGame:SetTerrainPresentationError (string) (at Assets/Scripts/FruitDefenseGame.cs:1679)
FruitDefense.FruitDefenseGame:RefreshTerrainPresentationStatus () (at Assets/Scripts/FruitDefenseGame.cs:1668)
FruitDefense.FruitDefenseGame:CompleteInitialization (FruitDefense.Battle.BattleLaunchRequest,FruitDefense.App.IAppNavigator,FruitDefense.Battle.IBattleResultSink,FruitDefense.UI.RuntimeUiTheme,FruitDefense.Core.GameSimulation) (at Assets/Scripts/FruitDefenseGame.cs:786)
FruitDefense.FruitDefenseGame:Initialize (FruitDefense.Battle.BattleLaunchRequest,FruitDefense.App.IAppNavigator,FruitDefense.Battle.IBattleResultSink,FruitDefense.UI.RuntimeUiTheme,FruitDefense.Core.BattlefieldMapDefinition) (at Assets/Scripts/FruitDefenseGame.cs:676)
FruitDefense.Editor.BattleSessionHostSmoke:ValidateDefeatResult (FruitDefense.UI.RuntimeUiTheme) (at Assets/Editor/Tests/BattleSessionHostSmoke.cs:175)
FruitDefense.Editor.BattleSessionHostSmoke:Run () (at Assets/Editor/Tests/BattleSessionHostSmoke.cs:20)
FruitDefense.Editor.ProjectSetup:ValidateP1LevelCatalogPath () (at Assets/Editor/Tools/ProjectSetup.cs:348)
FruitDefense.Editor.ProjectSetup:SmokeValidate () (at Assets/Editor/Tools/ProjectSetup.cs:331)
FruitDefense.Editor.P0ValidationSuite:Run () (at Assets/Editor/Tests/P0ValidationSuite.cs:18)

(Filename: Assets/Scripts/FruitDefenseGame.cs Line: 1679)

Battlefield terrain presentation stopped: The active battle theme has no terrain palette identity.
UnityEngine.Debug:ExtractStackTraceNoAlloc (byte*,int,string)
UnityEngine.StackTraceUtility:ExtractStackTrace ()
UnityEngine.DebugLogHandler:Internal_Log (UnityEngine.LogType,UnityEngine.LogOption,string,UnityEngine.Object)
UnityEngine.DebugLogHandler:LogFormat (UnityEngine.LogType,UnityEngine.Object,string,object[])
UnityEngine.Logger:Log (UnityEngine.LogType,object,UnityEngine.Object)
UnityEngine.Debug:LogWarning (object,UnityEngine.Object)
FruitDefense.FruitDefenseGame:SetTerrainPresentationError (string) (at Assets/Scripts/FruitDefenseGame.cs:1679)
FruitDefense.FruitDefenseGame:RefreshTerrainPresentationStatus () (at Assets/Scripts/FruitDefenseGame.cs:1668)
FruitDefense.FruitDefenseGame:CompleteInitialization (FruitDefense.Battle.BattleLaunchRequest,FruitDefense.App.IAppNavigator,FruitDefense.Battle.IBattleResultSink,FruitDefense.UI.RuntimeUiTheme,FruitDefense.Core.GameSimulation) (at Assets/Scripts/FruitDefenseGame.cs:786)
FruitDefense.FruitDefenseGame:Initialize (FruitDefense.Battle.BattleLaunchRequest,FruitDefense.App.IAppNavigator,FruitDefense.Battle.IBattleResultSink,FruitDefense.UI.RuntimeUiTheme,FruitDefense.Core.BattlefieldMapDefinition) (at Assets/Scripts/FruitDefenseGame.cs:676)
FruitDefense.Editor.BattleSessionHostSmoke:ValidateAcceptanceTerminalPreview (FruitDefense.UI.RuntimeUiTheme) (at Assets/Editor/Tests/BattleSessionHostSmoke.cs:204)
FruitDefense.Editor.BattleSessionHostSmoke:Run () (at Assets/Editor/Tests/BattleSessionHostSmoke.cs:21)
FruitDefense.Editor.ProjectSetup:ValidateP1LevelCatalogPath () (at Assets/Editor/Tools/ProjectSetup.cs:348)
FruitDefense.Editor.ProjectSetup:SmokeValidate () (at Assets/Editor/Tools/ProjectSetup.cs:331)
FruitDefense.Editor.P0ValidationSuite:Run () (at Assets/Editor/Tests/P0ValidationSuite.cs:18)

(Filename: Assets/Scripts/FruitDefenseGame.cs Line: 1679)

Fruit Defense battle session host validation passed.
UnityEngine.Debug:ExtractStackTraceNoAlloc (byte*,int,string)
UnityEngine.StackTraceUtility:ExtractStackTrace ()
UnityEngine.DebugLogHandler:Internal_Log (UnityEngine.LogType,UnityEngine.LogOption,string,UnityEngine.Object)
UnityEngine.DebugLogHandler:LogFormat (UnityEngine.LogType,UnityEngine.Object,string,object[])
UnityEngine.Logger:Log (UnityEngine.LogType,object)
UnityEngine.Debug:Log (object)
FruitDefense.Editor.BattleSessionHostSmoke:Run () (at Assets/Editor/Tests/BattleSessionHostSmoke.cs:22)
FruitDefense.Editor.ProjectSetup:ValidateP1LevelCatalogPath () (at Assets/Editor/Tools/ProjectSetup.cs:348)
FruitDefense.Editor.ProjectSetup:SmokeValidate () (at Assets/Editor/Tools/ProjectSetup.cs:331)
FruitDefense.Editor.P0ValidationSuite:Run () (at Assets/Editor/Tests/P0ValidationSuite.cs:18)

(Filename: Assets/Editor/Tests/BattleSessionHostSmoke.cs Line: 22)

FRUIT_DEFENSE_SHELL_OK
UnityEngine.Debug:ExtractStackTraceNoAlloc (byte*,int,string)
UnityEngine.StackTraceUtility:ExtractStackTrace ()
UnityEngine.DebugLogHandler:Internal_Log (UnityEngine.LogType,UnityEngine.LogOption,string,UnityEngine.Object)
UnityEngine.DebugLogHandler:LogFormat (UnityEngine.LogType,UnityEngine.Object,string,object[])
UnityEngine.Logger:Log (UnityEngine.LogType,object)
UnityEngine.Debug:Log (object)
FruitDefense.Shell.ShellFlowValidation:SmokeValidate (FruitDefense.UI.RuntimeUiTheme) (at Assets/Scripts/Shell/ShellFlowValidation.cs:15)
FruitDefense.Editor.ProjectSetup:ValidateP1LevelCatalogPath () (at Assets/Editor/Tools/ProjectSetup.cs:349)
FruitDefense.Editor.ProjectSetup:SmokeValidate () (at Assets/Editor/Tools/ProjectSetup.cs:331)
FruitDefense.Editor.P0ValidationSuite:Run () (at Assets/Editor/Tests/P0ValidationSuite.cs:18)

(Filename: Assets/Scripts/Shell/ShellFlowValidation.cs Line: 15)

Opening scene 'Assets/Scenes/Bootstrap.unity additively'
Loaded scene 'Assets/Scenes/Bootstrap.unity'
	Deserialize:            0.751 ms
	Integration:            0.120 ms
	Integration of assets:  0.004 ms
	Thread Wait Time:       0.008 ms
	Total Operation Time:   0.883 ms
FRUIT_DEFENSE_BATTLE_UI_LAYOUT_OK
UnityEngine.Debug:ExtractStackTraceNoAlloc (byte*,int,string)
UnityEngine.StackTraceUtility:ExtractStackTrace ()
UnityEngine.DebugLogHandler:Internal_Log (UnityEngine.LogType,UnityEngine.LogOption,string,UnityEngine.Object)
UnityEngine.DebugLogHandler:LogFormat (UnityEngine.LogType,UnityEngine.Object,string,object[])
UnityEngine.Logger:Log (UnityEngine.LogType,object)
UnityEngine.Debug:Log (object)
FruitDefense.Editor.BattleUiLayoutSmoke:Run () (at Assets/Editor/Tests/BattleUiLayoutSmoke.cs:25)
FruitDefense.Editor.ProjectSetup:SmokeValidate () (at Assets/Editor/Tools/ProjectSetup.cs:334)
FruitDefense.Editor.P0ValidationSuite:Run () (at Assets/Editor/Tests/P0ValidationSuite.cs:18)

(Filename: Assets/Editor/Tests/BattleUiLayoutSmoke.cs Line: 25)

RUNTIME_UI_FEEDBACK_TIMING_OK
UnityEngine.Debug:ExtractStackTraceNoAlloc (byte*,int,string)
UnityEngine.StackTraceUtility:ExtractStackTrace ()
UnityEngine.DebugLogHandler:Internal_Log (UnityEngine.LogType,UnityEngine.LogOption,string,UnityEngine.Object)
UnityEngine.DebugLogHandler:LogFormat (UnityEngine.LogType,UnityEngine.Object,string,object[])
UnityEngine.Logger:Log (UnityEngine.LogType,object)
UnityEngine.Debug:Log (object)
FruitDefense.Editor.RuntimeUiFeedbackTimingSmoke:Run () (at Assets/Editor/Tests/RuntimeUiFeedbackTimingSmoke.cs:23)
FruitDefense.Editor.ProjectSetup:SmokeValidate () (at Assets/Editor/Tools/ProjectSetup.cs:335)
FruitDefense.Editor.P0ValidationSuite:Run () (at Assets/Editor/Tests/P0ValidationSuite.cs:18)

(Filename: Assets/Editor/Tests/RuntimeUiFeedbackTimingSmoke.cs Line: 23)

RUNTIME_UI_GLYPH_COVERAGE_OK glyphs=372 unique=372 font=Assets/Resources/Fonts/NotoSansSC-UI.ttf
UnityEngine.Debug:ExtractStackTraceNoAlloc (byte*,int,string)
UnityEngine.StackTraceUtility:ExtractStackTrace ()
UnityEngine.DebugLogHandler:Internal_Log (UnityEngine.LogType,UnityEngine.LogOption,string,UnityEngine.Object)
UnityEngine.DebugLogHandler:LogFormat (UnityEngine.LogType,UnityEngine.Object,string,object[])
UnityEngine.Logger:Log (UnityEngine.LogType,object)
UnityEngine.Debug:Log (object)
FruitDefense.Editor.RuntimeUiGlyphCoverageSmoke:Run () (at Assets/Editor/Tests/RuntimeUiGlyphCoverageSmoke.cs:39)
FruitDefense.Editor.ProjectSetup:SmokeValidate () (at Assets/Editor/Tools/ProjectSetup.cs:336)
FruitDefense.Editor.P0ValidationSuite:Run () (at Assets/Editor/Tests/P0ValidationSuite.cs:18)

(Filename: Assets/Editor/Tests/RuntimeUiGlyphCoverageSmoke.cs Line: 39)

RUNTIME_UI_BINDING_CACHE_CONTRACT_OK slots=40 complete=pass duplicate=rejected missing=rejected identity=pass revision=pass
UnityEngine.Debug:ExtractStackTraceNoAlloc (byte*,int,string)
UnityEngine.StackTraceUtility:ExtractStackTrace ()
UnityEngine.DebugLogHandler:Internal_Log (UnityEngine.LogType,UnityEngine.LogOption,string,UnityEngine.Object)
UnityEngine.DebugLogHandler:LogFormat (UnityEngine.LogType,UnityEngine.Object,string,object[])
UnityEngine.Logger:Log (UnityEngine.LogType,object)
UnityEngine.Debug:Log (object)
FruitDefense.Editor.RuntimeUiPerformanceSmoke:ValidateBindingCacheContract (FruitDefense.UI.RuntimeUiTheme) (at Assets/Editor/Tests/RuntimeUiPerformanceSmoke.cs:141)
FruitDefense.Editor.RuntimeUiPerformanceSmoke:Run () (at Assets/Editor/Tests/RuntimeUiPerformanceSmoke.cs:26)
FruitDefense.Editor.ProjectSetup:SmokeValidate () (at Assets/Editor/Tools/ProjectSetup.cs:337)
FruitDefense.Editor.P0ValidationSuite:Run () (at Assets/Editor/Tests/P0ValidationSuite.cs:18)

(Filename: Assets/Editor/Tests/RuntimeUiPerformanceSmoke.cs Line: 141)

RUNTIME_UI_PERF_SAMPLE name=context-create-after operations=64 elapsed-ms=0.6373 ns-per-operation=9957.81 thread-allocated-bytes=0 checksum=0
UnityEngine.Debug:ExtractStackTraceNoAlloc (byte*,int,string)
UnityEngine.StackTraceUtility:ExtractStackTrace ()
UnityEngine.DebugLogHandler:Internal_Log (UnityEngine.LogType,UnityEngine.LogOption,string,UnityEngine.Object)
UnityEngine.DebugLogHandler:LogFormat (UnityEngine.LogType,UnityEngine.Object,string,object[])
UnityEngine.Logger:Log (UnityEngine.LogType,object)
UnityEngine.Debug:Log (object)
FruitDefense.Editor.RuntimeUiPerformanceSmoke:Measure (string,int,System.Func`1<int>) (at Assets/Editor/Tests/RuntimeUiPerformanceSmoke.cs:208)
FruitDefense.Editor.RuntimeUiPerformanceSmoke:Run () (at Assets/Editor/Tests/RuntimeUiPerformanceSmoke.cs:31)
FruitDefense.Editor.ProjectSetup:SmokeValidate () (at Assets/Editor/Tools/ProjectSetup.cs:337)
FruitDefense.Editor.P0ValidationSuite:Run () (at Assets/Editor/Tests/P0ValidationSuite.cs:18)

(Filename: Assets/Editor/Tests/RuntimeUiPerformanceSmoke.cs Line: 208)

RUNTIME_UI_PERF_SAMPLE name=art-set-linear-required-binding-control operations=1000000 elapsed-ms=87.0497 ns-per-operation=87.05 thread-allocated-bytes=0 checksum=0
UnityEngine.Debug:ExtractStackTraceNoAlloc (byte*,int,string)
UnityEngine.StackTraceUtility:ExtractStackTrace ()
UnityEngine.DebugLogHandler:Internal_Log (UnityEngine.LogType,UnityEngine.LogOption,string,UnityEngine.Object)
UnityEngine.DebugLogHandler:LogFormat (UnityEngine.LogType,UnityEngine.Object,string,object[])
UnityEngine.Logger:Log (UnityEngine.LogType,object)
UnityEngine.Debug:Log (object)
FruitDefense.Editor.RuntimeUiPerformanceSmoke:Measure (string,int,System.Func`1<int>) (at Assets/Editor/Tests/RuntimeUiPerformanceSmoke.cs:208)
FruitDefense.Editor.RuntimeUiPerformanceSmoke:Run () (at Assets/Editor/Tests/RuntimeUiPerformanceSmoke.cs:43)
FruitDefense.Editor.ProjectSetup:SmokeValidate () (at Assets/Editor/Tools/ProjectSetup.cs:337)
FruitDefense.Editor.P0ValidationSuite:Run () (at Assets/Editor/Tests/P0ValidationSuite.cs:18)

(Filename: Assets/Editor/Tests/RuntimeUiPerformanceSmoke.cs Line: 208)

RUNTIME_UI_PERF_SAMPLE name=draw-context-cached-required-binding-after operations=1000000 elapsed-ms=33.0400 ns-per-operation=33.04 thread-allocated-bytes=0 checksum=0
UnityEngine.Debug:ExtractStackTraceNoAlloc (byte*,int,string)
UnityEngine.StackTraceUtility:ExtractStackTrace ()
UnityEngine.DebugLogHandler:Internal_Log (UnityEngine.LogType,UnityEngine.LogOption,string,UnityEngine.Object)
UnityEngine.DebugLogHandler:LogFormat (UnityEngine.LogType,UnityEngine.Object,string,object[])
UnityEngine.Logger:Log (UnityEngine.LogType,object)
UnityEngine.Debug:Log (object)
FruitDefense.Editor.RuntimeUiPerformanceSmoke:Measure (string,int,System.Func`1<int>) (at Assets/Editor/Tests/RuntimeUiPerformanceSmoke.cs:208)
FruitDefense.Editor.RuntimeUiPerformanceSmoke:Run () (at Assets/Editor/Tests/RuntimeUiPerformanceSmoke.cs:60)
FruitDefense.Editor.ProjectSetup:SmokeValidate () (at Assets/Editor/Tools/ProjectSetup.cs:337)
FruitDefense.Editor.P0ValidationSuite:Run () (at Assets/Editor/Tests/P0ValidationSuite.cs:18)

(Filename: Assets/Editor/Tests/RuntimeUiPerformanceSmoke.cs Line: 208)

RUNTIME_UI_PERFORMANCE_SMOKE_OK slots=40 lookup-passes=25000
UnityEngine.Debug:ExtractStackTraceNoAlloc (byte*,int,string)
UnityEngine.StackTraceUtility:ExtractStackTrace ()
UnityEngine.DebugLogHandler:Internal_Log (UnityEngine.LogType,UnityEngine.LogOption,string,UnityEngine.Object)
UnityEngine.DebugLogHandler:LogFormat (UnityEngine.LogType,UnityEngine.Object,string,object[])
UnityEngine.Logger:Log (UnityEngine.LogType,object)
UnityEngine.Debug:Log (object)
FruitDefense.Editor.RuntimeUiPerformanceSmoke:Run () (at Assets/Editor/Tests/RuntimeUiPerformanceSmoke.cs:72)
FruitDefense.Editor.ProjectSetup:SmokeValidate () (at Assets/Editor/Tools/ProjectSetup.cs:337)
FruitDefense.Editor.P0ValidationSuite:Run () (at Assets/Editor/Tests/P0ValidationSuite.cs:18)

(Filename: Assets/Editor/Tests/RuntimeUiPerformanceSmoke.cs Line: 72)

Opening scene 'Assets/Scenes/Bootstrap.unity additively'
Loaded scene 'Assets/Scenes/Bootstrap.unity'
	Deserialize:            0.481 ms
	Integration:            0.211 ms
	Integration of assets:  0.002 ms
	Thread Wait Time:       0.011 ms
	Total Operation Time:   0.704 ms
Opening scene 'Assets/Scenes/Lobby.unity additively'
Loaded scene 'Assets/Scenes/Lobby.unity'
	Deserialize:            0.334 ms
	Integration:            0.081 ms
	Integration of assets:  0.001 ms
	Thread Wait Time:       0.007 ms
	Total Operation Time:   0.423 ms
Opening scene 'Assets/Scenes/Battle.unity additively'
Loaded scene 'Assets/Scenes/Battle.unity'
	Deserialize:            0.636 ms
	Integration:            0.178 ms
	Integration of assets:  0.001 ms
	Thread Wait Time:       0.006 ms
	Total Operation Time:   0.821 ms
Opening scene 'Assets/Scenes/Settlement.unity additively'
Loaded scene 'Assets/Scenes/Settlement.unity'
	Deserialize:            0.357 ms
	Integration:            0.075 ms
	Integration of assets:  0.001 ms
	Thread Wait Time:       0.005 ms
	Total Operation Time:   0.438 ms
Runtime UI visual system validation passed. Valid (0 warning(s)).
UnityEngine.Debug:ExtractStackTraceNoAlloc (byte*,int,string)
UnityEngine.StackTraceUtility:ExtractStackTrace ()
UnityEngine.DebugLogHandler:Internal_Log (UnityEngine.LogType,UnityEngine.LogOption,string,UnityEngine.Object)
UnityEngine.DebugLogHandler:LogFormat (UnityEngine.LogType,UnityEngine.Object,string,object[])
UnityEngine.Logger:Log (UnityEngine.LogType,object)
UnityEngine.Debug:Log (object)
FruitDefense.Editor.RuntimeUiVisualSystemValidator:ValidateReleaseOrThrow () (at Assets/Editor/Tools/RuntimeUiVisualSystemValidator.cs:178)
FruitDefense.Editor.ProjectSetup:SmokeValidate () (at Assets/Editor/Tools/ProjectSetup.cs:338)
FruitDefense.Editor.P0ValidationSuite:Run () (at Assets/Editor/Tests/P0ValidationSuite.cs:18)

(Filename: Assets/Editor/Tools/RuntimeUiVisualSystemValidator.cs Line: 178)

RUNTIME_UI_NINE_SLICE_PARTITION_OK matrices=9 x35=covered
UnityEngine.Debug:ExtractStackTraceNoAlloc (byte*,int,string)
UnityEngine.StackTraceUtility:ExtractStackTrace ()
UnityEngine.DebugLogHandler:Internal_Log (UnityEngine.LogType,UnityEngine.LogOption,string,UnityEngine.Object)
UnityEngine.DebugLogHandler:LogFormat (UnityEngine.LogType,UnityEngine.Object,string,object[])
UnityEngine.Logger:Log (UnityEngine.LogType,object)
UnityEngine.Debug:Log (object)
FruitDefense.Editor.RuntimeUiVisualSystemSmoke:ValidateNineSliceDevicePixelCoverage () (at Assets/Editor/Tests/RuntimeUiVisualSystemSmoke.cs:97)
FruitDefense.Editor.RuntimeUiVisualSystemSmoke:Run () (at Assets/Editor/Tests/RuntimeUiVisualSystemSmoke.cs:23)
FruitDefense.Editor.ProjectSetup:SmokeValidate () (at Assets/Editor/Tools/ProjectSetup.cs:339)
FruitDefense.Editor.P0ValidationSuite:Run () (at Assets/Editor/Tests/P0ValidationSuite.cs:18)

(Filename: Assets/Editor/Tests/RuntimeUiVisualSystemSmoke.cs Line: 97)

RUNTIME_UI_NINE_SLICE_SOURCE_UV_OK bindings=30
UnityEngine.Debug:ExtractStackTraceNoAlloc (byte*,int,string)
UnityEngine.StackTraceUtility:ExtractStackTrace ()
UnityEngine.DebugLogHandler:Internal_Log (UnityEngine.LogType,UnityEngine.LogOption,string,UnityEngine.Object)
UnityEngine.DebugLogHandler:LogFormat (UnityEngine.LogType,UnityEngine.Object,string,object[])
UnityEngine.Logger:Log (UnityEngine.LogType,object)
UnityEngine.Debug:Log (object)
FruitDefense.Editor.RuntimeUiVisualSystemSmoke:ValidateNineSliceSourceUvContract () (at Assets/Editor/Tests/RuntimeUiVisualSystemSmoke.cs:249)
FruitDefense.Editor.RuntimeUiVisualSystemSmoke:Run () (at Assets/Editor/Tests/RuntimeUiVisualSystemSmoke.cs:26)
FruitDefense.Editor.ProjectSetup:SmokeValidate () (at Assets/Editor/Tools/ProjectSetup.cs:339)
FruitDefense.Editor.P0ValidationSuite:Run () (at Assets/Editor/Tests/P0ValidationSuite.cs:18)

(Filename: Assets/Editor/Tests/RuntimeUiVisualSystemSmoke.cs Line: 249)

RUNTIME_UI_SCREEN_BACKGROUND_OPAQUE_OK sets=2 pre-fix-min-alpha=18
UnityEngine.Debug:ExtractStackTraceNoAlloc (byte*,int,string)
UnityEngine.StackTraceUtility:ExtractStackTrace ()
UnityEngine.DebugLogHandler:Internal_Log (UnityEngine.LogType,UnityEngine.LogOption,string,UnityEngine.Object)
UnityEngine.DebugLogHandler:LogFormat (UnityEngine.LogType,UnityEngine.Object,string,object[])
UnityEngine.Logger:Log (UnityEngine.LogType,object)
UnityEngine.Debug:Log (object)
FruitDefense.Editor.RuntimeUiVisualSystemSmoke:ValidateScreenBackgroundOpacityContract () (at Assets/Editor/Tests/RuntimeUiVisualSystemSmoke.cs:289)
FruitDefense.Editor.RuntimeUiVisualSystemSmoke:Run () (at Assets/Editor/Tests/RuntimeUiVisualSystemSmoke.cs:27)
FruitDefense.Editor.ProjectSetup:SmokeValidate () (at Assets/Editor/Tools/ProjectSetup.cs:339)
FruitDefense.Editor.P0ValidationSuite:Run () (at Assets/Editor/Tests/P0ValidationSuite.cs:18)

(Filename: Assets/Editor/Tests/RuntimeUiVisualSystemSmoke.cs Line: 289)

RUNTIME_UI_LOADING_PRIMARY_CONTRAST_OK ratio=3.2156
UnityEngine.Debug:ExtractStackTraceNoAlloc (byte*,int,string)
UnityEngine.StackTraceUtility:ExtractStackTrace ()
UnityEngine.DebugLogHandler:Internal_Log (UnityEngine.LogType,UnityEngine.LogOption,string,UnityEngine.Object)
UnityEngine.DebugLogHandler:LogFormat (UnityEngine.LogType,UnityEngine.Object,string,object[])
UnityEngine.Logger:Log (UnityEngine.LogType,object)
UnityEngine.Debug:Log (object)
FruitDefense.Editor.RuntimeUiVisualSystemSmoke:ValidateLoadingPrimaryContrast (FruitDefense.UI.RuntimeUiTheme) (at Assets/Editor/Tests/RuntimeUiVisualSystemSmoke.cs:393)
FruitDefense.Editor.RuntimeUiVisualSystemSmoke:Run () (at Assets/Editor/Tests/RuntimeUiVisualSystemSmoke.cs:28)
FruitDefense.Editor.ProjectSetup:SmokeValidate () (at Assets/Editor/Tools/ProjectSetup.cs:339)
FruitDefense.Editor.P0ValidationSuite:Run () (at Assets/Editor/Tests/P0ValidationSuite.cs:18)

(Filename: Assets/Editor/Tests/RuntimeUiVisualSystemSmoke.cs Line: 393)

RUNTIME_UI_SEMANTIC_STATE_CONTRAST_OK status-success=5.0910 status-warning=5.0910 status-error=5.0910 status-selected=3.6334 modal-title=5.2719
UnityEngine.Debug:ExtractStackTraceNoAlloc (byte*,int,string)
UnityEngine.StackTraceUtility:ExtractStackTrace ()
UnityEngine.DebugLogHandler:Internal_Log (UnityEngine.LogType,UnityEngine.LogOption,string,UnityEngine.Object)
UnityEngine.DebugLogHandler:LogFormat (UnityEngine.LogType,UnityEngine.Object,string,object[])
UnityEngine.Logger:Log (UnityEngine.LogType,object)
UnityEngine.Debug:Log (object)
FruitDefense.Editor.RuntimeUiVisualSystemSmoke:ValidateSemanticStateContrast (FruitDefense.UI.RuntimeUiTheme) (at Assets/Editor/Tests/RuntimeUiVisualSystemSmoke.cs:534)
FruitDefense.Editor.RuntimeUiVisualSystemSmoke:Run () (at Assets/Editor/Tests/RuntimeUiVisualSystemSmoke.cs:29)
FruitDefense.Editor.ProjectSetup:SmokeValidate () (at Assets/Editor/Tools/ProjectSetup.cs:339)
FruitDefense.Editor.P0ValidationSuite:Run () (at Assets/Editor/Tests/P0ValidationSuite.cs:18)

(Filename: Assets/Editor/Tests/RuntimeUiVisualSystemSmoke.cs Line: 534)

Start importing Assets/Editor/Tests/Fixtures/RuntimeUi/GeneratedInvalidPathRuntimeUiArtSet.asset using Guid(f5e923ed0caa2a94091e5a84d4d9fff4) (NativeFormatImporter) -> (artifact id: '4c72156420bc513d6e1d32d6e567456a') in 0.0020114 seconds
Refreshing native plugins compatible for Editor in 0.17 ms, found 0 plugins.
Preloading 0 native plugins for Editor in 0.00 ms.
Asset Pipeline Refresh (id=09a6e2050359a384e8e32b833f871401): Total: 0.021 seconds - Initiated by StopAssetImportingV2(NoUpdateAssetOptions)
Start importing Assets/Editor/Tests/Fixtures/RuntimeUi/GeneratedInvalidPathRuntimeUiArtSet.asset using Guid(f5e923ed0caa2a94091e5a84d4d9fff4) (NativeFormatImporter) -> (artifact id: '4c72156420bc513d6e1d32d6e567456a') in 0.0016798 seconds
Refreshing native plugins compatible for Editor in 0.15 ms, found 0 plugins.
Preloading 0 native plugins for Editor in 0.00 ms.
Asset Pipeline Refresh (id=2d14f3270bad31a46b1cf9a93859ca54): Total: 0.012 seconds - Initiated by StopAssetImportingV2(NoUpdateAssetOptions)
Refreshing native plugins compatible for Editor in 0.22 ms, found 0 plugins.
Preloading 0 native plugins for Editor in 0.00 ms.
Asset Pipeline Refresh (id=b191ad96101e54a40ae3bddece6c5dc5): Total: 0.010 seconds - Initiated by StopAssetImportingV2(NoUpdateAssetOptions)
Asset Pipeline Refresh (id=fefa4af9d5bbbc04e917788b086c9cfa): Total: 0.028 seconds - Initiated by RefreshV2(NoUpdateAssetOptions)
Start importing Assets/UI/Theme/ReleaseRuntimeUiTheme.asset using Guid(932a9783b6b3eee45970ab3ef84a4c39) (NativeFormatImporter) -> (artifact id: '59e7a32f2e620f38fa621becb49da557') in 0.0017387 seconds
Refreshing native plugins compatible for Editor in 0.15 ms, found 0 plugins.
Preloading 0 native plugins for Editor in 0.00 ms.
Asset Pipeline Refresh (id=5f40ca494898ea54eae8f997cb2616dc): Total: 0.011 seconds - Initiated by StopAssetImportingV2(NoUpdateAssetOptions)
Asset Pipeline Refresh (id=d85d858e9a7830e41a1d53b8910c6c11): Total: 0.008 seconds - Initiated by RefreshV2(NoUpdateAssetOptions)
Start importing Assets/UI/Art/Runtime/sunny-orchard/surface-screen-background.png using Guid(81c25e15dd0bd2802865ef47410f7840) (TextureImporter) -> (artifact id: '9509fc44c41363cf9d29a3b30e77efed') in 0.0054447 seconds
Refreshing native plugins compatible for Editor in 0.19 ms, found 0 plugins.
Preloading 0 native plugins for Editor in 0.00 ms.
Asset Pipeline Refresh (id=5454f9126f59d3347a282e321c9803eb): Total: 0.015 seconds - Initiated by StopAssetImportingV2(NoUpdateAssetOptions)
Start importing Assets/UI/Theme/ReleaseRuntimeUiTheme.asset using Guid(932a9783b6b3eee45970ab3ef84a4c39) (NativeFormatImporter) -> (artifact id: '59e7a32f2e620f38fa621becb49da557') in 0.0018564 seconds
Refreshing native plugins compatible for Editor in 0.16 ms, found 0 plugins.
Preloading 0 native plugins for Editor in 0.00 ms.
Asset Pipeline Refresh (id=43c64da071842dd49a3dbe47e041f9e2): Total: 0.013 seconds - Initiated by StopAssetImportingV2(NoUpdateAssetOptions)
Asset Pipeline Refresh (id=e5a8fcaabdf2e25449afc922dac01bfd): Total: 0.009 seconds - Initiated by RefreshV2(NoUpdateAssetOptions)
RUNTIME_UI_VISUAL_SYSTEM_SMOKE_OK
UnityEngine.Debug:ExtractStackTraceNoAlloc (byte*,int,string)
UnityEngine.StackTraceUtility:ExtractStackTrace ()
UnityEngine.DebugLogHandler:Internal_Log (UnityEngine.LogType,UnityEngine.LogOption,string,UnityEngine.Object)
UnityEngine.DebugLogHandler:LogFormat (UnityEngine.LogType,UnityEngine.Object,string,object[])
UnityEngine.Logger:Log (UnityEngine.LogType,object)
UnityEngine.Debug:Log (object)
FruitDefense.Editor.RuntimeUiVisualSystemSmoke:Run () (at Assets/Editor/Tests/RuntimeUiVisualSystemSmoke.cs:72)
FruitDefense.Editor.ProjectSetup:SmokeValidate () (at Assets/Editor/Tools/ProjectSetup.cs:339)
FruitDefense.Editor.P0ValidationSuite:Run () (at Assets/Editor/Tests/P0ValidationSuite.cs:18)

(Filename: Assets/Editor/Tests/RuntimeUiVisualSystemSmoke.cs Line: 72)

FRUIT_DEFENSE_SMOKE_OK
UnityEngine.Debug:ExtractStackTraceNoAlloc (byte*,int,string)
UnityEngine.StackTraceUtility:ExtractStackTrace ()
UnityEngine.DebugLogHandler:Internal_Log (UnityEngine.LogType,UnityEngine.LogOption,string,UnityEngine.Object)
UnityEngine.DebugLogHandler:LogFormat (UnityEngine.LogType,UnityEngine.Object,string,object[])
UnityEngine.Logger:Log (UnityEngine.LogType,object)
UnityEngine.Debug:Log (object)
FruitDefense.Editor.ProjectSetup:SmokeValidate () (at Assets/Editor/Tools/ProjectSetup.cs:340)
FruitDefense.Editor.P0ValidationSuite:Run () (at Assets/Editor/Tests/P0ValidationSuite.cs:18)

(Filename: Assets/Editor/Tools/ProjectSetup.cs Line: 340)

FRUIT_DEFENSE_P0_RELEASE_GATE_OK
UnityEngine.Debug:ExtractStackTraceNoAlloc (byte*,int,string)
UnityEngine.StackTraceUtility:ExtractStackTrace ()
UnityEngine.DebugLogHandler:Internal_Log (UnityEngine.LogType,UnityEngine.LogOption,string,UnityEngine.Object)
UnityEngine.DebugLogHandler:LogFormat (UnityEngine.LogType,UnityEngine.Object,string,object[])
UnityEngine.Logger:Log (UnityEngine.LogType,object)
UnityEngine.Debug:Log (object)
FruitDefense.Editor.P0ValidationSuite:Run () (at Assets/Editor/Tests/P0ValidationSuite.cs:19)

(Filename: Assets/Editor/Tests/P0ValidationSuite.cs Line: 19)

Batchmode quit successfully invoked - shutting down!
[Physics::Module] Cleanup current backend.
[Physics::Module] Id: 0xf2b8ea05
Input System module state changed to: ShutdownInProgress.
Input System polling thread exited.
Input System module state changed to: Shutdown.
[Licensing::IpcConnector] LicenseClient-18163-notifications channel disconnected successfully.
[Licensing::IpcConnector] LicenseClient-18163 channel disconnected successfully.
AcceleratorClientConnectionCallback - disconnected - :0
Cleanup mono
Exiting batchmode successfully now!
Exiting without the bug reporter. Application will terminate with return code 0