[Licensing::Module] Trying to connect to existing licensing client channel...
Built from '6000.3/staging' branch; Version is '6000.3.19f1 (7689f4515d75) revision 7768564'; Using compiler version '194234433'; Build Type 'Release'
[Licensing::IpcConnector] Channel LicenseClient-18163 doesn't exist
OS: 'Windows 10  (10.0.19045) 64bit Professional' Language: 'zh' Physical Memory: 32679 MB
BatchMode: 1, IsHumanControllingUs: 0, StartBugReporterOnCrash: 0, Is64bit: 1
System  architecture: x64
Process architecture: x64
Date: 2026-08-19T06:22:53Z
[Licensing::Module] Successfully launched the LicensingClient (PId: 28520)

COMMAND LINE ARGUMENTS:
C:\Program Files\Unity\Hub\Editor\6000.3.19f1\Editor\Unity.exe
-batchmode
-nographics
-quit
-projectPath
E:\project\unity\furitDefense
-executeMethod
FruitDefense.Editor.P0ValidationSuite.Run
-logFile
E:\project\unity\furitDefense\openspec\changes\unify-runtime-ui-visual-system\evidence\citrus-mint-candidate\workflow-p0.log
Successfully changed project path to: E:\project\unity\furitDefense
E:/project/unity/furitDefense
[UnityMemory] Configuration Parameters - Can be set up in boot.config
    "memorysetup-temp-allocator-size-nav-mesh-worker=65536"
    "memorysetup-temp-allocator-size-audio-worker=65536"
    "memorysetup-temp-allocator-size-gfx=262144"
    "memorysetup-allocator-temp-initial-block-size-main=262144"
    "memorysetup-allocator-temp-initial-block-size-worker=262144"
    "memorysetup-temp-allocator-size-background-worker=32768"
    "memorysetup-temp-allocator-size-job-worker=262144"
    "memorysetup-temp-allocator-size-preload-manager=33554432"
    "memorysetup-temp-allocator-size-gi-baking-worker=262144"
    "memorysetup-temp-allocator-size-gi-baking-worker=262144"
    "memorysetup-temp-allocator-size-gi-baking-worker=262144"
    "memorysetup-temp-allocator-size-gi-baking-worker=262144"
    "memorysetup-temp-allocator-size-gi-baking-worker=262144"
    "memorysetup-bucket-allocator-granularity=16"
    "memorysetup-bucket-allocator-bucket-count=8"
    "memorysetup-bucket-allocator-block-size=33554432"
    "memorysetup-bucket-allocator-block-count=8"
    "memorysetup-main-allocator-block-size=16777216"
    "memorysetup-thread-allocator-block-size=16777216"
    "memorysetup-gfx-main-allocator-block-size=16777216"
    "memorysetup-gfx-thread-allocator-block-size=16777216"
    "memorysetup-cache-allocator-block-size=4194304"
    "memorysetup-typetree-allocator-block-size=2097152"
    "memorysetup-profiler-bucket-allocator-granularity=16"
    "memorysetup-profiler-bucket-allocator-bucket-count=8"
    "memorysetup-profiler-bucket-allocator-block-size=33554432"
    "memorysetup-profiler-bucket-allocator-block-count=8"
    "memorysetup-profiler-allocator-block-size=16777216"
    "memorysetup-profiler-editor-allocator-block-size=1048576"
    "memorysetup-temp-allocator-size-main=16777216"
    "memorysetup-job-temp-allocator-block-size=2097152"
    "memorysetup-job-temp-allocator-block-size-background=1048576"
    "memorysetup-job-temp-allocator-reduction-small-platforms=262144"
    "memorysetup-temp-allocator-size-cloud-worker=32768"
Player connection [24260]  Target information:

Player connection [24260]  * "[IP] 192.168.3.10 [Port] 55504 [Flags] 2 [Guid] 3492264674 [EditorId] 3492264674 [Version] 1048832 [Id] WindowsEditor(7,DESKTOP-02DUQIQ) [Debug] 1 [PackageName] WindowsEditor [ProjectName] Editor" 

Player connection [24260]  * "[IP] 169.254.219.203 [Port] 55504 [Flags] 2 [Guid] 3492264674 [EditorId] 3492264674 [Version] 1048832 [Id] WindowsEditor(7,DESKTOP-02DUQIQ) [Debug] 1 [PackageName] WindowsEditor [ProjectName] Editor" 

Player connection [24260] Host joined multi-casting on [225.0.0.222:54997]...
Player connection [24260] Host joined alternative multi-casting on [225.0.0.222:34997]...
Input System module state changed to: Initialized.
[Physics::Module] Initialized fallback backend.
[Physics::Module] Id: 0xdecafbad
[Licensing::IpcConnector] Successfully connected to: "LicenseClient-18163" at "2026-08-19T06:22:53.4192737Z"
[Licensing::Client] Code 10 while verifying Licensing Client signature (process Id: 28520, path: "C:/Program Files/Unity/Hub/Editor/6000.3.19f1/Editor/Data/Resources/Licensing/Client/Unity.Licensing.Client.exe")
[Licensing::Module] LicensingClient has failed validation; ignoring
[Package Manager] Connected to IPC stream "Upm-24128" after 0.3 seconds.
[Licensing::Module] Licensing is not yet initialized.
[Licensing::Client] Handshaking with LicensingClient:
  Version:                 1.18.1+9fbee8e
  Session Id:              807718ed75f74709922d88ea86a9b1a9
  Correlation Id:          5e88ebc939c7f519070fcb0ccaed3ac6
  External correlation Id: 299269042686405876
  Machine Id:              45/sxUmrq84w1DGaAIO3nlH4R54=
[Licensing::Module] Successfully connected to LicensingClient on channel: "LicenseClient-18163" (connect: 0.37s, validation: 0.17s, handshake: 0.05s)
[Licensing::IpcConnector] Successfully connected to: "LicenseClient-18163-notifications" at "2026-08-19T06:22:53.6392186Z"
[Licensing::Module] Connected to LicensingClient (PId: 28520, launch time: 0.01, total connection time: 0.59s)
[Licensing::Module] Error: Access token is unavailable; failed to update
[Licensing::Client] Successfully resolved entitlement details
[Licensing::Module] License group:
  Id: F4-PJMF-AXN2-R4YC-DCT2-XXXX
  Product: Unity Personal
  Type: ULF
  Expiration: 2026-08-31T07:22:42Z
[Licensing::Client] Successfully updated license, isAsync: True, time: 0.01
[Licensing::Client] Successfully resolved entitlement details
[Licensing::Module] Licensing Background thread has ended after 0.64s
[Licensing::Module] Licensing is initialized (took 0.13s).
[Licensing::Client] Successfully resolved entitlement details
Library Redirect Path: Library/
[Physics::Module] Selected backend.
[Physics::Module] Name: PhysX
[Physics::Module] Id: 0xf2b8ea05
[Physics::Module] SDK Version: 4.1.2
[Physics::Module] Integration Version: 1.0.0
[Physics::Module] Threading Mode: Multi-Threaded
Refreshing native plugins compatible for Editor in 0.24 ms, found 0 plugins.
Preloading 0 native plugins for Editor in 0.00 ms.
Initialize engine version: 6000.3.19f1 (7689f4515d75)
[Subsystems] Discovering subsystems at path C:/Program Files/Unity/Hub/Editor/6000.3.19f1/Editor/Data/Resources/UnitySubsystems
[Subsystems] Discovering subsystems at path E:/project/unity/furitDefense/Assets
Forcing GfxDevice: Null
GfxDevice: creating device client; kGfxThreadingModeNonThreaded
NullGfxDevice:
    Version:  NULL 1.0 [1.0]
    Renderer: Null Device
    Vendor:   Unity Technologies
Initialize mono
Mono path[0] = 'C:/Program Files/Unity/Hub/Editor/6000.3.19f1/Editor/Data/Managed'
Mono path[1] = 'C:/Program Files/Unity/Hub/Editor/6000.3.19f1/Editor/Data/MonoBleedingEdge/lib/mono/unityjit-win32'
Mono config path = 'C:/Program Files/Unity/Hub/Editor/6000.3.19f1/Editor/Data/MonoBleedingEdge/etc'
Using monoOptions --debugger-agent=transport=dt_socket,embedding=1,server=y,suspend=n,address=127.0.0.1:56128
Using cacheserver namespaces - metadata:defaultmetadata, artifacts:defaultartifacts
Using cacheserver namespaces - metadata:defaultmetadata, artifacts:defaultartifacts
ImportWorker Server TCP listen port: 0
AcceleratorClientConnectionCallback - disconnected - :0
Begin MonoManager ReloadAssembly
Registering precompiled unity dll's ...
Register platform support module: C:/Program Files/Unity/Hub/Editor/6000.3.19f1/Editor/Data/PlaybackEngines/WebGLSupport/UnityEditor.WebGL.Extensions.dll
Register platform support module: C:/Program Files/Unity/Hub/Editor/6000.3.19f1/Editor/Data/PlaybackEngines/WindowsStandaloneSupport/UnityEditor.WindowsStandalone.Extensions.dll
Registered in 0.002663 seconds.
- Loaded All Assemblies, in  0.419 seconds
Native extension for WindowsStandalone target not found
Native extension for WebGL target not found
Package Manager log level set to [2]
ScheduleIndexationOnStartup MainProcess:False IndexOnStartup:True
Mono: successfully reloaded assembly
- Finished resetting the current domain, in  0.398 seconds
Domain Reload Profiling: 814ms
	BeginReloadAssembly (137ms)
		ExecutionOrderSort (0ms)
		DisableScriptedObjects (0ms)
		BackupInstance (0ms)
		ReleaseScriptingObjects (0ms)
		CreateAndSetChildDomain (3ms)
	RebuildCommonClasses (36ms)
	RebuildNativeTypeToScriptingClass (11ms)
	initialDomainReloadingComplete (55ms)
	LoadAllAssembliesAndSetupDomain (175ms)
		LoadAssemblies (132ms)
		RebuildTransferFunctionScriptingTraits (0ms)
		AnalyzeDomain (171ms)
			TypeCache.Refresh (169ms)
				TypeCache.ScanAssembly (155ms)
			BuildScriptInfoCaches (0ms)
			ResolveRequiredComponents (0ms)
	FinalizeReload (399ms)
		ReleaseScriptCaches (0ms)
		RebuildScriptCaches (0ms)
		SetupLoadedEditorAssemblies (362ms)
			LogAssemblyErrors (0ms)
			InitializePlatformSupportModulesInManaged (52ms)
			SetLoadedEditorAssemblies (4ms)
			BeforeProcessingInitializeOnLoad (75ms)
			ProcessInitializeOnLoadAttributes (149ms)
			ProcessInitializeOnLoadMethodAttributes (81ms)
			AfterProcessingInitializeOnLoad (0ms)
			EditorAssembliesLoaded (0ms)
		ExecutionOrderSort2 (0ms)
		AwakeInstancesAfterBackupRestoration (0ms)
[Licensing::Client] Successfully resolved entitlement details
Application.AssetDatabase Initial Refresh Start
[Package Manager] Restoring resolved packages state from cache
[Licensing::Client] Successfully resolved entitlement details
[Package Manager] Registered 33 packages:
  Built-in packages:
    com.unity.modules.ai@1.0.0 (location: E:\project\unity\furitDefense\Library\PackageCache\com.unity.modules.ai)
    com.unity.modules.androidjni@1.0.0 (location: E:\project\unity\furitDefense\Library\PackageCache\com.unity.modules.androidjni)
    com.unity.modules.animation@1.0.0 (location: E:\project\unity\furitDefense\Library\PackageCache\com.unity.modules.animation)
    com.unity.modules.assetbundle@1.0.0 (location: E:\project\unity\furitDefense\Library\PackageCache\com.unity.modules.assetbundle)
    com.unity.modules.audio@1.0.0 (location: E:\project\unity\furitDefense\Library\PackageCache\com.unity.modules.audio)
    com.unity.modules.cloth@1.0.0 (location: E:\project\unity\furitDefense\Library\PackageCache\com.unity.modules.cloth)
    com.unity.modules.director@1.0.0 (location: E:\project\unity\furitDefense\Library\PackageCache\com.unity.modules.director)
    com.unity.modules.imageconversion@1.0.0 (location: E:\project\unity\furitDefense\Library\PackageCache\com.unity.modules.imageconversion)
    com.unity.modules.imgui@1.0.0 (location: E:\project\unity\furitDefense\Library\PackageCache\com.unity.modules.imgui)
    com.unity.modules.jsonserialize@1.0.0 (location: E:\project\unity\furitDefense\Library\PackageCache\com.unity.modules.jsonserialize)
    com.unity.modules.particlesystem@1.0.0 (location: E:\project\unity\furitDefense\Library\PackageCache\com.unity.modules.particlesystem)
    com.unity.modules.physics@1.0.0 (location: E:\project\unity\furitDefense\Library\PackageCache\com.unity.modules.physics)
    com.unity.modules.physics2d@1.0.0 (location: E:\project\unity\furitDefense\Library\PackageCache\com.unity.modules.physics2d)
    com.unity.modules.screencapture@1.0.0 (location: E:\project\unity\furitDefense\Library\PackageCache\com.unity.modules.screencapture)
    com.unity.modules.terrain@1.0.0 (location: E:\project\unity\furitDefense\Library\PackageCache\com.unity.modules.terrain)
    com.unity.modules.terrainphysics@1.0.0 (location: E:\project\unity\furitDefense\Library\PackageCache\com.unity.modules.terrainphysics)
    com.unity.modules.tilemap@1.0.0 (location: E:\project\unity\furitDefense\Library\PackageCache\com.unity.modules.tilemap)
    com.unity.modules.ui@1.0.0 (location: E:\project\unity\furitDefense\Library\PackageCache\com.unity.modules.ui)
    com.unity.modules.uielements@1.0.0 (location: E:\project\unity\furitDefense\Library\PackageCache\com.unity.modules.uielements)
    com.unity.modules.umbra@1.0.0 (location: E:\project\unity\furitDefense\Library\PackageCache\com.unity.modules.umbra)
    com.unity.modules.unityanalytics@1.0.0 (location: E:\project\unity\furitDefense\Library\PackageCache\com.unity.modules.unityanalytics)
    com.unity.modules.unitywebrequest@1.0.0 (location: E:\project\unity\furitDefense\Library\PackageCache\com.unity.modules.unitywebrequest)
    com.unity.modules.unitywebrequestassetbundle@1.0.0 (location: E:\project\unity\furitDefense\Library\PackageCache\com.unity.modules.unitywebrequestassetbundle)
    com.unity.modules.unitywebrequestaudio@1.0.0 (location: E:\project\unity\furitDefense\Library\PackageCache\com.unity.modules.unitywebrequestaudio)
    com.unity.modules.unitywebrequesttexture@1.0.0 (location: E:\project\unity\furitDefense\Library\PackageCache\com.unity.modules.unitywebrequesttexture)
    com.unity.modules.unitywebrequestwww@1.0.0 (location: E:\project\unity\furitDefense\Library\PackageCache\com.unity.modules.unitywebrequestwww)
    com.unity.modules.vehicles@1.0.0 (location: E:\project\unity\furitDefense\Library\PackageCache\com.unity.modules.vehicles)
    com.unity.modules.video@1.0.0 (location: E:\project\unity\furitDefense\Library\PackageCache\com.unity.modules.video)
    com.unity.modules.vr@1.0.0 (location: E:\project\unity\furitDefense\Library\PackageCache\com.unity.modules.vr)
    com.unity.modules.wind@1.0.0 (location: E:\project\unity\furitDefense\Library\PackageCache\com.unity.modules.wind)
    com.unity.modules.xr@1.0.0 (location: E:\project\unity\furitDefense\Library\PackageCache\com.unity.modules.xr)
    com.unity.modules.subsystems@1.0.0 (location: E:\project\unity\furitDefense\Library\PackageCache\com.unity.modules.subsystems)
    com.unity.modules.hierarchycore@1.0.0 (location: E:\project\unity\furitDefense\Library\PackageCache\com.unity.modules.hierarchycore)
[Subsystems] No new subsystems found in resolved package list.
[Package Manager] Done registering packages in 0.01 seconds
Starting: C:\Program Files\Unity\Hub\Editor\6000.3.19f1\Editor\Data\Tools\BuildPipeline\bee_backend.exe --ipc --defer-dag-verification --dagfile="Library/Bee/2000b0aE.dag" --continue-on-failure --profile="Library/Bee/backend1.traceevents" ScriptAssemblies
WorkingDir: E:/project/unity/furitDefense
DisplayProgressbar: Compiling Scripts
ExitCode: 0 Duration: 0s74ms
*** Tundra build success (0.04 seconds), 0 items updated, 157 evaluated
AssetDatabase: script compilation time: 0.408515s
Begin MonoManager ReloadAssembly
Total cache size 31377775
Total cache size after purge 31377775, took 00:00:00.0347335
- Loaded All Assemblies, in  0.343 seconds
Refreshing native plugins compatible for Editor in 0.19 ms, found 0 plugins.
Native extension for WindowsStandalone target not found
Native extension for WebGL target not found
ScheduleIndexationOnStartup MainProcess:True IndexOnStartup:True
Mono: successfully reloaded assembly
- Finished resetting the current domain, in  0.462 seconds
Domain Reload Profiling: 802ms
	BeginReloadAssembly (254ms)
		ExecutionOrderSort (0ms)
		DisableScriptedObjects (81ms)
		BackupInstance (0ms)
		ReleaseScriptingObjects (0ms)
		CreateAndSetChildDomain (37ms)
	RebuildCommonClasses (34ms)
	RebuildNativeTypeToScriptingClass (12ms)
	initialDomainReloadingComplete (23ms)
	LoadAllAssembliesAndSetupDomain (17ms)
		LoadAssemblies (110ms)
		RebuildTransferFunctionScriptingTraits (0ms)
		AnalyzeDomain (11ms)
			TypeCache.Refresh (8ms)
				TypeCache.ScanAssembly (4ms)
			BuildScriptInfoCaches (1ms)
			ResolveRequiredComponents (0ms)
	FinalizeReload (462ms)
		ReleaseScriptCaches (0ms)
		RebuildScriptCaches (0ms)
		SetupLoadedEditorAssemblies (291ms)
			LogAssemblyErrors (0ms)
			InitializePlatformSupportModulesInManaged (28ms)
			SetLoadedEditorAssemblies (3ms)
			BeforeProcessingInitializeOnLoad (100ms)
			ProcessInitializeOnLoadAttributes (107ms)
			ProcessInitializeOnLoadMethodAttributes (43ms)
			AfterProcessingInitializeOnLoad (10ms)
			EditorAssembliesLoaded (0ms)
		ExecutionOrderSort2 (0ms)
		AwakeInstancesAfterBackupRestoration (27ms)
Asset Pipeline Refresh (id=02a96557996b0fd4b90f10f78eeb23f5): Total: 1.351 seconds - Initiated by InitialRefreshV2(ForceSynchronousImport)
	Summary:
		Imports: total=0 (actual=0, local cache=0, cache server=0)
		Asset DB Process Time: managed=0 ms, native=558 ms
		Asset DB Callback time: managed=13 ms, native=15 ms
		Scripting: domain reloads=1, domain reload time=343 ms, compile time=410 ms, other=8 ms
		Project Asset Count: scripts=163, non-scripts=755
		Asset File Changes: new=0, changed=0, moved=0, deleted=0
		Scan Filter Count: 0
	InvokeCustomDependenciesCallbacks: 0.001ms
	InvokePackagesCallback: 17.838ms
	ApplyChangesToAssetFolders: 0.340ms
	Scan: 22.792ms
	OnSourceAssetsModified: 0.003ms
	CategorizeAssetsWithTransientArtifact: 0.568ms
	ProcessAssetsWithTransientArtifactChanges: 2.359ms
	CategorizeAssets: 5.051ms
	ImportOutOfDateAssets: 463.581ms (52.702ms without children)
		CompileScripts: 410.457ms
		ReloadNativeAssets: 0.001ms
		UnloadImportedAssets: 0.114ms
		EnsureUptoDateAssetsAreRegisteredWithGuidPM: 0.084ms
		InitializingProgressBar: 0.001ms
		PostProcessAllAssetNotificationsAddChangedAssets: 0.000ms
		OnDemandSchedulerStart: 0.222ms
	PostProcessAllAssets: 13.329ms
	GatherAllCurrentPrimaryArtifactRevisions: 0.002ms
	UnloadStreamsBegin: 1.005ms
	PersistCurrentRevisions: 0.022ms
	UnloadStreamsEnd: 0.001ms
	GenerateScriptTypeHashes: 0.079ms
	Untracked: 823.750ms

Application.AssetDatabase Initial Refresh End
Scanning for USB devices : 11.285ms
Initializing Unity extensions:
[MODES] ModeService[none].Initialize
[MODES] ModeService[none].LoadModes
[MODES] Loading mode Default (0) for mode-current-id-水果塔防
Unloading 3 Unused Serialized files (Serialized files now loaded: 0)
Unloading 136 unused Assets / (509.8 KB). Loaded Objects now: 767.
Memory consumption went from 91.4 MB to 90.9 MB.
Total: 5.203100 ms (FindLiveObjects: 0.099500 ms CreateObjectMapping: 0.015900 ms MarkObjects: 4.680600 ms  DeleteObjects: 0.405800 ms)

Battle content validation passed: catalog.bundled.orchard@1.0.0
UnityEngine.Debug:ExtractStackTraceNoAlloc (byte*,int,string)
UnityEngine.StackTraceUtility:ExtractStackTrace ()
UnityEngine.DebugLogHandler:Internal_Log (UnityEngine.LogType,UnityEngine.LogOption,string,UnityEngine.Object)
UnityEngine.DebugLogHandler:LogFormat (UnityEngine.LogType,UnityEngine.Object,string,object[])
UnityEngine.Logger:Log (UnityEngine.LogType,object)
UnityEngine.Debug:Log (object)
FruitDefense.Editor.BattleContentCatalogEditor:ValidateBundledCatalog () (at Assets/Editor/Tools/BattleContentCatalogEditor.cs:56)
FruitDefense.Editor.P0ValidationSuite:Run () (at Assets/Editor/Tests/P0ValidationSuite.cs:12)

(Filename: Assets/Editor/Tools/BattleContentCatalogEditor.cs Line: 56)

FRUIT_DEFENSE_APP_FRAMEWORK_OK
UnityEngine.Debug:ExtractStackTraceNoAlloc (byte*,int,string)
UnityEngine.StackTraceUtility:ExtractStackTrace ()
UnityEngine.DebugLogHandler:Internal_Log (UnityEngine.LogType,UnityEngine.LogOption,string,UnityEngine.Object)
UnityEngine.DebugLogHandler:LogFormat (UnityEngine.LogType,UnityEngine.Object,string,object[])
UnityEngine.Logger:Log (UnityEngine.LogType,object)
UnityEngine.Debug:Log (object)
FruitDefense.App.AppFrameworkValidation:SmokeValidate () (at Assets/Scripts/App/AppFrameworkValidation.cs:14)
FruitDefense.Editor.P0ValidationSuite:Run () (at Assets/Editor/Tests/P0ValidationSuite.cs:13)

(Filename: Assets/Scripts/App/AppFrameworkValidation.cs Line: 14)

FRUIT_DEFENSE_LOCAL_SERVICES_OK
UnityEngine.Debug:ExtractStackTraceNoAlloc (byte*,int,string)
UnityEngine.StackTraceUtility:ExtractStackTrace ()
UnityEngine.DebugLogHandler:Internal_Log (UnityEngine.LogType,UnityEngine.LogOption,string,UnityEngine.Object)
UnityEngine.DebugLogHandler:LogFormat (UnityEngine.LogType,UnityEngine.Object,string,object[])
UnityEngine.Logger:Log (UnityEngine.LogType,object)
UnityEngine.Debug:Log (object)
FruitDefense.Editor.LocalServicePortsSmoke:Run () (at Assets/Editor/Tests/LocalServicePortsSmoke.cs:21)
FruitDefense.Editor.P0ValidationSuite:Run () (at Assets/Editor/Tests/P0ValidationSuite.cs:14)

(Filename: Assets/Editor/Tests/LocalServicePortsSmoke.cs Line: 21)

Fruit Defense deterministic simulation validation passed.
UnityEngine.Debug:ExtractStackTraceNoAlloc (byte*,int,string)
UnityEngine.StackTraceUtility:ExtractStackTrace ()
UnityEngine.DebugLogHandler:Internal_Log (UnityEngine.LogType,UnityEngine.LogOption,string,UnityEngine.Object)
UnityEngine.DebugLogHandler:LogFormat (UnityEngine.LogType,UnityEngine.Object,string,object[])
UnityEngine.Logger:Log (UnityEngine.LogType,object)
UnityEngine.Debug:Log (object)
FruitDefense.Editor.DeterministicSimulationSmoke:Run () (at Assets/Editor/Tests/DeterministicSimulationSmoke.cs:18)
FruitDefense.Editor.P0ValidationSuite:Run () (at Assets/Editor/Tests/P0ValidationSuite.cs:15)

(Filename: Assets/Editor/Tests/DeterministicSimulationSmoke.cs Line: 18)

FRUIT_DEFENSE_REPEATED_ATTACK_OK plant=plant.pea actions=13 damage=156
UnityEngine.Debug:ExtractStackTraceNoAlloc (byte*,int,string)
UnityEngine.StackTraceUtility:ExtractStackTrace ()
UnityEngine.DebugLogHandler:Internal_Log (UnityEngine.LogType,UnityEngine.LogOption,string,UnityEngine.Object)
UnityEngine.DebugLogHandler:LogFormat (UnityEngine.LogType,UnityEngine.Object,string,object[])
UnityEngine.Logger:Log (UnityEngine.LogType,object)
UnityEngine.Debug:Log (object)
FruitDefense.Editor.ComposableBattleSkillsSmoke:ValidateRepeatedBasicAttacks () (at Assets/Editor/Tests/ComposableBattleSkillsSmoke.cs:147)
FruitDefense.Editor.ComposableBattleSkillsSmoke:Run () (at Assets/Editor/Tests/ComposableBattleSkillsSmoke.cs:19)
FruitDefense.Editor.P0ValidationSuite:Run () (at Assets/Editor/Tests/P0ValidationSuite.cs:16)

(Filename: Assets/Editor/Tests/ComposableBattleSkillsSmoke.cs Line: 147)

FRUIT_DEFENSE_REPEATED_ATTACK_OK plant=plant.watermelon actions=6 damage=72
UnityEngine.Debug:ExtractStackTraceNoAlloc (byte*,int,string)
UnityEngine.StackTraceUtility:ExtractStackTrace ()
UnityEngine.DebugLogHandler:Internal_Log (UnityEngine.LogType,UnityEngine.LogOption,string,UnityEngine.Object)
UnityEngine.DebugLogHandler:LogFormat (UnityEngine.LogType,UnityEngine.Object,string,object[])
UnityEngine.Logger:Log (UnityEngine.LogType,object)
UnityEngine.Debug:Log (object)
FruitDefense.Editor.ComposableBattleSkillsSmoke:ValidateRepeatedBasicAttacks () (at Assets/Editor/Tests/ComposableBattleSkillsSmoke.cs:147)
FruitDefense.Editor.ComposableBattleSkillsSmoke:Run () (at Assets/Editor/Tests/ComposableBattleSkillsSmoke.cs:19)
FruitDefense.Editor.P0ValidationSuite:Run () (at Assets/Editor/Tests/P0ValidationSuite.cs:16)

(Filename: Assets/Editor/Tests/ComposableBattleSkillsSmoke.cs Line: 147)

FRUIT_DEFENSE_REPEATED_ATTACK_OK plant=plant.banana actions=8 damage=90
UnityEngine.Debug:ExtractStackTraceNoAlloc (byte*,int,string)
UnityEngine.StackTraceUtility:ExtractStackTrace ()
UnityEngine.DebugLogHandler:Internal_Log (UnityEngine.LogType,UnityEngine.LogOption,string,UnityEngine.Object)
UnityEngine.DebugLogHandler:LogFormat (UnityEngine.LogType,UnityEngine.Object,string,object[])
UnityEngine.Logger:Log (UnityEngine.LogType,object)
UnityEngine.Debug:Log (object)
FruitDefense.Editor.ComposableBattleSkillsSmoke:ValidateRepeatedBasicAttacks () (at Assets/Editor/Tests/ComposableBattleSkillsSmoke.cs:147)
FruitDefense.Editor.ComposableBattleSkillsSmoke:Run () (at Assets/Editor/Tests/ComposableBattleSkillsSmoke.cs:19)
FruitDefense.Editor.P0ValidationSuite:Run () (at Assets/Editor/Tests/P0ValidationSuite.cs:16)

(Filename: Assets/Editor/Tests/ComposableBattleSkillsSmoke.cs Line: 147)

FRUIT_DEFENSE_REPEATED_ATTACK_OK plant=plant.durian actions=8 damage=96
UnityEngine.Debug:ExtractStackTraceNoAlloc (byte*,int,string)
UnityEngine.StackTraceUtility:ExtractStackTrace ()
UnityEngine.DebugLogHandler:Internal_Log (UnityEngine.LogType,UnityEngine.LogOption,string,UnityEngine.Object)
UnityEngine.DebugLogHandler:LogFormat (UnityEngine.LogType,UnityEngine.Object,string,object[])
UnityEngine.Logger:Log (UnityEngine.LogType,object)
UnityEngine.Debug:Log (object)
FruitDefense.Editor.ComposableBattleSkillsSmoke:ValidateRepeatedBasicAttacks () (at Assets/Editor/Tests/ComposableBattleSkillsSmoke.cs:147)
FruitDefense.Editor.ComposableBattleSkillsSmoke:Run () (at Assets/Editor/Tests/ComposableBattleSkillsSmoke.cs:19)
FruitDefense.Editor.P0ValidationSuite:Run () (at Assets/Editor/Tests/P0ValidationSuite.cs:16)

(Filename: Assets/Editor/Tests/ComposableBattleSkillsSmoke.cs Line: 147)

FRUIT_DEFENSE_COMPOSABLE_SKILLS_OK
UnityEngine.Debug:ExtractStackTraceNoAlloc (byte*,int,string)
UnityEngine.StackTraceUtility:ExtractStackTrace ()
UnityEngine.DebugLogHandler:Internal_Log (UnityEngine.LogType,UnityEngine.LogOption,string,UnityEngine.Object)
UnityEngine.DebugLogHandler:LogFormat (UnityEngine.LogType,UnityEngine.Object,string,object[])
UnityEngine.Logger:Log (UnityEngine.LogType,object)
UnityEngine.Debug:Log (object)
FruitDefense.Editor.ComposableBattleSkillsSmoke:Run () (at Assets/Editor/Tests/ComposableBattleSkillsSmoke.cs:23)
FruitDefense.Editor.P0ValidationSuite:Run () (at Assets/Editor/Tests/P0ValidationSuite.cs:16)

(Filename: Assets/Editor/Tests/ComposableBattleSkillsSmoke.cs Line: 23)

FRUIT_DEFENSE_BATTLE_SNAPSHOT_V1_OK
UnityEngine.Debug:ExtractStackTraceNoAlloc (byte*,int,string)
UnityEngine.StackTraceUtility:ExtractStackTrace ()
UnityEngine.DebugLogHandler:Internal_Log (UnityEngine.LogType,UnityEngine.LogOption,string,UnityEngine.Object)
UnityEngine.DebugLogHandler:LogFormat (UnityEngine.LogType,UnityEngine.Object,string,object[])
UnityEngine.Logger:Log (UnityEngine.LogType,object)
UnityEngine.Debug:Log (object)
FruitDefense.Editor.BattleSnapshotV1Smoke:Run () (at Assets/Editor/Tests/BattleSnapshotV1Smoke.cs:22)
FruitDefense.Editor.P0ValidationSuite:Run () (at Assets/Editor/Tests/P0ValidationSuite.cs:17)

(Filename: Assets/Editor/Tests/BattleSnapshotV1Smoke.cs Line: 22)

Asset Pipeline Refresh (id=919121a1a96e4254cbd1552eef2d0ee3): Total: 0.044 seconds - Initiated by RefreshV2(NoUpdateAssetOptions)
Square contour topology guide generated: Assets/LayeredTerrain/GrassSoil/Square/Topology/SquareContourTopologyGuide.png
UnityEngine.Debug:ExtractStackTraceNoAlloc (byte*,int,string)
UnityEngine.StackTraceUtility:ExtractStackTrace ()
UnityEngine.DebugLogHandler:Internal_Log (UnityEngine.LogType,UnityEngine.LogOption,string,UnityEngine.Object)
UnityEngine.DebugLogHandler:LogFormat (UnityEngine.LogType,UnityEngine.Object,string,object[])
UnityEngine.Logger:Log (UnityEngine.LogType,object)
UnityEngine.Debug:Log (object)
FruitDefense.Editor.SquareTerrainArtGenerator:GenerateTopologyGuide () (at Assets/Editor/Tools/SquareTerrainArtGenerator.cs:42)
FruitDefense.Editor.SquareTerrainArtGenerator:GenerateAvailableSquareAssets () (at Assets/Editor/Tools/SquareTerrainArtGenerator.cs:133)
FruitDefense.Editor.SquareTerrainArtSmoke:Run () (at Assets/Editor/Tests/SquareTerrainArtSmoke.cs:18)
FruitDefense.Editor.ProjectSetup:SmokeValidate () (at Assets/Editor/Tools/ProjectSetup.cs:236)
FruitDefense.Editor.P0ValidationSuite:Run () (at Assets/Editor/Tests/P0ValidationSuite.cs:18)

(Filename: Assets/Editor/Tools/SquareTerrainArtGenerator.cs Line: 42)

Asset Pipeline Refresh (id=1f52ad95852aaf347b0ed49b53aed263): Total: 0.040 seconds - Initiated by RefreshV2(NoUpdateAssetOptions)
Asset Pipeline Refresh (id=2a332d557bf99ad49b8ac9eacd251927): Total: 0.027 seconds - Initiated by RefreshV2(NoUpdateAssetOptions)
Asset Pipeline Refresh (id=31ab24a40c097c049b58d773b636e711): Total: 0.041 seconds - Initiated by RefreshV2(NoUpdateAssetOptions)
Start importing Assets/LayeredTerrain/GrassSoil/Square/LandformStoneRoad/Mask-07.asset using Guid(b02fd980a2abc6b41974d859a777fb1d) (NativeFormatImporter) -> (artifact id: '09027e8d963d8fd928277d96f7735e27') in 0.0058433 seconds
Start importing Assets/LayeredTerrain/GrassSoil/Square/LandformGrass/Mask-05.asset using Guid(d04330ef8020b8a41b9e4589cb202101) (NativeFormatImporter) -> (artifact id: '4e5972f1b6c2ded32e8e48532b67135b') in 0.0015497 seconds
Start importing Assets/LayeredTerrain/GrassSoil/Square/LandformGrass/Mask-12.asset using Guid(d00b41817e9bc0741ad148ea3e94519a) (NativeFormatImporter) -> (artifact id: '9d0a3a48e4156b96b3c76ca702bf7bff') in 0.0014914 seconds
Start importing Assets/LayeredTerrain/GrassSoil/Square/LandformStoneRoad/Mask-13.asset using Guid(116a8c3b6ac195a4ebb8e3c7a9989ddc) (NativeFormatImporter) -> (artifact id: '871e193410b26687800828802aef7920') in 0.0013144 seconds
Start importing Assets/LayeredTerrain/GrassSoil/Square/LandformGrass/Mask-02.asset using Guid(315648227c153724090125e98f4cba15) (NativeFormatImporter) -> (artifact id: 'd08b86b0e86b5ac26e9107766d5008d1') in 0.0013571 seconds
Start importing Assets/LayeredTerrain/GrassSoil/Square/LandformStoneRoad/Mask-11.asset using Guid(519050a0a5a9f5847b095ee0b83437a0) (NativeFormatImporter) -> (artifact id: 'ae100c2ae270a66d81134616e885003c') in 0.0014486 seconds
Start importing Assets/LayeredTerrain/GrassSoil/Square/LandformGrass/Mask-14.asset using Guid(81815b76ad7c06c47bf1bc7b65624ffd) (NativeFormatImporter) -> (artifact id: 'e00c4c5ecbd51682bc3c65bf8d862a23') in 0.0014616 seconds
Start importing Assets/LayeredTerrain/GrassSoil/Square/LandformSoil/Mask-03.asset using Guid(b1c5384b4651e4a4a82d483cc64aae79) (NativeFormatImporter) -> (artifact id: '45c12fb41048b850cd7cb0f3e535436a') in 0.0012851 seconds
Start importing Assets/LayeredTerrain/GrassSoil/Square/LandformGrass/Mask-15.asset using Guid(027119ab30d86a546a5d935d6e9ec608) (NativeFormatImporter) -> (artifact id: '7e821f282e19a2a4d5825e548df9693a') in 0.0012684 seconds
Start importing Assets/LayeredTerrain/GrassSoil/Square/LandformGrass/Mask-00.asset using Guid(13f70a46e499e0146bffd256e7c14483) (NativeFormatImporter) -> (artifact id: '2a9713a59b72231d0d554c49e274b85a') in 0.0013557 seconds
Start importing Assets/LayeredTerrain/GrassSoil/Square/LandformSoil/Mask-00.asset using Guid(8303f71f8469fd7459473d47391ab0b3) (NativeFormatImporter) -> (artifact id: '1442dfc314550b70b27dde3dada60cc7') in 0.0012985 seconds
Start importing Assets/LayeredTerrain/GrassSoil/Square/LandformSoil/Mask-01.asset using Guid(d33072ada9e1bb749adcc5938680d51a) (NativeFormatImporter) -> (artifact id: '7a8f58bad24b64f744799cb0b0b9228f') in 0.0012197 seconds
Start importing Assets/LayeredTerrain/GrassSoil/Square/LandformStoneRoad/Mask-09.asset using Guid(d30b19c2c64338a4fa9211b305cf65b1) (NativeFormatImporter) -> (artifact id: '59211e6be04f7e5724ec1a1b38221d71') in 0.0012577 seconds
Start importing Assets/LayeredTerrain/GrassSoil/Square/LandformSoil/Mask-13.asset using Guid(548b829df136ae948902efdc96ee70bb) (NativeFormatImporter) -> (artifact id: 'd770f2a72e8453a69c8ff146ee623ca5') in 0.0012619 seconds
Start importing Assets/LayeredTerrain/GrassSoil/Square/LandformStoneRoad/Mask-00.asset using Guid(74d1d4b679c3aec43af1bd30b6c4aea1) (NativeFormatImporter) -> (artifact id: '4c60ffb732228db343f89511449fce3b') in 0.0013208 seconds
Start importing Assets/LayeredTerrain/GrassSoil/Square/LandformGrass/Mask-01.asset using Guid(35cbc7e6bd8f2f84d9c7965779c9b2eb) (NativeFormatImporter) -> (artifact id: '7cd6fe12f157cd0a0b2a210183323c21') in 0.0012182 seconds
Start importing Assets/LayeredTerrain/GrassSoil/Square/LandformGrass/Mask-10.asset using Guid(5728d44dd2630ff40849746ce5d849d7) (NativeFormatImporter) -> (artifact id: '57d0e56c944d10ea9c02adfa74800a28') in 0.0016503 seconds
Start importing Assets/LayeredTerrain/GrassSoil/Square/LandformSoil/Mask-09.asset using Guid(67347eef4df492941b15d16b687e2cb7) (NativeFormatImporter) -> (artifact id: '0b3fee03fb07b35a5fbe9374ec056b4b') in 0.0013097 seconds
Start importing Assets/LayeredTerrain/GrassSoil/Square/LandformGrass/Mask-04.asset using Guid(87737865bdb87ec43864ad3d997d7626) (NativeFormatImporter) -> (artifact id: '83b9f8cc1d095defdc009bd1839b690f') in 0.0012808 seconds
Start importing Assets/LayeredTerrain/GrassSoil/Square/LandformSoil/Mask-02.asset using Guid(87e33da937f65d34fb027eebfd8c1343) (NativeFormatImporter) -> (artifact id: '031756e6cc2b3a5ef2ddcaf8740ee21f') in 0.0013691 seconds
Start importing Assets/LayeredTerrain/GrassSoil/Square/LandformGrass/Mask-08.asset using Guid(b781c12832a4cd84392ab7d35a405505) (NativeFormatImporter) -> (artifact id: 'c734ab3f59a9e28ca19de35691f15a63') in 0.0013476 seconds
Start importing Assets/LayeredTerrain/GrassSoil/Square/LandformStoneRoad/Mask-04.asset using Guid(f70ec30b59552144a97e4da8fea5520c) (NativeFormatImporter) -> (artifact id: '67ab708a109917ddbe110252083911c2') in 0.0013706 seconds
Start importing Assets/LayeredTerrain/GrassSoil/Square/LandformStoneRoad/Mask-05.asset using Guid(08c7afe6a1108a84b9f8ac99c7fa610e) (NativeFormatImporter) -> (artifact id: 'a8026e8f0c10f4b634f0c477d7f79ba5') in 0.0012844 seconds
Start importing Assets/LayeredTerrain/GrassSoil/Square/LandformStoneRoad/Mask-14.asset using Guid(39202684bd500f14184c5131ac46a6dd) (NativeFormatImporter) -> (artifact id: 'b43c0e8abc2951d26427ba0ee51e7ebb') in 0.0013843 seconds
Start importing Assets/LayeredTerrain/GrassSoil/Square/LandformSoil/SoilSquareLandformTileSet.asset using Guid(897d878e9497c6e4d935ea42058d6001) (NativeFormatImporter) -> (artifact id: '17e85a477bcdc5aaf3c7a2ca1f1f5d8e') in 0.0014569 seconds
Start importing Assets/LayeredTerrain/GrassSoil/Square/LandformStoneRoad/StoneRoadSquareLandformTileSet.asset using Guid(0a6730ef0e26d5b49b9ae3129ee21909) (NativeFormatImporter) -> (artifact id: '48456893df0f467254b3256235820444') in 0.0013171 seconds
Start importing Assets/LayeredTerrain/GrassSoil/Square/LandformStoneRoad/Mask-10.asset using Guid(caa578d738fb0414e820ab1e3541b03f) (NativeFormatImporter) -> (artifact id: 'be4dcdbbc4fe728152242b70b5e9bb78') in 0.0016388 seconds
Start importing Assets/LayeredTerrain/GrassSoil/Square/LandformSoil/Mask-07.asset using Guid(2ce20b5da48d1ae43956c41d22ecd92e) (NativeFormatImporter) -> (artifact id: '7c41af1778c9689fc8cf1f4e4fcccd2c') in 0.0013727 seconds
Start importing Assets/LayeredTerrain/GrassSoil/Square/LandformSoil/Mask-11.asset using Guid(2c6bd62321830da498ea7724ae626857) (NativeFormatImporter) -> (artifact id: 'b1033fab3dddb68d369a244413a84ab3') in 0.0012756 seconds
Start importing Assets/LayeredTerrain/GrassSoil/Square/LandformStoneRoad/Mask-15.asset using Guid(5cbc1f25709453b4a90de7054d0ce9b7) (NativeFormatImporter) -> (artifact id: 'ca75aea14a03badd729ba37b57fc7710') in 0.0014222 seconds
Start importing Assets/LayeredTerrain/GrassSoil/Square/LandformGrass/Mask-09.asset using Guid(8c5fb632240287d48a17621f58d3a651) (NativeFormatImporter) -> (artifact id: '77c6cf5113d6c96189dbf6818d84fd5f') in 0.0013446 seconds
Start importing Assets/LayeredTerrain/GrassSoil/Square/LandformSoil/Mask-12.asset using Guid(bc85f424c35a6c845b2186949136a828) (NativeFormatImporter) -> (artifact id: '08c355397adee775c3834a7a7a0bf465') in 0.0012908 seconds
Start importing Assets/LayeredTerrain/GrassSoil/Square/LandformSoil/Mask-10.asset using Guid(0dfe2c0efe3330c4d9570f0061d459b9) (NativeFormatImporter) -> (artifact id: '88decb540b9e036a0400c2d34dbc707c') in 0.0012101 seconds
Start importing Assets/LayeredTerrain/GrassSoil/Square/LandformGrass/Mask-03.asset using Guid(1db706b3e9547554e9081663c6442ba0) (NativeFormatImporter) -> (artifact id: 'fdfbe87044d88284093ccc42787947e0') in 0.0013289 seconds
Start importing Assets/LayeredTerrain/GrassSoil/Square/LandformStoneRoad/Mask-02.asset using Guid(1d9b71389b4697e4586703b25f185da7) (NativeFormatImporter) -> (artifact id: 'dbb50fa57ab28462356bbd1a8ebab835') in 0.0013033 seconds
Start importing Assets/LayeredTerrain/GrassSoil/Square/LandformSoil/Mask-05.asset using Guid(2de42da45e48f974e9a74a6970e6e643) (NativeFormatImporter) -> (artifact id: '6e739e360d22b33fd378e6acefe9d800') in 0.0012267 seconds
Start importing Assets/LayeredTerrain/GrassSoil/Square/LandformGrass/Mask-11.asset using Guid(5d253dc28016ae64db4653758ac0af88) (NativeFormatImporter) -> (artifact id: '4dbb166b77c04b10385ee89749d834d3') in 0.0014015 seconds
Start importing Assets/LayeredTerrain/GrassSoil/Square/LandformSoil/Mask-04.asset using Guid(5d4806f722710eb40b1cf937cc6498b6) (NativeFormatImporter) -> (artifact id: 'a825e4a02be2364dca6cd5d251c2a1af') in 0.001345 seconds
Start importing Assets/LayeredTerrain/GrassSoil/Square/LandformStoneRoad/Mask-01.asset using Guid(add98a42caf91414387900c1b29b92c6) (NativeFormatImporter) -> (artifact id: 'a1a43dffdd1f7cdd6311169ade464c57') in 0.0012656 seconds
Start importing Assets/LayeredTerrain/GrassSoil/Square/LandformGrass/Mask-06.asset using Guid(cd0f4d7279da9f84caa8c319e7ab29f9) (NativeFormatImporter) -> (artifact id: '52937737c65259daea7bed84aa0a8a04') in 0.0012155 seconds
Start importing Assets/LayeredTerrain/GrassSoil/Square/LandformGrass/Mask-07.asset using Guid(4e65cf042fab2c1448282809779edb8a) (NativeFormatImporter) -> (artifact id: '8cc68977b954eb6d618706e748b65e8b') in 0.0014871 seconds
Start importing Assets/LayeredTerrain/GrassSoil/Square/LandformGrass/Mask-13.asset using Guid(7e2014d33d57f294f97dea5ed30b730c) (NativeFormatImporter) -> (artifact id: '93ec9328dc52bc61493ece4ef09f812b') in 0.0013281 seconds
Start importing Assets/LayeredTerrain/GrassSoil/Square/LandformSoil/Mask-14.asset using Guid(ae949dd8d7965fa41b1d3481d8bf8e30) (NativeFormatImporter) -> (artifact id: '13d3e8fadf25938fb6084c9eacdc285d') in 0.0013149 seconds
Start importing Assets/LayeredTerrain/GrassSoil/Square/LandformStoneRoad/Mask-08.asset using Guid(aecab5b9f537b5349adcff0900809717) (NativeFormatImporter) -> (artifact id: '6723e7d6eab214144e2a993643460ee5') in 0.0015282 seconds
Start importing Assets/LayeredTerrain/GrassSoil/Square/LandformSoil/Mask-15.asset using Guid(ce833c44287e15a44945e738038eb1c3) (NativeFormatImporter) -> (artifact id: '7c1ac2f82e318d432012af6c6509f07a') in 0.0013419 seconds
Start importing Assets/LayeredTerrain/GrassSoil/Square/LandformSoil/Mask-08.asset using Guid(ee6f4f16a4085914dbcb15919c60654c) (NativeFormatImporter) -> (artifact id: '2a403aad88716c1a9d6ee321599dc86f') in 0.0013706 seconds
Start importing Assets/LayeredTerrain/GrassSoil/Square/LandformStoneRoad/Mask-12.asset using Guid(2f49f6b2d05a8804097e79c69e515dc3) (NativeFormatImporter) -> (artifact id: '3512849ba8746b3929337e37047f52c2') in 0.0013355 seconds
Start importing Assets/LayeredTerrain/GrassSoil/Square/LandformSoil/Mask-06.asset using Guid(3ff6ff5cd14cc7441a6a84cdde5ff745) (NativeFormatImporter) -> (artifact id: 'c47a955bf9dc32d5bb761f8069ffd421') in 0.0016086 seconds
Start importing Assets/LayeredTerrain/GrassSoil/Square/LandformStoneRoad/Mask-06.asset using Guid(df46002ea561b404889b370e84a77f83) (NativeFormatImporter) -> (artifact id: 'c73fed30de3e790341265e9a3306482c') in 0.0013574 seconds
Start importing Assets/LayeredTerrain/GrassSoil/Square/LandformStoneRoad/Mask-03.asset using Guid(df1e863caf3bc5441a0d4c507b76c311) (NativeFormatImporter) -> (artifact id: 'a9a2fb8e8c6cb1c0cdbe880f9de699ac') in 0.0012462 seconds
Start importing Assets/LayeredTerrain/GrassSoil/Square/LandformGrass/GrassSquareLandformTileSet.asset using Guid(ef399dc10411dd84ab6a276f72e506ea) (NativeFormatImporter) -> (artifact id: '3f3f806b6373e60abb62a5adaf65a9f7') in 0.0016367 seconds
Refreshing native plugins compatible for Editor in 0.23 ms, found 0 plugins.
Preloading 0 native plugins for Editor in 0.00 ms.
Asset Pipeline Refresh (id=d7707d5ed19cb6a40bd7128c5d796437): Total: 0.140 seconds - Initiated by StopAssetImportingV2(NoUpdateAssetOptions)
Native 256 px square grass, soil and stone-road landforms generated.
UnityEngine.Debug:ExtractStackTraceNoAlloc (byte*,int,string)
UnityEngine.StackTraceUtility:ExtractStackTrace ()
UnityEngine.DebugLogHandler:Internal_Log (UnityEngine.LogType,UnityEngine.LogOption,string,UnityEngine.Object)
UnityEngine.DebugLogHandler:LogFormat (UnityEngine.LogType,UnityEngine.Object,string,object[])
UnityEngine.Logger:Log (UnityEngine.LogType,object)
UnityEngine.Debug:Log (object)
FruitDefense.Editor.SquareTerrainArtGenerator:GenerateDeterministicLandforms () (at Assets/Editor/Tools/SquareTerrainArtGenerator.cs:87)
FruitDefense.Editor.SquareTerrainArtGenerator:GenerateAvailableSquareAssets () (at Assets/Editor/Tools/SquareTerrainArtGenerator.cs:134)
FruitDefense.Editor.SquareTerrainArtSmoke:Run () (at Assets/Editor/Tests/SquareTerrainArtSmoke.cs:18)
FruitDefense.Editor.ProjectSetup:SmokeValidate () (at Assets/Editor/Tools/ProjectSetup.cs:236)
FruitDefense.Editor.P0ValidationSuite:Run () (at Assets/Editor/Tests/P0ValidationSuite.cs:18)

(Filename: Assets/Editor/Tools/SquareTerrainArtGenerator.cs Line: 87)

Asset Pipeline Refresh (id=c4d0f4c7f0caad44391e8e01193b12d6): Total: 0.035 seconds - Initiated by RefreshV2(NoUpdateAssetOptions)
Start importing Assets/LayeredTerrain/GrassSoil/Square/EdgeGrassOnSoilPainted/Mask-15.asset using Guid(a17969b175ec3354c8fe533c48257f94) (NativeFormatImporter) -> (artifact id: '99f211a0ff210a0c86467a3e625714fe') in 0.002098 seconds
Start importing Assets/LayeredTerrain/GrassSoil/Square/EdgeGrassOnSoilPainted/Mask-04.asset using Guid(e2449efc0c1116648a5b9cbfe33d8e81) (NativeFormatImporter) -> (artifact id: '18145ed9e628d5f8340c44824db6c8be') in 0.0016167 seconds
Start importing Assets/LayeredTerrain/GrassSoil/Square/EdgeGrassOnSoilPainted/Mask-14.asset using Guid(4328f421ed4ea34439d6e4e50990e24a) (NativeFormatImporter) -> (artifact id: '6bbe4451c7dca2d4de869403308041cf') in 0.001446 seconds
Start importing Assets/LayeredTerrain/GrassSoil/Square/EdgeGrassOnSoilPainted/Mask-11.asset using Guid(04aab987cd98a4440b66bb727667d8db) (NativeFormatImporter) -> (artifact id: 'eb6fb6ecd423e575e0946462aa243d66') in 0.0016777 seconds
Start importing Assets/LayeredTerrain/GrassSoil/Square/EdgeGrassOnSoilPainted/Mask-13.asset using Guid(75f61e4d96323eb4e906226b1dd8a16a) (NativeFormatImporter) -> (artifact id: '7952dc870547efbd422b012b46d2b17a') in 0.0014608 seconds
Start importing Assets/LayeredTerrain/GrassSoil/Square/EdgeGrassOnSoilPainted/Mask-08.asset using Guid(062a9acbc752b0342becc47471c8dad4) (NativeFormatImporter) -> (artifact id: 'ee86fce3dc4587f247fc6e398cfff9cd') in 0.00142 seconds
Start importing Assets/LayeredTerrain/GrassSoil/Square/EdgeGrassOnSoilPainted/Mask-12.asset using Guid(17347530ba5655e4cb59ff249a976ea1) (NativeFormatImporter) -> (artifact id: '27e6bc4eabc1e74cb23636389ffd9263') in 0.0015767 seconds
Start importing Assets/LayeredTerrain/GrassSoil/Square/EdgeGrassOnSoilPainted/Mask-00.asset using Guid(676ca911d7a7bbf408a30856d7cc6990) (NativeFormatImporter) -> (artifact id: '557d3d98682769dd5e96ded56f4299cf') in 0.0014076 seconds
Start importing Assets/LayeredTerrain/GrassSoil/Square/EdgeGrassOnSoilPainted/Mask-10.asset using Guid(e75c1031ec799e0448fd29d3082006b4) (NativeFormatImporter) -> (artifact id: 'c8e41218e8984dd46c91b31d7703de4f') in 0.0013233 seconds
Start importing Assets/LayeredTerrain/GrassSoil/Square/EdgeGrassOnSoilPainted/Mask-09.asset using Guid(a8a7730f3a6dd484198f1b19fed8a24f) (NativeFormatImporter) -> (artifact id: '5597baddb442bf8a928e37d39723d50b') in 0.002231 seconds
Start importing Assets/LayeredTerrain/GrassSoil/Square/EdgeGrassOnSoilPainted/Mask-07.asset using Guid(f8b2f90201834fa478634d3f30f6af16) (NativeFormatImporter) -> (artifact id: 'a306cb5e617a8648a67a81dc94516e9e') in 0.0016739 seconds
Start importing Assets/LayeredTerrain/GrassSoil/Square/EdgeGrassOnSoilPainted/Mask-06.asset using Guid(19882d23e028ac94e8abd02f91624ba8) (NativeFormatImporter) -> (artifact id: '54900e8224e5828f7c6a4f69fec6db72') in 0.0013021 seconds
Start importing Assets/LayeredTerrain/GrassSoil/Square/EdgeGrassOnSoilPainted/Mask-01.asset using Guid(b94d4b2cd03a1b04b83a81974d966227) (NativeFormatImporter) -> (artifact id: '7caf427609fab688c51f9caa2ce6a79f') in 0.0013396 seconds
Start importing Assets/LayeredTerrain/GrassSoil/Square/EdgeGrassOnSoilPainted/Mask-03.asset using Guid(1a4a3cc4af69bbc4aaabde52016c4f95) (NativeFormatImporter) -> (artifact id: 'af45f85c0f45a239757e36be7c184f6c') in 0.0013962 seconds
Start importing Assets/LayeredTerrain/GrassSoil/Square/EdgeGrassOnSoilPainted/Mask-05.asset using Guid(bacdc75efb95eda42aa6803845d196c4) (NativeFormatImporter) -> (artifact id: '6d469253745d86e884993bfadfef01d0') in 0.0012892 seconds
Start importing Assets/LayeredTerrain/GrassSoil/Square/EdgeGrassOnSoilPainted/GrassOnSoilSquarePaintedTileSet.asset using Guid(1b984e39e61f8734d8c54b032e84c3a3) (NativeFormatImporter) -> (artifact id: '612bda68ec02f7c1be620eb4ba627873') in 0.0013417 seconds
Start importing Assets/LayeredTerrain/GrassSoil/Square/EdgeGrassOnSoilPainted/Mask-02.asset using Guid(8d6a7e51f29762f4796204a57546e522) (NativeFormatImporter) -> (artifact id: '504e9a251c8e415c78cba5f93910b005') in 0.0016704 seconds
Refreshing native plugins compatible for Editor in 0.23 ms, found 0 plugins.
Preloading 0 native plugins for Editor in 0.00 ms.
Asset Pipeline Refresh (id=f0c9e469d2f44a8488c3a60cbb305ac9): Total: 0.045 seconds - Initiated by StopAssetImportingV2(NoUpdateAssetOptions)
Accepted ribbon lip profile packaged as a top-down grass feather with base-grass RGB, guide-owned topology and no soil wall or outline.
UnityEngine.Debug:ExtractStackTraceNoAlloc (byte*,int,string)
UnityEngine.StackTraceUtility:ExtractStackTrace ()
UnityEngine.DebugLogHandler:Internal_Log (UnityEngine.LogType,UnityEngine.LogOption,string,UnityEngine.Object)
UnityEngine.DebugLogHandler:LogFormat (UnityEngine.LogType,UnityEngine.Object,string,object[])
UnityEngine.Logger:Log (UnityEngine.LogType,object)
UnityEngine.Debug:Log (object)
FruitDefense.Editor.SquareTerrainArtGenerator:PackageAcceptedGrassOnSoilCandidate () (at Assets/Editor/Tools/SquareTerrainArtGenerator.cs:126)
FruitDefense.Editor.SquareTerrainArtGenerator:GenerateAvailableSquareAssets () (at Assets/Editor/Tools/SquareTerrainArtGenerator.cs:138)
FruitDefense.Editor.SquareTerrainArtSmoke:Run () (at Assets/Editor/Tests/SquareTerrainArtSmoke.cs:18)
FruitDefense.Editor.ProjectSetup:SmokeValidate () (at Assets/Editor/Tools/ProjectSetup.cs:236)
FruitDefense.Editor.P0ValidationSuite:Run () (at Assets/Editor/Tests/P0ValidationSuite.cs:18)

(Filename: Assets/Editor/Tools/SquareTerrainArtGenerator.cs Line: 126)

Square, organic, coexistence and real Battle-scale boards rendered to Builds/Evidence/terrain-contours.
UnityEngine.Debug:ExtractStackTraceNoAlloc (byte*,int,string)
UnityEngine.StackTraceUtility:ExtractStackTrace ()
UnityEngine.DebugLogHandler:Internal_Log (UnityEngine.LogType,UnityEngine.LogOption,string,UnityEngine.Object)
UnityEngine.DebugLogHandler:LogFormat (UnityEngine.LogType,UnityEngine.Object,string,object[])
UnityEngine.Logger:Log (UnityEngine.LogType,object)
UnityEngine.Debug:Log (object)
FruitDefense.Editor.SquareTerrainEvidence:RenderReviewEvidence () (at Assets/Editor/Tests/SquareTerrainEvidence.cs:52)
FruitDefense.Editor.SquareTerrainArtSmoke:Run () (at Assets/Editor/Tests/SquareTerrainArtSmoke.cs:20)
FruitDefense.Editor.ProjectSetup:SmokeValidate () (at Assets/Editor/Tools/ProjectSetup.cs:236)
FruitDefense.Editor.P0ValidationSuite:Run () (at Assets/Editor/Tests/P0ValidationSuite.cs:18)

(Filename: Assets/Editor/Tests/SquareTerrainEvidence.cs Line: 52)

Square terrain art smoke passed: Builds/Evidence/terrain-contours/square-contour-smoke.log
UnityEngine.Debug:ExtractStackTraceNoAlloc (byte*,int,string)
UnityEngine.StackTraceUtility:ExtractStackTrace ()
UnityEngine.DebugLogHandler:Internal_Log (UnityEngine.LogType,UnityEngine.LogOption,string,UnityEngine.Object)
UnityEngine.DebugLogHandler:LogFormat (UnityEngine.LogType,UnityEngine.Object,string,object[])
UnityEngine.Logger:Log (UnityEngine.LogType,object)
UnityEngine.Debug:Log (object)
FruitDefense.Editor.SquareTerrainArtSmoke:Run () (at Assets/Editor/Tests/SquareTerrainArtSmoke.cs:86)
FruitDefense.Editor.ProjectSetup:SmokeValidate () (at Assets/Editor/Tools/ProjectSetup.cs:236)
FruitDefense.Editor.P0ValidationSuite:Run () (at Assets/Editor/Tests/P0ValidationSuite.cs:18)

(Filename: Assets/Editor/Tests/SquareTerrainArtSmoke.cs Line: 86)

FRUIT_DEFENSE_LAYERED_MAP_OK fixtures=3
UnityEngine.Debug:ExtractStackTraceNoAlloc (byte*,int,string)
UnityEngine.StackTraceUtility:ExtractStackTrace ()
UnityEngine.DebugLogHandler:Internal_Log (UnityEngine.LogType,UnityEngine.LogOption,string,UnityEngine.Object)
UnityEngine.DebugLogHandler:LogFormat (UnityEngine.LogType,UnityEngine.Object,string,object[])
UnityEngine.Logger:Log (UnityEngine.LogType,object)
UnityEngine.Debug:Log (object)
FruitDefense.Editor.BattlefieldLayeredMapSmoke:Validate () (at Assets/Editor/Tests/BattlefieldLayeredMapSmoke.cs:56)
FruitDefense.Editor.ProjectSetup:SmokeValidate () (at Assets/Editor/Tools/ProjectSetup.cs:242)
FruitDefense.Editor.P0ValidationSuite:Run () (at Assets/Editor/Tests/P0ValidationSuite.cs:18)

(Filename: Assets/Editor/Tests/BattlefieldLayeredMapSmoke.cs Line: 56)

Start importing Assets/Editor/Tests/Fixtures/CanonicalBattlefieldMap/RoundTripSmoke.asset using Guid(fd1864aeb5536f24da3ce7a771137ea3) (NativeFormatImporter) -> (artifact id: 'e0e796c1ecd7372cb460079f430a69b1') in 0.0016984 seconds
Refreshing native plugins compatible for Editor in 0.15 ms, found 0 plugins.
Preloading 0 native plugins for Editor in 0.00 ms.
Asset Pipeline Refresh (id=fa300951b51f23444b29b4574f2a0e3b): Total: 0.011 seconds - Initiated by StopAssetImportingV2(NoUpdateAssetOptions)
Start importing Assets/Editor/Tests/Fixtures/CanonicalBattlefieldMap/RoundTripSmoke.asset using Guid(fd1864aeb5536f24da3ce7a771137ea3) (NativeFormatImporter) -> (artifact id: 'e0e796c1ecd7372cb460079f430a69b1') in 0.0016225 seconds
Refreshing native plugins compatible for Editor in 0.16 ms, found 0 plugins.
Preloading 0 native plugins for Editor in 0.00 ms.
Asset Pipeline Refresh (id=e89560e6888d31b4eba466340cb9b0a8): Total: 0.010 seconds - Initiated by StopAssetImportingV2(NoUpdateAssetOptions)
CANONICAL_BATTLEFIELD_MAP_AUTHORING_SMOKE_OK
UnityEngine.Debug:ExtractStackTraceNoAlloc (byte*,int,string)
UnityEngine.StackTraceUtility:ExtractStackTrace ()
UnityEngine.DebugLogHandler:Internal_Log (UnityEngine.LogType,UnityEngine.LogOption,string,UnityEngine.Object)
UnityEngine.DebugLogHandler:LogFormat (UnityEngine.LogType,UnityEngine.Object,string,object[])
UnityEngine.Logger:Log (UnityEngine.LogType,object)
UnityEngine.Debug:Log (object)
FruitDefense.Editor.CanonicalBattlefieldMapAuthoringSmoke:Validate () (at Assets/Editor/Tests/CanonicalBattlefieldMapAuthoringSmoke.cs:26)
FruitDefense.Editor.ProjectSetup:SmokeValidate () (at Assets/Editor/Tools/ProjectSetup.cs:243)
FruitDefense.Editor.P0ValidationSuite:Run () (at Assets/Editor/Tests/P0ValidationSuite.cs:18)

(Filename: Assets/Editor/Tests/CanonicalBattlefieldMapAuthoringSmoke.cs Line: 26)

Start importing Assets/Editor/Tests/Fixtures/CanonicalBattlefieldMap/EditorOperationsSmoke.asset using Guid(b96a6df669e584148be8256f6384ecee) (NativeFormatImporter) -> (artifact id: 'faaf6af78a9fbd5da4ba0265965427d8') in 0.0021844 seconds
Refreshing native plugins compatible for Editor in 0.18 ms, found 0 plugins.
Preloading 0 native plugins for Editor in 0.00 ms.
Asset Pipeline Refresh (id=8939b878b3971864c9c483b956a1e037): Total: 0.013 seconds - Initiated by StopAssetImportingV2(NoUpdateAssetOptions)
Start importing Assets/Editor/Tests/Fixtures/CanonicalBattlefieldMap/EditorOperationsSmoke.asset using Guid(b96a6df669e584148be8256f6384ecee) (NativeFormatImporter) -> (artifact id: 'faaf6af78a9fbd5da4ba0265965427d8') in 0.0016769 seconds
Refreshing native plugins compatible for Editor in 0.16 ms, found 0 plugins.
Preloading 0 native plugins for Editor in 0.00 ms.
Asset Pipeline Refresh (id=8e1c9464f56b6d14da4d0ea8c7ba7c1d): Total: 0.012 seconds - Initiated by StopAssetImportingV2(NoUpdateAssetOptions)
Start importing Assets/Editor/Tests/Fixtures/CanonicalBattlefieldMap/EditorOperationsSmoke.asset using Guid(b96a6df669e584148be8256f6384ecee) (NativeFormatImporter) -> (artifact id: 'faaf6af78a9fbd5da4ba0265965427d8') in 0.0016522 seconds
Refreshing native plugins compatible for Editor in 0.16 ms, found 0 plugins.
Preloading 0 native plugins for Editor in 0.00 ms.
Asset Pipeline Refresh (id=4be18d7dc5830184ebc36d16471b79b7): Total: 0.011 seconds - Initiated by StopAssetImportingV2(NoUpdateAssetOptions)
Start importing Assets/Editor/Tests/Fixtures/CanonicalBattlefieldMap/EditorOperationsSmoke.asset using Guid(b96a6df669e584148be8256f6384ecee) (NativeFormatImporter) -> (artifact id: 'faaf6af78a9fbd5da4ba0265965427d8') in 0.0018627 seconds
Refreshing native plugins compatible for Editor in 0.16 ms, found 0 plugins.
Preloading 0 native plugins for Editor in 0.00 ms.
Asset Pipeline Refresh (id=3b54774023a590045981e532ef651f7c): Total: 0.011 seconds - Initiated by StopAssetImportingV2(NoUpdateAssetOptions)
Start importing Assets/Editor/Tests/Fixtures/CanonicalBattlefieldMap/EditorOperationsSmoke.asset using Guid(b96a6df669e584148be8256f6384ecee) (NativeFormatImporter) -> (artifact id: 'faaf6af78a9fbd5da4ba0265965427d8') in 0.0015116 seconds
Refreshing native plugins compatible for Editor in 0.16 ms, found 0 plugins.
Preloading 0 native plugins for Editor in 0.00 ms.
Asset Pipeline Refresh (id=8e8edcc70bafb9a4a97c86aafafb404a): Total: 0.010 seconds - Initiated by StopAssetImportingV2(NoUpdateAssetOptions)
Start importing Assets/Editor/Tests/Fixtures/CanonicalBattlefieldMap/EditorOperationsSmoke.asset using Guid(b96a6df669e584148be8256f6384ecee) (NativeFormatImporter) -> (artifact id: 'b85afa424b8192abcf5b881ef91433ec') in 0.0017347 seconds
Refreshing native plugins compatible for Editor in 0.15 ms, found 0 plugins.
Preloading 0 native plugins for Editor in 0.00 ms.
Asset Pipeline Refresh (id=cec1af52778286e4c80b3cb0417fcf15): Total: 0.011 seconds - Initiated by StopAssetImportingV2(NoUpdateAssetOptions)
Asset Pipeline Refresh (id=a8b7b8070a84c784ca58631469e73811): Total: 0.009 seconds - Initiated by RefreshV2(NoUpdateAssetOptions)
Asset Pipeline Refresh (id=5a404da7861c8534a84d1c67dc5d00ff): Total: 0.031 seconds - Initiated by RefreshV2(NoUpdateAssetOptions)
Square contour topology guide generated: Assets/LayeredTerrain/GrassSoil/Square/Topology/SquareContourTopologyGuide.png
UnityEngine.Debug:ExtractStackTraceNoAlloc (byte*,int,string)
UnityEngine.StackTraceUtility:ExtractStackTrace ()
UnityEngine.DebugLogHandler:Internal_Log (UnityEngine.LogType,UnityEngine.LogOption,string,UnityEngine.Object)
UnityEngine.DebugLogHandler:LogFormat (UnityEngine.LogType,UnityEngine.Object,string,object[])
UnityEngine.Logger:Log (UnityEngine.LogType,object)
UnityEngine.Debug:Log (object)
FruitDefense.Editor.SquareTerrainArtGenerator:GenerateTopologyGuide () (at Assets/Editor/Tools/SquareTerrainArtGenerator.cs:42)
FruitDefense.Editor.SquareTerrainArtGenerator:GenerateAvailableSquareAssets () (at Assets/Editor/Tools/SquareTerrainArtGenerator.cs:133)
FruitDefense.Editor.LayeredTerrainArtSetup:EnsurePaletteAssets () (at Assets/Editor/Tools/LayeredTerrainArtSetup.cs:62)
FruitDefense.Editor.CanonicalBattlefieldMapEditorSmoke:LoadCurrentReleasePalette () (at Assets/Editor/Tests/CanonicalBattlefieldMapEditorSmoke.cs:77)
FruitDefense.Editor.CanonicalBattlefieldMapEditorSmoke:ValidateContourPopupAvailability () (at Assets/Editor/Tests/CanonicalBattlefieldMapEditorSmoke.cs:31)
FruitDefense.Editor.CanonicalBattlefieldMapEditorSmoke:Validate () (at Assets/Editor/Tests/CanonicalBattlefieldMapEditorSmoke.cs:24)
FruitDefense.Editor.ProjectSetup:SmokeValidate () (at Assets/Editor/Tools/ProjectSetup.cs:244)
FruitDefense.Editor.P0ValidationSuite:Run () (at Assets/Editor/Tests/P0ValidationSuite.cs:18)

(Filename: Assets/Editor/Tools/SquareTerrainArtGenerator.cs Line: 42)

Asset Pipeline Refresh (id=57b39328b7542e240bfe8d6854f075ba): Total: 0.030 seconds - Initiated by RefreshV2(NoUpdateAssetOptions)
Asset Pipeline Refresh (id=f6976696103926440ad40e8556fb2acd): Total: 0.038 seconds - Initiated by RefreshV2(NoUpdateAssetOptions)
Asset Pipeline Refresh (id=e7c2d11b827b75947b33fb3935b423b3): Total: 0.036 seconds - Initiated by RefreshV2(NoUpdateAssetOptions)
Start importing Assets/LayeredTerrain/GrassSoil/Square/LandformStoneRoad/Mask-07.asset using Guid(b02fd980a2abc6b41974d859a777fb1d) (NativeFormatImporter) -> (artifact id: '09027e8d963d8fd928277d96f7735e27') in 0.0018433 seconds
Start importing Assets/LayeredTerrain/GrassSoil/Square/LandformGrass/Mask-05.asset using Guid(d04330ef8020b8a41b9e4589cb202101) (NativeFormatImporter) -> (artifact id: '4e5972f1b6c2ded32e8e48532b67135b') in 0.0015628 seconds
Start importing Assets/LayeredTerrain/GrassSoil/Square/LandformGrass/Mask-12.asset using Guid(d00b41817e9bc0741ad148ea3e94519a) (NativeFormatImporter) -> (artifact id: '9d0a3a48e4156b96b3c76ca702bf7bff') in 0.0016752 seconds
Start importing Assets/LayeredTerrain/GrassSoil/Square/LandformStoneRoad/Mask-13.asset using Guid(116a8c3b6ac195a4ebb8e3c7a9989ddc) (NativeFormatImporter) -> (artifact id: '871e193410b26687800828802aef7920') in 0.001458 seconds
Start importing Assets/LayeredTerrain/GrassSoil/Square/LandformGrass/Mask-02.asset using Guid(315648227c153724090125e98f4cba15) (NativeFormatImporter) -> (artifact id: 'd08b86b0e86b5ac26e9107766d5008d1') in 0.0013465 seconds
Start importing Assets/LayeredTerrain/GrassSoil/Square/LandformStoneRoad/Mask-11.asset using Guid(519050a0a5a9f5847b095ee0b83437a0) (NativeFormatImporter) -> (artifact id: 'ae100c2ae270a66d81134616e885003c') in 0.0013215 seconds
Start importing Assets/LayeredTerrain/GrassSoil/Square/LandformGrass/Mask-14.asset using Guid(81815b76ad7c06c47bf1bc7b65624ffd) (NativeFormatImporter) -> (artifact id: 'e00c4c5ecbd51682bc3c65bf8d862a23') in 0.0013257 seconds
Start importing Assets/LayeredTerrain/GrassSoil/Square/LandformSoil/Mask-03.asset using Guid(b1c5384b4651e4a4a82d483cc64aae79) (NativeFormatImporter) -> (artifact id: '45c12fb41048b850cd7cb0f3e535436a') in 0.0013143 seconds
Start importing Assets/LayeredTerrain/GrassSoil/Square/LandformGrass/Mask-15.asset using Guid(027119ab30d86a546a5d935d6e9ec608) (NativeFormatImporter) -> (artifact id: '7e821f282e19a2a4d5825e548df9693a') in 0.0012496 seconds
Start importing Assets/LayeredTerrain/GrassSoil/Square/LandformGrass/Mask-00.asset using Guid(13f70a46e499e0146bffd256e7c14483) (NativeFormatImporter) -> (artifact id: '2a9713a59b72231d0d554c49e274b85a') in 0.0013122 seconds
Start importing Assets/LayeredTerrain/GrassSoil/Square/LandformSoil/Mask-00.asset using Guid(8303f71f8469fd7459473d47391ab0b3) (NativeFormatImporter) -> (artifact id: '1442dfc314550b70b27dde3dada60cc7') in 0.00132 seconds
Start importing Assets/LayeredTerrain/GrassSoil/Square/LandformSoil/Mask-01.asset using Guid(d33072ada9e1bb749adcc5938680d51a) (NativeFormatImporter) -> (artifact id: '7a8f58bad24b64f744799cb0b0b9228f') in 0.001318 seconds
Start importing Assets/LayeredTerrain/GrassSoil/Square/LandformStoneRoad/Mask-09.asset using Guid(d30b19c2c64338a4fa9211b305cf65b1) (NativeFormatImporter) -> (artifact id: '59211e6be04f7e5724ec1a1b38221d71') in 0.0013329 seconds
Start importing Assets/LayeredTerrain/GrassSoil/Square/LandformSoil/Mask-13.asset using Guid(548b829df136ae948902efdc96ee70bb) (NativeFormatImporter) -> (artifact id: 'd770f2a72e8453a69c8ff146ee623ca5') in 0.0013446 seconds
Start importing Assets/LayeredTerrain/GrassSoil/Square/LandformStoneRoad/Mask-00.asset using Guid(74d1d4b679c3aec43af1bd30b6c4aea1) (NativeFormatImporter) -> (artifact id: '4c60ffb732228db343f89511449fce3b') in 0.0012189 seconds
Start importing Assets/LayeredTerrain/GrassSoil/Square/LandformGrass/Mask-01.asset using Guid(35cbc7e6bd8f2f84d9c7965779c9b2eb) (NativeFormatImporter) -> (artifact id: '7cd6fe12f157cd0a0b2a210183323c21') in 0.0012362 seconds
Start importing Assets/LayeredTerrain/GrassSoil/Square/LandformGrass/Mask-10.asset using Guid(5728d44dd2630ff40849746ce5d849d7) (NativeFormatImporter) -> (artifact id: '57d0e56c944d10ea9c02adfa74800a28') in 0.0013322 seconds
Start importing Assets/LayeredTerrain/GrassSoil/Square/LandformSoil/Mask-09.asset using Guid(67347eef4df492941b15d16b687e2cb7) (NativeFormatImporter) -> (artifact id: '0b3fee03fb07b35a5fbe9374ec056b4b') in 0.0012811 seconds
Start importing Assets/LayeredTerrain/GrassSoil/Square/LandformGrass/Mask-04.asset using Guid(87737865bdb87ec43864ad3d997d7626) (NativeFormatImporter) -> (artifact id: '83b9f8cc1d095defdc009bd1839b690f') in 0.0012111 seconds
Start importing Assets/LayeredTerrain/GrassSoil/Square/LandformSoil/Mask-02.asset using Guid(87e33da937f65d34fb027eebfd8c1343) (NativeFormatImporter) -> (artifact id: '031756e6cc2b3a5ef2ddcaf8740ee21f') in 0.0012249 seconds
Start importing Assets/LayeredTerrain/GrassSoil/Square/LandformGrass/Mask-08.asset using Guid(b781c12832a4cd84392ab7d35a405505) (NativeFormatImporter) -> (artifact id: 'c734ab3f59a9e28ca19de35691f15a63') in 0.0013719 seconds
Start importing Assets/LayeredTerrain/GrassSoil/Square/LandformStoneRoad/Mask-04.asset using Guid(f70ec30b59552144a97e4da8fea5520c) (NativeFormatImporter) -> (artifact id: '67ab708a109917ddbe110252083911c2') in 0.0014405 seconds
Start importing Assets/LayeredTerrain/GrassSoil/Square/LandformStoneRoad/Mask-05.asset using Guid(08c7afe6a1108a84b9f8ac99c7fa610e) (NativeFormatImporter) -> (artifact id: 'a8026e8f0c10f4b634f0c477d7f79ba5') in 0.0012666 seconds
Start importing Assets/LayeredTerrain/GrassSoil/Square/LandformStoneRoad/Mask-14.asset using Guid(39202684bd500f14184c5131ac46a6dd) (NativeFormatImporter) -> (artifact id: 'b43c0e8abc2951d26427ba0ee51e7ebb') in 0.0015146 seconds
Start importing Assets/LayeredTerrain/GrassSoil/Square/LandformSoil/SoilSquareLandformTileSet.asset using Guid(897d878e9497c6e4d935ea42058d6001) (NativeFormatImporter) -> (artifact id: '17e85a477bcdc5aaf3c7a2ca1f1f5d8e') in 0.0013484 seconds
Start importing Assets/Editor/Tests/Fixtures/CanonicalBattlefieldMap/EditorOperationsSmoke.asset using Guid(b96a6df669e584148be8256f6384ecee) (NativeFormatImporter) -> (artifact id: '1316e254e4e7cbf1b7064f6df82b50c6') in 0.0013274 seconds
Start importing Assets/LayeredTerrain/GrassSoil/Square/LandformStoneRoad/StoneRoadSquareLandformTileSet.asset using Guid(0a6730ef0e26d5b49b9ae3129ee21909) (NativeFormatImporter) -> (artifact id: '48456893df0f467254b3256235820444') in 0.0014738 seconds
Start importing Assets/LayeredTerrain/GrassSoil/Square/LandformStoneRoad/Mask-10.asset using Guid(caa578d738fb0414e820ab1e3541b03f) (NativeFormatImporter) -> (artifact id: 'be4dcdbbc4fe728152242b70b5e9bb78') in 0.0014651 seconds
Start importing Assets/LayeredTerrain/GrassSoil/Square/LandformSoil/Mask-07.asset using Guid(2ce20b5da48d1ae43956c41d22ecd92e) (NativeFormatImporter) -> (artifact id: '7c41af1778c9689fc8cf1f4e4fcccd2c') in 0.0013307 seconds
Start importing Assets/LayeredTerrain/GrassSoil/Square/LandformSoil/Mask-11.asset using Guid(2c6bd62321830da498ea7724ae626857) (NativeFormatImporter) -> (artifact id: 'b1033fab3dddb68d369a244413a84ab3') in 0.0013303 seconds
Start importing Assets/LayeredTerrain/GrassSoil/Square/LandformStoneRoad/Mask-15.asset using Guid(5cbc1f25709453b4a90de7054d0ce9b7) (NativeFormatImporter) -> (artifact id: 'ca75aea14a03badd729ba37b57fc7710') in 0.0015813 seconds
Start importing Assets/LayeredTerrain/GrassSoil/Square/LandformGrass/Mask-09.asset using Guid(8c5fb632240287d48a17621f58d3a651) (NativeFormatImporter) -> (artifact id: '77c6cf5113d6c96189dbf6818d84fd5f') in 0.0012651 seconds
Start importing Assets/LayeredTerrain/GrassSoil/Square/LandformSoil/Mask-12.asset using Guid(bc85f424c35a6c845b2186949136a828) (NativeFormatImporter) -> (artifact id: '08c355397adee775c3834a7a7a0bf465') in 0.0012663 seconds
Start importing Assets/LayeredTerrain/GrassSoil/Square/LandformSoil/Mask-10.asset using Guid(0dfe2c0efe3330c4d9570f0061d459b9) (NativeFormatImporter) -> (artifact id: '88decb540b9e036a0400c2d34dbc707c') in 0.0014236 seconds
Start importing Assets/LayeredTerrain/GrassSoil/Square/LandformGrass/Mask-03.asset using Guid(1db706b3e9547554e9081663c6442ba0) (NativeFormatImporter) -> (artifact id: 'fdfbe87044d88284093ccc42787947e0') in 0.0012854 seconds
Start importing Assets/LayeredTerrain/GrassSoil/Square/LandformStoneRoad/Mask-02.asset using Guid(1d9b71389b4697e4586703b25f185da7) (NativeFormatImporter) -> (artifact id: 'dbb50fa57ab28462356bbd1a8ebab835') in 0.0012564 seconds
Start importing Assets/LayeredTerrain/GrassSoil/Square/LandformSoil/Mask-05.asset using Guid(2de42da45e48f974e9a74a6970e6e643) (NativeFormatImporter) -> (artifact id: '6e739e360d22b33fd378e6acefe9d800') in 0.0012081 seconds
Start importing Assets/LayeredTerrain/GrassSoil/Square/LandformGrass/Mask-11.asset using Guid(5d253dc28016ae64db4653758ac0af88) (NativeFormatImporter) -> (artifact id: '4dbb166b77c04b10385ee89749d834d3') in 0.0012912 seconds
Start importing Assets/LayeredTerrain/GrassSoil/Square/LandformSoil/Mask-04.asset using Guid(5d4806f722710eb40b1cf937cc6498b6) (NativeFormatImporter) -> (artifact id: 'a825e4a02be2364dca6cd5d251c2a1af') in 0.001265 seconds
Start importing Assets/LayeredTerrain/GrassSoil/Square/LandformStoneRoad/Mask-01.asset using Guid(add98a42caf91414387900c1b29b92c6) (NativeFormatImporter) -> (artifact id: 'a1a43dffdd1f7cdd6311169ade464c57') in 0.0013282 seconds
Start importing Assets/LayeredTerrain/GrassSoil/Square/LandformGrass/Mask-06.asset using Guid(cd0f4d7279da9f84caa8c319e7ab29f9) (NativeFormatImporter) -> (artifact id: '52937737c65259daea7bed84aa0a8a04') in 0.001512 seconds
Start importing Assets/LayeredTerrain/GrassSoil/Square/LandformGrass/Mask-07.asset using Guid(4e65cf042fab2c1448282809779edb8a) (NativeFormatImporter) -> (artifact id: '8cc68977b954eb6d618706e748b65e8b') in 0.0013175 seconds
Start importing Assets/LayeredTerrain/GrassSoil/Square/LandformGrass/Mask-13.asset using Guid(7e2014d33d57f294f97dea5ed30b730c) (NativeFormatImporter) -> (artifact id: '93ec9328dc52bc61493ece4ef09f812b') in 0.0012812 seconds
Start importing Assets/LayeredTerrain/GrassSoil/Square/LandformSoil/Mask-14.asset using Guid(ae949dd8d7965fa41b1d3481d8bf8e30) (NativeFormatImporter) -> (artifact id: '13d3e8fadf25938fb6084c9eacdc285d') in 0.0012442 seconds
Start importing Assets/LayeredTerrain/GrassSoil/Square/LandformStoneRoad/Mask-08.asset using Guid(aecab5b9f537b5349adcff0900809717) (NativeFormatImporter) -> (artifact id: '6723e7d6eab214144e2a993643460ee5') in 0.0013386 seconds
Start importing Assets/LayeredTerrain/GrassSoil/Square/LandformSoil/Mask-15.asset using Guid(ce833c44287e15a44945e738038eb1c3) (NativeFormatImporter) -> (artifact id: '7c1ac2f82e318d432012af6c6509f07a') in 0.0013803 seconds
Start importing Assets/LayeredTerrain/GrassSoil/Square/LandformSoil/Mask-08.asset using Guid(ee6f4f16a4085914dbcb15919c60654c) (NativeFormatImporter) -> (artifact id: '2a403aad88716c1a9d6ee321599dc86f') in 0.0012801 seconds
Start importing Assets/LayeredTerrain/GrassSoil/Square/LandformStoneRoad/Mask-12.asset using Guid(2f49f6b2d05a8804097e79c69e515dc3) (NativeFormatImporter) -> (artifact id: '3512849ba8746b3929337e37047f52c2') in 0.0013617 seconds
Start importing Assets/LayeredTerrain/GrassSoil/Square/LandformSoil/Mask-06.asset using Guid(3ff6ff5cd14cc7441a6a84cdde5ff745) (NativeFormatImporter) -> (artifact id: 'c47a955bf9dc32d5bb761f8069ffd421') in 0.0013125 seconds
Start importing Assets/LayeredTerrain/GrassSoil/Square/LandformStoneRoad/Mask-06.asset using Guid(df46002ea561b404889b370e84a77f83) (NativeFormatImporter) -> (artifact id: 'c73fed30de3e790341265e9a3306482c') in 0.0013253 seconds
Start importing Assets/LayeredTerrain/GrassSoil/Square/LandformStoneRoad/Mask-03.asset using Guid(df1e863caf3bc5441a0d4c507b76c311) (NativeFormatImporter) -> (artifact id: 'a9a2fb8e8c6cb1c0cdbe880f9de699ac') in 0.0013277 seconds
Start importing Assets/LayeredTerrain/GrassSoil/Square/LandformGrass/GrassSquareLandformTileSet.asset using Guid(ef399dc10411dd84ab6a276f72e506ea) (NativeFormatImporter) -> (artifact id: '3f3f806b6373e60abb62a5adaf65a9f7') in 0.0015696 seconds
Refreshing native plugins compatible for Editor in 0.17 ms, found 0 plugins.
Preloading 0 native plugins for Editor in 0.00 ms.
Asset Pipeline Refresh (id=3f8a19cbb04e40f49916dc9b6a846c24): Total: 0.097 seconds - Initiated by StopAssetImportingV2(NoUpdateAssetOptions)
Native 256 px square grass, soil and stone-road landforms generated.
UnityEngine.Debug:ExtractStackTraceNoAlloc (byte*,int,string)
UnityEngine.StackTraceUtility:ExtractStackTrace ()
UnityEngine.DebugLogHandler:Internal_Log (UnityEngine.LogType,UnityEngine.LogOption,string,UnityEngine.Object)
UnityEngine.DebugLogHandler:LogFormat (UnityEngine.LogType,UnityEngine.Object,string,object[])
UnityEngine.Logger:Log (UnityEngine.LogType,object)
UnityEngine.Debug:Log (object)
FruitDefense.Editor.SquareTerrainArtGenerator:GenerateDeterministicLandforms () (at Assets/Editor/Tools/SquareTerrainArtGenerator.cs:87)
FruitDefense.Editor.SquareTerrainArtGenerator:GenerateAvailableSquareAssets () (at Assets/Editor/Tools/SquareTerrainArtGenerator.cs:134)
FruitDefense.Editor.LayeredTerrainArtSetup:EnsurePaletteAssets () (at Assets/Editor/Tools/LayeredTerrainArtSetup.cs:62)
FruitDefense.Editor.CanonicalBattlefieldMapEditorSmoke:LoadCurrentReleasePalette () (at Assets/Editor/Tests/CanonicalBattlefieldMapEditorSmoke.cs:77)
FruitDefense.Editor.CanonicalBattlefieldMapEditorSmoke:ValidateContourPopupAvailability () (at Assets/Editor/Tests/CanonicalBattlefieldMapEditorSmoke.cs:31)
FruitDefense.Editor.CanonicalBattlefieldMapEditorSmoke:Validate () (at Assets/Editor/Tests/CanonicalBattlefieldMapEditorSmoke.cs:24)
FruitDefense.Editor.ProjectSetup:SmokeValidate () (at Assets/Editor/Tools/ProjectSetup.cs:244)
FruitDefense.Editor.P0ValidationSuite:Run () (at Assets/Editor/Tests/P0ValidationSuite.cs:18)

(Filename: Assets/Editor/Tools/SquareTerrainArtGenerator.cs Line: 87)

Asset Pipeline Refresh (id=73a16a51598e6d44596e158555aaae92): Total: 0.032 seconds - Initiated by RefreshV2(NoUpdateAssetOptions)
Start importing Assets/LayeredTerrain/GrassSoil/Square/EdgeGrassOnSoilPainted/Mask-15.asset using Guid(a17969b175ec3354c8fe533c48257f94) (NativeFormatImporter) -> (artifact id: '99f211a0ff210a0c86467a3e625714fe') in 0.0019727 seconds
Start importing Assets/LayeredTerrain/GrassSoil/Square/EdgeGrassOnSoilPainted/Mask-04.asset using Guid(e2449efc0c1116648a5b9cbfe33d8e81) (NativeFormatImporter) -> (artifact id: '18145ed9e628d5f8340c44824db6c8be') in 0.001589 seconds
Start importing Assets/LayeredTerrain/GrassSoil/Square/EdgeGrassOnSoilPainted/Mask-14.asset using Guid(4328f421ed4ea34439d6e4e50990e24a) (NativeFormatImporter) -> (artifact id: '6bbe4451c7dca2d4de869403308041cf') in 0.0018704 seconds
Start importing Assets/LayeredTerrain/GrassSoil/Square/EdgeGrassOnSoilPainted/Mask-11.asset using Guid(04aab987cd98a4440b66bb727667d8db) (NativeFormatImporter) -> (artifact id: 'eb6fb6ecd423e575e0946462aa243d66') in 0.0013967 seconds
Start importing Assets/LayeredTerrain/GrassSoil/Square/EdgeGrassOnSoilPainted/Mask-13.asset using Guid(75f61e4d96323eb4e906226b1dd8a16a) (NativeFormatImporter) -> (artifact id: '7952dc870547efbd422b012b46d2b17a') in 0.0014447 seconds
Start importing Assets/LayeredTerrain/GrassSoil/Square/EdgeGrassOnSoilPainted/Mask-08.asset using Guid(062a9acbc752b0342becc47471c8dad4) (NativeFormatImporter) -> (artifact id: 'ee86fce3dc4587f247fc6e398cfff9cd') in 0.0016921 seconds
Start importing Assets/LayeredTerrain/GrassSoil/Square/EdgeGrassOnSoilPainted/Mask-12.asset using Guid(17347530ba5655e4cb59ff249a976ea1) (NativeFormatImporter) -> (artifact id: '27e6bc4eabc1e74cb23636389ffd9263') in 0.0013916 seconds
Start importing Assets/LayeredTerrain/GrassSoil/Square/EdgeGrassOnSoilPainted/Mask-00.asset using Guid(676ca911d7a7bbf408a30856d7cc6990) (NativeFormatImporter) -> (artifact id: '557d3d98682769dd5e96ded56f4299cf') in 0.0012909 seconds
Start importing Assets/LayeredTerrain/GrassSoil/Square/EdgeGrassOnSoilPainted/Mask-10.asset using Guid(e75c1031ec799e0448fd29d3082006b4) (NativeFormatImporter) -> (artifact id: 'c8e41218e8984dd46c91b31d7703de4f') in 0.0017026 seconds
Start importing Assets/LayeredTerrain/GrassSoil/Square/EdgeGrassOnSoilPainted/Mask-09.asset using Guid(a8a7730f3a6dd484198f1b19fed8a24f) (NativeFormatImporter) -> (artifact id: '5597baddb442bf8a928e37d39723d50b') in 0.0013117 seconds
Start importing Assets/LayeredTerrain/GrassSoil/Square/EdgeGrassOnSoilPainted/Mask-07.asset using Guid(f8b2f90201834fa478634d3f30f6af16) (NativeFormatImporter) -> (artifact id: 'a306cb5e617a8648a67a81dc94516e9e') in 0.001332 seconds
Start importing Assets/LayeredTerrain/GrassSoil/Square/EdgeGrassOnSoilPainted/Mask-06.asset using Guid(19882d23e028ac94e8abd02f91624ba8) (NativeFormatImporter) -> (artifact id: '54900e8224e5828f7c6a4f69fec6db72') in 0.0017552 seconds
Start importing Assets/LayeredTerrain/GrassSoil/Square/EdgeGrassOnSoilPainted/Mask-01.asset using Guid(b94d4b2cd03a1b04b83a81974d966227) (NativeFormatImporter) -> (artifact id: '7caf427609fab688c51f9caa2ce6a79f') in 0.0014642 seconds
Start importing Assets/LayeredTerrain/GrassSoil/Square/EdgeGrassOnSoilPainted/Mask-03.asset using Guid(1a4a3cc4af69bbc4aaabde52016c4f95) (NativeFormatImporter) -> (artifact id: 'af45f85c0f45a239757e36be7c184f6c') in 0.0013119 seconds
Start importing Assets/LayeredTerrain/GrassSoil/Square/EdgeGrassOnSoilPainted/Mask-05.asset using Guid(bacdc75efb95eda42aa6803845d196c4) (NativeFormatImporter) -> (artifact id: '6d469253745d86e884993bfadfef01d0') in 0.0018315 seconds
Start importing Assets/LayeredTerrain/GrassSoil/Square/EdgeGrassOnSoilPainted/GrassOnSoilSquarePaintedTileSet.asset using Guid(1b984e39e61f8734d8c54b032e84c3a3) (NativeFormatImporter) -> (artifact id: '612bda68ec02f7c1be620eb4ba627873') in 0.0013946 seconds
Start importing Assets/LayeredTerrain/GrassSoil/Square/EdgeGrassOnSoilPainted/Mask-02.asset using Guid(8d6a7e51f29762f4796204a57546e522) (NativeFormatImporter) -> (artifact id: '504e9a251c8e415c78cba5f93910b005') in 0.0012486 seconds
Refreshing native plugins compatible for Editor in 0.17 ms, found 0 plugins.
Preloading 0 native plugins for Editor in 0.00 ms.
Asset Pipeline Refresh (id=396563ccd79d5684fb47dda14850882b): Total: 0.041 seconds - Initiated by StopAssetImportingV2(NoUpdateAssetOptions)
Accepted ribbon lip profile packaged as a top-down grass feather with base-grass RGB, guide-owned topology and no soil wall or outline.
UnityEngine.Debug:ExtractStackTraceNoAlloc (byte*,int,string)
UnityEngine.StackTraceUtility:ExtractStackTrace ()
UnityEngine.DebugLogHandler:Internal_Log (UnityEngine.LogType,UnityEngine.LogOption,string,UnityEngine.Object)
UnityEngine.DebugLogHandler:LogFormat (UnityEngine.LogType,UnityEngine.Object,string,object[])
UnityEngine.Logger:Log (UnityEngine.LogType,object)
UnityEngine.Debug:Log (object)
FruitDefense.Editor.SquareTerrainArtGenerator:PackageAcceptedGrassOnSoilCandidate () (at Assets/Editor/Tools/SquareTerrainArtGenerator.cs:126)
FruitDefense.Editor.SquareTerrainArtGenerator:GenerateAvailableSquareAssets () (at Assets/Editor/Tools/SquareTerrainArtGenerator.cs:138)
FruitDefense.Editor.LayeredTerrainArtSetup:EnsurePaletteAssets () (at Assets/Editor/Tools/LayeredTerrainArtSetup.cs:62)
FruitDefense.Editor.CanonicalBattlefieldMapEditorSmoke:LoadCurrentReleasePalette () (at Assets/Editor/Tests/CanonicalBattlefieldMapEditorSmoke.cs:77)
FruitDefense.Editor.CanonicalBattlefieldMapEditorSmoke:ValidateContourPopupAvailability () (at Assets/Editor/Tests/CanonicalBattlefieldMapEditorSmoke.cs:31)
FruitDefense.Editor.CanonicalBattlefieldMapEditorSmoke:Validate () (at Assets/Editor/Tests/CanonicalBattlefieldMapEditorSmoke.cs:24)
FruitDefense.Editor.ProjectSetup:SmokeValidate () (at Assets/Editor/Tools/ProjectSetup.cs:244)
FruitDefense.Editor.P0ValidationSuite:Run () (at Assets/Editor/Tests/P0ValidationSuite.cs:18)

(Filename: Assets/Editor/Tools/SquareTerrainArtGenerator.cs Line: 126)

Start importing Assets/LayeredTerrain/GrassSoil/LandformSoil/Mask-07.asset using Guid(40244693c163e6541baff892b129cb00) (NativeFormatImporter) -> (artifact id: 'e65830c68ae7e03467001a0296ab0069') in 0.0021389 seconds
Start importing Assets/LayeredTerrain/GrassSoil/EdgeGrassOnSoilRefined/Mask-07.asset using Guid(418e9fec0ca97b64ab0f4c86dc0fd006) (NativeFormatImporter) -> (artifact id: 'cd9c2cf18fdd38f609098f7d0cc15714') in 0.0015407 seconds
Start importing Assets/LayeredTerrain/CompositeBrushes/OriginalGrassSoil/OriginalGrassSoilReverseLandformTileSet.asset using Guid(813c3f8ce1d51a24093ce2c5ed1547fa) (NativeFormatImporter) -> (artifact id: 'b5291246265ecb7af0dd8a3a19f371a0') in 0.0020685 seconds
Start importing Assets/LayeredTerrain/GrassSoil/Authoring/SoilBase.asset using Guid(a158e7b4dd9e7c448b398f9b22a9f9c2) (NativeFormatImporter) -> (artifact id: '1d93f5ffd6651520cc292a513066cccb') in 0.0014631 seconds
Start importing Assets/LayeredTerrain/GrassSoil/EdgeGrassOnSoilRefined/Mask-05.asset using Guid(f15a3346efbbefb40babba4ef8f6ffa7) (NativeFormatImporter) -> (artifact id: '0325b05872f53d4d8922d91b29b864f9') in 0.001502 seconds
Start importing Assets/LayeredTerrain/GrassSoil/LandformSoil/Mask-04.asset using Guid(f1fab5de0afca5445ba4970fcd52bbbe) (NativeFormatImporter) -> (artifact id: '09085b923c9ce06113de808e0225d25b') in 0.0017357 seconds
Start importing Assets/LayeredTerrain/GrassSoil/EdgeGrassOnSoilRefined/Mask-14.asset using Guid(1292b21714ab41b4197a410a29053ee2) (NativeFormatImporter) -> (artifact id: '113ba810aee874d1280699a85e7183b6') in 0.0015827 seconds
Start importing Assets/LayeredTerrain/GrassSoil/LandformGrass/Mask-08.asset using Guid(52e1998e35a61a047bd24dd910b6bb8c) (NativeFormatImporter) -> (artifact id: '675f77c88e6e0d975abaaae9f510d95d') in 0.0015446 seconds
Start importing Assets/LayeredTerrain/GrassSoil/EdgeGrassOnSoilRefined/Mask-15.asset using Guid(a2ee8cf7722d54542bb6934c3c7acca3) (NativeFormatImporter) -> (artifact id: '6edcf8d7d3f26ee03919cdd607084ab1') in 0.0017057 seconds
Start importing Assets/LayeredTerrain/GrassSoil/EdgeGrassOnSoilRefined/Mask-11.asset using Guid(c29b700cc6f883f4d8d20d2a190eee05) (NativeFormatImporter) -> (artifact id: 'f51c180f858faa73b198142b42927cfc') in 0.0013945 seconds
Start importing Assets/LayeredTerrain/GrassSoil/LandformGrass/Mask-07.asset using Guid(d285b7a144ce1134ba6f4b02b003db14) (NativeFormatImporter) -> (artifact id: '0038d19d51d9c42dea9465db3b105f39') in 0.0016378 seconds
Start importing Assets/LayeredTerrain/GrassSoil/LandformSoil/Mask-01.asset using Guid(030d3f064f313fe4aa4dd2ab0ae33f07) (NativeFormatImporter) -> (artifact id: '3fd5251983b6578fd68bf6bc3bb3b4e3') in 0.0016418 seconds
Start importing Assets/LayeredTerrain/GrassSoil/EdgeGrassOnSoilRefined/Mask-10.asset using Guid(c32eb2f88b196e04f96b1b2b04ea7efe) (NativeFormatImporter) -> (artifact id: '2d01cd9893dc47967ba87373e479eb7e') in 0.001466 seconds
Start importing Assets/LayeredTerrain/GrassSoil/LandformSoil/Mask-13.asset using Guid(04bdecbe02f95ef46986c7056c2b7c3b) (NativeFormatImporter) -> (artifact id: '15f31c02a38b8c10ecc25938dd45d64e') in 0.0014576 seconds
Start importing Assets/LayeredTerrain/GrassSoil/EdgeGrassOnSoilRefined/Mask-00.asset using Guid(e4a3c845026f4254892939518018693f) (NativeFormatImporter) -> (artifact id: '3a031e969e7d12b8ad7d8420c2b35c82') in 0.0017446 seconds
Start importing Assets/LayeredTerrain/GrassSoil/LandformSoil/Mask-03.asset using Guid(15a3542839f831f41a0a24e5e9e2f22c) (NativeFormatImporter) -> (artifact id: '6e77d59b695c8200cb85f17fa75a4b54') in 0.0013919 seconds
Start importing Assets/LayeredTerrain/GrassSoil/LandformSoil/Mask-02.asset using Guid(f587922c248637745a6249f84c52611e) (NativeFormatImporter) -> (artifact id: '75844366cc32f023f1e40453bee8aa54') in 0.0014532 seconds
Start importing Assets/LayeredTerrain/GrassSoil/LandformGrass/Mask-09.asset using Guid(165dc20b52db7d14488b55217f6ac108) (NativeFormatImporter) -> (artifact id: '72e38899c33e0e3ced6ed6d0356b17dc') in 0.0014014 seconds
Start importing Assets/LayeredTerrain/GrassSoil/LandformSoil/Mask-11.asset using Guid(86718e5a68b1dcc47854d71bba5a1c17) (NativeFormatImporter) -> (artifact id: '04f57e67d298deb7839321669f6f5937') in 0.0013144 seconds
Start importing Assets/LayeredTerrain/GrassSoil/EdgeGrassOnSoilRefined/Mask-09.asset using Guid(86c349d56e9db3e4e849d6749cdfbfbe) (NativeFormatImporter) -> (artifact id: 'a3a3937713e26dae2d17075614e230de') in 0.0013231 seconds
Start importing Assets/LayeredTerrain/CompositeBrushes/GrassSoil/GrassSoilReverseLandformTileSet.asset using Guid(17ff6febab517824eb695d29e0459a1f) (NativeFormatImporter) -> (artifact id: '3aac16350dc78571bdc4c034dd153e34') in 0.0017158 seconds
Start importing Assets/LayeredTerrain/GrassSoil/LandformSoil/Mask-09.asset using Guid(478b7d64a48c32541abd22cde03a7210) (NativeFormatImporter) -> (artifact id: 'df61b4f661f9c0aded60f089bd901d4a') in 0.0013413 seconds
Start importing Assets/LayeredTerrain/GrassSoil/LandformSoil/Mask-05.asset using Guid(878e7bb9dfa805f47b4b88fef4623c4b) (NativeFormatImporter) -> (artifact id: '6433cd5ece3fc29e9694b9c40d1cce7b') in 0.0013515 seconds
Start importing Assets/LayeredTerrain/CompositeBrushes/StoneWater/StoneWaterReverseLandformTileSet.asset using Guid(97ffcbb8c3ab6264e80693ccaf0c43de) (NativeFormatImporter) -> (artifact id: '098d79a46ae44df4e4eabca0ead85233') in 0.0015445 seconds
Start importing Assets/LayeredTerrain/GrassSoil/LandformSoil/Mask-14.asset using Guid(a7806afe4f019d445bbf552f9eece05e) (NativeFormatImporter) -> (artifact id: 'e86c3f661d3698b3e540fda453881940') in 0.0014041 seconds
Start importing Assets/LayeredTerrain/GrassSoil/EdgeGrassOnSoilRefined/Mask-13.asset using Guid(a7d1a82699efeae47a6ca0a5bb112ae7) (NativeFormatImporter) -> (artifact id: 'a78e3ab795bab51c2fb8875ea81a3142') in 0.0016431 seconds
Start importing Assets/LayeredTerrain/GrassSoil/EdgeGrassOnSoilRefined/GrassOnSoilRefinedTileSet.asset using Guid(b75665e5083dab441a2805aa7b5e1562) (NativeFormatImporter) -> (artifact id: '9a378045af94549dd04c416ddd049034') in 0.0014854 seconds
Start importing Assets/LayeredTerrain/GrassSoil/LandformGrass/Mask-14.asset using Guid(c7287b8c949516949b483b111ceb39a0) (NativeFormatImporter) -> (artifact id: '742a261e597b802d91fa4c4b50193514') in 0.0013634 seconds
Start importing Assets/LayeredTerrain/GrassSoil/LandformSoil/Mask-00.asset using Guid(88d5b3d83381240419fa7d0a9d6c2c63) (NativeFormatImporter) -> (artifact id: 'ec59939a8b52efe47b329a71ceccb6a9') in 0.001315 seconds
Start importing Assets/LayeredTerrain/GrassSoil/LandformGrass/Mask-13.asset using Guid(e80621ea42744c243ac2ec385c32b338) (NativeFormatImporter) -> (artifact id: 'c073a20a8e0628f7baf4a55a699ae105') in 0.0013261 seconds
Start importing Assets/LayeredTerrain/GrassSoil/LandformGrass/Mask-00.asset using Guid(c92ffc9e81d587840892eb05cf844fbf) (NativeFormatImporter) -> (artifact id: '6de21ee1cddad2dc5dc822438a8f4094') in 0.0014295 seconds
Start importing Assets/LayeredTerrain/GrassSoil/LandformSoil/Mask-08.asset using Guid(d98e1448816e2f443a1e4e6b40e7cc25) (NativeFormatImporter) -> (artifact id: '8c84979613e06175002d882607152e4e') in 0.0013902 seconds
Start importing Assets/LayeredTerrain/GrassSoil/LandformSoil/Mask-15.asset using Guid(e95509ac4ec30484ab37daa221658805) (NativeFormatImporter) -> (artifact id: 'f96248f32c56c962dfe506862d5fb21b') in 0.0014745 seconds
Start importing Assets/LayeredTerrain/GrassSoil/EdgeGrassOnSoilRefined/Mask-06.asset using Guid(e9ac41d989ad93f4ca1a691487107c16) (NativeFormatImporter) -> (artifact id: 'e9daccbac2653977ee343c02f273f598') in 0.0017061 seconds
Start importing Assets/LayeredTerrain/GrassSoil/LandformSoil/Mask-10.asset using Guid(f95d6c7578efacd4cb1f12c63e1d8ff8) (NativeFormatImporter) -> (artifact id: '90d43f8749769d1781298dd6bba5d61f') in 0.0013462 seconds
Start importing Assets/LayeredTerrain/GrassSoil/LandformGrass/Mask-10.asset using Guid(0a64b675a1f765c409b8f9deea1eb208) (NativeFormatImporter) -> (artifact id: '09c03947b8c465db650824308fe637f1') in 0.0015244 seconds
Start importing Assets/LayeredTerrain/GrassSoil/EdgeGrassOnSoilRefined/Mask-12.asset using Guid(3a09b8d94e4515f4fa39c4292c8052a7) (NativeFormatImporter) -> (artifact id: 'af83cf963396621d9d3bad458f6ed2a9') in 0.0019306 seconds
Start importing Assets/LayeredTerrain/GrassSoil/LandformSoil/Mask-06.asset using Guid(4ab46eb735954bf45977209e4a936a01) (NativeFormatImporter) -> (artifact id: '8450f37df15f7709b95c5c346493f1fd') in 0.0013972 seconds
Start importing Assets/LayeredTerrain/GrassSoil/LandformGrass/Mask-15.asset using Guid(7a5208b63b1d6284285e932c3708e65d) (NativeFormatImporter) -> (artifact id: '67ddae65d0c7a750e13eb34b9baf8365') in 0.0013638 seconds
Start importing Assets/LayeredTerrain/GrassSoil/LandformGrass/Mask-05.asset using Guid(3b4a2864fb45c5b4fae56fc1f697bbdd) (NativeFormatImporter) -> (artifact id: 'cf3f476c92289c5b074cb8ea3198ce61') in 0.0014874 seconds
Start importing Assets/LayeredTerrain/GrassSoil/EdgeGrassOnSoilRefined/Mask-08.asset using Guid(9b3d0613b51d86146bf5ea0994b42ddd) (NativeFormatImporter) -> (artifact id: '4e302c1a03e18f66e6c41c139ec180d3') in 0.0013583 seconds
Start importing Assets/LayeredTerrain/GrassSoil/LandformGrass/Mask-11.asset using Guid(bb6bc251a6bbcf54480e7f80f2181f2a) (NativeFormatImporter) -> (artifact id: '857582d6d96bb87d66880447573db021') in 0.0012909 seconds
Start importing Assets/LayeredTerrain/GrassSoil/LandformSoil/Mask-12.asset using Guid(3cfb4949c07b1bf43bc66661515525d7) (NativeFormatImporter) -> (artifact id: '3a6ea6ab140b5d680c9d80d68e71cee7') in 0.0014982 seconds
Start importing Assets/LayeredTerrain/GrassSoil/EdgeGrassOnSoilRefined/Mask-04.asset using Guid(6cca3f06a711ab34992417d66eeec087) (NativeFormatImporter) -> (artifact id: 'be2a2aeb01573b6be77d3a2b070fef25') in 0.0021784 seconds
Start importing Assets/LayeredTerrain/GrassSoil/Authoring/GrassBase.asset using Guid(3d71b1ea4e270714eb43b3b4541cda21) (NativeFormatImporter) -> (artifact id: '3f5ae16e96393bccc7f5f4d3650a3ce6') in 0.0456568 seconds
Start importing Assets/LayeredTerrain/GrassSoil/LandformGrass/Mask-06.asset using Guid(5d15d49b3c156ae479bd995b33107c67) (NativeFormatImporter) -> (artifact id: '05abb2ca9d5f1492af0ec896fb864d4e') in 0.0025365 seconds
Start importing Assets/LayeredTerrain/GrassSoil/LandformGrass/Mask-01.asset using Guid(7d609e3f17078a44f9a89e21b68ae180) (NativeFormatImporter) -> (artifact id: 'a1ebd9002be9baca60bb274969bc4dc2') in 0.0015986 seconds
Start importing Assets/LayeredTerrain/GrassSoil/LandformGrass/Mask-04.asset using Guid(ede22ab8e9b7bcc4da28aa41887e8614) (NativeFormatImporter) -> (artifact id: '42c1c0d805e7b323f147012ab0eb20fb') in 0.0016085 seconds
Start importing Assets/LayeredTerrain/GrassSoil/LandformSoil/SoilLandformTileSet.asset using Guid(3e1155418d0567f44af4b96697c9dd09) (NativeFormatImporter) -> (artifact id: 'df15b8c45196950bc4219bee97aafc82') in 0.0017401 seconds
Start importing Assets/LayeredTerrain/GrassSoil/EdgeGrassOnSoilRefined/Mask-02.asset using Guid(6ef5433501c908740932ed7d05777790) (NativeFormatImporter) -> (artifact id: '25936841c896ee6e32acaadabe2f5ad9') in 0.0014246 seconds
Start importing Assets/LayeredTerrain/GrassSoil/EdgeGrassOnSoilRefined/Mask-01.asset using Guid(8e0671f07975b7c43b734d81c5ff11bc) (NativeFormatImporter) -> (artifact id: 'c6f3c5aa165967eeb465f4156418931b') in 0.0015013 seconds
Start importing Assets/LayeredTerrain/GrassSoil/EdgeGrassOnSoilRefined/Mask-03.asset using Guid(de5135a77f40df84b9a7170011242e63) (NativeFormatImporter) -> (artifact id: 'c4b8007304dbcd55f4ed04fb4957f5a6') in 0.0015475 seconds
Start importing Assets/LayeredTerrain/GrassSoil/LandformGrass/GrassLandformTileSet.asset using Guid(2fc47b69529dfb541a089c835adb5ce8) (NativeFormatImporter) -> (artifact id: '7d9b947ceee84338616124256f8ad829') in 0.0014637 seconds
Start importing Assets/LayeredTerrain/GrassSoil/LandformGrass/Mask-12.asset using Guid(bfcde0f6045b297478b7cca21b2bd212) (NativeFormatImporter) -> (artifact id: 'fcc2d08d622fb7725cf22421d7d46e31') in 0.001377 seconds
Start importing Assets/LayeredTerrain/GrassSoil/LandformGrass/Mask-02.asset using Guid(cfb8b16aec24e064ba3c8b202f110c99) (NativeFormatImporter) -> (artifact id: '918a9e9785ac5cd4f4174f2fe29d6d53') in 0.0014472 seconds
Start importing Assets/LayeredTerrain/GrassSoil/LandformGrass/Mask-03.asset using Guid(cf797356fdd5ba54fb021059b4e0c786) (NativeFormatImporter) -> (artifact id: '297c0fc42e401c9d7fd0a377a3b5b28e') in 0.001332 seconds
Refreshing native plugins compatible for Editor in 0.17 ms, found 0 plugins.
Preloading 0 native plugins for Editor in 0.00 ms.
Asset Pipeline Refresh (id=99832f9cd95a5c845ad83a6caa26736f): Total: 0.161 seconds - Initiated by StopAssetImportingV2(NoUpdateAssetOptions)
Start importing Assets/LayeredTerrain/CompositeBrushes/OriginalGrassSoil/OriginalGrassSoilBrush.asset using Guid(21a71232d6e654e4b8c7960242ff7182) (NativeFormatImporter) -> (artifact id: '3547d87e50bc075e0e2036afaef240e2') in 0.0019049 seconds
Start importing Assets/LayeredTerrain/CompositeBrushes/OriginalGrassSoil/OriginalGrassSoilReverseLandformTileSet.asset using Guid(813c3f8ce1d51a24093ce2c5ed1547fa) (NativeFormatImporter) -> (artifact id: 'b5291246265ecb7af0dd8a3a19f371a0') in 0.0016043 seconds
Refreshing native plugins compatible for Editor in 0.18 ms, found 0 plugins.
Preloading 0 native plugins for Editor in 0.00 ms.
Asset Pipeline Refresh (id=1ca0db0eacf05f348aa246921a3bbc47): Total: 0.014 seconds - Initiated by StopAssetImportingV2(NoUpdateAssetOptions)
Start importing Assets/Battlefield/Terrain/OrchardDefaultTerrainPalette.asset using Guid(8f09d513b82ee0048abd5a50378dbb0c) (NativeFormatImporter) -> (artifact id: 'af117db4ea5f59db66e2603074e05e44') in 0.0017858 seconds
Refreshing native plugins compatible for Editor in 0.16 ms, found 0 plugins.
Preloading 0 native plugins for Editor in 0.00 ms.
Asset Pipeline Refresh (id=255e523eb3ef0d04fb8eb1ef07d3a9f1): Total: 0.011 seconds - Initiated by StopAssetImportingV2(NoUpdateAssetOptions)
Start importing Assets/Battlefield/Terrain/OrchardDefaultTerrainPalette.asset using Guid(8f09d513b82ee0048abd5a50378dbb0c) (NativeFormatImporter) -> (artifact id: 'af117db4ea5f59db66e2603074e05e44') in 0.0018902 seconds
Refreshing native plugins compatible for Editor in 0.17 ms, found 0 plugins.
Preloading 0 native plugins for Editor in 0.00 ms.
Asset Pipeline Refresh (id=b58ad022b0e009e49ad7da7b41693474): Total: 0.012 seconds - Initiated by StopAssetImportingV2(NoUpdateAssetOptions)
Opening scene 'Assets/Scenes/Battle.unity additively'
Loaded scene 'Assets/Scenes/Battle.unity'
	Deserialize:            0.899 ms
	Integration:            0.322 ms
	Integration of assets:  0.001 ms
	Thread Wait Time:       0.004 ms
	Total Operation Time:   1.227 ms
Opening scene 'Assets/Scenes/Battle.unity additively'
Loaded scene 'Assets/Scenes/Battle.unity'
	Deserialize:            0.443 ms
	Integration:            0.084 ms
	Integration of assets:  0.002 ms
	Thread Wait Time:       0.007 ms
	Total Operation Time:   0.536 ms
CANONICAL_BATTLEFIELD_MAP_EDITOR_SMOKE_OK
UnityEngine.Debug:ExtractStackTraceNoAlloc (byte*,int,string)
UnityEngine.StackTraceUtility:ExtractStackTrace ()
UnityEngine.DebugLogHandler:Internal_Log (UnityEngine.LogType,UnityEngine.LogOption,string,UnityEngine.Object)
UnityEngine.DebugLogHandler:LogFormat (UnityEngine.LogType,UnityEngine.Object,string,object[])
UnityEngine.Logger:Log (UnityEngine.LogType,object)
UnityEngine.Debug:Log (object)
FruitDefense.Editor.CanonicalBattlefieldMapEditorSmoke:Validate () (at Assets/Editor/Tests/CanonicalBattlefieldMapEditorSmoke.cs:26)
FruitDefense.Editor.ProjectSetup:SmokeValidate () (at Assets/Editor/Tools/ProjectSetup.cs:244)
FruitDefense.Editor.P0ValidationSuite:Run () (at Assets/Editor/Tests/P0ValidationSuite.cs:18)

(Filename: Assets/Editor/Tests/CanonicalBattlefieldMapEditorSmoke.cs Line: 26)

Asset Pipeline Refresh (id=452448e5433430744a5ada625cfc1fd6): Total: 0.002 seconds - Initiated by StopAssetImportingV2(NoUpdateAssetOptions)
Asset Pipeline Refresh (id=5acf7958ee0986e44bbe35b8abbf1808): Total: 0.012 seconds - Initiated by RefreshV2(NoUpdateAssetOptions)
Opening scene 'Assets/Scenes/Battle.unity additively'
Loaded scene 'Assets/Scenes/Battle.unity'
	Deserialize:            0.451 ms
	Integration:            0.100 ms
	Integration of assets:  0.001 ms
	Thread Wait Time:       0.006 ms
	Total Operation Time:   0.557 ms
Asset Pipeline Refresh (id=3d04c34cc5101b64293da7f392a2c59e): Total: 0.003 seconds - Initiated by StopAssetImportingV2(NoUpdateAssetOptions)
Asset Pipeline Refresh (id=84712a8ef50dd614982295fd4028ae5a): Total: 0.002 seconds - Initiated by RefreshV2(NoUpdateAssetOptions)
Start importing Assets/Editor/Tests/Fixtures/CanonicalBattlefieldMap/GeneratedPublicationSmoke.asset using Guid(713e31fff92cd8f4da51d18f3bfda54f) (NativeFormatImporter) -> (artifact id: '35d746cc444d210dc5388683b8623847') in 0.0018871 seconds
Refreshing native plugins compatible for Editor in 0.17 ms, found 0 plugins.
Preloading 0 native plugins for Editor in 0.00 ms.
Asset Pipeline Refresh (id=b366ba65e20ec5b49a931308c8f3f401): Total: 0.013 seconds - Initiated by StopAssetImportingV2(NoUpdateAssetOptions)
Start importing Assets/Editor/Tests/Fixtures/CanonicalBattlefieldMap/GeneratedPublicationSmoke.asset using Guid(713e31fff92cd8f4da51d18f3bfda54f) (NativeFormatImporter) -> (artifact id: '35d746cc444d210dc5388683b8623847') in 0.0018316 seconds
Refreshing native plugins compatible for Editor in 0.15 ms, found 0 plugins.
Preloading 0 native plugins for Editor in 0.00 ms.
Asset Pipeline Refresh (id=c4c849e61c0eaa04b8e5ca16990a9017): Total: 0.011 seconds - Initiated by StopAssetImportingV2(NoUpdateAssetOptions)
Start importing Assets/Editor/Tests/Fixtures/CanonicalBattlefieldMap/GeneratedPublicationSmoke.asset using Guid(713e31fff92cd8f4da51d18f3bfda54f) (NativeFormatImporter) -> (artifact id: '35d746cc444d210dc5388683b8623847') in 0.002503 seconds
Refreshing native plugins compatible for Editor in 0.17 ms, found 0 plugins.
Preloading 0 native plugins for Editor in 0.00 ms.
Asset Pipeline Refresh (id=8e65583747d63d743b5b4c1597885724): Total: 0.015 seconds - Initiated by StopAssetImportingV2(NoUpdateAssetOptions)
Start importing Assets/Editor/Tests/Fixtures/CanonicalBattlefieldMap/GeneratedPublicationSmoke.asset using Guid(713e31fff92cd8f4da51d18f3bfda54f) (NativeFormatImporter) -> (artifact id: '35d746cc444d210dc5388683b8623847') in 0.0018849 seconds
Refreshing native plugins compatible for Editor in 0.15 ms, found 0 plugins.
Preloading 0 native plugins for Editor in 0.00 ms.
Asset Pipeline Refresh (id=414d0033b1ce9fe48b3f81d2347196c4): Total: 0.011 seconds - Initiated by StopAssetImportingV2(NoUpdateAssetOptions)
Start importing Assets/Editor/Tests/Fixtures/CanonicalBattlefieldMap/GeneratedPublicationSmoke.asset using Guid(713e31fff92cd8f4da51d18f3bfda54f) (NativeFormatImporter) -> (artifact id: '1f8ae0a86af65944c0d7faea7d7425ec') in 0.0017721 seconds
Refreshing native plugins compatible for Editor in 0.19 ms, found 0 plugins.
Preloading 0 native plugins for Editor in 0.00 ms.
Asset Pipeline Refresh (id=9f538765e1cd8884eb6fc2f85e0f8f0c): Total: 0.012 seconds - Initiated by StopAssetImportingV2(NoUpdateAssetOptions)
Start importing Assets/Editor/Tests/Fixtures/CanonicalBattlefieldMap/GeneratedPublicationSmoke.asset using Guid(713e31fff92cd8f4da51d18f3bfda54f) (NativeFormatImporter) -> (artifact id: '1f8ae0a86af65944c0d7faea7d7425ec') in 0.002092 seconds
Refreshing native plugins compatible for Editor in 0.15 ms, found 0 plugins.
Preloading 0 native plugins for Editor in 0.00 ms.
Asset Pipeline Refresh (id=259ab14220eac184a9810823413624f3): Total: 0.011 seconds - Initiated by StopAssetImportingV2(NoUpdateAssetOptions)
Start importing Assets/Editor/Tests/Fixtures/CanonicalBattlefieldMap/GeneratedPublicationSmoke.asset using Guid(713e31fff92cd8f4da51d18f3bfda54f) (NativeFormatImporter) -> (artifact id: '867961fa0024d0796decfafdc6ffb82f') in 0.0018456 seconds
Refreshing native plugins compatible for Editor in 0.16 ms, found 0 plugins.
Preloading 0 native plugins for Editor in 0.00 ms.
Asset Pipeline Refresh (id=c4a0b064a6fc76e4e9bcc755291cf312): Total: 0.011 seconds - Initiated by StopAssetImportingV2(NoUpdateAssetOptions)
Start importing Assets/Editor/Tests/Fixtures/CanonicalBattlefieldMap/GeneratedPublicationSmoke.asset using Guid(713e31fff92cd8f4da51d18f3bfda54f) (NativeFormatImporter) -> (artifact id: '867961fa0024d0796decfafdc6ffb82f') in 0.0017406 seconds
Refreshing native plugins compatible for Editor in 0.16 ms, found 0 plugins.
Preloading 0 native plugins for Editor in 0.00 ms.
Asset Pipeline Refresh (id=86a18a2187dd2204dae13dcc1075cd56): Total: 0.012 seconds - Initiated by StopAssetImportingV2(NoUpdateAssetOptions)
Start importing Assets/Editor/Tests/Fixtures/CanonicalBattlefieldMap/GeneratedPublicationSmoke.asset using Guid(713e31fff92cd8f4da51d18f3bfda54f) (NativeFormatImporter) -> (artifact id: '35d746cc444d210dc5388683b8623847') in 0.0017484 seconds
Refreshing native plugins compatible for Editor in 0.24 ms, found 0 plugins.
Preloading 0 native plugins for Editor in 0.00 ms.
Asset Pipeline Refresh (id=a3600f0360609e948810d6cbd7efad53): Total: 0.012 seconds - Initiated by StopAssetImportingV2(NoUpdateAssetOptions)
Start importing Assets/Editor/Tests/Fixtures/CanonicalBattlefieldMap/GeneratedPublicationSmoke.asset using Guid(713e31fff92cd8f4da51d18f3bfda54f) (NativeFormatImporter) -> (artifact id: '35d746cc444d210dc5388683b8623847') in 0.0016073 seconds
Refreshing native plugins compatible for Editor in 0.17 ms, found 0 plugins.
Preloading 0 native plugins for Editor in 0.00 ms.
Asset Pipeline Refresh (id=a8df8760e91c6d2418d58ed01d7ad4f9): Total: 0.011 seconds - Initiated by StopAssetImportingV2(NoUpdateAssetOptions)
Start importing Assets/Editor/Tests/Fixtures/CanonicalBattlefieldMap/GeneratedPublicationSmoke.asset using Guid(713e31fff92cd8f4da51d18f3bfda54f) (NativeFormatImporter) -> (artifact id: 'c7bb50ff2ffc29e3c985d0d56cd08ce6') in 0.0017169 seconds
Refreshing native plugins compatible for Editor in 0.22 ms, found 0 plugins.
Preloading 0 native plugins for Editor in 0.00 ms.
Asset Pipeline Refresh (id=ee6842547ec2a0d40ab96e8638b52e4e): Total: 0.011 seconds - Initiated by StopAssetImportingV2(NoUpdateAssetOptions)
Start importing Assets/Editor/Tests/Fixtures/CanonicalBattlefieldMap/GeneratedPublicationSmoke.asset using Guid(713e31fff92cd8f4da51d18f3bfda54f) (NativeFormatImporter) -> (artifact id: 'c7bb50ff2ffc29e3c985d0d56cd08ce6') in 0.0015635 seconds
Refreshing native plugins compatible for Editor in 0.15 ms, found 0 plugins.
Preloading 0 native plugins for Editor in 0.00 ms.
Asset Pipeline Refresh (id=5dda3370a65a8ae41bc554ffb0303e3d): Total: 0.010 seconds - Initiated by StopAssetImportingV2(NoUpdateAssetOptions)
Start importing Assets/Editor/Tests/Fixtures/CanonicalBattlefieldMap/GeneratedPublicationSmoke.asset using Guid(713e31fff92cd8f4da51d18f3bfda54f) (NativeFormatImporter) -> (artifact id: 'c7bb50ff2ffc29e3c985d0d56cd08ce6') in 0.001675 seconds
Refreshing native plugins compatible for Editor in 0.19 ms, found 0 plugins.
Preloading 0 native plugins for Editor in 0.00 ms.
Asset Pipeline Refresh (id=1a5cbf73db5ab4d499315eb0e4a49edb): Total: 0.011 seconds - Initiated by StopAssetImportingV2(NoUpdateAssetOptions)
Refreshing native plugins compatible for Editor in 0.20 ms, found 0 plugins.
Preloading 0 native plugins for Editor in 0.00 ms.
Asset Pipeline Refresh (id=c8df7513fdc76f941b9f224aa4965ec0): Total: 0.010 seconds - Initiated by StopAssetImportingV2(NoUpdateAssetOptions)
Asset Pipeline Refresh (id=98ea1b9de43d8bd45aed57e47de418a3): Total: 0.030 seconds - Initiated by RefreshV2(NoUpdateAssetOptions)
CANONICAL_BATTLEFIELD_MAP_PUBLICATION_SMOKE_OK
UnityEngine.Debug:ExtractStackTraceNoAlloc (byte*,int,string)
UnityEngine.StackTraceUtility:ExtractStackTrace ()
UnityEngine.DebugLogHandler:Internal_Log (UnityEngine.LogType,UnityEngine.LogOption,string,UnityEngine.Object)
UnityEngine.DebugLogHandler:LogFormat (UnityEngine.LogType,UnityEngine.Object,string,object[])
UnityEngine.Logger:Log (UnityEngine.LogType,object)
UnityEngine.Debug:Log (object)
FruitDefense.Editor.CanonicalBattlefieldMapPublicationSmoke:Validate () (at Assets/Editor/Tests/CanonicalBattlefieldMapPublicationSmoke.cs:30)
FruitDefense.Editor.ProjectSetup:SmokeValidate () (at Assets/Editor/Tools/ProjectSetup.cs:245)
FruitDefense.Editor.P0ValidationSuite:Run () (at Assets/Editor/Tests/P0ValidationSuite.cs:18)

(Filename: Assets/Editor/Tests/CanonicalBattlefieldMapPublicationSmoke.cs Line: 30)

Asset Pipeline Refresh (id=063de1ab3abdc894a80c321b25aa3f2c): Total: 0.000 seconds - Initiated by StopAssetImportingV2(NoUpdateAssetOptions)
Asset Pipeline Refresh (id=b39736dd28e675c438e896d15a52506c): Total: 0.004 seconds - Initiated by RefreshV2(NoUpdateAssetOptions)
FRUIT_DEFENSE_DUAL_GRID_PIXEL_ALL_PROFILES_OK count=2
UnityEngine.Debug:ExtractStackTraceNoAlloc (byte*,int,string)
UnityEngine.StackTraceUtility:ExtractStackTrace ()
UnityEngine.DebugLogHandler:Internal_Log (UnityEngine.LogType,UnityEngine.LogOption,string,UnityEngine.Object)
UnityEngine.DebugLogHandler:LogFormat (UnityEngine.LogType,UnityEngine.Object,string,object[])
UnityEngine.Logger:Log (UnityEngine.LogType,object)
UnityEngine.Debug:Log (object)
FruitDefense.Editor.DualGridPixelTileSetGenerator:ValidateGeneratedPixelTileSet () (at Assets/Editor/Tools/DualGridPixelTileSetGenerator.cs:346)
FruitDefense.Editor.DualGridTilemapSmoke:Validate () (at Assets/Editor/Tests/DualGridTilemapSmoke.cs:42)
FruitDefense.Editor.ProjectSetup:SmokeValidate () (at Assets/Editor/Tools/ProjectSetup.cs:246)
FruitDefense.Editor.P0ValidationSuite:Run () (at Assets/Editor/Tests/P0ValidationSuite.cs:18)

(Filename: Assets/Editor/Tools/DualGridPixelTileSetGenerator.cs Line: 346)

FRUIT_DEFENSE_DUAL_GRID_PIXEL_WIZARD_SMOKE_OK
UnityEngine.Debug:ExtractStackTraceNoAlloc (byte*,int,string)
UnityEngine.StackTraceUtility:ExtractStackTrace ()
UnityEngine.DebugLogHandler:Internal_Log (UnityEngine.LogType,UnityEngine.LogOption,string,UnityEngine.Object)
UnityEngine.DebugLogHandler:LogFormat (UnityEngine.LogType,UnityEngine.Object,string,object[])
UnityEngine.Logger:Log (UnityEngine.LogType,object)
UnityEngine.Debug:Log (object)
FruitDefense.Editor.DualGridPixelTerrainWizardSmoke:Validate () (at Assets/Editor/Tests/DualGridPixelTerrainWizardSmoke.cs:42)
FruitDefense.Editor.DualGridTilemapSmoke:Validate () (at Assets/Editor/Tests/DualGridTilemapSmoke.cs:43)
FruitDefense.Editor.ProjectSetup:SmokeValidate () (at Assets/Editor/Tools/ProjectSetup.cs:246)
FruitDefense.Editor.P0ValidationSuite:Run () (at Assets/Editor/Tests/P0ValidationSuite.cs:18)

(Filename: Assets/Editor/Tests/DualGridPixelTerrainWizardSmoke.cs Line: 42)

FRUIT_DEFENSE_DUAL_GRID_SMOKE_OK
UnityEngine.Debug:ExtractStackTraceNoAlloc (byte*,int,string)
UnityEngine.StackTraceUtility:ExtractStackTrace ()
UnityEngine.DebugLogHandler:Internal_Log (UnityEngine.LogType,UnityEngine.LogOption,string,UnityEngine.Object)
UnityEngine.DebugLogHandler:LogFormat (UnityEngine.LogType,UnityEngine.Object,string,object[])
UnityEngine.Logger:Log (UnityEngine.LogType,object)
UnityEngine.Debug:Log (object)
FruitDefense.Editor.DualGridTilemapSmoke:Validate () (at Assets/Editor/Tests/DualGridTilemapSmoke.cs:45)
FruitDefense.Editor.ProjectSetup:SmokeValidate () (at Assets/Editor/Tools/ProjectSetup.cs:246)
FruitDefense.Editor.P0ValidationSuite:Run () (at Assets/Editor/Tests/P0ValidationSuite.cs:18)

(Filename: Assets/Editor/Tests/DualGridTilemapSmoke.cs Line: 45)

Asset Pipeline Refresh (id=3ba9bf4f642d0f64793962ce223c01ac): Total: 0.003 seconds - Initiated by RefreshV2(NoUpdateAssetOptions)
Asset Pipeline Refresh (id=dc2373564ddc18c4fbc9ef036cfa5628): Total: 0.039 seconds - Initiated by RefreshV2(NoUpdateAssetOptions)
Square contour topology guide generated: Assets/LayeredTerrain/GrassSoil/Square/Topology/SquareContourTopologyGuide.png
UnityEngine.Debug:ExtractStackTraceNoAlloc (byte*,int,string)
UnityEngine.StackTraceUtility:ExtractStackTrace ()
UnityEngine.DebugLogHandler:Internal_Log (UnityEngine.LogType,UnityEngine.LogOption,string,UnityEngine.Object)
UnityEngine.DebugLogHandler:LogFormat (UnityEngine.LogType,UnityEngine.Object,string,object[])
UnityEngine.Logger:Log (UnityEngine.LogType,object)
UnityEngine.Debug:Log (object)
FruitDefense.Editor.SquareTerrainArtGenerator:GenerateTopologyGuide () (at Assets/Editor/Tools/SquareTerrainArtGenerator.cs:42)
FruitDefense.Editor.SquareTerrainArtGenerator:GenerateAvailableSquareAssets () (at Assets/Editor/Tools/SquareTerrainArtGenerator.cs:133)
FruitDefense.Editor.LayeredTerrainArtSetup:EnsurePaletteAssets () (at Assets/Editor/Tools/LayeredTerrainArtSetup.cs:62)
FruitDefense.Editor.LayeredTerrainTilemapSmoke:Validate () (at Assets/Editor/Tests/LayeredTerrainTilemapSmoke.cs:14)
FruitDefense.Editor.ProjectSetup:SmokeValidate () (at Assets/Editor/Tools/ProjectSetup.cs:247)
FruitDefense.Editor.P0ValidationSuite:Run () (at Assets/Editor/Tests/P0ValidationSuite.cs:18)

(Filename: Assets/Editor/Tools/SquareTerrainArtGenerator.cs Line: 42)

Asset Pipeline Refresh (id=44322dfe1fbc3ee48bc0da143cb4875c): Total: 0.031 seconds - Initiated by RefreshV2(NoUpdateAssetOptions)
Asset Pipeline Refresh (id=3d03055103ab72a43be969831c347d9e): Total: 0.037 seconds - Initiated by RefreshV2(NoUpdateAssetOptions)
Asset Pipeline Refresh (id=8c7f47cad85291541bd6b2fed3130681): Total: 0.033 seconds - Initiated by RefreshV2(NoUpdateAssetOptions)
Start importing Assets/LayeredTerrain/GrassSoil/Square/LandformStoneRoad/Mask-07.asset using Guid(b02fd980a2abc6b41974d859a777fb1d) (NativeFormatImporter) -> (artifact id: '09027e8d963d8fd928277d96f7735e27') in 0.0020376 seconds
Start importing Assets/LayeredTerrain/GrassSoil/Square/LandformGrass/Mask-05.asset using Guid(d04330ef8020b8a41b9e4589cb202101) (NativeFormatImporter) -> (artifact id: '4e5972f1b6c2ded32e8e48532b67135b') in 0.001727 seconds
Start importing Assets/LayeredTerrain/GrassSoil/Square/LandformGrass/Mask-12.asset using Guid(d00b41817e9bc0741ad148ea3e94519a) (NativeFormatImporter) -> (artifact id: '9d0a3a48e4156b96b3c76ca702bf7bff') in 0.0014849 seconds
Start importing Assets/LayeredTerrain/GrassSoil/Square/LandformStoneRoad/Mask-13.asset using Guid(116a8c3b6ac195a4ebb8e3c7a9989ddc) (NativeFormatImporter) -> (artifact id: '871e193410b26687800828802aef7920') in 0.0014712 seconds
Start importing Assets/LayeredTerrain/GrassSoil/Square/LandformGrass/Mask-02.asset using Guid(315648227c153724090125e98f4cba15) (NativeFormatImporter) -> (artifact id: 'd08b86b0e86b5ac26e9107766d5008d1') in 0.0014064 seconds
Start importing Assets/LayeredTerrain/GrassSoil/Square/LandformStoneRoad/Mask-11.asset using Guid(519050a0a5a9f5847b095ee0b83437a0) (NativeFormatImporter) -> (artifact id: 'ae100c2ae270a66d81134616e885003c') in 0.0015489 seconds
Start importing Assets/LayeredTerrain/GrassSoil/Square/LandformGrass/Mask-14.asset using Guid(81815b76ad7c06c47bf1bc7b65624ffd) (NativeFormatImporter) -> (artifact id: 'e00c4c5ecbd51682bc3c65bf8d862a23') in 0.0016033 seconds
Start importing Assets/LayeredTerrain/GrassSoil/Square/LandformSoil/Mask-03.asset using Guid(b1c5384b4651e4a4a82d483cc64aae79) (NativeFormatImporter) -> (artifact id: '45c12fb41048b850cd7cb0f3e535436a') in 0.0013948 seconds
Start importing Assets/LayeredTerrain/GrassSoil/Square/LandformGrass/Mask-15.asset using Guid(027119ab30d86a546a5d935d6e9ec608) (NativeFormatImporter) -> (artifact id: '7e821f282e19a2a4d5825e548df9693a') in 0.0012971 seconds
Start importing Assets/LayeredTerrain/GrassSoil/Square/LandformGrass/Mask-00.asset using Guid(13f70a46e499e0146bffd256e7c14483) (NativeFormatImporter) -> (artifact id: '2a9713a59b72231d0d554c49e274b85a') in 0.0012837 seconds
Start importing Assets/LayeredTerrain/GrassSoil/Square/LandformSoil/Mask-00.asset using Guid(8303f71f8469fd7459473d47391ab0b3) (NativeFormatImporter) -> (artifact id: '1442dfc314550b70b27dde3dada60cc7') in 0.0015592 seconds
Start importing Assets/LayeredTerrain/GrassSoil/Square/LandformSoil/Mask-01.asset using Guid(d33072ada9e1bb749adcc5938680d51a) (NativeFormatImporter) -> (artifact id: '7a8f58bad24b64f744799cb0b0b9228f') in 0.0013535 seconds
Start importing Assets/LayeredTerrain/GrassSoil/Square/LandformStoneRoad/Mask-09.asset using Guid(d30b19c2c64338a4fa9211b305cf65b1) (NativeFormatImporter) -> (artifact id: '59211e6be04f7e5724ec1a1b38221d71') in 0.0013394 seconds
Start importing Assets/LayeredTerrain/GrassSoil/Square/LandformSoil/Mask-13.asset using Guid(548b829df136ae948902efdc96ee70bb) (NativeFormatImporter) -> (artifact id: 'd770f2a72e8453a69c8ff146ee623ca5') in 0.001546 seconds
Start importing Assets/LayeredTerrain/GrassSoil/Square/LandformStoneRoad/Mask-00.asset using Guid(74d1d4b679c3aec43af1bd30b6c4aea1) (NativeFormatImporter) -> (artifact id: '4c60ffb732228db343f89511449fce3b') in 0.0013348 seconds
Start importing Assets/LayeredTerrain/GrassSoil/Square/LandformGrass/Mask-01.asset using Guid(35cbc7e6bd8f2f84d9c7965779c9b2eb) (NativeFormatImporter) -> (artifact id: '7cd6fe12f157cd0a0b2a210183323c21') in 0.0013205 seconds
Start importing Assets/LayeredTerrain/GrassSoil/Square/LandformGrass/Mask-10.asset using Guid(5728d44dd2630ff40849746ce5d849d7) (NativeFormatImporter) -> (artifact id: '57d0e56c944d10ea9c02adfa74800a28') in 0.0013739 seconds
Start importing Assets/LayeredTerrain/GrassSoil/Square/LandformSoil/Mask-09.asset using Guid(67347eef4df492941b15d16b687e2cb7) (NativeFormatImporter) -> (artifact id: '0b3fee03fb07b35a5fbe9374ec056b4b') in 0.0013887 seconds
Start importing Assets/LayeredTerrain/GrassSoil/Square/LandformGrass/Mask-04.asset using Guid(87737865bdb87ec43864ad3d997d7626) (NativeFormatImporter) -> (artifact id: '83b9f8cc1d095defdc009bd1839b690f') in 0.0012944 seconds
Start importing Assets/LayeredTerrain/GrassSoil/Square/LandformSoil/Mask-02.asset using Guid(87e33da937f65d34fb027eebfd8c1343) (NativeFormatImporter) -> (artifact id: '031756e6cc2b3a5ef2ddcaf8740ee21f') in 0.0012409 seconds
Start importing Assets/LayeredTerrain/GrassSoil/Square/LandformGrass/Mask-08.asset using Guid(b781c12832a4cd84392ab7d35a405505) (NativeFormatImporter) -> (artifact id: 'c734ab3f59a9e28ca19de35691f15a63') in 0.0014153 seconds
Start importing Assets/LayeredTerrain/GrassSoil/Square/LandformStoneRoad/Mask-04.asset using Guid(f70ec30b59552144a97e4da8fea5520c) (NativeFormatImporter) -> (artifact id: '67ab708a109917ddbe110252083911c2') in 0.0019588 seconds
Start importing Assets/LayeredTerrain/GrassSoil/Square/LandformStoneRoad/Mask-05.asset using Guid(08c7afe6a1108a84b9f8ac99c7fa610e) (NativeFormatImporter) -> (artifact id: 'a8026e8f0c10f4b634f0c477d7f79ba5') in 0.0013065 seconds
Start importing Assets/LayeredTerrain/GrassSoil/Square/LandformStoneRoad/Mask-14.asset using Guid(39202684bd500f14184c5131ac46a6dd) (NativeFormatImporter) -> (artifact id: 'b43c0e8abc2951d26427ba0ee51e7ebb') in 0.0013906 seconds
Start importing Assets/LayeredTerrain/GrassSoil/Square/LandformSoil/SoilSquareLandformTileSet.asset using Guid(897d878e9497c6e4d935ea42058d6001) (NativeFormatImporter) -> (artifact id: '17e85a477bcdc5aaf3c7a2ca1f1f5d8e') in 0.001717 seconds
Start importing Assets/LayeredTerrain/GrassSoil/Square/LandformStoneRoad/StoneRoadSquareLandformTileSet.asset using Guid(0a6730ef0e26d5b49b9ae3129ee21909) (NativeFormatImporter) -> (artifact id: '48456893df0f467254b3256235820444') in 0.0013819 seconds
Start importing Assets/LayeredTerrain/GrassSoil/Square/LandformStoneRoad/Mask-10.asset using Guid(caa578d738fb0414e820ab1e3541b03f) (NativeFormatImporter) -> (artifact id: 'be4dcdbbc4fe728152242b70b5e9bb78') in 0.0013653 seconds
Start importing Assets/LayeredTerrain/GrassSoil/Square/LandformSoil/Mask-07.asset using Guid(2ce20b5da48d1ae43956c41d22ecd92e) (NativeFormatImporter) -> (artifact id: '7c41af1778c9689fc8cf1f4e4fcccd2c') in 0.0013714 seconds
Start importing Assets/LayeredTerrain/GrassSoil/Square/LandformSoil/Mask-11.asset using Guid(2c6bd62321830da498ea7724ae626857) (NativeFormatImporter) -> (artifact id: 'b1033fab3dddb68d369a244413a84ab3') in 0.0015126 seconds
Start importing Assets/LayeredTerrain/GrassSoil/Square/LandformStoneRoad/Mask-15.asset using Guid(5cbc1f25709453b4a90de7054d0ce9b7) (NativeFormatImporter) -> (artifact id: 'ca75aea14a03badd729ba37b57fc7710') in 0.0012681 seconds
Start importing Assets/LayeredTerrain/GrassSoil/Square/LandformGrass/Mask-09.asset using Guid(8c5fb632240287d48a17621f58d3a651) (NativeFormatImporter) -> (artifact id: '77c6cf5113d6c96189dbf6818d84fd5f') in 0.0015029 seconds
Start importing Assets/LayeredTerrain/GrassSoil/Square/LandformSoil/Mask-12.asset using Guid(bc85f424c35a6c845b2186949136a828) (NativeFormatImporter) -> (artifact id: '08c355397adee775c3834a7a7a0bf465') in 0.0013309 seconds
Start importing Assets/LayeredTerrain/GrassSoil/Square/LandformSoil/Mask-10.asset using Guid(0dfe2c0efe3330c4d9570f0061d459b9) (NativeFormatImporter) -> (artifact id: '88decb540b9e036a0400c2d34dbc707c') in 0.0012668 seconds
Start importing Assets/LayeredTerrain/GrassSoil/Square/LandformGrass/Mask-03.asset using Guid(1db706b3e9547554e9081663c6442ba0) (NativeFormatImporter) -> (artifact id: 'fdfbe87044d88284093ccc42787947e0') in 0.0014481 seconds
Start importing Assets/LayeredTerrain/GrassSoil/Square/LandformStoneRoad/Mask-02.asset using Guid(1d9b71389b4697e4586703b25f185da7) (NativeFormatImporter) -> (artifact id: 'dbb50fa57ab28462356bbd1a8ebab835') in 0.0013123 seconds
Start importing Assets/LayeredTerrain/GrassSoil/Square/LandformSoil/Mask-05.asset using Guid(2de42da45e48f974e9a74a6970e6e643) (NativeFormatImporter) -> (artifact id: '6e739e360d22b33fd378e6acefe9d800') in 0.0015587 seconds
Start importing Assets/LayeredTerrain/GrassSoil/Square/LandformGrass/Mask-11.asset using Guid(5d253dc28016ae64db4653758ac0af88) (NativeFormatImporter) -> (artifact id: '4dbb166b77c04b10385ee89749d834d3') in 0.0013959 seconds
Start importing Assets/LayeredTerrain/GrassSoil/Square/LandformSoil/Mask-04.asset using Guid(5d4806f722710eb40b1cf937cc6498b6) (NativeFormatImporter) -> (artifact id: 'a825e4a02be2364dca6cd5d251c2a1af') in 0.0016373 seconds
Start importing Assets/LayeredTerrain/GrassSoil/Square/LandformStoneRoad/Mask-01.asset using Guid(add98a42caf91414387900c1b29b92c6) (NativeFormatImporter) -> (artifact id: 'a1a43dffdd1f7cdd6311169ade464c57') in 0.0013811 seconds
Start importing Assets/LayeredTerrain/GrassSoil/Square/LandformGrass/Mask-06.asset using Guid(cd0f4d7279da9f84caa8c319e7ab29f9) (NativeFormatImporter) -> (artifact id: '52937737c65259daea7bed84aa0a8a04') in 0.0013928 seconds
Start importing Assets/LayeredTerrain/GrassSoil/Square/LandformGrass/Mask-07.asset using Guid(4e65cf042fab2c1448282809779edb8a) (NativeFormatImporter) -> (artifact id: '8cc68977b954eb6d618706e748b65e8b') in 0.0014597 seconds
Start importing Assets/LayeredTerrain/GrassSoil/Square/LandformGrass/Mask-13.asset using Guid(7e2014d33d57f294f97dea5ed30b730c) (NativeFormatImporter) -> (artifact id: '93ec9328dc52bc61493ece4ef09f812b') in 0.0013363 seconds
Start importing Assets/LayeredTerrain/GrassSoil/Square/LandformSoil/Mask-14.asset using Guid(ae949dd8d7965fa41b1d3481d8bf8e30) (NativeFormatImporter) -> (artifact id: '13d3e8fadf25938fb6084c9eacdc285d') in 0.0014352 seconds
Start importing Assets/LayeredTerrain/GrassSoil/Square/LandformStoneRoad/Mask-08.asset using Guid(aecab5b9f537b5349adcff0900809717) (NativeFormatImporter) -> (artifact id: '6723e7d6eab214144e2a993643460ee5') in 0.0014988 seconds
Start importing Assets/LayeredTerrain/GrassSoil/Square/LandformSoil/Mask-15.asset using Guid(ce833c44287e15a44945e738038eb1c3) (NativeFormatImporter) -> (artifact id: '7c1ac2f82e318d432012af6c6509f07a') in 0.0013097 seconds
Start importing Assets/LayeredTerrain/GrassSoil/Square/LandformSoil/Mask-08.asset using Guid(ee6f4f16a4085914dbcb15919c60654c) (NativeFormatImporter) -> (artifact id: '2a403aad88716c1a9d6ee321599dc86f') in 0.0012798 seconds
Start importing Assets/LayeredTerrain/GrassSoil/Square/LandformStoneRoad/Mask-12.asset using Guid(2f49f6b2d05a8804097e79c69e515dc3) (NativeFormatImporter) -> (artifact id: '3512849ba8746b3929337e37047f52c2') in 0.0027069 seconds
Start importing Assets/LayeredTerrain/GrassSoil/Square/LandformSoil/Mask-06.asset using Guid(3ff6ff5cd14cc7441a6a84cdde5ff745) (NativeFormatImporter) -> (artifact id: 'c47a955bf9dc32d5bb761f8069ffd421') in 0.001304 seconds
Start importing Assets/LayeredTerrain/GrassSoil/Square/LandformStoneRoad/Mask-06.asset using Guid(df46002ea561b404889b370e84a77f83) (NativeFormatImporter) -> (artifact id: 'c73fed30de3e790341265e9a3306482c') in 0.001313 seconds
Start importing Assets/LayeredTerrain/GrassSoil/Square/LandformStoneRoad/Mask-03.asset using Guid(df1e863caf3bc5441a0d4c507b76c311) (NativeFormatImporter) -> (artifact id: 'a9a2fb8e8c6cb1c0cdbe880f9de699ac') in 0.0017936 seconds
Start importing Assets/LayeredTerrain/GrassSoil/Square/LandformGrass/GrassSquareLandformTileSet.asset using Guid(ef399dc10411dd84ab6a276f72e506ea) (NativeFormatImporter) -> (artifact id: '3f3f806b6373e60abb62a5adaf65a9f7') in 0.0016297 seconds
Refreshing native plugins compatible for Editor in 0.25 ms, found 0 plugins.
Preloading 0 native plugins for Editor in 0.00 ms.
Asset Pipeline Refresh (id=086c8e778cd6fd84ba2c06683f5540a9): Total: 0.102 seconds - Initiated by StopAssetImportingV2(NoUpdateAssetOptions)
Native 256 px square grass, soil and stone-road landforms generated.
UnityEngine.Debug:ExtractStackTraceNoAlloc (byte*,int,string)
UnityEngine.StackTraceUtility:ExtractStackTrace ()
UnityEngine.DebugLogHandler:Internal_Log (UnityEngine.LogType,UnityEngine.LogOption,string,UnityEngine.Object)
UnityEngine.DebugLogHandler:LogFormat (UnityEngine.LogType,UnityEngine.Object,string,object[])
UnityEngine.Logger:Log (UnityEngine.LogType,object)
UnityEngine.Debug:Log (object)
FruitDefense.Editor.SquareTerrainArtGenerator:GenerateDeterministicLandforms () (at Assets/Editor/Tools/SquareTerrainArtGenerator.cs:87)
FruitDefense.Editor.SquareTerrainArtGenerator:GenerateAvailableSquareAssets () (at Assets/Editor/Tools/SquareTerrainArtGenerator.cs:134)
FruitDefense.Editor.LayeredTerrainArtSetup:EnsurePaletteAssets () (at Assets/Editor/Tools/LayeredTerrainArtSetup.cs:62)
FruitDefense.Editor.LayeredTerrainTilemapSmoke:Validate () (at Assets/Editor/Tests/LayeredTerrainTilemapSmoke.cs:14)
FruitDefense.Editor.ProjectSetup:SmokeValidate () (at Assets/Editor/Tools/ProjectSetup.cs:247)
FruitDefense.Editor.P0ValidationSuite:Run () (at Assets/Editor/Tests/P0ValidationSuite.cs:18)

(Filename: Assets/Editor/Tools/SquareTerrainArtGenerator.cs Line: 87)

Asset Pipeline Refresh (id=d85d2f586e8aca04a98b3cb88e236ca0): Total: 0.030 seconds - Initiated by RefreshV2(NoUpdateAssetOptions)
Start importing Assets/LayeredTerrain/GrassSoil/Square/EdgeGrassOnSoilPainted/Mask-15.asset using Guid(a17969b175ec3354c8fe533c48257f94) (NativeFormatImporter) -> (artifact id: '99f211a0ff210a0c86467a3e625714fe') in 0.0018309 seconds
Start importing Assets/LayeredTerrain/GrassSoil/Square/EdgeGrassOnSoilPainted/Mask-04.asset using Guid(e2449efc0c1116648a5b9cbfe33d8e81) (NativeFormatImporter) -> (artifact id: '18145ed9e628d5f8340c44824db6c8be') in 0.0014844 seconds
Start importing Assets/LayeredTerrain/GrassSoil/Square/EdgeGrassOnSoilPainted/Mask-14.asset using Guid(4328f421ed4ea34439d6e4e50990e24a) (NativeFormatImporter) -> (artifact id: '6bbe4451c7dca2d4de869403308041cf') in 0.0015029 seconds
Start importing Assets/LayeredTerrain/GrassSoil/Square/EdgeGrassOnSoilPainted/Mask-11.asset using Guid(04aab987cd98a4440b66bb727667d8db) (NativeFormatImporter) -> (artifact id: 'eb6fb6ecd423e575e0946462aa243d66') in 0.0013047 seconds
Start importing Assets/LayeredTerrain/GrassSoil/Square/EdgeGrassOnSoilPainted/Mask-13.asset using Guid(75f61e4d96323eb4e906226b1dd8a16a) (NativeFormatImporter) -> (artifact id: '7952dc870547efbd422b012b46d2b17a') in 0.0012713 seconds
Start importing Assets/LayeredTerrain/GrassSoil/Square/EdgeGrassOnSoilPainted/Mask-08.asset using Guid(062a9acbc752b0342becc47471c8dad4) (NativeFormatImporter) -> (artifact id: 'ee86fce3dc4587f247fc6e398cfff9cd') in 0.0013673 seconds
Start importing Assets/LayeredTerrain/GrassSoil/Square/EdgeGrassOnSoilPainted/Mask-12.asset using Guid(17347530ba5655e4cb59ff249a976ea1) (NativeFormatImporter) -> (artifact id: '27e6bc4eabc1e74cb23636389ffd9263') in 0.0012968 seconds
Start importing Assets/LayeredTerrain/GrassSoil/Square/EdgeGrassOnSoilPainted/Mask-00.asset using Guid(676ca911d7a7bbf408a30856d7cc6990) (NativeFormatImporter) -> (artifact id: '557d3d98682769dd5e96ded56f4299cf') in 0.0012891 seconds
Start importing Assets/LayeredTerrain/GrassSoil/Square/EdgeGrassOnSoilPainted/Mask-10.asset using Guid(e75c1031ec799e0448fd29d3082006b4) (NativeFormatImporter) -> (artifact id: 'c8e41218e8984dd46c91b31d7703de4f') in 0.0012717 seconds
Start importing Assets/LayeredTerrain/GrassSoil/Square/EdgeGrassOnSoilPainted/Mask-09.asset using Guid(a8a7730f3a6dd484198f1b19fed8a24f) (NativeFormatImporter) -> (artifact id: '5597baddb442bf8a928e37d39723d50b') in 0.0013267 seconds
Start importing Assets/LayeredTerrain/GrassSoil/Square/EdgeGrassOnSoilPainted/Mask-07.asset using Guid(f8b2f90201834fa478634d3f30f6af16) (NativeFormatImporter) -> (artifact id: 'a306cb5e617a8648a67a81dc94516e9e') in 0.0013612 seconds
Start importing Assets/LayeredTerrain/GrassSoil/Square/EdgeGrassOnSoilPainted/Mask-06.asset using Guid(19882d23e028ac94e8abd02f91624ba8) (NativeFormatImporter) -> (artifact id: '54900e8224e5828f7c6a4f69fec6db72') in 0.0012678 seconds
Start importing Assets/LayeredTerrain/GrassSoil/Square/EdgeGrassOnSoilPainted/Mask-01.asset using Guid(b94d4b2cd03a1b04b83a81974d966227) (NativeFormatImporter) -> (artifact id: '7caf427609fab688c51f9caa2ce6a79f') in 0.0013299 seconds
Start importing Assets/LayeredTerrain/GrassSoil/Square/EdgeGrassOnSoilPainted/Mask-03.asset using Guid(1a4a3cc4af69bbc4aaabde52016c4f95) (NativeFormatImporter) -> (artifact id: 'af45f85c0f45a239757e36be7c184f6c') in 0.0013173 seconds
Start importing Assets/LayeredTerrain/GrassSoil/Square/EdgeGrassOnSoilPainted/Mask-05.asset using Guid(bacdc75efb95eda42aa6803845d196c4) (NativeFormatImporter) -> (artifact id: '6d469253745d86e884993bfadfef01d0') in 0.0012947 seconds
Start importing Assets/LayeredTerrain/GrassSoil/Square/EdgeGrassOnSoilPainted/GrassOnSoilSquarePaintedTileSet.asset using Guid(1b984e39e61f8734d8c54b032e84c3a3) (NativeFormatImporter) -> (artifact id: '612bda68ec02f7c1be620eb4ba627873') in 0.0013734 seconds
Start importing Assets/LayeredTerrain/GrassSoil/Square/EdgeGrassOnSoilPainted/Mask-02.asset using Guid(8d6a7e51f29762f4796204a57546e522) (NativeFormatImporter) -> (artifact id: '504e9a251c8e415c78cba5f93910b005') in 0.0012998 seconds
Refreshing native plugins compatible for Editor in 0.16 ms, found 0 plugins.
Preloading 0 native plugins for Editor in 0.00 ms.
Asset Pipeline Refresh (id=cc5acf5b64cbffe4b81fd3f9a084b24b): Total: 0.038 seconds - Initiated by StopAssetImportingV2(NoUpdateAssetOptions)
Accepted ribbon lip profile packaged as a top-down grass feather with base-grass RGB, guide-owned topology and no soil wall or outline.
UnityEngine.Debug:ExtractStackTraceNoAlloc (byte*,int,string)
UnityEngine.StackTraceUtility:ExtractStackTrace ()
UnityEngine.DebugLogHandler:Internal_Log (UnityEngine.LogType,UnityEngine.LogOption,string,UnityEngine.Object)
UnityEngine.DebugLogHandler:LogFormat (UnityEngine.LogType,UnityEngine.Object,string,object[])
UnityEngine.Logger:Log (UnityEngine.LogType,object)
UnityEngine.Debug:Log (object)
FruitDefense.Editor.SquareTerrainArtGenerator:PackageAcceptedGrassOnSoilCandidate () (at Assets/Editor/Tools/SquareTerrainArtGenerator.cs:126)
FruitDefense.Editor.SquareTerrainArtGenerator:GenerateAvailableSquareAssets () (at Assets/Editor/Tools/SquareTerrainArtGenerator.cs:138)
FruitDefense.Editor.LayeredTerrainArtSetup:EnsurePaletteAssets () (at Assets/Editor/Tools/LayeredTerrainArtSetup.cs:62)
FruitDefense.Editor.LayeredTerrainTilemapSmoke:Validate () (at Assets/Editor/Tests/LayeredTerrainTilemapSmoke.cs:14)
FruitDefense.Editor.ProjectSetup:SmokeValidate () (at Assets/Editor/Tools/ProjectSetup.cs:247)
FruitDefense.Editor.P0ValidationSuite:Run () (at Assets/Editor/Tests/P0ValidationSuite.cs:18)

(Filename: Assets/Editor/Tools/SquareTerrainArtGenerator.cs Line: 126)

Start importing Assets/LayeredTerrain/GrassSoil/LandformSoil/Mask-07.asset using Guid(40244693c163e6541baff892b129cb00) (NativeFormatImporter) -> (artifact id: 'e65830c68ae7e03467001a0296ab0069') in 0.0023992 seconds
Start importing Assets/LayeredTerrain/GrassSoil/EdgeGrassOnSoilRefined/Mask-07.asset using Guid(418e9fec0ca97b64ab0f4c86dc0fd006) (NativeFormatImporter) -> (artifact id: 'cd9c2cf18fdd38f609098f7d0cc15714') in 0.0019289 seconds
Start importing Assets/LayeredTerrain/CompositeBrushes/OriginalGrassSoil/OriginalGrassSoilReverseLandformTileSet.asset using Guid(813c3f8ce1d51a24093ce2c5ed1547fa) (NativeFormatImporter) -> (artifact id: 'b5291246265ecb7af0dd8a3a19f371a0') in 0.0016016 seconds
Start importing Assets/LayeredTerrain/GrassSoil/Authoring/SoilBase.asset using Guid(a158e7b4dd9e7c448b398f9b22a9f9c2) (NativeFormatImporter) -> (artifact id: '1d93f5ffd6651520cc292a513066cccb') in 0.001677 seconds
Start importing Assets/LayeredTerrain/GrassSoil/EdgeGrassOnSoilRefined/Mask-05.asset using Guid(f15a3346efbbefb40babba4ef8f6ffa7) (NativeFormatImporter) -> (artifact id: '0325b05872f53d4d8922d91b29b864f9') in 0.001388 seconds
Start importing Assets/LayeredTerrain/GrassSoil/LandformSoil/Mask-04.asset using Guid(f1fab5de0afca5445ba4970fcd52bbbe) (NativeFormatImporter) -> (artifact id: '09085b923c9ce06113de808e0225d25b') in 0.0013365 seconds
Start importing Assets/LayeredTerrain/GrassSoil/EdgeGrassOnSoilRefined/Mask-14.asset using Guid(1292b21714ab41b4197a410a29053ee2) (NativeFormatImporter) -> (artifact id: '113ba810aee874d1280699a85e7183b6') in 0.0014038 seconds
Start importing Assets/LayeredTerrain/GrassSoil/LandformGrass/Mask-08.asset using Guid(52e1998e35a61a047bd24dd910b6bb8c) (NativeFormatImporter) -> (artifact id: '675f77c88e6e0d975abaaae9f510d95d') in 0.0017525 seconds
Start importing Assets/LayeredTerrain/GrassSoil/EdgeGrassOnSoilRefined/Mask-15.asset using Guid(a2ee8cf7722d54542bb6934c3c7acca3) (NativeFormatImporter) -> (artifact id: '6edcf8d7d3f26ee03919cdd607084ab1') in 0.0015122 seconds
Start importing Assets/LayeredTerrain/GrassSoil/EdgeGrassOnSoilRefined/Mask-11.asset using Guid(c29b700cc6f883f4d8d20d2a190eee05) (NativeFormatImporter) -> (artifact id: 'f51c180f858faa73b198142b42927cfc') in 0.0014952 seconds
Start importing Assets/LayeredTerrain/GrassSoil/LandformGrass/Mask-07.asset using Guid(d285b7a144ce1134ba6f4b02b003db14) (NativeFormatImporter) -> (artifact id: '0038d19d51d9c42dea9465db3b105f39') in 0.0016752 seconds
Start importing Assets/LayeredTerrain/GrassSoil/LandformSoil/Mask-01.asset using Guid(030d3f064f313fe4aa4dd2ab0ae33f07) (NativeFormatImporter) -> (artifact id: '3fd5251983b6578fd68bf6bc3bb3b4e3') in 0.0013642 seconds
Start importing Assets/LayeredTerrain/GrassSoil/EdgeGrassOnSoilRefined/Mask-10.asset using Guid(c32eb2f88b196e04f96b1b2b04ea7efe) (NativeFormatImporter) -> (artifact id: '2d01cd9893dc47967ba87373e479eb7e') in 0.001469 seconds
Start importing Assets/LayeredTerrain/GrassSoil/LandformSoil/Mask-13.asset using Guid(04bdecbe02f95ef46986c7056c2b7c3b) (NativeFormatImporter) -> (artifact id: '15f31c02a38b8c10ecc25938dd45d64e') in 0.0014749 seconds
Start importing Assets/LayeredTerrain/GrassSoil/EdgeGrassOnSoilRefined/Mask-00.asset using Guid(e4a3c845026f4254892939518018693f) (NativeFormatImporter) -> (artifact id: '3a031e969e7d12b8ad7d8420c2b35c82') in 0.0013557 seconds
Start importing Assets/LayeredTerrain/GrassSoil/LandformSoil/Mask-03.asset using Guid(15a3542839f831f41a0a24e5e9e2f22c) (NativeFormatImporter) -> (artifact id: '6e77d59b695c8200cb85f17fa75a4b54') in 0.0013234 seconds
Start importing Assets/LayeredTerrain/GrassSoil/LandformSoil/Mask-02.asset using Guid(f587922c248637745a6249f84c52611e) (NativeFormatImporter) -> (artifact id: '75844366cc32f023f1e40453bee8aa54') in 0.0016281 seconds
Start importing Assets/LayeredTerrain/GrassSoil/LandformGrass/Mask-09.asset using Guid(165dc20b52db7d14488b55217f6ac108) (NativeFormatImporter) -> (artifact id: '72e38899c33e0e3ced6ed6d0356b17dc') in 0.0015761 seconds
Start importing Assets/LayeredTerrain/GrassSoil/LandformSoil/Mask-11.asset using Guid(86718e5a68b1dcc47854d71bba5a1c17) (NativeFormatImporter) -> (artifact id: '04f57e67d298deb7839321669f6f5937') in 0.0016093 seconds
Start importing Assets/LayeredTerrain/GrassSoil/EdgeGrassOnSoilRefined/Mask-09.asset using Guid(86c349d56e9db3e4e849d6749cdfbfbe) (NativeFormatImporter) -> (artifact id: 'a3a3937713e26dae2d17075614e230de') in 0.0017491 seconds
Start importing Assets/LayeredTerrain/CompositeBrushes/GrassSoil/GrassSoilReverseLandformTileSet.asset using Guid(17ff6febab517824eb695d29e0459a1f) (NativeFormatImporter) -> (artifact id: '3aac16350dc78571bdc4c034dd153e34') in 0.0013208 seconds
Start importing Assets/LayeredTerrain/GrassSoil/LandformSoil/Mask-09.asset using Guid(478b7d64a48c32541abd22cde03a7210) (NativeFormatImporter) -> (artifact id: 'df61b4f661f9c0aded60f089bd901d4a') in 0.0012575 seconds
Start importing Assets/LayeredTerrain/GrassSoil/LandformSoil/Mask-05.asset using Guid(878e7bb9dfa805f47b4b88fef4623c4b) (NativeFormatImporter) -> (artifact id: '6433cd5ece3fc29e9694b9c40d1cce7b') in 0.0015318 seconds
Start importing Assets/LayeredTerrain/CompositeBrushes/StoneWater/StoneWaterReverseLandformTileSet.asset using Guid(97ffcbb8c3ab6264e80693ccaf0c43de) (NativeFormatImporter) -> (artifact id: '098d79a46ae44df4e4eabca0ead85233') in 0.0013478 seconds
Start importing Assets/LayeredTerrain/GrassSoil/LandformSoil/Mask-14.asset using Guid(a7806afe4f019d445bbf552f9eece05e) (NativeFormatImporter) -> (artifact id: 'e86c3f661d3698b3e540fda453881940') in 0.0012426 seconds
Start importing Assets/LayeredTerrain/GrassSoil/EdgeGrassOnSoilRefined/Mask-13.asset using Guid(a7d1a82699efeae47a6ca0a5bb112ae7) (NativeFormatImporter) -> (artifact id: 'a78e3ab795bab51c2fb8875ea81a3142') in 0.0013418 seconds
Start importing Assets/LayeredTerrain/GrassSoil/EdgeGrassOnSoilRefined/GrassOnSoilRefinedTileSet.asset using Guid(b75665e5083dab441a2805aa7b5e1562) (NativeFormatImporter) -> (artifact id: '9a378045af94549dd04c416ddd049034') in 0.001869 seconds
Start importing Assets/LayeredTerrain/GrassSoil/LandformGrass/Mask-14.asset using Guid(c7287b8c949516949b483b111ceb39a0) (NativeFormatImporter) -> (artifact id: '742a261e597b802d91fa4c4b50193514') in 0.0013132 seconds
Start importing Assets/LayeredTerrain/GrassSoil/LandformSoil/Mask-00.asset using Guid(88d5b3d83381240419fa7d0a9d6c2c63) (NativeFormatImporter) -> (artifact id: 'ec59939a8b52efe47b329a71ceccb6a9') in 0.0012877 seconds
Start importing Assets/LayeredTerrain/GrassSoil/LandformGrass/Mask-13.asset using Guid(e80621ea42744c243ac2ec385c32b338) (NativeFormatImporter) -> (artifact id: 'c073a20a8e0628f7baf4a55a699ae105') in 0.0013983 seconds
Start importing Assets/LayeredTerrain/GrassSoil/LandformGrass/Mask-00.asset using Guid(c92ffc9e81d587840892eb05cf844fbf) (NativeFormatImporter) -> (artifact id: '6de21ee1cddad2dc5dc822438a8f4094') in 0.0012928 seconds
Start importing Assets/LayeredTerrain/GrassSoil/LandformSoil/Mask-08.asset using Guid(d98e1448816e2f443a1e4e6b40e7cc25) (NativeFormatImporter) -> (artifact id: '8c84979613e06175002d882607152e4e') in 0.0012573 seconds
Start importing Assets/LayeredTerrain/GrassSoil/LandformSoil/Mask-15.asset using Guid(e95509ac4ec30484ab37daa221658805) (NativeFormatImporter) -> (artifact id: 'f96248f32c56c962dfe506862d5fb21b') in 0.0016349 seconds
Start importing Assets/LayeredTerrain/GrassSoil/EdgeGrassOnSoilRefined/Mask-06.asset using Guid(e9ac41d989ad93f4ca1a691487107c16) (NativeFormatImporter) -> (artifact id: 'e9daccbac2653977ee343c02f273f598') in 0.0012615 seconds
Start importing Assets/LayeredTerrain/GrassSoil/LandformSoil/Mask-10.asset using Guid(f95d6c7578efacd4cb1f12c63e1d8ff8) (NativeFormatImporter) -> (artifact id: '90d43f8749769d1781298dd6bba5d61f') in 0.0012523 seconds
Start importing Assets/LayeredTerrain/GrassSoil/LandformGrass/Mask-10.asset using Guid(0a64b675a1f765c409b8f9deea1eb208) (NativeFormatImporter) -> (artifact id: '09c03947b8c465db650824308fe637f1') in 0.0013923 seconds
Start importing Assets/LayeredTerrain/GrassSoil/EdgeGrassOnSoilRefined/Mask-12.asset using Guid(3a09b8d94e4515f4fa39c4292c8052a7) (NativeFormatImporter) -> (artifact id: 'af83cf963396621d9d3bad458f6ed2a9') in 0.0015196 seconds
Start importing Assets/LayeredTerrain/GrassSoil/LandformSoil/Mask-06.asset using Guid(4ab46eb735954bf45977209e4a936a01) (NativeFormatImporter) -> (artifact id: '8450f37df15f7709b95c5c346493f1fd') in 0.0013351 seconds
Start importing Assets/LayeredTerrain/GrassSoil/LandformGrass/Mask-15.asset using Guid(7a5208b63b1d6284285e932c3708e65d) (NativeFormatImporter) -> (artifact id: '67ddae65d0c7a750e13eb34b9baf8365') in 0.0012852 seconds
Start importing Assets/LayeredTerrain/GrassSoil/LandformGrass/Mask-05.asset using Guid(3b4a2864fb45c5b4fae56fc1f697bbdd) (NativeFormatImporter) -> (artifact id: 'cf3f476c92289c5b074cb8ea3198ce61') in 0.0016282 seconds
Start importing Assets/LayeredTerrain/GrassSoil/EdgeGrassOnSoilRefined/Mask-08.asset using Guid(9b3d0613b51d86146bf5ea0994b42ddd) (NativeFormatImporter) -> (artifact id: '4e302c1a03e18f66e6c41c139ec180d3') in 0.0013545 seconds
Start importing Assets/LayeredTerrain/GrassSoil/LandformGrass/Mask-11.asset using Guid(bb6bc251a6bbcf54480e7f80f2181f2a) (NativeFormatImporter) -> (artifact id: '857582d6d96bb87d66880447573db021') in 0.0012904 seconds
Start importing Assets/LayeredTerrain/GrassSoil/LandformSoil/Mask-12.asset using Guid(3cfb4949c07b1bf43bc66661515525d7) (NativeFormatImporter) -> (artifact id: '3a6ea6ab140b5d680c9d80d68e71cee7') in 0.0013533 seconds
Start importing Assets/LayeredTerrain/GrassSoil/EdgeGrassOnSoilRefined/Mask-04.asset using Guid(6cca3f06a711ab34992417d66eeec087) (NativeFormatImporter) -> (artifact id: 'be2a2aeb01573b6be77d3a2b070fef25') in 0.0013509 seconds
Start importing Assets/LayeredTerrain/GrassSoil/Authoring/GrassBase.asset using Guid(3d71b1ea4e270714eb43b3b4541cda21) (NativeFormatImporter) -> (artifact id: '3f5ae16e96393bccc7f5f4d3650a3ce6') in 0.0013142 seconds
Start importing Assets/LayeredTerrain/GrassSoil/LandformGrass/Mask-06.asset using Guid(5d15d49b3c156ae479bd995b33107c67) (NativeFormatImporter) -> (artifact id: '05abb2ca9d5f1492af0ec896fb864d4e') in 0.0015573 seconds
Start importing Assets/LayeredTerrain/GrassSoil/LandformGrass/Mask-01.asset using Guid(7d609e3f17078a44f9a89e21b68ae180) (NativeFormatImporter) -> (artifact id: 'a1ebd9002be9baca60bb274969bc4dc2') in 0.0019596 seconds
Start importing Assets/LayeredTerrain/GrassSoil/LandformGrass/Mask-04.asset using Guid(ede22ab8e9b7bcc4da28aa41887e8614) (NativeFormatImporter) -> (artifact id: '42c1c0d805e7b323f147012ab0eb20fb') in 0.0014144 seconds
Start importing Assets/LayeredTerrain/GrassSoil/LandformSoil/SoilLandformTileSet.asset using Guid(3e1155418d0567f44af4b96697c9dd09) (NativeFormatImporter) -> (artifact id: 'df15b8c45196950bc4219bee97aafc82') in 0.001548 seconds
Start importing Assets/LayeredTerrain/GrassSoil/EdgeGrassOnSoilRefined/Mask-02.asset using Guid(6ef5433501c908740932ed7d05777790) (NativeFormatImporter) -> (artifact id: '25936841c896ee6e32acaadabe2f5ad9') in 0.0014937 seconds
Start importing Assets/LayeredTerrain/GrassSoil/EdgeGrassOnSoilRefined/Mask-01.asset using Guid(8e0671f07975b7c43b734d81c5ff11bc) (NativeFormatImporter) -> (artifact id: 'c6f3c5aa165967eeb465f4156418931b') in 0.0013395 seconds
Start importing Assets/LayeredTerrain/GrassSoil/EdgeGrassOnSoilRefined/Mask-03.asset using Guid(de5135a77f40df84b9a7170011242e63) (NativeFormatImporter) -> (artifact id: 'c4b8007304dbcd55f4ed04fb4957f5a6') in 0.0013268 seconds
Start importing Assets/LayeredTerrain/GrassSoil/LandformGrass/GrassLandformTileSet.asset using Guid(2fc47b69529dfb541a089c835adb5ce8) (NativeFormatImporter) -> (artifact id: '7d9b947ceee84338616124256f8ad829') in 0.0015444 seconds
Start importing Assets/LayeredTerrain/GrassSoil/LandformGrass/Mask-12.asset using Guid(bfcde0f6045b297478b7cca21b2bd212) (NativeFormatImporter) -> (artifact id: 'fcc2d08d622fb7725cf22421d7d46e31') in 0.0015313 seconds
Start importing Assets/LayeredTerrain/GrassSoil/LandformGrass/Mask-02.asset using Guid(cfb8b16aec24e064ba3c8b202f110c99) (NativeFormatImporter) -> (artifact id: '918a9e9785ac5cd4f4174f2fe29d6d53') in 0.0014437 seconds
Start importing Assets/LayeredTerrain/GrassSoil/LandformGrass/Mask-03.asset using Guid(cf797356fdd5ba54fb021059b4e0c786) (NativeFormatImporter) -> (artifact id: '297c0fc42e401c9d7fd0a377a3b5b28e') in 0.0017914 seconds
Refreshing native plugins compatible for Editor in 0.18 ms, found 0 plugins.
Preloading 0 native plugins for Editor in 0.00 ms.
Asset Pipeline Refresh (id=b8a9dc53003edf849a30172efda21148): Total: 0.153 seconds - Initiated by StopAssetImportingV2(NoUpdateAssetOptions)
Start importing Assets/LayeredTerrain/CompositeBrushes/OriginalGrassSoil/OriginalGrassSoilBrush.asset using Guid(21a71232d6e654e4b8c7960242ff7182) (NativeFormatImporter) -> (artifact id: '3547d87e50bc075e0e2036afaef240e2') in 0.0018056 seconds
Start importing Assets/LayeredTerrain/CompositeBrushes/OriginalGrassSoil/OriginalGrassSoilReverseLandformTileSet.asset using Guid(813c3f8ce1d51a24093ce2c5ed1547fa) (NativeFormatImporter) -> (artifact id: 'b5291246265ecb7af0dd8a3a19f371a0') in 0.0021023 seconds
Refreshing native plugins compatible for Editor in 0.18 ms, found 0 plugins.
Preloading 0 native plugins for Editor in 0.00 ms.
Asset Pipeline Refresh (id=43e8ff863ff847e4dae9303cb6db713e): Total: 0.015 seconds - Initiated by StopAssetImportingV2(NoUpdateAssetOptions)
Start importing Assets/Battlefield/Terrain/OrchardDefaultTerrainPalette.asset using Guid(8f09d513b82ee0048abd5a50378dbb0c) (NativeFormatImporter) -> (artifact id: 'af117db4ea5f59db66e2603074e05e44') in 0.0022362 seconds
Refreshing native plugins compatible for Editor in 0.24 ms, found 0 plugins.
Preloading 0 native plugins for Editor in 0.00 ms.
Asset Pipeline Refresh (id=bfc37e6bd0868ca4db20acaabcf9c771): Total: 0.013 seconds - Initiated by StopAssetImportingV2(NoUpdateAssetOptions)
FRUIT_DEFENSE_LAYERED_TERRAIN_TILEMAP_OK
UnityEngine.Debug:ExtractStackTraceNoAlloc (byte*,int,string)
UnityEngine.StackTraceUtility:ExtractStackTrace ()
UnityEngine.DebugLogHandler:Internal_Log (UnityEngine.LogType,UnityEngine.LogOption,string,UnityEngine.Object)
UnityEngine.DebugLogHandler:LogFormat (UnityEngine.LogType,UnityEngine.Object,string,object[])
UnityEngine.Logger:Log (UnityEngine.LogType,object)
UnityEngine.Debug:Log (object)
FruitDefense.Editor.LayeredTerrainTilemapSmoke:Validate () (at Assets/Editor/Tests/LayeredTerrainTilemapSmoke.cs:153)
FruitDefense.Editor.ProjectSetup:SmokeValidate () (at Assets/Editor/Tools/ProjectSetup.cs:247)
FruitDefense.Editor.P0ValidationSuite:Run () (at Assets/Editor/Tests/P0ValidationSuite.cs:18)

(Filename: Assets/Editor/Tests/LayeredTerrainTilemapSmoke.cs Line: 153)

Asset Pipeline Refresh (id=0d2c176378e42b74b8f4fe6f5053e357): Total: 0.013 seconds - Initiated by RefreshV2(NoUpdateAssetOptions)
Asset Pipeline Refresh (id=72fd3fbf26e64154c8b405ab17c2d444): Total: 0.027 seconds - Initiated by RefreshV2(NoUpdateAssetOptions)
Square contour topology guide generated: Assets/LayeredTerrain/GrassSoil/Square/Topology/SquareContourTopologyGuide.png
UnityEngine.Debug:ExtractStackTraceNoAlloc (byte*,int,string)
UnityEngine.StackTraceUtility:ExtractStackTrace ()
UnityEngine.DebugLogHandler:Internal_Log (UnityEngine.LogType,UnityEngine.LogOption,string,UnityEngine.Object)
UnityEngine.DebugLogHandler:LogFormat (UnityEngine.LogType,UnityEngine.Object,string,object[])
UnityEngine.Logger:Log (UnityEngine.LogType,object)
UnityEngine.Debug:Log (object)
FruitDefense.Editor.SquareTerrainArtGenerator:GenerateTopologyGuide () (at Assets/Editor/Tools/SquareTerrainArtGenerator.cs:42)
FruitDefense.Editor.SquareTerrainArtGenerator:GenerateAvailableSquareAssets () (at Assets/Editor/Tools/SquareTerrainArtGenerator.cs:133)
FruitDefense.Editor.LayeredTerrainArtSetup:EnsurePaletteAssets () (at Assets/Editor/Tools/LayeredTerrainArtSetup.cs:62)
FruitDefense.Editor.LayeredTerrainPainterSmoke:Validate () (at Assets/Editor/Tests/LayeredTerrainPainterSmoke.cs:18)
FruitDefense.Editor.ProjectSetup:SmokeValidate () (at Assets/Editor/Tools/ProjectSetup.cs:248)
FruitDefense.Editor.P0ValidationSuite:Run () (at Assets/Editor/Tests/P0ValidationSuite.cs:18)

(Filename: Assets/Editor/Tools/SquareTerrainArtGenerator.cs Line: 42)

Asset Pipeline Refresh (id=bdf9870182009354584d1c50d0dc4148): Total: 0.042 seconds - Initiated by RefreshV2(NoUpdateAssetOptions)
Asset Pipeline Refresh (id=d55bc13062ac1da4fb20f40bee72c81b): Total: 0.038 seconds - Initiated by RefreshV2(NoUpdateAssetOptions)
Asset Pipeline Refresh (id=e8665d03f74747547a81b70752a6dc93): Total: 0.040 seconds - Initiated by RefreshV2(NoUpdateAssetOptions)
Start importing Assets/LayeredTerrain/GrassSoil/Square/LandformStoneRoad/Mask-07.asset using Guid(b02fd980a2abc6b41974d859a777fb1d) (NativeFormatImporter) -> (artifact id: '09027e8d963d8fd928277d96f7735e27') in 0.001846 seconds
Start importing Assets/LayeredTerrain/GrassSoil/Square/LandformGrass/Mask-05.asset using Guid(d04330ef8020b8a41b9e4589cb202101) (NativeFormatImporter) -> (artifact id: '4e5972f1b6c2ded32e8e48532b67135b') in 0.0015872 seconds
Start importing Assets/LayeredTerrain/GrassSoil/Square/LandformGrass/Mask-12.asset using Guid(d00b41817e9bc0741ad148ea3e94519a) (NativeFormatImporter) -> (artifact id: '9d0a3a48e4156b96b3c76ca702bf7bff') in 0.0013865 seconds
Start importing Assets/LayeredTerrain/GrassSoil/Square/LandformStoneRoad/Mask-13.asset using Guid(116a8c3b6ac195a4ebb8e3c7a9989ddc) (NativeFormatImporter) -> (artifact id: '871e193410b26687800828802aef7920') in 0.0013147 seconds
Start importing Assets/LayeredTerrain/GrassSoil/Square/LandformGrass/Mask-02.asset using Guid(315648227c153724090125e98f4cba15) (NativeFormatImporter) -> (artifact id: 'd08b86b0e86b5ac26e9107766d5008d1') in 0.0015176 seconds
Start importing Assets/LayeredTerrain/GrassSoil/Square/LandformStoneRoad/Mask-11.asset using Guid(519050a0a5a9f5847b095ee0b83437a0) (NativeFormatImporter) -> (artifact id: 'ae100c2ae270a66d81134616e885003c') in 0.0013077 seconds
Start importing Assets/LayeredTerrain/GrassSoil/Square/LandformGrass/Mask-14.asset using Guid(81815b76ad7c06c47bf1bc7b65624ffd) (NativeFormatImporter) -> (artifact id: 'e00c4c5ecbd51682bc3c65bf8d862a23') in 0.0012276 seconds
Start importing Assets/LayeredTerrain/GrassSoil/Square/LandformSoil/Mask-03.asset using Guid(b1c5384b4651e4a4a82d483cc64aae79) (NativeFormatImporter) -> (artifact id: '45c12fb41048b850cd7cb0f3e535436a') in 0.0013464 seconds
Start importing Assets/LayeredTerrain/GrassSoil/Square/LandformGrass/Mask-15.asset using Guid(027119ab30d86a546a5d935d6e9ec608) (NativeFormatImporter) -> (artifact id: '7e821f282e19a2a4d5825e548df9693a') in 0.0015452 seconds
Start importing Assets/LayeredTerrain/GrassSoil/Square/LandformGrass/Mask-00.asset using Guid(13f70a46e499e0146bffd256e7c14483) (NativeFormatImporter) -> (artifact id: '2a9713a59b72231d0d554c49e274b85a') in 0.0013038 seconds
Start importing Assets/LayeredTerrain/GrassSoil/Square/LandformSoil/Mask-00.asset using Guid(8303f71f8469fd7459473d47391ab0b3) (NativeFormatImporter) -> (artifact id: '1442dfc314550b70b27dde3dada60cc7') in 0.0013297 seconds
Start importing Assets/LayeredTerrain/GrassSoil/Square/LandformSoil/Mask-01.asset using Guid(d33072ada9e1bb749adcc5938680d51a) (NativeFormatImporter) -> (artifact id: '7a8f58bad24b64f744799cb0b0b9228f') in 0.0014471 seconds
Start importing Assets/LayeredTerrain/GrassSoil/Square/LandformStoneRoad/Mask-09.asset using Guid(d30b19c2c64338a4fa9211b305cf65b1) (NativeFormatImporter) -> (artifact id: '59211e6be04f7e5724ec1a1b38221d71') in 0.0014087 seconds
Start importing Assets/LayeredTerrain/GrassSoil/Square/LandformSoil/Mask-13.asset using Guid(548b829df136ae948902efdc96ee70bb) (NativeFormatImporter) -> (artifact id: 'd770f2a72e8453a69c8ff146ee623ca5') in 0.0015539 seconds
Start importing Assets/LayeredTerrain/GrassSoil/Square/LandformStoneRoad/Mask-00.asset using Guid(74d1d4b679c3aec43af1bd30b6c4aea1) (NativeFormatImporter) -> (artifact id: '4c60ffb732228db343f89511449fce3b') in 0.0015594 seconds
Start importing Assets/LayeredTerrain/GrassSoil/Square/LandformGrass/Mask-01.asset using Guid(35cbc7e6bd8f2f84d9c7965779c9b2eb) (NativeFormatImporter) -> (artifact id: '7cd6fe12f157cd0a0b2a210183323c21') in 0.0013637 seconds
Start importing Assets/LayeredTerrain/GrassSoil/Square/LandformGrass/Mask-10.asset using Guid(5728d44dd2630ff40849746ce5d849d7) (NativeFormatImporter) -> (artifact id: '57d0e56c944d10ea9c02adfa74800a28') in 0.0012905 seconds
Start importing Assets/LayeredTerrain/GrassSoil/Square/LandformSoil/Mask-09.asset using Guid(67347eef4df492941b15d16b687e2cb7) (NativeFormatImporter) -> (artifact id: '0b3fee03fb07b35a5fbe9374ec056b4b') in 0.0017205 seconds
Start importing Assets/LayeredTerrain/GrassSoil/Square/LandformGrass/Mask-04.asset using Guid(87737865bdb87ec43864ad3d997d7626) (NativeFormatImporter) -> (artifact id: '83b9f8cc1d095defdc009bd1839b690f') in 0.0015011 seconds
Start importing Assets/LayeredTerrain/GrassSoil/Square/LandformSoil/Mask-02.asset using Guid(87e33da937f65d34fb027eebfd8c1343) (NativeFormatImporter) -> (artifact id: '031756e6cc2b3a5ef2ddcaf8740ee21f') in 0.0013314 seconds
Start importing Assets/LayeredTerrain/GrassSoil/Square/LandformGrass/Mask-08.asset using Guid(b781c12832a4cd84392ab7d35a405505) (NativeFormatImporter) -> (artifact id: 'c734ab3f59a9e28ca19de35691f15a63') in 0.0015412 seconds
Start importing Assets/LayeredTerrain/GrassSoil/Square/LandformStoneRoad/Mask-04.asset using Guid(f70ec30b59552144a97e4da8fea5520c) (NativeFormatImporter) -> (artifact id: '67ab708a109917ddbe110252083911c2') in 0.0014471 seconds
Start importing Assets/LayeredTerrain/GrassSoil/Square/LandformStoneRoad/Mask-05.asset using Guid(08c7afe6a1108a84b9f8ac99c7fa610e) (NativeFormatImporter) -> (artifact id: 'a8026e8f0c10f4b634f0c477d7f79ba5') in 0.0013 seconds
Start importing Assets/LayeredTerrain/GrassSoil/Square/LandformStoneRoad/Mask-14.asset using Guid(39202684bd500f14184c5131ac46a6dd) (NativeFormatImporter) -> (artifact id: 'b43c0e8abc2951d26427ba0ee51e7ebb') in 0.0014946 seconds
Start importing Assets/LayeredTerrain/GrassSoil/Square/LandformSoil/SoilSquareLandformTileSet.asset using Guid(897d878e9497c6e4d935ea42058d6001) (NativeFormatImporter) -> (artifact id: '17e85a477bcdc5aaf3c7a2ca1f1f5d8e') in 0.0013813 seconds
Start importing Assets/LayeredTerrain/GrassSoil/Square/LandformStoneRoad/StoneRoadSquareLandformTileSet.asset using Guid(0a6730ef0e26d5b49b9ae3129ee21909) (NativeFormatImporter) -> (artifact id: '48456893df0f467254b3256235820444') in 0.0012839 seconds
Start importing Assets/LayeredTerrain/GrassSoil/Square/LandformStoneRoad/Mask-10.asset using Guid(caa578d738fb0414e820ab1e3541b03f) (NativeFormatImporter) -> (artifact id: 'be4dcdbbc4fe728152242b70b5e9bb78') in 0.0013288 seconds
Start importing Assets/LayeredTerrain/GrassSoil/Square/LandformSoil/Mask-07.asset using Guid(2ce20b5da48d1ae43956c41d22ecd92e) (NativeFormatImporter) -> (artifact id: '7c41af1778c9689fc8cf1f4e4fcccd2c') in 0.0014628 seconds
Start importing Assets/LayeredTerrain/GrassSoil/Square/LandformSoil/Mask-11.asset using Guid(2c6bd62321830da498ea7724ae626857) (NativeFormatImporter) -> (artifact id: 'b1033fab3dddb68d369a244413a84ab3') in 0.0013405 seconds
Start importing Assets/LayeredTerrain/GrassSoil/Square/LandformStoneRoad/Mask-15.asset using Guid(5cbc1f25709453b4a90de7054d0ce9b7) (NativeFormatImporter) -> (artifact id: 'ca75aea14a03badd729ba37b57fc7710') in 0.0012676 seconds
Start importing Assets/LayeredTerrain/GrassSoil/Square/LandformGrass/Mask-09.asset using Guid(8c5fb632240287d48a17621f58d3a651) (NativeFormatImporter) -> (artifact id: '77c6cf5113d6c96189dbf6818d84fd5f') in 0.0014229 seconds
Start importing Assets/LayeredTerrain/GrassSoil/Square/LandformSoil/Mask-12.asset using Guid(bc85f424c35a6c845b2186949136a828) (NativeFormatImporter) -> (artifact id: '08c355397adee775c3834a7a7a0bf465') in 0.0014326 seconds
Start importing Assets/LayeredTerrain/GrassSoil/Square/LandformSoil/Mask-10.asset using Guid(0dfe2c0efe3330c4d9570f0061d459b9) (NativeFormatImporter) -> (artifact id: '88decb540b9e036a0400c2d34dbc707c') in 0.0013851 seconds
Start importing Assets/LayeredTerrain/GrassSoil/Square/LandformGrass/Mask-03.asset using Guid(1db706b3e9547554e9081663c6442ba0) (NativeFormatImporter) -> (artifact id: 'fdfbe87044d88284093ccc42787947e0') in 0.0015056 seconds
Start importing Assets/LayeredTerrain/GrassSoil/Square/LandformStoneRoad/Mask-02.asset using Guid(1d9b71389b4697e4586703b25f185da7) (NativeFormatImporter) -> (artifact id: 'dbb50fa57ab28462356bbd1a8ebab835') in 0.0016454 seconds
Start importing Assets/LayeredTerrain/GrassSoil/Square/LandformSoil/Mask-05.asset using Guid(2de42da45e48f974e9a74a6970e6e643) (NativeFormatImporter) -> (artifact id: '6e739e360d22b33fd378e6acefe9d800') in 0.001566 seconds
Start importing Assets/LayeredTerrain/GrassSoil/Square/LandformGrass/Mask-11.asset using Guid(5d253dc28016ae64db4653758ac0af88) (NativeFormatImporter) -> (artifact id: '4dbb166b77c04b10385ee89749d834d3') in 0.0016924 seconds
Start importing Assets/LayeredTerrain/GrassSoil/Square/LandformSoil/Mask-04.asset using Guid(5d4806f722710eb40b1cf937cc6498b6) (NativeFormatImporter) -> (artifact id: 'a825e4a02be2364dca6cd5d251c2a1af') in 0.0019398 seconds
Start importing Assets/LayeredTerrain/GrassSoil/Square/LandformStoneRoad/Mask-01.asset using Guid(add98a42caf91414387900c1b29b92c6) (NativeFormatImporter) -> (artifact id: 'a1a43dffdd1f7cdd6311169ade464c57') in 0.0014411 seconds
Start importing Assets/LayeredTerrain/GrassSoil/Square/LandformGrass/Mask-06.asset using Guid(cd0f4d7279da9f84caa8c319e7ab29f9) (NativeFormatImporter) -> (artifact id: '52937737c65259daea7bed84aa0a8a04') in 0.001541 seconds
Start importing Assets/LayeredTerrain/GrassSoil/Square/LandformGrass/Mask-07.asset using Guid(4e65cf042fab2c1448282809779edb8a) (NativeFormatImporter) -> (artifact id: '8cc68977b954eb6d618706e748b65e8b') in 0.0014171 seconds
Start importing Assets/LayeredTerrain/GrassSoil/Square/LandformGrass/Mask-13.asset using Guid(7e2014d33d57f294f97dea5ed30b730c) (NativeFormatImporter) -> (artifact id: '93ec9328dc52bc61493ece4ef09f812b') in 0.0012978 seconds
Start importing Assets/LayeredTerrain/GrassSoil/Square/LandformSoil/Mask-14.asset using Guid(ae949dd8d7965fa41b1d3481d8bf8e30) (NativeFormatImporter) -> (artifact id: '13d3e8fadf25938fb6084c9eacdc285d') in 0.0014361 seconds
Start importing Assets/LayeredTerrain/GrassSoil/Square/LandformStoneRoad/Mask-08.asset using Guid(aecab5b9f537b5349adcff0900809717) (NativeFormatImporter) -> (artifact id: '6723e7d6eab214144e2a993643460ee5') in 0.0013798 seconds
Start importing Assets/LayeredTerrain/GrassSoil/Square/LandformSoil/Mask-15.asset using Guid(ce833c44287e15a44945e738038eb1c3) (NativeFormatImporter) -> (artifact id: '7c1ac2f82e318d432012af6c6509f07a') in 0.0013572 seconds
Start importing Assets/LayeredTerrain/GrassSoil/Square/LandformSoil/Mask-08.asset using Guid(ee6f4f16a4085914dbcb15919c60654c) (NativeFormatImporter) -> (artifact id: '2a403aad88716c1a9d6ee321599dc86f') in 0.0013468 seconds
Start importing Assets/LayeredTerrain/GrassSoil/Square/LandformStoneRoad/Mask-12.asset using Guid(2f49f6b2d05a8804097e79c69e515dc3) (NativeFormatImporter) -> (artifact id: '3512849ba8746b3929337e37047f52c2') in 0.0015521 seconds
Start importing Assets/LayeredTerrain/GrassSoil/Square/LandformSoil/Mask-06.asset using Guid(3ff6ff5cd14cc7441a6a84cdde5ff745) (NativeFormatImporter) -> (artifact id: 'c47a955bf9dc32d5bb761f8069ffd421') in 0.001377 seconds
Start importing Assets/LayeredTerrain/GrassSoil/Square/LandformStoneRoad/Mask-06.asset using Guid(df46002ea561b404889b370e84a77f83) (NativeFormatImporter) -> (artifact id: 'c73fed30de3e790341265e9a3306482c') in 0.0025862 seconds
Start importing Assets/LayeredTerrain/GrassSoil/Square/LandformStoneRoad/Mask-03.asset using Guid(df1e863caf3bc5441a0d4c507b76c311) (NativeFormatImporter) -> (artifact id: 'a9a2fb8e8c6cb1c0cdbe880f9de699ac') in 0.0018953 seconds
Start importing Assets/LayeredTerrain/GrassSoil/Square/LandformGrass/GrassSquareLandformTileSet.asset using Guid(ef399dc10411dd84ab6a276f72e506ea) (NativeFormatImporter) -> (artifact id: '3f3f806b6373e60abb62a5adaf65a9f7') in 0.0013826 seconds
Refreshing native plugins compatible for Editor in 0.21 ms, found 0 plugins.
Preloading 0 native plugins for Editor in 0.00 ms.
Asset Pipeline Refresh (id=4c00f9241230c024291276cbf2043295): Total: 0.104 seconds - Initiated by StopAssetImportingV2(NoUpdateAssetOptions)
Native 256 px square grass, soil and stone-road landforms generated.
UnityEngine.Debug:ExtractStackTraceNoAlloc (byte*,int,string)
UnityEngine.StackTraceUtility:ExtractStackTrace ()
UnityEngine.DebugLogHandler:Internal_Log (UnityEngine.LogType,UnityEngine.LogOption,string,UnityEngine.Object)
UnityEngine.DebugLogHandler:LogFormat (UnityEngine.LogType,UnityEngine.Object,string,object[])
UnityEngine.Logger:Log (UnityEngine.LogType,object)
UnityEngine.Debug:Log (object)
FruitDefense.Editor.SquareTerrainArtGenerator:GenerateDeterministicLandforms () (at Assets/Editor/Tools/SquareTerrainArtGenerator.cs:87)
FruitDefense.Editor.SquareTerrainArtGenerator:GenerateAvailableSquareAssets () (at Assets/Editor/Tools/SquareTerrainArtGenerator.cs:134)
FruitDefense.Editor.LayeredTerrainArtSetup:EnsurePaletteAssets () (at Assets/Editor/Tools/LayeredTerrainArtSetup.cs:62)
FruitDefense.Editor.LayeredTerrainPainterSmoke:Validate () (at Assets/Editor/Tests/LayeredTerrainPainterSmoke.cs:18)
FruitDefense.Editor.ProjectSetup:SmokeValidate () (at Assets/Editor/Tools/ProjectSetup.cs:248)
FruitDefense.Editor.P0ValidationSuite:Run () (at Assets/Editor/Tests/P0ValidationSuite.cs:18)

(Filename: Assets/Editor/Tools/SquareTerrainArtGenerator.cs Line: 87)

Asset Pipeline Refresh (id=27717a053a5ec3743bcc3a6806fd2978): Total: 0.043 seconds - Initiated by RefreshV2(NoUpdateAssetOptions)
Start importing Assets/LayeredTerrain/GrassSoil/Square/EdgeGrassOnSoilPainted/Mask-15.asset using Guid(a17969b175ec3354c8fe533c48257f94) (NativeFormatImporter) -> (artifact id: '99f211a0ff210a0c86467a3e625714fe') in 0.0016629 seconds
Start importing Assets/LayeredTerrain/GrassSoil/Square/EdgeGrassOnSoilPainted/Mask-04.asset using Guid(e2449efc0c1116648a5b9cbfe33d8e81) (NativeFormatImporter) -> (artifact id: '18145ed9e628d5f8340c44824db6c8be') in 0.0013784 seconds
Start importing Assets/LayeredTerrain/GrassSoil/Square/EdgeGrassOnSoilPainted/Mask-14.asset using Guid(4328f421ed4ea34439d6e4e50990e24a) (NativeFormatImporter) -> (artifact id: '6bbe4451c7dca2d4de869403308041cf') in 0.0015497 seconds
Start importing Assets/LayeredTerrain/GrassSoil/Square/EdgeGrassOnSoilPainted/Mask-11.asset using Guid(04aab987cd98a4440b66bb727667d8db) (NativeFormatImporter) -> (artifact id: 'eb6fb6ecd423e575e0946462aa243d66') in 0.0013847 seconds
Start importing Assets/LayeredTerrain/GrassSoil/Square/EdgeGrassOnSoilPainted/Mask-13.asset using Guid(75f61e4d96323eb4e906226b1dd8a16a) (NativeFormatImporter) -> (artifact id: '7952dc870547efbd422b012b46d2b17a') in 0.0015464 seconds
Start importing Assets/LayeredTerrain/GrassSoil/Square/EdgeGrassOnSoilPainted/Mask-08.asset using Guid(062a9acbc752b0342becc47471c8dad4) (NativeFormatImporter) -> (artifact id: 'ee86fce3dc4587f247fc6e398cfff9cd') in 0.0019492 seconds
Start importing Assets/LayeredTerrain/GrassSoil/Square/EdgeGrassOnSoilPainted/Mask-12.asset using Guid(17347530ba5655e4cb59ff249a976ea1) (NativeFormatImporter) -> (artifact id: '27e6bc4eabc1e74cb23636389ffd9263') in 0.0016717 seconds
Start importing Assets/LayeredTerrain/GrassSoil/Square/EdgeGrassOnSoilPainted/Mask-00.asset using Guid(676ca911d7a7bbf408a30856d7cc6990) (NativeFormatImporter) -> (artifact id: '557d3d98682769dd5e96ded56f4299cf') in 0.0013683 seconds
Start importing Assets/LayeredTerrain/GrassSoil/Square/EdgeGrassOnSoilPainted/Mask-10.asset using Guid(e75c1031ec799e0448fd29d3082006b4) (NativeFormatImporter) -> (artifact id: 'c8e41218e8984dd46c91b31d7703de4f') in 0.0014679 seconds
Start importing Assets/LayeredTerrain/GrassSoil/Square/EdgeGrassOnSoilPainted/Mask-09.asset using Guid(a8a7730f3a6dd484198f1b19fed8a24f) (NativeFormatImporter) -> (artifact id: '5597baddb442bf8a928e37d39723d50b') in 0.0014523 seconds
Start importing Assets/LayeredTerrain/GrassSoil/Square/EdgeGrassOnSoilPainted/Mask-07.asset using Guid(f8b2f90201834fa478634d3f30f6af16) (NativeFormatImporter) -> (artifact id: 'a306cb5e617a8648a67a81dc94516e9e') in 0.0014645 seconds
Start importing Assets/LayeredTerrain/GrassSoil/Square/EdgeGrassOnSoilPainted/Mask-06.asset using Guid(19882d23e028ac94e8abd02f91624ba8) (NativeFormatImporter) -> (artifact id: '54900e8224e5828f7c6a4f69fec6db72') in 0.001337 seconds
Start importing Assets/LayeredTerrain/GrassSoil/Square/EdgeGrassOnSoilPainted/Mask-01.asset using Guid(b94d4b2cd03a1b04b83a81974d966227) (NativeFormatImporter) -> (artifact id: '7caf427609fab688c51f9caa2ce6a79f') in 0.0013989 seconds
Start importing Assets/LayeredTerrain/GrassSoil/Square/EdgeGrassOnSoilPainted/Mask-03.asset using Guid(1a4a3cc4af69bbc4aaabde52016c4f95) (NativeFormatImporter) -> (artifact id: 'af45f85c0f45a239757e36be7c184f6c') in 0.001319 seconds
Start importing Assets/LayeredTerrain/GrassSoil/Square/EdgeGrassOnSoilPainted/Mask-05.asset using Guid(bacdc75efb95eda42aa6803845d196c4) (NativeFormatImporter) -> (artifact id: '6d469253745d86e884993bfadfef01d0') in 0.0013298 seconds
Start importing Assets/LayeredTerrain/GrassSoil/Square/EdgeGrassOnSoilPainted/GrassOnSoilSquarePaintedTileSet.asset using Guid(1b984e39e61f8734d8c54b032e84c3a3) (NativeFormatImporter) -> (artifact id: '612bda68ec02f7c1be620eb4ba627873') in 0.001408 seconds
Start importing Assets/LayeredTerrain/GrassSoil/Square/EdgeGrassOnSoilPainted/Mask-02.asset using Guid(8d6a7e51f29762f4796204a57546e522) (NativeFormatImporter) -> (artifact id: '504e9a251c8e415c78cba5f93910b005') in 0.0013568 seconds
Refreshing native plugins compatible for Editor in 0.17 ms, found 0 plugins.
Preloading 0 native plugins for Editor in 0.00 ms.
Asset Pipeline Refresh (id=00d3147f6538fae4481b297842ea299b): Total: 0.040 seconds - Initiated by StopAssetImportingV2(NoUpdateAssetOptions)
Accepted ribbon lip profile packaged as a top-down grass feather with base-grass RGB, guide-owned topology and no soil wall or outline.
UnityEngine.Debug:ExtractStackTraceNoAlloc (byte*,int,string)
UnityEngine.StackTraceUtility:ExtractStackTrace ()
UnityEngine.DebugLogHandler:Internal_Log (UnityEngine.LogType,UnityEngine.LogOption,string,UnityEngine.Object)
UnityEngine.DebugLogHandler:LogFormat (UnityEngine.LogType,UnityEngine.Object,string,object[])
UnityEngine.Logger:Log (UnityEngine.LogType,object)
UnityEngine.Debug:Log (object)
FruitDefense.Editor.SquareTerrainArtGenerator:PackageAcceptedGrassOnSoilCandidate () (at Assets/Editor/Tools/SquareTerrainArtGenerator.cs:126)
FruitDefense.Editor.SquareTerrainArtGenerator:GenerateAvailableSquareAssets () (at Assets/Editor/Tools/SquareTerrainArtGenerator.cs:138)
FruitDefense.Editor.LayeredTerrainArtSetup:EnsurePaletteAssets () (at Assets/Editor/Tools/LayeredTerrainArtSetup.cs:62)
FruitDefense.Editor.LayeredTerrainPainterSmoke:Validate () (at Assets/Editor/Tests/LayeredTerrainPainterSmoke.cs:18)
FruitDefense.Editor.ProjectSetup:SmokeValidate () (at Assets/Editor/Tools/ProjectSetup.cs:248)
FruitDefense.Editor.P0ValidationSuite:Run () (at Assets/Editor/Tests/P0ValidationSuite.cs:18)

(Filename: Assets/Editor/Tools/SquareTerrainArtGenerator.cs Line: 126)

Start importing Assets/LayeredTerrain/GrassSoil/LandformSoil/Mask-07.asset using Guid(40244693c163e6541baff892b129cb00) (NativeFormatImporter) -> (artifact id: 'e65830c68ae7e03467001a0296ab0069') in 0.0018978 seconds
Start importing Assets/LayeredTerrain/GrassSoil/EdgeGrassOnSoilRefined/Mask-07.asset using Guid(418e9fec0ca97b64ab0f4c86dc0fd006) (NativeFormatImporter) -> (artifact id: 'cd9c2cf18fdd38f609098f7d0cc15714') in 0.0018071 seconds
Start importing Assets/LayeredTerrain/CompositeBrushes/OriginalGrassSoil/OriginalGrassSoilReverseLandformTileSet.asset using Guid(813c3f8ce1d51a24093ce2c5ed1547fa) (NativeFormatImporter) -> (artifact id: 'b5291246265ecb7af0dd8a3a19f371a0') in 0.0014638 seconds
Start importing Assets/LayeredTerrain/GrassSoil/Authoring/SoilBase.asset using Guid(a158e7b4dd9e7c448b398f9b22a9f9c2) (NativeFormatImporter) -> (artifact id: '1d93f5ffd6651520cc292a513066cccb') in 0.0013218 seconds
Start importing Assets/LayeredTerrain/GrassSoil/EdgeGrassOnSoilRefined/Mask-05.asset using Guid(f15a3346efbbefb40babba4ef8f6ffa7) (NativeFormatImporter) -> (artifact id: '0325b05872f53d4d8922d91b29b864f9') in 0.0016639 seconds
Start importing Assets/LayeredTerrain/GrassSoil/LandformSoil/Mask-04.asset using Guid(f1fab5de0afca5445ba4970fcd52bbbe) (NativeFormatImporter) -> (artifact id: '09085b923c9ce06113de808e0225d25b') in 0.0015258 seconds
Start importing Assets/LayeredTerrain/GrassSoil/EdgeGrassOnSoilRefined/Mask-14.asset using Guid(1292b21714ab41b4197a410a29053ee2) (NativeFormatImporter) -> (artifact id: '113ba810aee874d1280699a85e7183b6') in 0.0012773 seconds
Start importing Assets/LayeredTerrain/GrassSoil/LandformGrass/Mask-08.asset using Guid(52e1998e35a61a047bd24dd910b6bb8c) (NativeFormatImporter) -> (artifact id: '675f77c88e6e0d975abaaae9f510d95d') in 0.0017289 seconds
Start importing Assets/LayeredTerrain/GrassSoil/EdgeGrassOnSoilRefined/Mask-15.asset using Guid(a2ee8cf7722d54542bb6934c3c7acca3) (NativeFormatImporter) -> (artifact id: '6edcf8d7d3f26ee03919cdd607084ab1') in 0.0013885 seconds
Start importing Assets/LayeredTerrain/GrassSoil/EdgeGrassOnSoilRefined/Mask-11.asset using Guid(c29b700cc6f883f4d8d20d2a190eee05) (NativeFormatImporter) -> (artifact id: 'f51c180f858faa73b198142b42927cfc') in 0.0013785 seconds
Start importing Assets/LayeredTerrain/GrassSoil/LandformGrass/Mask-07.asset using Guid(d285b7a144ce1134ba6f4b02b003db14) (NativeFormatImporter) -> (artifact id: '0038d19d51d9c42dea9465db3b105f39') in 0.0013649 seconds
Start importing Assets/LayeredTerrain/GrassSoil/LandformSoil/Mask-01.asset using Guid(030d3f064f313fe4aa4dd2ab0ae33f07) (NativeFormatImporter) -> (artifact id: '3fd5251983b6578fd68bf6bc3bb3b4e3') in 0.0015395 seconds
Start importing Assets/LayeredTerrain/GrassSoil/EdgeGrassOnSoilRefined/Mask-10.asset using Guid(c32eb2f88b196e04f96b1b2b04ea7efe) (NativeFormatImporter) -> (artifact id: '2d01cd9893dc47967ba87373e479eb7e') in 0.001317 seconds
Start importing Assets/LayeredTerrain/GrassSoil/LandformSoil/Mask-13.asset using Guid(04bdecbe02f95ef46986c7056c2b7c3b) (NativeFormatImporter) -> (artifact id: '15f31c02a38b8c10ecc25938dd45d64e') in 0.0013399 seconds
Start importing Assets/LayeredTerrain/GrassSoil/EdgeGrassOnSoilRefined/Mask-00.asset using Guid(e4a3c845026f4254892939518018693f) (NativeFormatImporter) -> (artifact id: '3a031e969e7d12b8ad7d8420c2b35c82') in 0.0017478 seconds
Start importing Assets/LayeredTerrain/GrassSoil/LandformSoil/Mask-03.asset using Guid(15a3542839f831f41a0a24e5e9e2f22c) (NativeFormatImporter) -> (artifact id: '6e77d59b695c8200cb85f17fa75a4b54') in 0.001455 seconds
Start importing Assets/LayeredTerrain/GrassSoil/LandformSoil/Mask-02.asset using Guid(f587922c248637745a6249f84c52611e) (NativeFormatImporter) -> (artifact id: '75844366cc32f023f1e40453bee8aa54') in 0.0017745 seconds
Start importing Assets/LayeredTerrain/GrassSoil/LandformGrass/Mask-09.asset using Guid(165dc20b52db7d14488b55217f6ac108) (NativeFormatImporter) -> (artifact id: '72e38899c33e0e3ced6ed6d0356b17dc') in 0.0016054 seconds
Start importing Assets/LayeredTerrain/GrassSoil/LandformSoil/Mask-11.asset using Guid(86718e5a68b1dcc47854d71bba5a1c17) (NativeFormatImporter) -> (artifact id: '04f57e67d298deb7839321669f6f5937') in 0.001331 seconds
Start importing Assets/LayeredTerrain/GrassSoil/EdgeGrassOnSoilRefined/Mask-09.asset using Guid(86c349d56e9db3e4e849d6749cdfbfbe) (NativeFormatImporter) -> (artifact id: 'a3a3937713e26dae2d17075614e230de') in 0.0014605 seconds
Start importing Assets/LayeredTerrain/CompositeBrushes/GrassSoil/GrassSoilReverseLandformTileSet.asset using Guid(17ff6febab517824eb695d29e0459a1f) (NativeFormatImporter) -> (artifact id: '3aac16350dc78571bdc4c034dd153e34') in 0.0015487 seconds
Start importing Assets/LayeredTerrain/GrassSoil/LandformSoil/Mask-09.asset using Guid(478b7d64a48c32541abd22cde03a7210) (NativeFormatImporter) -> (artifact id: 'df61b4f661f9c0aded60f089bd901d4a') in 0.0017436 seconds
Start importing Assets/LayeredTerrain/GrassSoil/LandformSoil/Mask-05.asset using Guid(878e7bb9dfa805f47b4b88fef4623c4b) (NativeFormatImporter) -> (artifact id: '6433cd5ece3fc29e9694b9c40d1cce7b') in 0.001295 seconds
Start importing Assets/LayeredTerrain/CompositeBrushes/StoneWater/StoneWaterReverseLandformTileSet.asset using Guid(97ffcbb8c3ab6264e80693ccaf0c43de) (NativeFormatImporter) -> (artifact id: '098d79a46ae44df4e4eabca0ead85233') in 0.0015029 seconds
Start importing Assets/LayeredTerrain/GrassSoil/LandformSoil/Mask-14.asset using Guid(a7806afe4f019d445bbf552f9eece05e) (NativeFormatImporter) -> (artifact id: 'e86c3f661d3698b3e540fda453881940') in 0.0013088 seconds
Start importing Assets/LayeredTerrain/GrassSoil/EdgeGrassOnSoilRefined/Mask-13.asset using Guid(a7d1a82699efeae47a6ca0a5bb112ae7) (NativeFormatImporter) -> (artifact id: 'a78e3ab795bab51c2fb8875ea81a3142') in 0.0013904 seconds
Start importing Assets/LayeredTerrain/GrassSoil/EdgeGrassOnSoilRefined/GrassOnSoilRefinedTileSet.asset using Guid(b75665e5083dab441a2805aa7b5e1562) (NativeFormatImporter) -> (artifact id: '9a378045af94549dd04c416ddd049034') in 0.0015995 seconds
Start importing Assets/LayeredTerrain/GrassSoil/LandformGrass/Mask-14.asset using Guid(c7287b8c949516949b483b111ceb39a0) (NativeFormatImporter) -> (artifact id: '742a261e597b802d91fa4c4b50193514') in 0.0013153 seconds
Start importing Assets/LayeredTerrain/GrassSoil/LandformSoil/Mask-00.asset using Guid(88d5b3d83381240419fa7d0a9d6c2c63) (NativeFormatImporter) -> (artifact id: 'ec59939a8b52efe47b329a71ceccb6a9') in 0.0015328 seconds
Start importing Assets/LayeredTerrain/GrassSoil/LandformGrass/Mask-13.asset using Guid(e80621ea42744c243ac2ec385c32b338) (NativeFormatImporter) -> (artifact id: 'c073a20a8e0628f7baf4a55a699ae105') in 0.0015333 seconds
Start importing Assets/LayeredTerrain/GrassSoil/LandformGrass/Mask-00.asset using Guid(c92ffc9e81d587840892eb05cf844fbf) (NativeFormatImporter) -> (artifact id: '6de21ee1cddad2dc5dc822438a8f4094') in 0.0013985 seconds
Start importing Assets/LayeredTerrain/GrassSoil/LandformSoil/Mask-08.asset using Guid(d98e1448816e2f443a1e4e6b40e7cc25) (NativeFormatImporter) -> (artifact id: '8c84979613e06175002d882607152e4e') in 0.0014305 seconds
Start importing Assets/LayeredTerrain/GrassSoil/LandformSoil/Mask-15.asset using Guid(e95509ac4ec30484ab37daa221658805) (NativeFormatImporter) -> (artifact id: 'f96248f32c56c962dfe506862d5fb21b') in 0.0013818 seconds
Start importing Assets/LayeredTerrain/GrassSoil/EdgeGrassOnSoilRefined/Mask-06.asset using Guid(e9ac41d989ad93f4ca1a691487107c16) (NativeFormatImporter) -> (artifact id: 'e9daccbac2653977ee343c02f273f598') in 0.0016785 seconds
Start importing Assets/LayeredTerrain/GrassSoil/LandformSoil/Mask-10.asset using Guid(f95d6c7578efacd4cb1f12c63e1d8ff8) (NativeFormatImporter) -> (artifact id: '90d43f8749769d1781298dd6bba5d61f') in 0.0013913 seconds
Start importing Assets/LayeredTerrain/GrassSoil/LandformGrass/Mask-10.asset using Guid(0a64b675a1f765c409b8f9deea1eb208) (NativeFormatImporter) -> (artifact id: '09c03947b8c465db650824308fe637f1') in 0.0013212 seconds
Start importing Assets/LayeredTerrain/GrassSoil/EdgeGrassOnSoilRefined/Mask-12.asset using Guid(3a09b8d94e4515f4fa39c4292c8052a7) (NativeFormatImporter) -> (artifact id: 'af83cf963396621d9d3bad458f6ed2a9') in 0.0015922 seconds
Start importing Assets/LayeredTerrain/GrassSoil/LandformSoil/Mask-06.asset using Guid(4ab46eb735954bf45977209e4a936a01) (NativeFormatImporter) -> (artifact id: '8450f37df15f7709b95c5c346493f1fd') in 0.0014441 seconds
Start importing Assets/LayeredTerrain/GrassSoil/LandformGrass/Mask-15.asset using Guid(7a5208b63b1d6284285e932c3708e65d) (NativeFormatImporter) -> (artifact id: '67ddae65d0c7a750e13eb34b9baf8365') in 0.0013318 seconds
Start importing Assets/LayeredTerrain/GrassSoil/LandformGrass/Mask-05.asset using Guid(3b4a2864fb45c5b4fae56fc1f697bbdd) (NativeFormatImporter) -> (artifact id: 'cf3f476c92289c5b074cb8ea3198ce61') in 0.0014233 seconds
Start importing Assets/LayeredTerrain/GrassSoil/EdgeGrassOnSoilRefined/Mask-08.asset using Guid(9b3d0613b51d86146bf5ea0994b42ddd) (NativeFormatImporter) -> (artifact id: '4e302c1a03e18f66e6c41c139ec180d3') in 0.0013152 seconds
Start importing Assets/LayeredTerrain/GrassSoil/LandformGrass/Mask-11.asset using Guid(bb6bc251a6bbcf54480e7f80f2181f2a) (NativeFormatImporter) -> (artifact id: '857582d6d96bb87d66880447573db021') in 0.0013722 seconds
Start importing Assets/LayeredTerrain/GrassSoil/LandformSoil/Mask-12.asset using Guid(3cfb4949c07b1bf43bc66661515525d7) (NativeFormatImporter) -> (artifact id: '3a6ea6ab140b5d680c9d80d68e71cee7') in 0.0013652 seconds
Start importing Assets/LayeredTerrain/GrassSoil/EdgeGrassOnSoilRefined/Mask-04.asset using Guid(6cca3f06a711ab34992417d66eeec087) (NativeFormatImporter) -> (artifact id: 'be2a2aeb01573b6be77d3a2b070fef25') in 0.0013934 seconds
Start importing Assets/LayeredTerrain/GrassSoil/Authoring/GrassBase.asset using Guid(3d71b1ea4e270714eb43b3b4541cda21) (NativeFormatImporter) -> (artifact id: '3f5ae16e96393bccc7f5f4d3650a3ce6') in 0.0012907 seconds
Start importing Assets/LayeredTerrain/GrassSoil/LandformGrass/Mask-06.asset using Guid(5d15d49b3c156ae479bd995b33107c67) (NativeFormatImporter) -> (artifact id: '05abb2ca9d5f1492af0ec896fb864d4e') in 0.0012456 seconds
Start importing Assets/LayeredTerrain/GrassSoil/LandformGrass/Mask-01.asset using Guid(7d609e3f17078a44f9a89e21b68ae180) (NativeFormatImporter) -> (artifact id: 'a1ebd9002be9baca60bb274969bc4dc2') in 0.0015216 seconds
Start importing Assets/LayeredTerrain/GrassSoil/LandformGrass/Mask-04.asset using Guid(ede22ab8e9b7bcc4da28aa41887e8614) (NativeFormatImporter) -> (artifact id: '42c1c0d805e7b323f147012ab0eb20fb') in 0.001289 seconds
Start importing Assets/LayeredTerrain/GrassSoil/LandformSoil/SoilLandformTileSet.asset using Guid(3e1155418d0567f44af4b96697c9dd09) (NativeFormatImporter) -> (artifact id: 'df15b8c45196950bc4219bee97aafc82') in 0.0013066 seconds
Start importing Assets/LayeredTerrain/GrassSoil/EdgeGrassOnSoilRefined/Mask-02.asset using Guid(6ef5433501c908740932ed7d05777790) (NativeFormatImporter) -> (artifact id: '25936841c896ee6e32acaadabe2f5ad9') in 0.0013861 seconds
Start importing Assets/LayeredTerrain/GrassSoil/EdgeGrassOnSoilRefined/Mask-01.asset using Guid(8e0671f07975b7c43b734d81c5ff11bc) (NativeFormatImporter) -> (artifact id: 'c6f3c5aa165967eeb465f4156418931b') in 0.0013183 seconds
Start importing Assets/LayeredTerrain/GrassSoil/EdgeGrassOnSoilRefined/Mask-03.asset using Guid(de5135a77f40df84b9a7170011242e63) (NativeFormatImporter) -> (artifact id: 'c4b8007304dbcd55f4ed04fb4957f5a6') in 0.001274 seconds
Start importing Assets/LayeredTerrain/GrassSoil/LandformGrass/GrassLandformTileSet.asset using Guid(2fc47b69529dfb541a089c835adb5ce8) (NativeFormatImporter) -> (artifact id: '7d9b947ceee84338616124256f8ad829') in 0.0012505 seconds
Start importing Assets/LayeredTerrain/GrassSoil/LandformGrass/Mask-12.asset using Guid(bfcde0f6045b297478b7cca21b2bd212) (NativeFormatImporter) -> (artifact id: 'fcc2d08d622fb7725cf22421d7d46e31') in 0.0019287 seconds
Start importing Assets/LayeredTerrain/GrassSoil/LandformGrass/Mask-02.asset using Guid(cfb8b16aec24e064ba3c8b202f110c99) (NativeFormatImporter) -> (artifact id: '918a9e9785ac5cd4f4174f2fe29d6d53') in 0.0017075 seconds
Start importing Assets/LayeredTerrain/GrassSoil/LandformGrass/Mask-03.asset using Guid(cf797356fdd5ba54fb021059b4e0c786) (NativeFormatImporter) -> (artifact id: '297c0fc42e401c9d7fd0a377a3b5b28e') in 0.0013999 seconds
Refreshing native plugins compatible for Editor in 0.19 ms, found 0 plugins.
Preloading 0 native plugins for Editor in 0.00 ms.
Asset Pipeline Refresh (id=81ad2f443d2c56d4c9d531a2a3d61240): Total: 0.113 seconds - Initiated by StopAssetImportingV2(NoUpdateAssetOptions)
Start importing Assets/LayeredTerrain/CompositeBrushes/OriginalGrassSoil/OriginalGrassSoilBrush.asset using Guid(21a71232d6e654e4b8c7960242ff7182) (NativeFormatImporter) -> (artifact id: '3547d87e50bc075e0e2036afaef240e2') in 0.00221 seconds
Start importing Assets/LayeredTerrain/CompositeBrushes/OriginalGrassSoil/OriginalGrassSoilReverseLandformTileSet.asset using Guid(813c3f8ce1d51a24093ce2c5ed1547fa) (NativeFormatImporter) -> (artifact id: 'b5291246265ecb7af0dd8a3a19f371a0') in 0.0015853 seconds
Refreshing native plugins compatible for Editor in 0.16 ms, found 0 plugins.
Preloading 0 native plugins for Editor in 0.00 ms.
Asset Pipeline Refresh (id=4906ec1e3a4340e4a9641264c76ce236): Total: 0.014 seconds - Initiated by StopAssetImportingV2(NoUpdateAssetOptions)
Start importing Assets/Battlefield/Terrain/OrchardDefaultTerrainPalette.asset using Guid(8f09d513b82ee0048abd5a50378dbb0c) (NativeFormatImporter) -> (artifact id: 'af117db4ea5f59db66e2603074e05e44') in 0.0022251 seconds
Refreshing native plugins compatible for Editor in 0.16 ms, found 0 plugins.
Preloading 0 native plugins for Editor in 0.00 ms.
Asset Pipeline Refresh (id=a7097f73390e1bf49a8e8e1ab4323e53): Total: 0.012 seconds - Initiated by StopAssetImportingV2(NoUpdateAssetOptions)
Asset Pipeline Refresh (id=35e63001025b1ce4c8ed9efb7f1ff46f): Total: 0.011 seconds - Initiated by RefreshV2(NoUpdateAssetOptions)
Asset Pipeline Refresh (id=5c390d0617576854eb22e121eccf62f6): Total: 0.042 seconds - Initiated by RefreshV2(NoUpdateAssetOptions)
Square contour topology guide generated: Assets/LayeredTerrain/GrassSoil/Square/Topology/SquareContourTopologyGuide.png
UnityEngine.Debug:ExtractStackTraceNoAlloc (byte*,int,string)
UnityEngine.StackTraceUtility:ExtractStackTrace ()
UnityEngine.DebugLogHandler:Internal_Log (UnityEngine.LogType,UnityEngine.LogOption,string,UnityEngine.Object)
UnityEngine.DebugLogHandler:LogFormat (UnityEngine.LogType,UnityEngine.Object,string,object[])
UnityEngine.Logger:Log (UnityEngine.LogType,object)
UnityEngine.Debug:Log (object)
FruitDefense.Editor.SquareTerrainArtGenerator:GenerateTopologyGuide () (at Assets/Editor/Tools/SquareTerrainArtGenerator.cs:42)
FruitDefense.Editor.SquareTerrainArtGenerator:GenerateAvailableSquareAssets () (at Assets/Editor/Tools/SquareTerrainArtGenerator.cs:133)
FruitDefense.Editor.LayeredTerrainArtSetup:EnsurePaletteAssets () (at Assets/Editor/Tools/LayeredTerrainArtSetup.cs:62)
FruitDefense.Editor.LayeredTerrainPainterSmoke:ValidateRegisteredBrushApplication () (at Assets/Editor/Tests/LayeredTerrainPainterSmoke.cs:99)
FruitDefense.Editor.LayeredTerrainPainterSmoke:Validate () (at Assets/Editor/Tests/LayeredTerrainPainterSmoke.cs:26)
FruitDefense.Editor.ProjectSetup:SmokeValidate () (at Assets/Editor/Tools/ProjectSetup.cs:248)
FruitDefense.Editor.P0ValidationSuite:Run () (at Assets/Editor/Tests/P0ValidationSuite.cs:18)

(Filename: Assets/Editor/Tools/SquareTerrainArtGenerator.cs Line: 42)

Asset Pipeline Refresh (id=e6fa3b85d8f0ab24aa30f9d993f3b39a): Total: 0.029 seconds - Initiated by RefreshV2(NoUpdateAssetOptions)
Asset Pipeline Refresh (id=1898c6c388976f04596720486b969de2): Total: 0.035 seconds - Initiated by RefreshV2(NoUpdateAssetOptions)
Asset Pipeline Refresh (id=f866e54898074874880e3bba61a24b74): Total: 0.034 seconds - Initiated by RefreshV2(NoUpdateAssetOptions)
Start importing Assets/LayeredTerrain/GrassSoil/Square/LandformStoneRoad/Mask-07.asset using Guid(b02fd980a2abc6b41974d859a777fb1d) (NativeFormatImporter) -> (artifact id: '09027e8d963d8fd928277d96f7735e27') in 0.0016623 seconds
Start importing Assets/LayeredTerrain/GrassSoil/Square/LandformGrass/Mask-05.asset using Guid(d04330ef8020b8a41b9e4589cb202101) (NativeFormatImporter) -> (artifact id: '4e5972f1b6c2ded32e8e48532b67135b') in 0.0013829 seconds
Start importing Assets/LayeredTerrain/GrassSoil/Square/LandformGrass/Mask-12.asset using Guid(d00b41817e9bc0741ad148ea3e94519a) (NativeFormatImporter) -> (artifact id: '9d0a3a48e4156b96b3c76ca702bf7bff') in 0.0013009 seconds
Start importing Assets/LayeredTerrain/GrassSoil/Square/LandformStoneRoad/Mask-13.asset using Guid(116a8c3b6ac195a4ebb8e3c7a9989ddc) (NativeFormatImporter) -> (artifact id: '871e193410b26687800828802aef7920') in 0.0014873 seconds
Start importing Assets/LayeredTerrain/GrassSoil/Square/LandformGrass/Mask-02.asset using Guid(315648227c153724090125e98f4cba15) (NativeFormatImporter) -> (artifact id: 'd08b86b0e86b5ac26e9107766d5008d1') in 0.0013598 seconds
Start importing Assets/LayeredTerrain/GrassSoil/Square/LandformStoneRoad/Mask-11.asset using Guid(519050a0a5a9f5847b095ee0b83437a0) (NativeFormatImporter) -> (artifact id: 'ae100c2ae270a66d81134616e885003c') in 0.0014691 seconds
Start importing Assets/LayeredTerrain/GrassSoil/Square/LandformGrass/Mask-14.asset using Guid(81815b76ad7c06c47bf1bc7b65624ffd) (NativeFormatImporter) -> (artifact id: 'e00c4c5ecbd51682bc3c65bf8d862a23') in 0.0014601 seconds
Start importing Assets/LayeredTerrain/GrassSoil/Square/LandformSoil/Mask-03.asset using Guid(b1c5384b4651e4a4a82d483cc64aae79) (NativeFormatImporter) -> (artifact id: '45c12fb41048b850cd7cb0f3e535436a') in 0.0012892 seconds
Start importing Assets/LayeredTerrain/GrassSoil/Square/LandformGrass/Mask-15.asset using Guid(027119ab30d86a546a5d935d6e9ec608) (NativeFormatImporter) -> (artifact id: '7e821f282e19a2a4d5825e548df9693a') in 0.001302 seconds
Start importing Assets/LayeredTerrain/GrassSoil/Square/LandformGrass/Mask-00.asset using Guid(13f70a46e499e0146bffd256e7c14483) (NativeFormatImporter) -> (artifact id: '2a9713a59b72231d0d554c49e274b85a') in 0.0012948 seconds
Start importing Assets/LayeredTerrain/GrassSoil/Square/LandformSoil/Mask-00.asset using Guid(8303f71f8469fd7459473d47391ab0b3) (NativeFormatImporter) -> (artifact id: '1442dfc314550b70b27dde3dada60cc7') in 0.0013453 seconds
Start importing Assets/LayeredTerrain/GrassSoil/Square/LandformSoil/Mask-01.asset using Guid(d33072ada9e1bb749adcc5938680d51a) (NativeFormatImporter) -> (artifact id: '7a8f58bad24b64f744799cb0b0b9228f') in 0.00134 seconds
Start importing Assets/LayeredTerrain/GrassSoil/Square/LandformStoneRoad/Mask-09.asset using Guid(d30b19c2c64338a4fa9211b305cf65b1) (NativeFormatImporter) -> (artifact id: '59211e6be04f7e5724ec1a1b38221d71') in 0.0013768 seconds
Start importing Assets/LayeredTerrain/GrassSoil/Square/LandformSoil/Mask-13.asset using Guid(548b829df136ae948902efdc96ee70bb) (NativeFormatImporter) -> (artifact id: 'd770f2a72e8453a69c8ff146ee623ca5') in 0.0014539 seconds
Start importing Assets/LayeredTerrain/GrassSoil/Square/LandformStoneRoad/Mask-00.asset using Guid(74d1d4b679c3aec43af1bd30b6c4aea1) (NativeFormatImporter) -> (artifact id: '4c60ffb732228db343f89511449fce3b') in 0.0013118 seconds
Start importing Assets/LayeredTerrain/GrassSoil/Square/LandformGrass/Mask-01.asset using Guid(35cbc7e6bd8f2f84d9c7965779c9b2eb) (NativeFormatImporter) -> (artifact id: '7cd6fe12f157cd0a0b2a210183323c21') in 0.0012951 seconds
Start importing Assets/LayeredTerrain/GrassSoil/Square/LandformGrass/Mask-10.asset using Guid(5728d44dd2630ff40849746ce5d849d7) (NativeFormatImporter) -> (artifact id: '57d0e56c944d10ea9c02adfa74800a28') in 0.0014711 seconds
Start importing Assets/LayeredTerrain/GrassSoil/Square/LandformSoil/Mask-09.asset using Guid(67347eef4df492941b15d16b687e2cb7) (NativeFormatImporter) -> (artifact id: '0b3fee03fb07b35a5fbe9374ec056b4b') in 0.0014042 seconds
Start importing Assets/LayeredTerrain/GrassSoil/Square/LandformGrass/Mask-04.asset using Guid(87737865bdb87ec43864ad3d997d7626) (NativeFormatImporter) -> (artifact id: '83b9f8cc1d095defdc009bd1839b690f') in 0.001301 seconds
Start importing Assets/LayeredTerrain/GrassSoil/Square/LandformSoil/Mask-02.asset using Guid(87e33da937f65d34fb027eebfd8c1343) (NativeFormatImporter) -> (artifact id: '031756e6cc2b3a5ef2ddcaf8740ee21f') in 0.0013088 seconds
Start importing Assets/LayeredTerrain/GrassSoil/Square/LandformGrass/Mask-08.asset using Guid(b781c12832a4cd84392ab7d35a405505) (NativeFormatImporter) -> (artifact id: 'c734ab3f59a9e28ca19de35691f15a63') in 0.0015194 seconds
Start importing Assets/LayeredTerrain/GrassSoil/Square/LandformStoneRoad/Mask-04.asset using Guid(f70ec30b59552144a97e4da8fea5520c) (NativeFormatImporter) -> (artifact id: '67ab708a109917ddbe110252083911c2') in 0.0012645 seconds
Start importing Assets/LayeredTerrain/GrassSoil/Square/LandformStoneRoad/Mask-05.asset using Guid(08c7afe6a1108a84b9f8ac99c7fa610e) (NativeFormatImporter) -> (artifact id: 'a8026e8f0c10f4b634f0c477d7f79ba5') in 0.0013388 seconds
Start importing Assets/LayeredTerrain/GrassSoil/Square/LandformStoneRoad/Mask-14.asset using Guid(39202684bd500f14184c5131ac46a6dd) (NativeFormatImporter) -> (artifact id: 'b43c0e8abc2951d26427ba0ee51e7ebb') in 0.001527 seconds
Start importing Assets/LayeredTerrain/GrassSoil/Square/LandformSoil/SoilSquareLandformTileSet.asset using Guid(897d878e9497c6e4d935ea42058d6001) (NativeFormatImporter) -> (artifact id: '17e85a477bcdc5aaf3c7a2ca1f1f5d8e') in 0.00152 seconds
Start importing Assets/LayeredTerrain/GrassSoil/Square/LandformStoneRoad/StoneRoadSquareLandformTileSet.asset using Guid(0a6730ef0e26d5b49b9ae3129ee21909) (NativeFormatImporter) -> (artifact id: '48456893df0f467254b3256235820444') in 0.0013685 seconds
Start importing Assets/LayeredTerrain/GrassSoil/Square/LandformStoneRoad/Mask-10.asset using Guid(caa578d738fb0414e820ab1e3541b03f) (NativeFormatImporter) -> (artifact id: 'be4dcdbbc4fe728152242b70b5e9bb78') in 0.0013643 seconds
Start importing Assets/LayeredTerrain/GrassSoil/Square/LandformSoil/Mask-07.asset using Guid(2ce20b5da48d1ae43956c41d22ecd92e) (NativeFormatImporter) -> (artifact id: '7c41af1778c9689fc8cf1f4e4fcccd2c') in 0.0013933 seconds
Start importing Assets/LayeredTerrain/GrassSoil/Square/LandformSoil/Mask-11.asset using Guid(2c6bd62321830da498ea7724ae626857) (NativeFormatImporter) -> (artifact id: 'b1033fab3dddb68d369a244413a84ab3') in 0.0012533 seconds
Start importing Assets/LayeredTerrain/GrassSoil/Square/LandformStoneRoad/Mask-15.asset using Guid(5cbc1f25709453b4a90de7054d0ce9b7) (NativeFormatImporter) -> (artifact id: 'ca75aea14a03badd729ba37b57fc7710') in 0.0012563 seconds
Start importing Assets/LayeredTerrain/GrassSoil/Square/LandformGrass/Mask-09.asset using Guid(8c5fb632240287d48a17621f58d3a651) (NativeFormatImporter) -> (artifact id: '77c6cf5113d6c96189dbf6818d84fd5f') in 0.0014124 seconds
Start importing Assets/LayeredTerrain/GrassSoil/Square/LandformSoil/Mask-12.asset using Guid(bc85f424c35a6c845b2186949136a828) (NativeFormatImporter) -> (artifact id: '08c355397adee775c3834a7a7a0bf465') in 0.0013544 seconds
Start importing Assets/LayeredTerrain/GrassSoil/Square/LandformSoil/Mask-10.asset using Guid(0dfe2c0efe3330c4d9570f0061d459b9) (NativeFormatImporter) -> (artifact id: '88decb540b9e036a0400c2d34dbc707c') in 0.0012766 seconds
Start importing Assets/LayeredTerrain/GrassSoil/Square/LandformGrass/Mask-03.asset using Guid(1db706b3e9547554e9081663c6442ba0) (NativeFormatImporter) -> (artifact id: 'fdfbe87044d88284093ccc42787947e0') in 0.0013057 seconds
Start importing Assets/LayeredTerrain/GrassSoil/Square/LandformStoneRoad/Mask-02.asset using Guid(1d9b71389b4697e4586703b25f185da7) (NativeFormatImporter) -> (artifact id: 'dbb50fa57ab28462356bbd1a8ebab835') in 0.0013305 seconds
Start importing Assets/LayeredTerrain/GrassSoil/Square/LandformSoil/Mask-05.asset using Guid(2de42da45e48f974e9a74a6970e6e643) (NativeFormatImporter) -> (artifact id: '6e739e360d22b33fd378e6acefe9d800') in 0.0012627 seconds
Start importing Assets/LayeredTerrain/GrassSoil/Square/LandformGrass/Mask-11.asset using Guid(5d253dc28016ae64db4653758ac0af88) (NativeFormatImporter) -> (artifact id: '4dbb166b77c04b10385ee89749d834d3') in 0.0012113 seconds
Start importing Assets/LayeredTerrain/GrassSoil/Square/LandformSoil/Mask-04.asset using Guid(5d4806f722710eb40b1cf937cc6498b6) (NativeFormatImporter) -> (artifact id: 'a825e4a02be2364dca6cd5d251c2a1af') in 0.0014234 seconds
Start importing Assets/LayeredTerrain/GrassSoil/Square/LandformStoneRoad/Mask-01.asset using Guid(add98a42caf91414387900c1b29b92c6) (NativeFormatImporter) -> (artifact id: 'a1a43dffdd1f7cdd6311169ade464c57') in 0.0012816 seconds
Start importing Assets/LayeredTerrain/GrassSoil/Square/LandformGrass/Mask-06.asset using Guid(cd0f4d7279da9f84caa8c319e7ab29f9) (NativeFormatImporter) -> (artifact id: '52937737c65259daea7bed84aa0a8a04') in 0.00135 seconds
Start importing Assets/LayeredTerrain/GrassSoil/Square/LandformGrass/Mask-07.asset using Guid(4e65cf042fab2c1448282809779edb8a) (NativeFormatImporter) -> (artifact id: '8cc68977b954eb6d618706e748b65e8b') in 0.0012591 seconds
Start importing Assets/LayeredTerrain/GrassSoil/Square/LandformGrass/Mask-13.asset using Guid(7e2014d33d57f294f97dea5ed30b730c) (NativeFormatImporter) -> (artifact id: '93ec9328dc52bc61493ece4ef09f812b') in 0.0013648 seconds
Start importing Assets/LayeredTerrain/GrassSoil/Square/LandformSoil/Mask-14.asset using Guid(ae949dd8d7965fa41b1d3481d8bf8e30) (NativeFormatImporter) -> (artifact id: '13d3e8fadf25938fb6084c9eacdc285d') in 0.0012753 seconds
Start importing Assets/LayeredTerrain/GrassSoil/Square/LandformStoneRoad/Mask-08.asset using Guid(aecab5b9f537b5349adcff0900809717) (NativeFormatImporter) -> (artifact id: '6723e7d6eab214144e2a993643460ee5') in 0.0012377 seconds
Start importing Assets/LayeredTerrain/GrassSoil/Square/LandformSoil/Mask-15.asset using Guid(ce833c44287e15a44945e738038eb1c3) (NativeFormatImporter) -> (artifact id: '7c1ac2f82e318d432012af6c6509f07a') in 0.0014147 seconds
Start importing Assets/LayeredTerrain/GrassSoil/Square/LandformSoil/Mask-08.asset using Guid(ee6f4f16a4085914dbcb15919c60654c) (NativeFormatImporter) -> (artifact id: '2a403aad88716c1a9d6ee321599dc86f') in 0.001492 seconds
Start importing Assets/LayeredTerrain/GrassSoil/Square/LandformStoneRoad/Mask-12.asset using Guid(2f49f6b2d05a8804097e79c69e515dc3) (NativeFormatImporter) -> (artifact id: '3512849ba8746b3929337e37047f52c2') in 0.0012446 seconds
Start importing Assets/LayeredTerrain/GrassSoil/Square/LandformSoil/Mask-06.asset using Guid(3ff6ff5cd14cc7441a6a84cdde5ff745) (NativeFormatImporter) -> (artifact id: 'c47a955bf9dc32d5bb761f8069ffd421') in 0.0013013 seconds
Start importing Assets/LayeredTerrain/GrassSoil/Square/LandformStoneRoad/Mask-06.asset using Guid(df46002ea561b404889b370e84a77f83) (NativeFormatImporter) -> (artifact id: 'c73fed30de3e790341265e9a3306482c') in 0.0013941 seconds
Start importing Assets/LayeredTerrain/GrassSoil/Square/LandformStoneRoad/Mask-03.asset using Guid(df1e863caf3bc5441a0d4c507b76c311) (NativeFormatImporter) -> (artifact id: 'a9a2fb8e8c6cb1c0cdbe880f9de699ac') in 0.0013333 seconds
Start importing Assets/LayeredTerrain/GrassSoil/Square/LandformGrass/GrassSquareLandformTileSet.asset using Guid(ef399dc10411dd84ab6a276f72e506ea) (NativeFormatImporter) -> (artifact id: '3f3f806b6373e60abb62a5adaf65a9f7') in 0.0013127 seconds
Refreshing native plugins compatible for Editor in 0.19 ms, found 0 plugins.
Preloading 0 native plugins for Editor in 0.00 ms.
Asset Pipeline Refresh (id=20f9e5e0a4f7f0d44ad4020460d6226a): Total: 0.095 seconds - Initiated by StopAssetImportingV2(NoUpdateAssetOptions)
Native 256 px square grass, soil and stone-road landforms generated.
UnityEngine.Debug:ExtractStackTraceNoAlloc (byte*,int,string)
UnityEngine.StackTraceUtility:ExtractStackTrace ()
UnityEngine.DebugLogHandler:Internal_Log (UnityEngine.LogType,UnityEngine.LogOption,string,UnityEngine.Object)
UnityEngine.DebugLogHandler:LogFormat (UnityEngine.LogType,UnityEngine.Object,string,object[])
UnityEngine.Logger:Log (UnityEngine.LogType,object)
UnityEngine.Debug:Log (object)
FruitDefense.Editor.SquareTerrainArtGenerator:GenerateDeterministicLandforms () (at Assets/Editor/Tools/SquareTerrainArtGenerator.cs:87)
FruitDefense.Editor.SquareTerrainArtGenerator:GenerateAvailableSquareAssets () (at Assets/Editor/Tools/SquareTerrainArtGenerator.cs:134)
FruitDefense.Editor.LayeredTerrainArtSetup:EnsurePaletteAssets () (at Assets/Editor/Tools/LayeredTerrainArtSetup.cs:62)
FruitDefense.Editor.LayeredTerrainPainterSmoke:ValidateRegisteredBrushApplication () (at Assets/Editor/Tests/LayeredTerrainPainterSmoke.cs:99)
FruitDefense.Editor.LayeredTerrainPainterSmoke:Validate () (at Assets/Editor/Tests/LayeredTerrainPainterSmoke.cs:26)
FruitDefense.Editor.ProjectSetup:SmokeValidate () (at Assets/Editor/Tools/ProjectSetup.cs:248)
FruitDefense.Editor.P0ValidationSuite:Run () (at Assets/Editor/Tests/P0ValidationSuite.cs:18)

(Filename: Assets/Editor/Tools/SquareTerrainArtGenerator.cs Line: 87)

Asset Pipeline Refresh (id=47d17c102fdabea4eb92380d3fc3b070): Total: 0.038 seconds - Initiated by RefreshV2(NoUpdateAssetOptions)
Start importing Assets/LayeredTerrain/GrassSoil/Square/EdgeGrassOnSoilPainted/Mask-15.asset using Guid(a17969b175ec3354c8fe533c48257f94) (NativeFormatImporter) -> (artifact id: '99f211a0ff210a0c86467a3e625714fe') in 0.0018455 seconds
Start importing Assets/LayeredTerrain/GrassSoil/Square/EdgeGrassOnSoilPainted/Mask-04.asset using Guid(e2449efc0c1116648a5b9cbfe33d8e81) (NativeFormatImporter) -> (artifact id: '18145ed9e628d5f8340c44824db6c8be') in 0.0014695 seconds
Start importing Assets/LayeredTerrain/GrassSoil/Square/EdgeGrassOnSoilPainted/Mask-14.asset using Guid(4328f421ed4ea34439d6e4e50990e24a) (NativeFormatImporter) -> (artifact id: '6bbe4451c7dca2d4de869403308041cf') in 0.0017786 seconds
Start importing Assets/LayeredTerrain/GrassSoil/Square/EdgeGrassOnSoilPainted/Mask-11.asset using Guid(04aab987cd98a4440b66bb727667d8db) (NativeFormatImporter) -> (artifact id: 'eb6fb6ecd423e575e0946462aa243d66') in 0.0014361 seconds
Start importing Assets/LayeredTerrain/GrassSoil/Square/EdgeGrassOnSoilPainted/Mask-13.asset using Guid(75f61e4d96323eb4e906226b1dd8a16a) (NativeFormatImporter) -> (artifact id: '7952dc870547efbd422b012b46d2b17a') in 0.0014074 seconds
Start importing Assets/LayeredTerrain/GrassSoil/Square/EdgeGrassOnSoilPainted/Mask-08.asset using Guid(062a9acbc752b0342becc47471c8dad4) (NativeFormatImporter) -> (artifact id: 'ee86fce3dc4587f247fc6e398cfff9cd') in 0.0017745 seconds
Start importing Assets/LayeredTerrain/GrassSoil/Square/EdgeGrassOnSoilPainted/Mask-12.asset using Guid(17347530ba5655e4cb59ff249a976ea1) (NativeFormatImporter) -> (artifact id: '27e6bc4eabc1e74cb23636389ffd9263') in 0.0013238 seconds
Start importing Assets/LayeredTerrain/GrassSoil/Square/EdgeGrassOnSoilPainted/Mask-00.asset using Guid(676ca911d7a7bbf408a30856d7cc6990) (NativeFormatImporter) -> (artifact id: '557d3d98682769dd5e96ded56f4299cf') in 0.0014276 seconds
Start importing Assets/LayeredTerrain/GrassSoil/Square/EdgeGrassOnSoilPainted/Mask-10.asset using Guid(e75c1031ec799e0448fd29d3082006b4) (NativeFormatImporter) -> (artifact id: 'c8e41218e8984dd46c91b31d7703de4f') in 0.0015663 seconds
Start importing Assets/LayeredTerrain/GrassSoil/Square/EdgeGrassOnSoilPainted/Mask-09.asset using Guid(a8a7730f3a6dd484198f1b19fed8a24f) (NativeFormatImporter) -> (artifact id: '5597baddb442bf8a928e37d39723d50b') in 0.001312 seconds
Start importing Assets/LayeredTerrain/GrassSoil/Square/EdgeGrassOnSoilPainted/Mask-07.asset using Guid(f8b2f90201834fa478634d3f30f6af16) (NativeFormatImporter) -> (artifact id: 'a306cb5e617a8648a67a81dc94516e9e') in 0.0013055 seconds
Start importing Assets/LayeredTerrain/GrassSoil/Square/EdgeGrassOnSoilPainted/Mask-06.asset using Guid(19882d23e028ac94e8abd02f91624ba8) (NativeFormatImporter) -> (artifact id: '54900e8224e5828f7c6a4f69fec6db72') in 0.0015821 seconds
Start importing Assets/LayeredTerrain/GrassSoil/Square/EdgeGrassOnSoilPainted/Mask-01.asset using Guid(b94d4b2cd03a1b04b83a81974d966227) (NativeFormatImporter) -> (artifact id: '7caf427609fab688c51f9caa2ce6a79f') in 0.0013589 seconds
Start importing Assets/LayeredTerrain/GrassSoil/Square/EdgeGrassOnSoilPainted/Mask-03.asset using Guid(1a4a3cc4af69bbc4aaabde52016c4f95) (NativeFormatImporter) -> (artifact id: 'af45f85c0f45a239757e36be7c184f6c') in 0.0015718 seconds
Start importing Assets/LayeredTerrain/GrassSoil/Square/EdgeGrassOnSoilPainted/Mask-05.asset using Guid(bacdc75efb95eda42aa6803845d196c4) (NativeFormatImporter) -> (artifact id: '6d469253745d86e884993bfadfef01d0') in 0.0014965 seconds
Start importing Assets/LayeredTerrain/GrassSoil/Square/EdgeGrassOnSoilPainted/GrassOnSoilSquarePaintedTileSet.asset using Guid(1b984e39e61f8734d8c54b032e84c3a3) (NativeFormatImporter) -> (artifact id: '612bda68ec02f7c1be620eb4ba627873') in 0.00139 seconds
Start importing Assets/LayeredTerrain/GrassSoil/Square/EdgeGrassOnSoilPainted/Mask-02.asset using Guid(8d6a7e51f29762f4796204a57546e522) (NativeFormatImporter) -> (artifact id: '504e9a251c8e415c78cba5f93910b005') in 0.0012867 seconds
Refreshing native plugins compatible for Editor in 0.23 ms, found 0 plugins.
Preloading 0 native plugins for Editor in 0.00 ms.
Asset Pipeline Refresh (id=6b377de391b8794499e4297fb53ef496): Total: 0.041 seconds - Initiated by StopAssetImportingV2(NoUpdateAssetOptions)
Accepted ribbon lip profile packaged as a top-down grass feather with base-grass RGB, guide-owned topology and no soil wall or outline.
UnityEngine.Debug:ExtractStackTraceNoAlloc (byte*,int,string)
UnityEngine.StackTraceUtility:ExtractStackTrace ()
UnityEngine.DebugLogHandler:Internal_Log (UnityEngine.LogType,UnityEngine.LogOption,string,UnityEngine.Object)
UnityEngine.DebugLogHandler:LogFormat (UnityEngine.LogType,UnityEngine.Object,string,object[])
UnityEngine.Logger:Log (UnityEngine.LogType,object)
UnityEngine.Debug:Log (object)
FruitDefense.Editor.SquareTerrainArtGenerator:PackageAcceptedGrassOnSoilCandidate () (at Assets/Editor/Tools/SquareTerrainArtGenerator.cs:126)
FruitDefense.Editor.SquareTerrainArtGenerator:GenerateAvailableSquareAssets () (at Assets/Editor/Tools/SquareTerrainArtGenerator.cs:138)
FruitDefense.Editor.LayeredTerrainArtSetup:EnsurePaletteAssets () (at Assets/Editor/Tools/LayeredTerrainArtSetup.cs:62)
FruitDefense.Editor.LayeredTerrainPainterSmoke:ValidateRegisteredBrushApplication () (at Assets/Editor/Tests/LayeredTerrainPainterSmoke.cs:99)
FruitDefense.Editor.LayeredTerrainPainterSmoke:Validate () (at Assets/Editor/Tests/LayeredTerrainPainterSmoke.cs:26)
FruitDefense.Editor.ProjectSetup:SmokeValidate () (at Assets/Editor/Tools/ProjectSetup.cs:248)
FruitDefense.Editor.P0ValidationSuite:Run () (at Assets/Editor/Tests/P0ValidationSuite.cs:18)

(Filename: Assets/Editor/Tools/SquareTerrainArtGenerator.cs Line: 126)

Start importing Assets/LayeredTerrain/GrassSoil/LandformSoil/Mask-07.asset using Guid(40244693c163e6541baff892b129cb00) (NativeFormatImporter) -> (artifact id: 'e65830c68ae7e03467001a0296ab0069') in 0.001993 seconds
Start importing Assets/LayeredTerrain/GrassSoil/EdgeGrassOnSoilRefined/Mask-07.asset using Guid(418e9fec0ca97b64ab0f4c86dc0fd006) (NativeFormatImporter) -> (artifact id: 'cd9c2cf18fdd38f609098f7d0cc15714') in 0.0020057 seconds
Start importing Assets/LayeredTerrain/CompositeBrushes/OriginalGrassSoil/OriginalGrassSoilReverseLandformTileSet.asset using Guid(813c3f8ce1d51a24093ce2c5ed1547fa) (NativeFormatImporter) -> (artifact id: 'b5291246265ecb7af0dd8a3a19f371a0') in 0.0016705 seconds
Start importing Assets/LayeredTerrain/GrassSoil/Authoring/SoilBase.asset using Guid(a158e7b4dd9e7c448b398f9b22a9f9c2) (NativeFormatImporter) -> (artifact id: '1d93f5ffd6651520cc292a513066cccb') in 0.0016555 seconds
Start importing Assets/LayeredTerrain/GrassSoil/EdgeGrassOnSoilRefined/Mask-05.asset using Guid(f15a3346efbbefb40babba4ef8f6ffa7) (NativeFormatImporter) -> (artifact id: '0325b05872f53d4d8922d91b29b864f9') in 0.0015849 seconds
Start importing Assets/LayeredTerrain/GrassSoil/LandformSoil/Mask-04.asset using Guid(f1fab5de0afca5445ba4970fcd52bbbe) (NativeFormatImporter) -> (artifact id: '09085b923c9ce06113de808e0225d25b') in 0.0013955 seconds
Start importing Assets/LayeredTerrain/GrassSoil/EdgeGrassOnSoilRefined/Mask-14.asset using Guid(1292b21714ab41b4197a410a29053ee2) (NativeFormatImporter) -> (artifact id: '113ba810aee874d1280699a85e7183b6') in 0.0014975 seconds
Start importing Assets/LayeredTerrain/GrassSoil/LandformGrass/Mask-08.asset using Guid(52e1998e35a61a047bd24dd910b6bb8c) (NativeFormatImporter) -> (artifact id: '675f77c88e6e0d975abaaae9f510d95d') in 0.0016825 seconds
Start importing Assets/LayeredTerrain/GrassSoil/EdgeGrassOnSoilRefined/Mask-15.asset using Guid(a2ee8cf7722d54542bb6934c3c7acca3) (NativeFormatImporter) -> (artifact id: '6edcf8d7d3f26ee03919cdd607084ab1') in 0.0013044 seconds
Start importing Assets/LayeredTerrain/GrassSoil/EdgeGrassOnSoilRefined/Mask-11.asset using Guid(c29b700cc6f883f4d8d20d2a190eee05) (NativeFormatImporter) -> (artifact id: 'f51c180f858faa73b198142b42927cfc') in 0.0013566 seconds
Start importing Assets/LayeredTerrain/GrassSoil/LandformGrass/Mask-07.asset using Guid(d285b7a144ce1134ba6f4b02b003db14) (NativeFormatImporter) -> (artifact id: '0038d19d51d9c42dea9465db3b105f39') in 0.0014836 seconds
Start importing Assets/LayeredTerrain/GrassSoil/LandformSoil/Mask-01.asset using Guid(030d3f064f313fe4aa4dd2ab0ae33f07) (NativeFormatImporter) -> (artifact id: '3fd5251983b6578fd68bf6bc3bb3b4e3') in 0.0013012 seconds
Start importing Assets/LayeredTerrain/GrassSoil/EdgeGrassOnSoilRefined/Mask-10.asset using Guid(c32eb2f88b196e04f96b1b2b04ea7efe) (NativeFormatImporter) -> (artifact id: '2d01cd9893dc47967ba87373e479eb7e') in 0.0013364 seconds
Start importing Assets/LayeredTerrain/GrassSoil/LandformSoil/Mask-13.asset using Guid(04bdecbe02f95ef46986c7056c2b7c3b) (NativeFormatImporter) -> (artifact id: '15f31c02a38b8c10ecc25938dd45d64e') in 0.0015617 seconds
Start importing Assets/LayeredTerrain/GrassSoil/EdgeGrassOnSoilRefined/Mask-00.asset using Guid(e4a3c845026f4254892939518018693f) (NativeFormatImporter) -> (artifact id: '3a031e969e7d12b8ad7d8420c2b35c82') in 0.0014734 seconds
Start importing Assets/LayeredTerrain/GrassSoil/LandformSoil/Mask-03.asset using Guid(15a3542839f831f41a0a24e5e9e2f22c) (NativeFormatImporter) -> (artifact id: '6e77d59b695c8200cb85f17fa75a4b54') in 0.0012534 seconds
Start importing Assets/LayeredTerrain/GrassSoil/LandformSoil/Mask-02.asset using Guid(f587922c248637745a6249f84c52611e) (NativeFormatImporter) -> (artifact id: '75844366cc32f023f1e40453bee8aa54') in 0.0015574 seconds
Start importing Assets/LayeredTerrain/GrassSoil/LandformGrass/Mask-09.asset using Guid(165dc20b52db7d14488b55217f6ac108) (NativeFormatImporter) -> (artifact id: '72e38899c33e0e3ced6ed6d0356b17dc') in 0.0013172 seconds
Start importing Assets/LayeredTerrain/GrassSoil/LandformSoil/Mask-11.asset using Guid(86718e5a68b1dcc47854d71bba5a1c17) (NativeFormatImporter) -> (artifact id: '04f57e67d298deb7839321669f6f5937') in 0.00129 seconds
Start importing Assets/LayeredTerrain/GrassSoil/EdgeGrassOnSoilRefined/Mask-09.asset using Guid(86c349d56e9db3e4e849d6749cdfbfbe) (NativeFormatImporter) -> (artifact id: 'a3a3937713e26dae2d17075614e230de') in 0.0014471 seconds
Start importing Assets/LayeredTerrain/CompositeBrushes/GrassSoil/GrassSoilReverseLandformTileSet.asset using Guid(17ff6febab517824eb695d29e0459a1f) (NativeFormatImporter) -> (artifact id: '3aac16350dc78571bdc4c034dd153e34') in 0.00159 seconds
Start importing Assets/LayeredTerrain/GrassSoil/LandformSoil/Mask-09.asset using Guid(478b7d64a48c32541abd22cde03a7210) (NativeFormatImporter) -> (artifact id: 'df61b4f661f9c0aded60f089bd901d4a') in 0.0013409 seconds
Start importing Assets/LayeredTerrain/GrassSoil/LandformSoil/Mask-05.asset using Guid(878e7bb9dfa805f47b4b88fef4623c4b) (NativeFormatImporter) -> (artifact id: '6433cd5ece3fc29e9694b9c40d1cce7b') in 0.0013099 seconds
Start importing Assets/LayeredTerrain/CompositeBrushes/StoneWater/StoneWaterReverseLandformTileSet.asset using Guid(97ffcbb8c3ab6264e80693ccaf0c43de) (NativeFormatImporter) -> (artifact id: '098d79a46ae44df4e4eabca0ead85233') in 0.0016681 seconds
Start importing Assets/LayeredTerrain/GrassSoil/LandformSoil/Mask-14.asset using Guid(a7806afe4f019d445bbf552f9eece05e) (NativeFormatImporter) -> (artifact id: 'e86c3f661d3698b3e540fda453881940') in 0.0012957 seconds
Start importing Assets/LayeredTerrain/GrassSoil/EdgeGrassOnSoilRefined/Mask-13.asset using Guid(a7d1a82699efeae47a6ca0a5bb112ae7) (NativeFormatImporter) -> (artifact id: 'a78e3ab795bab51c2fb8875ea81a3142') in 0.0012931 seconds
Start importing Assets/LayeredTerrain/GrassSoil/EdgeGrassOnSoilRefined/GrassOnSoilRefinedTileSet.asset using Guid(b75665e5083dab441a2805aa7b5e1562) (NativeFormatImporter) -> (artifact id: '9a378045af94549dd04c416ddd049034') in 0.0015412 seconds
Start importing Assets/LayeredTerrain/GrassSoil/LandformGrass/Mask-14.asset using Guid(c7287b8c949516949b483b111ceb39a0) (NativeFormatImporter) -> (artifact id: '742a261e597b802d91fa4c4b50193514') in 0.0013984 seconds
Start importing Assets/LayeredTerrain/GrassSoil/LandformSoil/Mask-00.asset using Guid(88d5b3d83381240419fa7d0a9d6c2c63) (NativeFormatImporter) -> (artifact id: 'ec59939a8b52efe47b329a71ceccb6a9') in 0.0012804 seconds
Start importing Assets/LayeredTerrain/GrassSoil/LandformGrass/Mask-13.asset using Guid(e80621ea42744c243ac2ec385c32b338) (NativeFormatImporter) -> (artifact id: 'c073a20a8e0628f7baf4a55a699ae105') in 0.0014643 seconds
Start importing Assets/LayeredTerrain/GrassSoil/LandformGrass/Mask-00.asset using Guid(c92ffc9e81d587840892eb05cf844fbf) (NativeFormatImporter) -> (artifact id: '6de21ee1cddad2dc5dc822438a8f4094') in 0.0014375 seconds
Start importing Assets/LayeredTerrain/GrassSoil/LandformSoil/Mask-08.asset using Guid(d98e1448816e2f443a1e4e6b40e7cc25) (NativeFormatImporter) -> (artifact id: '8c84979613e06175002d882607152e4e') in 0.0013469 seconds
Start importing Assets/LayeredTerrain/GrassSoil/LandformSoil/Mask-15.asset using Guid(e95509ac4ec30484ab37daa221658805) (NativeFormatImporter) -> (artifact id: 'f96248f32c56c962dfe506862d5fb21b') in 0.0013562 seconds
Start importing Assets/LayeredTerrain/GrassSoil/EdgeGrassOnSoilRefined/Mask-06.asset using Guid(e9ac41d989ad93f4ca1a691487107c16) (NativeFormatImporter) -> (artifact id: 'e9daccbac2653977ee343c02f273f598') in 0.0017877 seconds
Start importing Assets/LayeredTerrain/GrassSoil/LandformSoil/Mask-10.asset using Guid(f95d6c7578efacd4cb1f12c63e1d8ff8) (NativeFormatImporter) -> (artifact id: '90d43f8749769d1781298dd6bba5d61f') in 0.0013461 seconds
Start importing Assets/LayeredTerrain/GrassSoil/LandformGrass/Mask-10.asset using Guid(0a64b675a1f765c409b8f9deea1eb208) (NativeFormatImporter) -> (artifact id: '09c03947b8c465db650824308fe637f1') in 0.0012892 seconds
Start importing Assets/LayeredTerrain/GrassSoil/EdgeGrassOnSoilRefined/Mask-12.asset using Guid(3a09b8d94e4515f4fa39c4292c8052a7) (NativeFormatImporter) -> (artifact id: 'af83cf963396621d9d3bad458f6ed2a9') in 0.001884 seconds
Start importing Assets/LayeredTerrain/GrassSoil/LandformSoil/Mask-06.asset using Guid(4ab46eb735954bf45977209e4a936a01) (NativeFormatImporter) -> (artifact id: '8450f37df15f7709b95c5c346493f1fd') in 0.0015309 seconds
Start importing Assets/LayeredTerrain/GrassSoil/LandformGrass/Mask-15.asset using Guid(7a5208b63b1d6284285e932c3708e65d) (NativeFormatImporter) -> (artifact id: '67ddae65d0c7a750e13eb34b9baf8365') in 0.0014328 seconds
Start importing Assets/LayeredTerrain/GrassSoil/LandformGrass/Mask-05.asset using Guid(3b4a2864fb45c5b4fae56fc1f697bbdd) (NativeFormatImporter) -> (artifact id: 'cf3f476c92289c5b074cb8ea3198ce61') in 0.001851 seconds
Start importing Assets/LayeredTerrain/GrassSoil/EdgeGrassOnSoilRefined/Mask-08.asset using Guid(9b3d0613b51d86146bf5ea0994b42ddd) (NativeFormatImporter) -> (artifact id: '4e302c1a03e18f66e6c41c139ec180d3') in 0.0014305 seconds
Start importing Assets/LayeredTerrain/GrassSoil/LandformGrass/Mask-11.asset using Guid(bb6bc251a6bbcf54480e7f80f2181f2a) (NativeFormatImporter) -> (artifact id: '857582d6d96bb87d66880447573db021') in 0.0012879 seconds
Start importing Assets/LayeredTerrain/GrassSoil/LandformSoil/Mask-12.asset using Guid(3cfb4949c07b1bf43bc66661515525d7) (NativeFormatImporter) -> (artifact id: '3a6ea6ab140b5d680c9d80d68e71cee7') in 0.0016288 seconds
Start importing Assets/LayeredTerrain/GrassSoil/EdgeGrassOnSoilRefined/Mask-04.asset using Guid(6cca3f06a711ab34992417d66eeec087) (NativeFormatImporter) -> (artifact id: 'be2a2aeb01573b6be77d3a2b070fef25') in 0.0013663 seconds
Start importing Assets/LayeredTerrain/GrassSoil/Authoring/GrassBase.asset using Guid(3d71b1ea4e270714eb43b3b4541cda21) (NativeFormatImporter) -> (artifact id: '3f5ae16e96393bccc7f5f4d3650a3ce6') in 0.0013436 seconds
Start importing Assets/LayeredTerrain/GrassSoil/LandformGrass/Mask-06.asset using Guid(5d15d49b3c156ae479bd995b33107c67) (NativeFormatImporter) -> (artifact id: '05abb2ca9d5f1492af0ec896fb864d4e') in 0.001473 seconds
Start importing Assets/LayeredTerrain/GrassSoil/LandformGrass/Mask-01.asset using Guid(7d609e3f17078a44f9a89e21b68ae180) (NativeFormatImporter) -> (artifact id: 'a1ebd9002be9baca60bb274969bc4dc2') in 0.0016383 seconds
Start importing Assets/LayeredTerrain/GrassSoil/LandformGrass/Mask-04.asset using Guid(ede22ab8e9b7bcc4da28aa41887e8614) (NativeFormatImporter) -> (artifact id: '42c1c0d805e7b323f147012ab0eb20fb') in 0.001292 seconds
Start importing Assets/LayeredTerrain/GrassSoil/LandformSoil/SoilLandformTileSet.asset using Guid(3e1155418d0567f44af4b96697c9dd09) (NativeFormatImporter) -> (artifact id: 'df15b8c45196950bc4219bee97aafc82') in 0.0014228 seconds
Start importing Assets/LayeredTerrain/GrassSoil/EdgeGrassOnSoilRefined/Mask-02.asset using Guid(6ef5433501c908740932ed7d05777790) (NativeFormatImporter) -> (artifact id: '25936841c896ee6e32acaadabe2f5ad9') in 0.0014472 seconds
Start importing Assets/LayeredTerrain/GrassSoil/EdgeGrassOnSoilRefined/Mask-01.asset using Guid(8e0671f07975b7c43b734d81c5ff11bc) (NativeFormatImporter) -> (artifact id: 'c6f3c5aa165967eeb465f4156418931b') in 0.0013181 seconds
Start importing Assets/LayeredTerrain/GrassSoil/EdgeGrassOnSoilRefined/Mask-03.asset using Guid(de5135a77f40df84b9a7170011242e63) (NativeFormatImporter) -> (artifact id: 'c4b8007304dbcd55f4ed04fb4957f5a6') in 0.0012466 seconds
Start importing Assets/LayeredTerrain/GrassSoil/LandformGrass/GrassLandformTileSet.asset using Guid(2fc47b69529dfb541a089c835adb5ce8) (NativeFormatImporter) -> (artifact id: '7d9b947ceee84338616124256f8ad829') in 0.0015381 seconds
Start importing Assets/LayeredTerrain/GrassSoil/LandformGrass/Mask-12.asset using Guid(bfcde0f6045b297478b7cca21b2bd212) (NativeFormatImporter) -> (artifact id: 'fcc2d08d622fb7725cf22421d7d46e31') in 0.0012805 seconds
Start importing Assets/LayeredTerrain/GrassSoil/LandformGrass/Mask-02.asset using Guid(cfb8b16aec24e064ba3c8b202f110c99) (NativeFormatImporter) -> (artifact id: '918a9e9785ac5cd4f4174f2fe29d6d53') in 0.001285 seconds
Start importing Assets/LayeredTerrain/GrassSoil/LandformGrass/Mask-03.asset using Guid(cf797356fdd5ba54fb021059b4e0c786) (NativeFormatImporter) -> (artifact id: '297c0fc42e401c9d7fd0a377a3b5b28e') in 0.0016559 seconds
Refreshing native plugins compatible for Editor in 0.17 ms, found 0 plugins.
Preloading 0 native plugins for Editor in 0.00 ms.
Asset Pipeline Refresh (id=613135bb55525924f82ba637f0776b6f): Total: 0.111 seconds - Initiated by StopAssetImportingV2(NoUpdateAssetOptions)
Start importing Assets/LayeredTerrain/CompositeBrushes/OriginalGrassSoil/OriginalGrassSoilBrush.asset using Guid(21a71232d6e654e4b8c7960242ff7182) (NativeFormatImporter) -> (artifact id: '3547d87e50bc075e0e2036afaef240e2') in 0.0019014 seconds
Start importing Assets/LayeredTerrain/CompositeBrushes/OriginalGrassSoil/OriginalGrassSoilReverseLandformTileSet.asset using Guid(813c3f8ce1d51a24093ce2c5ed1547fa) (NativeFormatImporter) -> (artifact id: 'b5291246265ecb7af0dd8a3a19f371a0') in 0.0014722 seconds
Refreshing native plugins compatible for Editor in 0.20 ms, found 0 plugins.
Preloading 0 native plugins for Editor in 0.00 ms.
Asset Pipeline Refresh (id=7a67aa5a6736d7a408a0625e308816bf): Total: 0.014 seconds - Initiated by StopAssetImportingV2(NoUpdateAssetOptions)
Start importing Assets/Battlefield/Terrain/OrchardDefaultTerrainPalette.asset using Guid(8f09d513b82ee0048abd5a50378dbb0c) (NativeFormatImporter) -> (artifact id: 'af117db4ea5f59db66e2603074e05e44') in 0.0016685 seconds
Refreshing native plugins compatible for Editor in 0.15 ms, found 0 plugins.
Preloading 0 native plugins for Editor in 0.00 ms.
Asset Pipeline Refresh (id=99eb99c56c3375a4b8bef46633ffe7c2): Total: 0.011 seconds - Initiated by StopAssetImportingV2(NoUpdateAssetOptions)
Opening scene 'Assets/Scenes/LayeredTerrainDemo.unity additively'
Loaded scene 'Assets/Scenes/LayeredTerrainDemo.unity'
	Deserialize:            3.120 ms
	Integration:            0.662 ms
	Integration of assets:  0.002 ms
	Thread Wait Time:       0.011 ms
	Total Operation Time:   3.796 ms
FRUIT_DEFENSE_LAYERED_TERRAIN_PAINTER_OK
UnityEngine.Debug:ExtractStackTraceNoAlloc (byte*,int,string)
UnityEngine.StackTraceUtility:ExtractStackTrace ()
UnityEngine.DebugLogHandler:Internal_Log (UnityEngine.LogType,UnityEngine.LogOption,string,UnityEngine.Object)
UnityEngine.DebugLogHandler:LogFormat (UnityEngine.LogType,UnityEngine.Object,string,object[])
UnityEngine.Logger:Log (UnityEngine.LogType,object)
UnityEngine.Debug:Log (object)
FruitDefense.Editor.LayeredTerrainPainterSmoke:Validate () (at Assets/Editor/Tests/LayeredTerrainPainterSmoke.cs:35)
FruitDefense.Editor.ProjectSetup:SmokeValidate () (at Assets/Editor/Tools/ProjectSetup.cs:248)
FruitDefense.Editor.P0ValidationSuite:Run () (at Assets/Editor/Tests/P0ValidationSuite.cs:18)

(Filename: Assets/Editor/Tests/LayeredTerrainPainterSmoke.cs Line: 35)

Asset Pipeline Refresh (id=bffa2abe4a7e6634fb2a4243c53c877b): Total: 0.015 seconds - Initiated by RefreshV2(NoUpdateAssetOptions)
Asset Pipeline Refresh (id=89a37e053829c064eb1822771fe8eb74): Total: 0.026 seconds - Initiated by RefreshV2(NoUpdateAssetOptions)
Square contour topology guide generated: Assets/LayeredTerrain/GrassSoil/Square/Topology/SquareContourTopologyGuide.png
UnityEngine.Debug:ExtractStackTraceNoAlloc (byte*,int,string)
UnityEngine.StackTraceUtility:ExtractStackTrace ()
UnityEngine.DebugLogHandler:Internal_Log (UnityEngine.LogType,UnityEngine.LogOption,string,UnityEngine.Object)
UnityEngine.DebugLogHandler:LogFormat (UnityEngine.LogType,UnityEngine.Object,string,object[])
UnityEngine.Logger:Log (UnityEngine.LogType,object)
UnityEngine.Debug:Log (object)
FruitDefense.Editor.SquareTerrainArtGenerator:GenerateTopologyGuide () (at Assets/Editor/Tools/SquareTerrainArtGenerator.cs:42)
FruitDefense.Editor.SquareTerrainArtGenerator:GenerateAvailableSquareAssets () (at Assets/Editor/Tools/SquareTerrainArtGenerator.cs:133)
FruitDefense.Editor.LayeredTerrainArtSetup:EnsurePaletteAssets () (at Assets/Editor/Tools/LayeredTerrainArtSetup.cs:62)
FruitDefense.Editor.TerrainBrushRegistrySmoke:Validate () (at Assets/Editor/Tests/TerrainBrushRegistrySmoke.cs:14)
FruitDefense.Editor.ProjectSetup:SmokeValidate () (at Assets/Editor/Tools/ProjectSetup.cs:249)
FruitDefense.Editor.P0ValidationSuite:Run () (at Assets/Editor/Tests/P0ValidationSuite.cs:18)

(Filename: Assets/Editor/Tools/SquareTerrainArtGenerator.cs Line: 42)

Asset Pipeline Refresh (id=4a11b3d4e5e9e404abe6c53bea71ea03): Total: 0.027 seconds - Initiated by RefreshV2(NoUpdateAssetOptions)
Asset Pipeline Refresh (id=26546275359648941bfc9d3dcbedd9b6): Total: 0.036 seconds - Initiated by RefreshV2(NoUpdateAssetOptions)
Asset Pipeline Refresh (id=f79ad916f7ac9c349876d4a70d28ccba): Total: 0.038 seconds - Initiated by RefreshV2(NoUpdateAssetOptions)
Start importing Assets/LayeredTerrain/GrassSoil/Square/LandformStoneRoad/Mask-07.asset using Guid(b02fd980a2abc6b41974d859a777fb1d) (NativeFormatImporter) -> (artifact id: '09027e8d963d8fd928277d96f7735e27') in 0.0020155 seconds
Start importing Assets/LayeredTerrain/GrassSoil/Square/LandformGrass/Mask-05.asset using Guid(d04330ef8020b8a41b9e4589cb202101) (NativeFormatImporter) -> (artifact id: '4e5972f1b6c2ded32e8e48532b67135b') in 0.001583 seconds
Start importing Assets/LayeredTerrain/GrassSoil/Square/LandformGrass/Mask-12.asset using Guid(d00b41817e9bc0741ad148ea3e94519a) (NativeFormatImporter) -> (artifact id: '9d0a3a48e4156b96b3c76ca702bf7bff') in 0.0014554 seconds
Start importing Assets/LayeredTerrain/GrassSoil/Square/LandformStoneRoad/Mask-13.asset using Guid(116a8c3b6ac195a4ebb8e3c7a9989ddc) (NativeFormatImporter) -> (artifact id: '871e193410b26687800828802aef7920') in 0.001845 seconds
Start importing Assets/LayeredTerrain/GrassSoil/Square/LandformGrass/Mask-02.asset using Guid(315648227c153724090125e98f4cba15) (NativeFormatImporter) -> (artifact id: 'd08b86b0e86b5ac26e9107766d5008d1') in 0.0013499 seconds
Start importing Assets/LayeredTerrain/GrassSoil/Square/LandformStoneRoad/Mask-11.asset using Guid(519050a0a5a9f5847b095ee0b83437a0) (NativeFormatImporter) -> (artifact id: 'ae100c2ae270a66d81134616e885003c') in 0.0013378 seconds
Start importing Assets/LayeredTerrain/GrassSoil/Square/LandformGrass/Mask-14.asset using Guid(81815b76ad7c06c47bf1bc7b65624ffd) (NativeFormatImporter) -> (artifact id: 'e00c4c5ecbd51682bc3c65bf8d862a23') in 0.0014719 seconds
Start importing Assets/LayeredTerrain/GrassSoil/Square/LandformSoil/Mask-03.asset using Guid(b1c5384b4651e4a4a82d483cc64aae79) (NativeFormatImporter) -> (artifact id: '45c12fb41048b850cd7cb0f3e535436a') in 0.0016176 seconds
Start importing Assets/LayeredTerrain/GrassSoil/Square/LandformGrass/Mask-15.asset using Guid(027119ab30d86a546a5d935d6e9ec608) (NativeFormatImporter) -> (artifact id: '7e821f282e19a2a4d5825e548df9693a') in 0.0014472 seconds
Start importing Assets/LayeredTerrain/GrassSoil/Square/LandformGrass/Mask-00.asset using Guid(13f70a46e499e0146bffd256e7c14483) (NativeFormatImporter) -> (artifact id: '2a9713a59b72231d0d554c49e274b85a') in 0.0015604 seconds
Start importing Assets/LayeredTerrain/GrassSoil/Square/LandformSoil/Mask-00.asset using Guid(8303f71f8469fd7459473d47391ab0b3) (NativeFormatImporter) -> (artifact id: '1442dfc314550b70b27dde3dada60cc7') in 0.0015574 seconds
Start importing Assets/LayeredTerrain/GrassSoil/Square/LandformSoil/Mask-01.asset using Guid(d33072ada9e1bb749adcc5938680d51a) (NativeFormatImporter) -> (artifact id: '7a8f58bad24b64f744799cb0b0b9228f') in 0.0012832 seconds
Start importing Assets/LayeredTerrain/GrassSoil/Square/LandformStoneRoad/Mask-09.asset using Guid(d30b19c2c64338a4fa9211b305cf65b1) (NativeFormatImporter) -> (artifact id: '59211e6be04f7e5724ec1a1b38221d71') in 0.0013233 seconds
Start importing Assets/LayeredTerrain/GrassSoil/Square/LandformSoil/Mask-13.asset using Guid(548b829df136ae948902efdc96ee70bb) (NativeFormatImporter) -> (artifact id: 'd770f2a72e8453a69c8ff146ee623ca5') in 0.0013171 seconds
Start importing Assets/LayeredTerrain/GrassSoil/Square/LandformStoneRoad/Mask-00.asset using Guid(74d1d4b679c3aec43af1bd30b6c4aea1) (NativeFormatImporter) -> (artifact id: '4c60ffb732228db343f89511449fce3b') in 0.001294 seconds
Start importing Assets/LayeredTerrain/GrassSoil/Square/LandformGrass/Mask-01.asset using Guid(35cbc7e6bd8f2f84d9c7965779c9b2eb) (NativeFormatImporter) -> (artifact id: '7cd6fe12f157cd0a0b2a210183323c21') in 0.0011975 seconds
Start importing Assets/LayeredTerrain/GrassSoil/Square/LandformGrass/Mask-10.asset using Guid(5728d44dd2630ff40849746ce5d849d7) (NativeFormatImporter) -> (artifact id: '57d0e56c944d10ea9c02adfa74800a28') in 0.0015487 seconds
Start importing Assets/LayeredTerrain/GrassSoil/Square/LandformSoil/Mask-09.asset using Guid(67347eef4df492941b15d16b687e2cb7) (NativeFormatImporter) -> (artifact id: '0b3fee03fb07b35a5fbe9374ec056b4b') in 0.0014259 seconds
Start importing Assets/LayeredTerrain/GrassSoil/Square/LandformGrass/Mask-04.asset using Guid(87737865bdb87ec43864ad3d997d7626) (NativeFormatImporter) -> (artifact id: '83b9f8cc1d095defdc009bd1839b690f') in 0.0014417 seconds
Start importing Assets/LayeredTerrain/GrassSoil/Square/LandformSoil/Mask-02.asset using Guid(87e33da937f65d34fb027eebfd8c1343) (NativeFormatImporter) -> (artifact id: '031756e6cc2b3a5ef2ddcaf8740ee21f') in 0.0013539 seconds
Start importing Assets/LayeredTerrain/GrassSoil/Square/LandformGrass/Mask-08.asset using Guid(b781c12832a4cd84392ab7d35a405505) (NativeFormatImporter) -> (artifact id: 'c734ab3f59a9e28ca19de35691f15a63') in 0.0013467 seconds
Start importing Assets/LayeredTerrain/GrassSoil/Square/LandformStoneRoad/Mask-04.asset using Guid(f70ec30b59552144a97e4da8fea5520c) (NativeFormatImporter) -> (artifact id: '67ab708a109917ddbe110252083911c2') in 0.0012858 seconds
Start importing Assets/LayeredTerrain/GrassSoil/Square/LandformStoneRoad/Mask-05.asset using Guid(08c7afe6a1108a84b9f8ac99c7fa610e) (NativeFormatImporter) -> (artifact id: 'a8026e8f0c10f4b634f0c477d7f79ba5') in 0.0012142 seconds
Start importing Assets/LayeredTerrain/GrassSoil/Square/LandformStoneRoad/Mask-14.asset using Guid(39202684bd500f14184c5131ac46a6dd) (NativeFormatImporter) -> (artifact id: 'b43c0e8abc2951d26427ba0ee51e7ebb') in 0.0015999 seconds
Start importing Assets/LayeredTerrain/GrassSoil/Square/LandformSoil/SoilSquareLandformTileSet.asset using Guid(897d878e9497c6e4d935ea42058d6001) (NativeFormatImporter) -> (artifact id: '17e85a477bcdc5aaf3c7a2ca1f1f5d8e') in 0.0013526 seconds
Start importing Assets/LayeredTerrain/GrassSoil/Square/LandformStoneRoad/StoneRoadSquareLandformTileSet.asset using Guid(0a6730ef0e26d5b49b9ae3129ee21909) (NativeFormatImporter) -> (artifact id: '48456893df0f467254b3256235820444') in 0.0015299 seconds
Start importing Assets/LayeredTerrain/GrassSoil/Square/LandformStoneRoad/Mask-10.asset using Guid(caa578d738fb0414e820ab1e3541b03f) (NativeFormatImporter) -> (artifact id: 'be4dcdbbc4fe728152242b70b5e9bb78') in 0.0017759 seconds
Start importing Assets/LayeredTerrain/GrassSoil/Square/LandformSoil/Mask-07.asset using Guid(2ce20b5da48d1ae43956c41d22ecd92e) (NativeFormatImporter) -> (artifact id: '7c41af1778c9689fc8cf1f4e4fcccd2c') in 0.0014197 seconds
Start importing Assets/LayeredTerrain/GrassSoil/Square/LandformSoil/Mask-11.asset using Guid(2c6bd62321830da498ea7724ae626857) (NativeFormatImporter) -> (artifact id: 'b1033fab3dddb68d369a244413a84ab3') in 0.0013449 seconds
Start importing Assets/LayeredTerrain/GrassSoil/Square/LandformStoneRoad/Mask-15.asset using Guid(5cbc1f25709453b4a90de7054d0ce9b7) (NativeFormatImporter) -> (artifact id: 'ca75aea14a03badd729ba37b57fc7710') in 0.0015952 seconds
Start importing Assets/LayeredTerrain/GrassSoil/Square/LandformGrass/Mask-09.asset using Guid(8c5fb632240287d48a17621f58d3a651) (NativeFormatImporter) -> (artifact id: '77c6cf5113d6c96189dbf6818d84fd5f') in 0.0013833 seconds
Start importing Assets/LayeredTerrain/GrassSoil/Square/LandformSoil/Mask-12.asset using Guid(bc85f424c35a6c845b2186949136a828) (NativeFormatImporter) -> (artifact id: '08c355397adee775c3834a7a7a0bf465') in 0.0013511 seconds
Start importing Assets/LayeredTerrain/GrassSoil/Square/LandformSoil/Mask-10.asset using Guid(0dfe2c0efe3330c4d9570f0061d459b9) (NativeFormatImporter) -> (artifact id: '88decb540b9e036a0400c2d34dbc707c') in 0.001327 seconds
Start importing Assets/LayeredTerrain/GrassSoil/Square/LandformGrass/Mask-03.asset using Guid(1db706b3e9547554e9081663c6442ba0) (NativeFormatImporter) -> (artifact id: 'fdfbe87044d88284093ccc42787947e0') in 0.0014411 seconds
Start importing Assets/LayeredTerrain/GrassSoil/Square/LandformStoneRoad/Mask-02.asset using Guid(1d9b71389b4697e4586703b25f185da7) (NativeFormatImporter) -> (artifact id: 'dbb50fa57ab28462356bbd1a8ebab835') in 0.0015043 seconds
Start importing Assets/LayeredTerrain/GrassSoil/Square/LandformSoil/Mask-05.asset using Guid(2de42da45e48f974e9a74a6970e6e643) (NativeFormatImporter) -> (artifact id: '6e739e360d22b33fd378e6acefe9d800') in 0.0013272 seconds
Start importing Assets/LayeredTerrain/GrassSoil/Square/LandformGrass/Mask-11.asset using Guid(5d253dc28016ae64db4653758ac0af88) (NativeFormatImporter) -> (artifact id: '4dbb166b77c04b10385ee89749d834d3') in 0.0014965 seconds
Start importing Assets/LayeredTerrain/GrassSoil/Square/LandformSoil/Mask-04.asset using Guid(5d4806f722710eb40b1cf937cc6498b6) (NativeFormatImporter) -> (artifact id: 'a825e4a02be2364dca6cd5d251c2a1af') in 0.0014074 seconds
Start importing Assets/LayeredTerrain/GrassSoil/Square/LandformStoneRoad/Mask-01.asset using Guid(add98a42caf91414387900c1b29b92c6) (NativeFormatImporter) -> (artifact id: 'a1a43dffdd1f7cdd6311169ade464c57') in 0.0013775 seconds
Start importing Assets/LayeredTerrain/GrassSoil/Square/LandformGrass/Mask-06.asset using Guid(cd0f4d7279da9f84caa8c319e7ab29f9) (NativeFormatImporter) -> (artifact id: '52937737c65259daea7bed84aa0a8a04') in 0.0016316 seconds
Start importing Assets/LayeredTerrain/GrassSoil/Square/LandformGrass/Mask-07.asset using Guid(4e65cf042fab2c1448282809779edb8a) (NativeFormatImporter) -> (artifact id: '8cc68977b954eb6d618706e748b65e8b') in 0.0014149 seconds
Start importing Assets/LayeredTerrain/GrassSoil/Square/LandformGrass/Mask-13.asset using Guid(7e2014d33d57f294f97dea5ed30b730c) (NativeFormatImporter) -> (artifact id: '93ec9328dc52bc61493ece4ef09f812b') in 0.001368 seconds
Start importing Assets/LayeredTerrain/GrassSoil/Square/LandformSoil/Mask-14.asset using Guid(ae949dd8d7965fa41b1d3481d8bf8e30) (NativeFormatImporter) -> (artifact id: '13d3e8fadf25938fb6084c9eacdc285d') in 0.0013703 seconds
Start importing Assets/LayeredTerrain/GrassSoil/Square/LandformStoneRoad/Mask-08.asset using Guid(aecab5b9f537b5349adcff0900809717) (NativeFormatImporter) -> (artifact id: '6723e7d6eab214144e2a993643460ee5') in 0.0014093 seconds
Start importing Assets/LayeredTerrain/GrassSoil/Square/LandformSoil/Mask-15.asset using Guid(ce833c44287e15a44945e738038eb1c3) (NativeFormatImporter) -> (artifact id: '7c1ac2f82e318d432012af6c6509f07a') in 0.0013437 seconds
Start importing Assets/LayeredTerrain/GrassSoil/Square/LandformSoil/Mask-08.asset using Guid(ee6f4f16a4085914dbcb15919c60654c) (NativeFormatImporter) -> (artifact id: '2a403aad88716c1a9d6ee321599dc86f') in 0.0012239 seconds
Start importing Assets/LayeredTerrain/GrassSoil/Square/LandformStoneRoad/Mask-12.asset using Guid(2f49f6b2d05a8804097e79c69e515dc3) (NativeFormatImporter) -> (artifact id: '3512849ba8746b3929337e37047f52c2') in 0.0014037 seconds
Start importing Assets/LayeredTerrain/GrassSoil/Square/LandformSoil/Mask-06.asset using Guid(3ff6ff5cd14cc7441a6a84cdde5ff745) (NativeFormatImporter) -> (artifact id: 'c47a955bf9dc32d5bb761f8069ffd421') in 0.0012799 seconds
Start importing Assets/LayeredTerrain/GrassSoil/Square/LandformStoneRoad/Mask-06.asset using Guid(df46002ea561b404889b370e84a77f83) (NativeFormatImporter) -> (artifact id: 'c73fed30de3e790341265e9a3306482c') in 0.001223 seconds
Start importing Assets/LayeredTerrain/GrassSoil/Square/LandformStoneRoad/Mask-03.asset using Guid(df1e863caf3bc5441a0d4c507b76c311) (NativeFormatImporter) -> (artifact id: 'a9a2fb8e8c6cb1c0cdbe880f9de699ac') in 0.0013329 seconds
Start importing Assets/LayeredTerrain/GrassSoil/Square/LandformGrass/GrassSquareLandformTileSet.asset using Guid(ef399dc10411dd84ab6a276f72e506ea) (NativeFormatImporter) -> (artifact id: '3f3f806b6373e60abb62a5adaf65a9f7') in 0.0013515 seconds
Refreshing native plugins compatible for Editor in 0.16 ms, found 0 plugins.
Preloading 0 native plugins for Editor in 0.00 ms.
Asset Pipeline Refresh (id=9161ec1032755cc4c9df465610f168d4): Total: 0.100 seconds - Initiated by StopAssetImportingV2(NoUpdateAssetOptions)
Native 256 px square grass, soil and stone-road landforms generated.
UnityEngine.Debug:ExtractStackTraceNoAlloc (byte*,int,string)
UnityEngine.StackTraceUtility:ExtractStackTrace ()
UnityEngine.DebugLogHandler:Internal_Log (UnityEngine.LogType,UnityEngine.LogOption,string,UnityEngine.Object)
UnityEngine.DebugLogHandler:LogFormat (UnityEngine.LogType,UnityEngine.Object,string,object[])
UnityEngine.Logger:Log (UnityEngine.LogType,object)
UnityEngine.Debug:Log (object)
FruitDefense.Editor.SquareTerrainArtGenerator:GenerateDeterministicLandforms () (at Assets/Editor/Tools/SquareTerrainArtGenerator.cs:87)
FruitDefense.Editor.SquareTerrainArtGenerator:GenerateAvailableSquareAssets () (at Assets/Editor/Tools/SquareTerrainArtGenerator.cs:134)
FruitDefense.Editor.LayeredTerrainArtSetup:EnsurePaletteAssets () (at Assets/Editor/Tools/LayeredTerrainArtSetup.cs:62)
FruitDefense.Editor.TerrainBrushRegistrySmoke:Validate () (at Assets/Editor/Tests/TerrainBrushRegistrySmoke.cs:14)
FruitDefense.Editor.ProjectSetup:SmokeValidate () (at Assets/Editor/Tools/ProjectSetup.cs:249)
FruitDefense.Editor.P0ValidationSuite:Run () (at Assets/Editor/Tests/P0ValidationSuite.cs:18)

(Filename: Assets/Editor/Tools/SquareTerrainArtGenerator.cs Line: 87)

Asset Pipeline Refresh (id=a0229f8a7618dd8488ad3be3fff0b990): Total: 0.037 seconds - Initiated by RefreshV2(NoUpdateAssetOptions)
Start importing Assets/LayeredTerrain/GrassSoil/Square/EdgeGrassOnSoilPainted/Mask-15.asset using Guid(a17969b175ec3354c8fe533c48257f94) (NativeFormatImporter) -> (artifact id: '99f211a0ff210a0c86467a3e625714fe') in 0.0022361 seconds
Start importing Assets/LayeredTerrain/GrassSoil/Square/EdgeGrassOnSoilPainted/Mask-04.asset using Guid(e2449efc0c1116648a5b9cbfe33d8e81) (NativeFormatImporter) -> (artifact id: '18145ed9e628d5f8340c44824db6c8be') in 0.0022699 seconds
Start importing Assets/LayeredTerrain/GrassSoil/Square/EdgeGrassOnSoilPainted/Mask-14.asset using Guid(4328f421ed4ea34439d6e4e50990e24a) (NativeFormatImporter) -> (artifact id: '6bbe4451c7dca2d4de869403308041cf') in 0.0022443 seconds
Start importing Assets/LayeredTerrain/GrassSoil/Square/EdgeGrassOnSoilPainted/Mask-11.asset using Guid(04aab987cd98a4440b66bb727667d8db) (NativeFormatImporter) -> (artifact id: 'eb6fb6ecd423e575e0946462aa243d66') in 0.0016584 seconds
Start importing Assets/LayeredTerrain/GrassSoil/Square/EdgeGrassOnSoilPainted/Mask-13.asset using Guid(75f61e4d96323eb4e906226b1dd8a16a) (NativeFormatImporter) -> (artifact id: '7952dc870547efbd422b012b46d2b17a') in 0.0018561 seconds
Start importing Assets/LayeredTerrain/GrassSoil/Square/EdgeGrassOnSoilPainted/Mask-08.asset using Guid(062a9acbc752b0342becc47471c8dad4) (NativeFormatImporter) -> (artifact id: 'ee86fce3dc4587f247fc6e398cfff9cd') in 0.0015365 seconds
Start importing Assets/LayeredTerrain/GrassSoil/Square/EdgeGrassOnSoilPainted/Mask-12.asset using Guid(17347530ba5655e4cb59ff249a976ea1) (NativeFormatImporter) -> (artifact id: '27e6bc4eabc1e74cb23636389ffd9263') in 0.0015351 seconds
Start importing Assets/LayeredTerrain/GrassSoil/Square/EdgeGrassOnSoilPainted/Mask-00.asset using Guid(676ca911d7a7bbf408a30856d7cc6990) (NativeFormatImporter) -> (artifact id: '557d3d98682769dd5e96ded56f4299cf') in 0.0015741 seconds
Start importing Assets/LayeredTerrain/GrassSoil/Square/EdgeGrassOnSoilPainted/Mask-10.asset using Guid(e75c1031ec799e0448fd29d3082006b4) (NativeFormatImporter) -> (artifact id: 'c8e41218e8984dd46c91b31d7703de4f') in 0.0012823 seconds
Start importing Assets/LayeredTerrain/GrassSoil/Square/EdgeGrassOnSoilPainted/Mask-09.asset using Guid(a8a7730f3a6dd484198f1b19fed8a24f) (NativeFormatImporter) -> (artifact id: '5597baddb442bf8a928e37d39723d50b') in 0.0012976 seconds
Start importing Assets/LayeredTerrain/GrassSoil/Square/EdgeGrassOnSoilPainted/Mask-07.asset using Guid(f8b2f90201834fa478634d3f30f6af16) (NativeFormatImporter) -> (artifact id: 'a306cb5e617a8648a67a81dc94516e9e') in 0.0014434 seconds
Start importing Assets/LayeredTerrain/GrassSoil/Square/EdgeGrassOnSoilPainted/Mask-06.asset using Guid(19882d23e028ac94e8abd02f91624ba8) (NativeFormatImporter) -> (artifact id: '54900e8224e5828f7c6a4f69fec6db72') in 0.0013081 seconds
Start importing Assets/LayeredTerrain/GrassSoil/Square/EdgeGrassOnSoilPainted/Mask-01.asset using Guid(b94d4b2cd03a1b04b83a81974d966227) (NativeFormatImporter) -> (artifact id: '7caf427609fab688c51f9caa2ce6a79f') in 0.001318 seconds
Start importing Assets/LayeredTerrain/GrassSoil/Square/EdgeGrassOnSoilPainted/Mask-03.asset using Guid(1a4a3cc4af69bbc4aaabde52016c4f95) (NativeFormatImporter) -> (artifact id: 'af45f85c0f45a239757e36be7c184f6c') in 0.0020444 seconds
Start importing Assets/LayeredTerrain/GrassSoil/Square/EdgeGrassOnSoilPainted/Mask-05.asset using Guid(bacdc75efb95eda42aa6803845d196c4) (NativeFormatImporter) -> (artifact id: '6d469253745d86e884993bfadfef01d0') in 0.0015982 seconds
Start importing Assets/LayeredTerrain/GrassSoil/Square/EdgeGrassOnSoilPainted/GrassOnSoilSquarePaintedTileSet.asset using Guid(1b984e39e61f8734d8c54b032e84c3a3) (NativeFormatImporter) -> (artifact id: '612bda68ec02f7c1be620eb4ba627873') in 0.0013804 seconds
Start importing Assets/LayeredTerrain/GrassSoil/Square/EdgeGrassOnSoilPainted/Mask-02.asset using Guid(8d6a7e51f29762f4796204a57546e522) (NativeFormatImporter) -> (artifact id: '504e9a251c8e415c78cba5f93910b005') in 0.0018242 seconds
Refreshing native plugins compatible for Editor in 0.15 ms, found 0 plugins.
Preloading 0 native plugins for Editor in 0.00 ms.
Asset Pipeline Refresh (id=ebdc059c010f95449b6aba2f32e12904): Total: 0.046 seconds - Initiated by StopAssetImportingV2(NoUpdateAssetOptions)
Accepted ribbon lip profile packaged as a top-down grass feather with base-grass RGB, guide-owned topology and no soil wall or outline.
UnityEngine.Debug:ExtractStackTraceNoAlloc (byte*,int,string)
UnityEngine.StackTraceUtility:ExtractStackTrace ()
UnityEngine.DebugLogHandler:Internal_Log (UnityEngine.LogType,UnityEngine.LogOption,string,UnityEngine.Object)
UnityEngine.DebugLogHandler:LogFormat (UnityEngine.LogType,UnityEngine.Object,string,object[])
UnityEngine.Logger:Log (UnityEngine.LogType,object)
UnityEngine.Debug:Log (object)
FruitDefense.Editor.SquareTerrainArtGenerator:PackageAcceptedGrassOnSoilCandidate () (at Assets/Editor/Tools/SquareTerrainArtGenerator.cs:126)
FruitDefense.Editor.SquareTerrainArtGenerator:GenerateAvailableSquareAssets () (at Assets/Editor/Tools/SquareTerrainArtGenerator.cs:138)
FruitDefense.Editor.LayeredTerrainArtSetup:EnsurePaletteAssets () (at Assets/Editor/Tools/LayeredTerrainArtSetup.cs:62)
FruitDefense.Editor.TerrainBrushRegistrySmoke:Validate () (at Assets/Editor/Tests/TerrainBrushRegistrySmoke.cs:14)
FruitDefense.Editor.ProjectSetup:SmokeValidate () (at Assets/Editor/Tools/ProjectSetup.cs:249)
FruitDefense.Editor.P0ValidationSuite:Run () (at Assets/Editor/Tests/P0ValidationSuite.cs:18)

(Filename: Assets/Editor/Tools/SquareTerrainArtGenerator.cs Line: 126)

Start importing Assets/LayeredTerrain/GrassSoil/LandformSoil/Mask-07.asset using Guid(40244693c163e6541baff892b129cb00) (NativeFormatImporter) -> (artifact id: 'e65830c68ae7e03467001a0296ab0069') in 0.0018152 seconds
Start importing Assets/LayeredTerrain/GrassSoil/EdgeGrassOnSoilRefined/Mask-07.asset using Guid(418e9fec0ca97b64ab0f4c86dc0fd006) (NativeFormatImporter) -> (artifact id: 'cd9c2cf18fdd38f609098f7d0cc15714') in 0.0016133 seconds
Start importing Assets/LayeredTerrain/CompositeBrushes/OriginalGrassSoil/OriginalGrassSoilReverseLandformTileSet.asset using Guid(813c3f8ce1d51a24093ce2c5ed1547fa) (NativeFormatImporter) -> (artifact id: 'b5291246265ecb7af0dd8a3a19f371a0') in 0.0015883 seconds
Start importing Assets/LayeredTerrain/GrassSoil/Authoring/SoilBase.asset using Guid(a158e7b4dd9e7c448b398f9b22a9f9c2) (NativeFormatImporter) -> (artifact id: '1d93f5ffd6651520cc292a513066cccb') in 0.001456 seconds
Start importing Assets/LayeredTerrain/GrassSoil/EdgeGrassOnSoilRefined/Mask-05.asset using Guid(f15a3346efbbefb40babba4ef8f6ffa7) (NativeFormatImporter) -> (artifact id: '0325b05872f53d4d8922d91b29b864f9') in 0.0018906 seconds
Start importing Assets/LayeredTerrain/GrassSoil/LandformSoil/Mask-04.asset using Guid(f1fab5de0afca5445ba4970fcd52bbbe) (NativeFormatImporter) -> (artifact id: '09085b923c9ce06113de808e0225d25b') in 0.001639 seconds
Start importing Assets/LayeredTerrain/GrassSoil/EdgeGrassOnSoilRefined/Mask-14.asset using Guid(1292b21714ab41b4197a410a29053ee2) (NativeFormatImporter) -> (artifact id: '113ba810aee874d1280699a85e7183b6') in 0.0014604 seconds
Start importing Assets/LayeredTerrain/GrassSoil/LandformGrass/Mask-08.asset using Guid(52e1998e35a61a047bd24dd910b6bb8c) (NativeFormatImporter) -> (artifact id: '675f77c88e6e0d975abaaae9f510d95d') in 0.0016116 seconds
Start importing Assets/LayeredTerrain/GrassSoil/EdgeGrassOnSoilRefined/Mask-15.asset using Guid(a2ee8cf7722d54542bb6934c3c7acca3) (NativeFormatImporter) -> (artifact id: '6edcf8d7d3f26ee03919cdd607084ab1') in 0.0015073 seconds
Start importing Assets/LayeredTerrain/GrassSoil/EdgeGrassOnSoilRefined/Mask-11.asset using Guid(c29b700cc6f883f4d8d20d2a190eee05) (NativeFormatImporter) -> (artifact id: 'f51c180f858faa73b198142b42927cfc') in 0.0013591 seconds
Start importing Assets/LayeredTerrain/GrassSoil/LandformGrass/Mask-07.asset using Guid(d285b7a144ce1134ba6f4b02b003db14) (NativeFormatImporter) -> (artifact id: '0038d19d51d9c42dea9465db3b105f39') in 0.0016756 seconds
Start importing Assets/LayeredTerrain/GrassSoil/LandformSoil/Mask-01.asset using Guid(030d3f064f313fe4aa4dd2ab0ae33f07) (NativeFormatImporter) -> (artifact id: '3fd5251983b6578fd68bf6bc3bb3b4e3') in 0.0014195 seconds
Start importing Assets/LayeredTerrain/GrassSoil/EdgeGrassOnSoilRefined/Mask-10.asset using Guid(c32eb2f88b196e04f96b1b2b04ea7efe) (NativeFormatImporter) -> (artifact id: '2d01cd9893dc47967ba87373e479eb7e') in 0.0013556 seconds
Start importing Assets/LayeredTerrain/GrassSoil/LandformSoil/Mask-13.asset using Guid(04bdecbe02f95ef46986c7056c2b7c3b) (NativeFormatImporter) -> (artifact id: '15f31c02a38b8c10ecc25938dd45d64e') in 0.0016703 seconds
Start importing Assets/LayeredTerrain/GrassSoil/EdgeGrassOnSoilRefined/Mask-00.asset using Guid(e4a3c845026f4254892939518018693f) (NativeFormatImporter) -> (artifact id: '3a031e969e7d12b8ad7d8420c2b35c82') in 0.0014977 seconds
Start importing Assets/LayeredTerrain/GrassSoil/LandformSoil/Mask-03.asset using Guid(15a3542839f831f41a0a24e5e9e2f22c) (NativeFormatImporter) -> (artifact id: '6e77d59b695c8200cb85f17fa75a4b54') in 0.001338 seconds
Start importing Assets/LayeredTerrain/GrassSoil/LandformSoil/Mask-02.asset using Guid(f587922c248637745a6249f84c52611e) (NativeFormatImporter) -> (artifact id: '75844366cc32f023f1e40453bee8aa54') in 0.0016267 seconds
Start importing Assets/LayeredTerrain/GrassSoil/LandformGrass/Mask-09.asset using Guid(165dc20b52db7d14488b55217f6ac108) (NativeFormatImporter) -> (artifact id: '72e38899c33e0e3ced6ed6d0356b17dc') in 0.0015387 seconds
Start importing Assets/LayeredTerrain/GrassSoil/LandformSoil/Mask-11.asset using Guid(86718e5a68b1dcc47854d71bba5a1c17) (NativeFormatImporter) -> (artifact id: '04f57e67d298deb7839321669f6f5937') in 0.0013848 seconds
Start importing Assets/LayeredTerrain/GrassSoil/EdgeGrassOnSoilRefined/Mask-09.asset using Guid(86c349d56e9db3e4e849d6749cdfbfbe) (NativeFormatImporter) -> (artifact id: 'a3a3937713e26dae2d17075614e230de') in 0.0013943 seconds
Start importing Assets/LayeredTerrain/CompositeBrushes/GrassSoil/GrassSoilReverseLandformTileSet.asset using Guid(17ff6febab517824eb695d29e0459a1f) (NativeFormatImporter) -> (artifact id: '3aac16350dc78571bdc4c034dd153e34') in 0.001552 seconds
Start importing Assets/LayeredTerrain/GrassSoil/LandformSoil/Mask-09.asset using Guid(478b7d64a48c32541abd22cde03a7210) (NativeFormatImporter) -> (artifact id: 'df61b4f661f9c0aded60f089bd901d4a') in 0.0013149 seconds
Start importing Assets/LayeredTerrain/GrassSoil/LandformSoil/Mask-05.asset using Guid(878e7bb9dfa805f47b4b88fef4623c4b) (NativeFormatImporter) -> (artifact id: '6433cd5ece3fc29e9694b9c40d1cce7b') in 0.0013731 seconds
Start importing Assets/LayeredTerrain/CompositeBrushes/StoneWater/StoneWaterReverseLandformTileSet.asset using Guid(97ffcbb8c3ab6264e80693ccaf0c43de) (NativeFormatImporter) -> (artifact id: '098d79a46ae44df4e4eabca0ead85233') in 0.0019406 seconds
Start importing Assets/LayeredTerrain/GrassSoil/LandformSoil/Mask-14.asset using Guid(a7806afe4f019d445bbf552f9eece05e) (NativeFormatImporter) -> (artifact id: 'e86c3f661d3698b3e540fda453881940') in 0.0014856 seconds
Start importing Assets/LayeredTerrain/GrassSoil/EdgeGrassOnSoilRefined/Mask-13.asset using Guid(a7d1a82699efeae47a6ca0a5bb112ae7) (NativeFormatImporter) -> (artifact id: 'a78e3ab795bab51c2fb8875ea81a3142') in 0.0013092 seconds
Start importing Assets/LayeredTerrain/GrassSoil/EdgeGrassOnSoilRefined/GrassOnSoilRefinedTileSet.asset using Guid(b75665e5083dab441a2805aa7b5e1562) (NativeFormatImporter) -> (artifact id: '9a378045af94549dd04c416ddd049034') in 0.0014234 seconds
Start importing Assets/LayeredTerrain/GrassSoil/LandformGrass/Mask-14.asset using Guid(c7287b8c949516949b483b111ceb39a0) (NativeFormatImporter) -> (artifact id: '742a261e597b802d91fa4c4b50193514') in 0.0012281 seconds
Start importing Assets/LayeredTerrain/GrassSoil/LandformSoil/Mask-00.asset using Guid(88d5b3d83381240419fa7d0a9d6c2c63) (NativeFormatImporter) -> (artifact id: 'ec59939a8b52efe47b329a71ceccb6a9') in 0.0012591 seconds
Start importing Assets/LayeredTerrain/GrassSoil/LandformGrass/Mask-13.asset using Guid(e80621ea42744c243ac2ec385c32b338) (NativeFormatImporter) -> (artifact id: 'c073a20a8e0628f7baf4a55a699ae105') in 0.0013889 seconds
Start importing Assets/LayeredTerrain/GrassSoil/LandformGrass/Mask-00.asset using Guid(c92ffc9e81d587840892eb05cf844fbf) (NativeFormatImporter) -> (artifact id: '6de21ee1cddad2dc5dc822438a8f4094') in 0.0013586 seconds
Start importing Assets/LayeredTerrain/GrassSoil/LandformSoil/Mask-08.asset using Guid(d98e1448816e2f443a1e4e6b40e7cc25) (NativeFormatImporter) -> (artifact id: '8c84979613e06175002d882607152e4e') in 0.0016524 seconds
Start importing Assets/LayeredTerrain/GrassSoil/LandformSoil/Mask-15.asset using Guid(e95509ac4ec30484ab37daa221658805) (NativeFormatImporter) -> (artifact id: 'f96248f32c56c962dfe506862d5fb21b') in 0.0013407 seconds
Start importing Assets/LayeredTerrain/GrassSoil/EdgeGrassOnSoilRefined/Mask-06.asset using Guid(e9ac41d989ad93f4ca1a691487107c16) (NativeFormatImporter) -> (artifact id: 'e9daccbac2653977ee343c02f273f598') in 0.0015746 seconds
Start importing Assets/LayeredTerrain/GrassSoil/LandformSoil/Mask-10.asset using Guid(f95d6c7578efacd4cb1f12c63e1d8ff8) (NativeFormatImporter) -> (artifact id: '90d43f8749769d1781298dd6bba5d61f') in 0.0014228 seconds
Start importing Assets/LayeredTerrain/GrassSoil/LandformGrass/Mask-10.asset using Guid(0a64b675a1f765c409b8f9deea1eb208) (NativeFormatImporter) -> (artifact id: '09c03947b8c465db650824308fe637f1') in 0.0013516 seconds
Start importing Assets/LayeredTerrain/GrassSoil/EdgeGrassOnSoilRefined/Mask-12.asset using Guid(3a09b8d94e4515f4fa39c4292c8052a7) (NativeFormatImporter) -> (artifact id: 'af83cf963396621d9d3bad458f6ed2a9') in 0.0015438 seconds
Start importing Assets/LayeredTerrain/GrassSoil/LandformSoil/Mask-06.asset using Guid(4ab46eb735954bf45977209e4a936a01) (NativeFormatImporter) -> (artifact id: '8450f37df15f7709b95c5c346493f1fd') in 0.0012998 seconds
Start importing Assets/LayeredTerrain/GrassSoil/LandformGrass/Mask-15.asset using Guid(7a5208b63b1d6284285e932c3708e65d) (NativeFormatImporter) -> (artifact id: '67ddae65d0c7a750e13eb34b9baf8365') in 0.0012403 seconds
Start importing Assets/LayeredTerrain/GrassSoil/LandformGrass/Mask-05.asset using Guid(3b4a2864fb45c5b4fae56fc1f697bbdd) (NativeFormatImporter) -> (artifact id: 'cf3f476c92289c5b074cb8ea3198ce61') in 0.0014771 seconds
Start importing Assets/LayeredTerrain/GrassSoil/EdgeGrassOnSoilRefined/Mask-08.asset using Guid(9b3d0613b51d86146bf5ea0994b42ddd) (NativeFormatImporter) -> (artifact id: '4e302c1a03e18f66e6c41c139ec180d3') in 0.0015943 seconds
Start importing Assets/LayeredTerrain/GrassSoil/LandformGrass/Mask-11.asset using Guid(bb6bc251a6bbcf54480e7f80f2181f2a) (NativeFormatImporter) -> (artifact id: '857582d6d96bb87d66880447573db021') in 0.0013339 seconds
Start importing Assets/LayeredTerrain/GrassSoil/LandformSoil/Mask-12.asset using Guid(3cfb4949c07b1bf43bc66661515525d7) (NativeFormatImporter) -> (artifact id: '3a6ea6ab140b5d680c9d80d68e71cee7') in 0.0014205 seconds
Start importing Assets/LayeredTerrain/GrassSoil/EdgeGrassOnSoilRefined/Mask-04.asset using Guid(6cca3f06a711ab34992417d66eeec087) (NativeFormatImporter) -> (artifact id: 'be2a2aeb01573b6be77d3a2b070fef25') in 0.001316 seconds
Start importing Assets/LayeredTerrain/GrassSoil/Authoring/GrassBase.asset using Guid(3d71b1ea4e270714eb43b3b4541cda21) (NativeFormatImporter) -> (artifact id: '3f5ae16e96393bccc7f5f4d3650a3ce6') in 0.0012775 seconds
Start importing Assets/LayeredTerrain/GrassSoil/LandformGrass/Mask-06.asset using Guid(5d15d49b3c156ae479bd995b33107c67) (NativeFormatImporter) -> (artifact id: '05abb2ca9d5f1492af0ec896fb864d4e') in 0.0012324 seconds
Start importing Assets/LayeredTerrain/GrassSoil/LandformGrass/Mask-01.asset using Guid(7d609e3f17078a44f9a89e21b68ae180) (NativeFormatImporter) -> (artifact id: 'a1ebd9002be9baca60bb274969bc4dc2') in 0.0016886 seconds
Start importing Assets/LayeredTerrain/GrassSoil/LandformGrass/Mask-04.asset using Guid(ede22ab8e9b7bcc4da28aa41887e8614) (NativeFormatImporter) -> (artifact id: '42c1c0d805e7b323f147012ab0eb20fb') in 0.001269 seconds
Start importing Assets/LayeredTerrain/GrassSoil/LandformSoil/SoilLandformTileSet.asset using Guid(3e1155418d0567f44af4b96697c9dd09) (NativeFormatImporter) -> (artifact id: 'df15b8c45196950bc4219bee97aafc82') in 0.00133 seconds
Start importing Assets/LayeredTerrain/GrassSoil/EdgeGrassOnSoilRefined/Mask-02.asset using Guid(6ef5433501c908740932ed7d05777790) (NativeFormatImporter) -> (artifact id: '25936841c896ee6e32acaadabe2f5ad9') in 0.0015181 seconds
Start importing Assets/LayeredTerrain/GrassSoil/EdgeGrassOnSoilRefined/Mask-01.asset using Guid(8e0671f07975b7c43b734d81c5ff11bc) (NativeFormatImporter) -> (artifact id: 'c6f3c5aa165967eeb465f4156418931b') in 0.0018025 seconds
Start importing Assets/LayeredTerrain/GrassSoil/EdgeGrassOnSoilRefined/Mask-03.asset using Guid(de5135a77f40df84b9a7170011242e63) (NativeFormatImporter) -> (artifact id: 'c4b8007304dbcd55f4ed04fb4957f5a6') in 0.0014053 seconds
Start importing Assets/LayeredTerrain/GrassSoil/LandformGrass/GrassLandformTileSet.asset using Guid(2fc47b69529dfb541a089c835adb5ce8) (NativeFormatImporter) -> (artifact id: '7d9b947ceee84338616124256f8ad829') in 0.0016676 seconds
Start importing Assets/LayeredTerrain/GrassSoil/LandformGrass/Mask-12.asset using Guid(bfcde0f6045b297478b7cca21b2bd212) (NativeFormatImporter) -> (artifact id: 'fcc2d08d622fb7725cf22421d7d46e31') in 0.0015277 seconds
Start importing Assets/LayeredTerrain/GrassSoil/LandformGrass/Mask-02.asset using Guid(cfb8b16aec24e064ba3c8b202f110c99) (NativeFormatImporter) -> (artifact id: '918a9e9785ac5cd4f4174f2fe29d6d53') in 0.0013988 seconds
Start importing Assets/LayeredTerrain/GrassSoil/LandformGrass/Mask-03.asset using Guid(cf797356fdd5ba54fb021059b4e0c786) (NativeFormatImporter) -> (artifact id: '297c0fc42e401c9d7fd0a377a3b5b28e') in 0.0013967 seconds
Refreshing native plugins compatible for Editor in 0.18 ms, found 0 plugins.
Preloading 0 native plugins for Editor in 0.00 ms.
Asset Pipeline Refresh (id=2806b95a59821aa409a23a3ed283775c): Total: 0.112 seconds - Initiated by StopAssetImportingV2(NoUpdateAssetOptions)
Start importing Assets/LayeredTerrain/CompositeBrushes/OriginalGrassSoil/OriginalGrassSoilBrush.asset using Guid(21a71232d6e654e4b8c7960242ff7182) (NativeFormatImporter) -> (artifact id: '3547d87e50bc075e0e2036afaef240e2') in 0.0017925 seconds
Start importing Assets/LayeredTerrain/CompositeBrushes/OriginalGrassSoil/OriginalGrassSoilReverseLandformTileSet.asset using Guid(813c3f8ce1d51a24093ce2c5ed1547fa) (NativeFormatImporter) -> (artifact id: 'b5291246265ecb7af0dd8a3a19f371a0') in 0.002209 seconds
Refreshing native plugins compatible for Editor in 0.17 ms, found 0 plugins.
Preloading 0 native plugins for Editor in 0.00 ms.
Asset Pipeline Refresh (id=874bec4595f540c4a9da44728b854f4c): Total: 0.015 seconds - Initiated by StopAssetImportingV2(NoUpdateAssetOptions)
Start importing Assets/Battlefield/Terrain/OrchardDefaultTerrainPalette.asset using Guid(8f09d513b82ee0048abd5a50378dbb0c) (NativeFormatImporter) -> (artifact id: 'af117db4ea5f59db66e2603074e05e44') in 0.0022214 seconds
Refreshing native plugins compatible for Editor in 0.17 ms, found 0 plugins.
Preloading 0 native plugins for Editor in 0.00 ms.
Asset Pipeline Refresh (id=ceddeb1184fca054b8da078c3e14dad0): Total: 0.012 seconds - Initiated by StopAssetImportingV2(NoUpdateAssetOptions)
FRUIT_DEFENSE_TERRAIN_BRUSH_REGISTRY_OK count=3
UnityEngine.Debug:ExtractStackTraceNoAlloc (byte*,int,string)
UnityEngine.StackTraceUtility:ExtractStackTrace ()
UnityEngine.DebugLogHandler:Internal_Log (UnityEngine.LogType,UnityEngine.LogOption,string,UnityEngine.Object)
UnityEngine.DebugLogHandler:LogFormat (UnityEngine.LogType,UnityEngine.Object,string,object[])
UnityEngine.Logger:Log (UnityEngine.LogType,object)
UnityEngine.Debug:Log (object)
FruitDefense.Editor.TerrainBrushRegistrySmoke:Validate () (at Assets/Editor/Tests/TerrainBrushRegistrySmoke.cs:93)
FruitDefense.Editor.ProjectSetup:SmokeValidate () (at Assets/Editor/Tools/ProjectSetup.cs:249)
FruitDefense.Editor.P0ValidationSuite:Run () (at Assets/Editor/Tests/P0ValidationSuite.cs:18)

(Filename: Assets/Editor/Tests/TerrainBrushRegistrySmoke.cs Line: 93)

Battlefield terrain presentation stopped: Terrain palette 'palette.orchard.default' has no landform binding for surface 'surface.grass' with contour 'contour.square' at visual cell 8.
UnityEngine.Debug:ExtractStackTraceNoAlloc (byte*,int,string)
UnityEngine.StackTraceUtility:ExtractStackTrace ()
UnityEngine.DebugLogHandler:Internal_Log (UnityEngine.LogType,UnityEngine.LogOption,string,UnityEngine.Object)
UnityEngine.DebugLogHandler:LogFormat (UnityEngine.LogType,UnityEngine.Object,string,object[])
UnityEngine.Logger:Log (UnityEngine.LogType,object,UnityEngine.Object)
UnityEngine.Debug:LogWarning (object,UnityEngine.Object)
FruitDefense.FruitDefenseGame:SetTerrainPresentationError (string) (at Assets/Scripts/FruitDefenseGame.cs:1679)
FruitDefense.FruitDefenseGame:RefreshTerrainPresentationStatus () (at Assets/Scripts/FruitDefenseGame.cs:1668)
FruitDefense.FruitDefenseGame:CompleteInitialization (FruitDefense.Battle.BattleLaunchRequest,FruitDefense.App.IAppNavigator,FruitDefense.Battle.IBattleResultSink,FruitDefense.UI.RuntimeUiTheme,FruitDefense.Core.GameSimulation) (at Assets/Scripts/FruitDefenseGame.cs:786)
FruitDefense.FruitDefenseGame:Initialize (FruitDefense.Battle.BattleLaunchRequest,FruitDefense.App.IAppNavigator,FruitDefense.Battle.IBattleResultSink,FruitDefense.UI.RuntimeUiTheme,FruitDefense.Content.ResolvedLevelDefinition) (at Assets/Scripts/FruitDefenseGame.cs:715)
FruitDefense.Editor.BattlefieldDualGridTerrainSmoke:ValidateRuntimeTerrainFailurePolicy (FruitDefense.Tilemaps.BattlefieldTerrainPalette) (at Assets/Editor/Tests/BattlefieldDualGridTerrainSmoke.cs:285)
FruitDefense.Editor.BattlefieldDualGridTerrainSmoke:Validate () (at Assets/Editor/Tests/BattlefieldDualGridTerrainSmoke.cs:46)
FruitDefense.Editor.ProjectSetup:SmokeValidate () (at Assets/Editor/Tools/ProjectSetup.cs:250)
FruitDefense.Editor.P0ValidationSuite:Run () (at Assets/Editor/Tests/P0ValidationSuite.cs:18)

(Filename: Assets/Scripts/FruitDefenseGame.cs Line: 1679)

Asset Pipeline Refresh (id=178a310dc35a404439dc13ef59628272): Total: 0.013 seconds - Initiated by RefreshV2(NoUpdateAssetOptions)
Asset Pipeline Refresh (id=e54d89179827c4c4990a4ab1965af872): Total: 0.031 seconds - Initiated by RefreshV2(NoUpdateAssetOptions)
Square contour topology guide generated: Assets/LayeredTerrain/GrassSoil/Square/Topology/SquareContourTopologyGuide.png
UnityEngine.Debug:ExtractStackTraceNoAlloc (byte*,int,string)
UnityEngine.StackTraceUtility:ExtractStackTrace ()
UnityEngine.DebugLogHandler:Internal_Log (UnityEngine.LogType,UnityEngine.LogOption,string,UnityEngine.Object)
UnityEngine.DebugLogHandler:LogFormat (UnityEngine.LogType,UnityEngine.Object,string,object[])
UnityEngine.Logger:Log (UnityEngine.LogType,object)
UnityEngine.Debug:Log (object)
FruitDefense.Editor.SquareTerrainArtGenerator:GenerateTopologyGuide () (at Assets/Editor/Tools/SquareTerrainArtGenerator.cs:42)
FruitDefense.Editor.SquareTerrainArtGenerator:GenerateAvailableSquareAssets () (at Assets/Editor/Tools/SquareTerrainArtGenerator.cs:133)
FruitDefense.Editor.LayeredTerrainArtSetup:EnsurePaletteAssets () (at Assets/Editor/Tools/LayeredTerrainArtSetup.cs:62)
FruitDefense.Editor.ProjectSetup:ConfigureBattlefieldTerrain (FruitDefense.FruitDefenseGame) (at Assets/Editor/Tools/ProjectSetup.cs:217)
FruitDefense.Editor.BattlefieldDualGridTerrainSmoke:ValidateSetupBinding (FruitDefense.Tilemaps.BattlefieldTerrainPalette,FruitDefense.Tilemaps.DualGridTileSet,FruitDefense.Tilemaps.DualGridTileSet,UnityEngine.Texture2D) (at Assets/Editor/Tests/BattlefieldDualGridTerrainSmoke.cs:489)
FruitDefense.Editor.BattlefieldDualGridTerrainSmoke:Validate () (at Assets/Editor/Tests/BattlefieldDualGridTerrainSmoke.cs:92)
FruitDefense.Editor.ProjectSetup:SmokeValidate () (at Assets/Editor/Tools/ProjectSetup.cs:250)
FruitDefense.Editor.P0ValidationSuite:Run () (at Assets/Editor/Tests/P0ValidationSuite.cs:18)

(Filename: Assets/Editor/Tools/SquareTerrainArtGenerator.cs Line: 42)

Asset Pipeline Refresh (id=6d021e6753cbbfc4ba6d0f7a1c6a6ae0): Total: 0.026 seconds - Initiated by RefreshV2(NoUpdateAssetOptions)
Asset Pipeline Refresh (id=2b42988d5dd4faf4f9c3211ae6517fba): Total: 0.037 seconds - Initiated by RefreshV2(NoUpdateAssetOptions)
Asset Pipeline Refresh (id=446a91e62f930294db59f68d53519b9f): Total: 0.029 seconds - Initiated by RefreshV2(NoUpdateAssetOptions)
Start importing Assets/LayeredTerrain/GrassSoil/Square/LandformStoneRoad/Mask-07.asset using Guid(b02fd980a2abc6b41974d859a777fb1d) (NativeFormatImporter) -> (artifact id: '09027e8d963d8fd928277d96f7735e27') in 0.0019358 seconds
Start importing Assets/LayeredTerrain/GrassSoil/Square/LandformGrass/Mask-05.asset using Guid(d04330ef8020b8a41b9e4589cb202101) (NativeFormatImporter) -> (artifact id: '4e5972f1b6c2ded32e8e48532b67135b') in 0.0016278 seconds
Start importing Assets/LayeredTerrain/GrassSoil/Square/LandformGrass/Mask-12.asset using Guid(d00b41817e9bc0741ad148ea3e94519a) (NativeFormatImporter) -> (artifact id: '9d0a3a48e4156b96b3c76ca702bf7bff') in 0.0014446 seconds
Start importing Assets/LayeredTerrain/GrassSoil/Square/LandformStoneRoad/Mask-13.asset using Guid(116a8c3b6ac195a4ebb8e3c7a9989ddc) (NativeFormatImporter) -> (artifact id: '871e193410b26687800828802aef7920') in 0.0014322 seconds
Start importing Assets/LayeredTerrain/GrassSoil/Square/LandformGrass/Mask-02.asset using Guid(315648227c153724090125e98f4cba15) (NativeFormatImporter) -> (artifact id: 'd08b86b0e86b5ac26e9107766d5008d1') in 0.0014529 seconds
Start importing Assets/LayeredTerrain/GrassSoil/Square/LandformStoneRoad/Mask-11.asset using Guid(519050a0a5a9f5847b095ee0b83437a0) (NativeFormatImporter) -> (artifact id: 'ae100c2ae270a66d81134616e885003c') in 0.0013562 seconds
Start importing Assets/LayeredTerrain/GrassSoil/Square/LandformGrass/Mask-14.asset using Guid(81815b76ad7c06c47bf1bc7b65624ffd) (NativeFormatImporter) -> (artifact id: 'e00c4c5ecbd51682bc3c65bf8d862a23') in 0.0013097 seconds
Start importing Assets/LayeredTerrain/GrassSoil/Square/LandformSoil/Mask-03.asset using Guid(b1c5384b4651e4a4a82d483cc64aae79) (NativeFormatImporter) -> (artifact id: '45c12fb41048b850cd7cb0f3e535436a') in 0.0014978 seconds
Start importing Assets/LayeredTerrain/GrassSoil/Square/LandformGrass/Mask-15.asset using Guid(027119ab30d86a546a5d935d6e9ec608) (NativeFormatImporter) -> (artifact id: '7e821f282e19a2a4d5825e548df9693a') in 0.0013276 seconds
Start importing Assets/LayeredTerrain/GrassSoil/Square/LandformGrass/Mask-00.asset using Guid(13f70a46e499e0146bffd256e7c14483) (NativeFormatImporter) -> (artifact id: '2a9713a59b72231d0d554c49e274b85a') in 0.0012815 seconds
Start importing Assets/LayeredTerrain/GrassSoil/Square/LandformSoil/Mask-00.asset using Guid(8303f71f8469fd7459473d47391ab0b3) (NativeFormatImporter) -> (artifact id: '1442dfc314550b70b27dde3dada60cc7') in 0.0012917 seconds
Start importing Assets/LayeredTerrain/GrassSoil/Square/LandformSoil/Mask-01.asset using Guid(d33072ada9e1bb749adcc5938680d51a) (NativeFormatImporter) -> (artifact id: '7a8f58bad24b64f744799cb0b0b9228f') in 0.0013473 seconds
Start importing Assets/LayeredTerrain/GrassSoil/Square/LandformStoneRoad/Mask-09.asset using Guid(d30b19c2c64338a4fa9211b305cf65b1) (NativeFormatImporter) -> (artifact id: '59211e6be04f7e5724ec1a1b38221d71') in 0.0012545 seconds
Start importing Assets/LayeredTerrain/GrassSoil/Square/LandformSoil/Mask-13.asset using Guid(548b829df136ae948902efdc96ee70bb) (NativeFormatImporter) -> (artifact id: 'd770f2a72e8453a69c8ff146ee623ca5') in 0.001292 seconds
Start importing Assets/LayeredTerrain/GrassSoil/Square/LandformStoneRoad/Mask-00.asset using Guid(74d1d4b679c3aec43af1bd30b6c4aea1) (NativeFormatImporter) -> (artifact id: '4c60ffb732228db343f89511449fce3b') in 0.001788 seconds
Start importing Assets/LayeredTerrain/GrassSoil/Square/LandformGrass/Mask-01.asset using Guid(35cbc7e6bd8f2f84d9c7965779c9b2eb) (NativeFormatImporter) -> (artifact id: '7cd6fe12f157cd0a0b2a210183323c21') in 0.0014128 seconds
Start importing Assets/LayeredTerrain/GrassSoil/Square/LandformGrass/Mask-10.asset using Guid(5728d44dd2630ff40849746ce5d849d7) (NativeFormatImporter) -> (artifact id: '57d0e56c944d10ea9c02adfa74800a28') in 0.0012685 seconds
Start importing Assets/LayeredTerrain/GrassSoil/Square/LandformSoil/Mask-09.asset using Guid(67347eef4df492941b15d16b687e2cb7) (NativeFormatImporter) -> (artifact id: '0b3fee03fb07b35a5fbe9374ec056b4b') in 0.0014127 seconds
Start importing Assets/LayeredTerrain/GrassSoil/Square/LandformGrass/Mask-04.asset using Guid(87737865bdb87ec43864ad3d997d7626) (NativeFormatImporter) -> (artifact id: '83b9f8cc1d095defdc009bd1839b690f') in 0.001324 seconds
Start importing Assets/LayeredTerrain/GrassSoil/Square/LandformSoil/Mask-02.asset using Guid(87e33da937f65d34fb027eebfd8c1343) (NativeFormatImporter) -> (artifact id: '031756e6cc2b3a5ef2ddcaf8740ee21f') in 0.0012498 seconds
Start importing Assets/LayeredTerrain/GrassSoil/Square/LandformGrass/Mask-08.asset using Guid(b781c12832a4cd84392ab7d35a405505) (NativeFormatImporter) -> (artifact id: 'c734ab3f59a9e28ca19de35691f15a63') in 0.0012573 seconds
Start importing Assets/LayeredTerrain/GrassSoil/Square/LandformStoneRoad/Mask-04.asset using Guid(f70ec30b59552144a97e4da8fea5520c) (NativeFormatImporter) -> (artifact id: '67ab708a109917ddbe110252083911c2') in 0.0014596 seconds
Start importing Assets/LayeredTerrain/GrassSoil/Square/LandformStoneRoad/Mask-05.asset using Guid(08c7afe6a1108a84b9f8ac99c7fa610e) (NativeFormatImporter) -> (artifact id: 'a8026e8f0c10f4b634f0c477d7f79ba5') in 0.0012593 seconds
Start importing Assets/LayeredTerrain/GrassSoil/Square/LandformStoneRoad/Mask-14.asset using Guid(39202684bd500f14184c5131ac46a6dd) (NativeFormatImporter) -> (artifact id: 'b43c0e8abc2951d26427ba0ee51e7ebb') in 0.0012607 seconds
Start importing Assets/LayeredTerrain/GrassSoil/Square/LandformSoil/SoilSquareLandformTileSet.asset using Guid(897d878e9497c6e4d935ea42058d6001) (NativeFormatImporter) -> (artifact id: '17e85a477bcdc5aaf3c7a2ca1f1f5d8e') in 0.0017038 seconds
Start importing Assets/LayeredTerrain/GrassSoil/Square/LandformStoneRoad/StoneRoadSquareLandformTileSet.asset using Guid(0a6730ef0e26d5b49b9ae3129ee21909) (NativeFormatImporter) -> (artifact id: '48456893df0f467254b3256235820444') in 0.0014222 seconds
Start importing Assets/LayeredTerrain/GrassSoil/Square/LandformStoneRoad/Mask-10.asset using Guid(caa578d738fb0414e820ab1e3541b03f) (NativeFormatImporter) -> (artifact id: 'be4dcdbbc4fe728152242b70b5e9bb78') in 0.0012913 seconds
Start importing Assets/LayeredTerrain/GrassSoil/Square/LandformSoil/Mask-07.asset using Guid(2ce20b5da48d1ae43956c41d22ecd92e) (NativeFormatImporter) -> (artifact id: '7c41af1778c9689fc8cf1f4e4fcccd2c') in 0.0012928 seconds
Start importing Assets/LayeredTerrain/GrassSoil/Square/LandformSoil/Mask-11.asset using Guid(2c6bd62321830da498ea7724ae626857) (NativeFormatImporter) -> (artifact id: 'b1033fab3dddb68d369a244413a84ab3') in 0.0013784 seconds
Start importing Assets/LayeredTerrain/GrassSoil/Square/LandformStoneRoad/Mask-15.asset using Guid(5cbc1f25709453b4a90de7054d0ce9b7) (NativeFormatImporter) -> (artifact id: 'ca75aea14a03badd729ba37b57fc7710') in 0.0013282 seconds
Start importing Assets/LayeredTerrain/GrassSoil/Square/LandformGrass/Mask-09.asset using Guid(8c5fb632240287d48a17621f58d3a651) (NativeFormatImporter) -> (artifact id: '77c6cf5113d6c96189dbf6818d84fd5f') in 0.0012755 seconds
Start importing Assets/LayeredTerrain/GrassSoil/Square/LandformSoil/Mask-12.asset using Guid(bc85f424c35a6c845b2186949136a828) (NativeFormatImporter) -> (artifact id: '08c355397adee775c3834a7a7a0bf465') in 0.0013817 seconds
Start importing Assets/LayeredTerrain/GrassSoil/Square/LandformSoil/Mask-10.asset using Guid(0dfe2c0efe3330c4d9570f0061d459b9) (NativeFormatImporter) -> (artifact id: '88decb540b9e036a0400c2d34dbc707c') in 0.0013379 seconds
Start importing Assets/LayeredTerrain/GrassSoil/Square/LandformGrass/Mask-03.asset using Guid(1db706b3e9547554e9081663c6442ba0) (NativeFormatImporter) -> (artifact id: 'fdfbe87044d88284093ccc42787947e0') in 0.001277 seconds
Start importing Assets/LayeredTerrain/GrassSoil/Square/LandformStoneRoad/Mask-02.asset using Guid(1d9b71389b4697e4586703b25f185da7) (NativeFormatImporter) -> (artifact id: 'dbb50fa57ab28462356bbd1a8ebab835') in 0.0012207 seconds
Start importing Assets/LayeredTerrain/GrassSoil/Square/LandformSoil/Mask-05.asset using Guid(2de42da45e48f974e9a74a6970e6e643) (NativeFormatImporter) -> (artifact id: '6e739e360d22b33fd378e6acefe9d800') in 0.0013123 seconds
Start importing Assets/LayeredTerrain/GrassSoil/Square/LandformGrass/Mask-11.asset using Guid(5d253dc28016ae64db4653758ac0af88) (NativeFormatImporter) -> (artifact id: '4dbb166b77c04b10385ee89749d834d3') in 0.0013233 seconds
Start importing Assets/LayeredTerrain/GrassSoil/Square/LandformSoil/Mask-04.asset using Guid(5d4806f722710eb40b1cf937cc6498b6) (NativeFormatImporter) -> (artifact id: 'a825e4a02be2364dca6cd5d251c2a1af') in 0.0012582 seconds
Start importing Assets/LayeredTerrain/GrassSoil/Square/LandformStoneRoad/Mask-01.asset using Guid(add98a42caf91414387900c1b29b92c6) (NativeFormatImporter) -> (artifact id: 'a1a43dffdd1f7cdd6311169ade464c57') in 0.0013224 seconds
Start importing Assets/LayeredTerrain/GrassSoil/Square/LandformGrass/Mask-06.asset using Guid(cd0f4d7279da9f84caa8c319e7ab29f9) (NativeFormatImporter) -> (artifact id: '52937737c65259daea7bed84aa0a8a04') in 0.0014611 seconds
Start importing Assets/LayeredTerrain/GrassSoil/Square/LandformGrass/Mask-07.asset using Guid(4e65cf042fab2c1448282809779edb8a) (NativeFormatImporter) -> (artifact id: '8cc68977b954eb6d618706e748b65e8b') in 0.0012819 seconds
Start importing Assets/LayeredTerrain/GrassSoil/Square/LandformGrass/Mask-13.asset using Guid(7e2014d33d57f294f97dea5ed30b730c) (NativeFormatImporter) -> (artifact id: '93ec9328dc52bc61493ece4ef09f812b') in 0.001289 seconds
Start importing Assets/LayeredTerrain/GrassSoil/Square/LandformSoil/Mask-14.asset using Guid(ae949dd8d7965fa41b1d3481d8bf8e30) (NativeFormatImporter) -> (artifact id: '13d3e8fadf25938fb6084c9eacdc285d') in 0.0015538 seconds
Start importing Assets/LayeredTerrain/GrassSoil/Square/LandformStoneRoad/Mask-08.asset using Guid(aecab5b9f537b5349adcff0900809717) (NativeFormatImporter) -> (artifact id: '6723e7d6eab214144e2a993643460ee5') in 0.0016281 seconds
Start importing Assets/LayeredTerrain/GrassSoil/Square/LandformSoil/Mask-15.asset using Guid(ce833c44287e15a44945e738038eb1c3) (NativeFormatImporter) -> (artifact id: '7c1ac2f82e318d432012af6c6509f07a') in 0.0013177 seconds
Start importing Assets/LayeredTerrain/GrassSoil/Square/LandformSoil/Mask-08.asset using Guid(ee6f4f16a4085914dbcb15919c60654c) (NativeFormatImporter) -> (artifact id: '2a403aad88716c1a9d6ee321599dc86f') in 0.0016889 seconds
Start importing Assets/LayeredTerrain/GrassSoil/Square/LandformStoneRoad/Mask-12.asset using Guid(2f49f6b2d05a8804097e79c69e515dc3) (NativeFormatImporter) -> (artifact id: '3512849ba8746b3929337e37047f52c2') in 0.0014113 seconds
Start importing Assets/LayeredTerrain/GrassSoil/Square/LandformSoil/Mask-06.asset using Guid(3ff6ff5cd14cc7441a6a84cdde5ff745) (NativeFormatImporter) -> (artifact id: 'c47a955bf9dc32d5bb761f8069ffd421') in 0.001279 seconds
Start importing Assets/LayeredTerrain/GrassSoil/Square/LandformStoneRoad/Mask-06.asset using Guid(df46002ea561b404889b370e84a77f83) (NativeFormatImporter) -> (artifact id: 'c73fed30de3e790341265e9a3306482c') in 0.0015368 seconds
Start importing Assets/LayeredTerrain/GrassSoil/Square/LandformStoneRoad/Mask-03.asset using Guid(df1e863caf3bc5441a0d4c507b76c311) (NativeFormatImporter) -> (artifact id: 'a9a2fb8e8c6cb1c0cdbe880f9de699ac') in 0.0013677 seconds
Start importing Assets/LayeredTerrain/GrassSoil/Square/LandformGrass/GrassSquareLandformTileSet.asset using Guid(ef399dc10411dd84ab6a276f72e506ea) (NativeFormatImporter) -> (artifact id: '3f3f806b6373e60abb62a5adaf65a9f7') in 0.0013392 seconds
Refreshing native plugins compatible for Editor in 0.20 ms, found 0 plugins.
Preloading 0 native plugins for Editor in 0.00 ms.
Asset Pipeline Refresh (id=0832659ce5e276047961ea3e3cf844b2): Total: 0.098 seconds - Initiated by StopAssetImportingV2(NoUpdateAssetOptions)
Native 256 px square grass, soil and stone-road landforms generated.
UnityEngine.Debug:ExtractStackTraceNoAlloc (byte*,int,string)
UnityEngine.StackTraceUtility:ExtractStackTrace ()
UnityEngine.DebugLogHandler:Internal_Log (UnityEngine.LogType,UnityEngine.LogOption,string,UnityEngine.Object)
UnityEngine.DebugLogHandler:LogFormat (UnityEngine.LogType,UnityEngine.Object,string,object[])
UnityEngine.Logger:Log (UnityEngine.LogType,object)
UnityEngine.Debug:Log (object)
FruitDefense.Editor.SquareTerrainArtGenerator:GenerateDeterministicLandforms () (at Assets/Editor/Tools/SquareTerrainArtGenerator.cs:87)
FruitDefense.Editor.SquareTerrainArtGenerator:GenerateAvailableSquareAssets () (at Assets/Editor/Tools/SquareTerrainArtGenerator.cs:134)
FruitDefense.Editor.LayeredTerrainArtSetup:EnsurePaletteAssets () (at Assets/Editor/Tools/LayeredTerrainArtSetup.cs:62)
FruitDefense.Editor.ProjectSetup:ConfigureBattlefieldTerrain (FruitDefense.FruitDefenseGame) (at Assets/Editor/Tools/ProjectSetup.cs:217)
FruitDefense.Editor.BattlefieldDualGridTerrainSmoke:ValidateSetupBinding (FruitDefense.Tilemaps.BattlefieldTerrainPalette,FruitDefense.Tilemaps.DualGridTileSet,FruitDefense.Tilemaps.DualGridTileSet,UnityEngine.Texture2D) (at Assets/Editor/Tests/BattlefieldDualGridTerrainSmoke.cs:489)
FruitDefense.Editor.BattlefieldDualGridTerrainSmoke:Validate () (at Assets/Editor/Tests/BattlefieldDualGridTerrainSmoke.cs:92)
FruitDefense.Editor.ProjectSetup:SmokeValidate () (at Assets/Editor/Tools/ProjectSetup.cs:250)
FruitDefense.Editor.P0ValidationSuite:Run () (at Assets/Editor/Tests/P0ValidationSuite.cs:18)

(Filename: Assets/Editor/Tools/SquareTerrainArtGenerator.cs Line: 87)

Asset Pipeline Refresh (id=1345e07352ebcb34189360ecb4fcb1e8): Total: 0.029 seconds - Initiated by RefreshV2(NoUpdateAssetOptions)
Start importing Assets/LayeredTerrain/GrassSoil/Square/EdgeGrassOnSoilPainted/Mask-15.asset using Guid(a17969b175ec3354c8fe533c48257f94) (NativeFormatImporter) -> (artifact id: '99f211a0ff210a0c86467a3e625714fe') in 0.0019065 seconds
Start importing Assets/LayeredTerrain/GrassSoil/Square/EdgeGrassOnSoilPainted/Mask-04.asset using Guid(e2449efc0c1116648a5b9cbfe33d8e81) (NativeFormatImporter) -> (artifact id: '18145ed9e628d5f8340c44824db6c8be') in 0.0016122 seconds
Start importing Assets/LayeredTerrain/GrassSoil/Square/EdgeGrassOnSoilPainted/Mask-14.asset using Guid(4328f421ed4ea34439d6e4e50990e24a) (NativeFormatImporter) -> (artifact id: '6bbe4451c7dca2d4de869403308041cf') in 0.0015285 seconds
Start importing Assets/LayeredTerrain/GrassSoil/Square/EdgeGrassOnSoilPainted/Mask-11.asset using Guid(04aab987cd98a4440b66bb727667d8db) (NativeFormatImporter) -> (artifact id: 'eb6fb6ecd423e575e0946462aa243d66') in 0.0014552 seconds
Start importing Assets/LayeredTerrain/GrassSoil/Square/EdgeGrassOnSoilPainted/Mask-13.asset using Guid(75f61e4d96323eb4e906226b1dd8a16a) (NativeFormatImporter) -> (artifact id: '7952dc870547efbd422b012b46d2b17a') in 0.0013805 seconds
Start importing Assets/LayeredTerrain/GrassSoil/Square/EdgeGrassOnSoilPainted/Mask-08.asset using Guid(062a9acbc752b0342becc47471c8dad4) (NativeFormatImporter) -> (artifact id: 'ee86fce3dc4587f247fc6e398cfff9cd') in 0.0018018 seconds
Start importing Assets/LayeredTerrain/GrassSoil/Square/EdgeGrassOnSoilPainted/Mask-12.asset using Guid(17347530ba5655e4cb59ff249a976ea1) (NativeFormatImporter) -> (artifact id: '27e6bc4eabc1e74cb23636389ffd9263') in 0.0013757 seconds
Start importing Assets/LayeredTerrain/GrassSoil/Square/EdgeGrassOnSoilPainted/Mask-00.asset using Guid(676ca911d7a7bbf408a30856d7cc6990) (NativeFormatImporter) -> (artifact id: '557d3d98682769dd5e96ded56f4299cf') in 0.0013377 seconds
Start importing Assets/LayeredTerrain/GrassSoil/Square/EdgeGrassOnSoilPainted/Mask-10.asset using Guid(e75c1031ec799e0448fd29d3082006b4) (NativeFormatImporter) -> (artifact id: 'c8e41218e8984dd46c91b31d7703de4f') in 0.0016687 seconds
Start importing Assets/LayeredTerrain/GrassSoil/Square/EdgeGrassOnSoilPainted/Mask-09.asset using Guid(a8a7730f3a6dd484198f1b19fed8a24f) (NativeFormatImporter) -> (artifact id: '5597baddb442bf8a928e37d39723d50b') in 0.0013217 seconds
Start importing Assets/LayeredTerrain/GrassSoil/Square/EdgeGrassOnSoilPainted/Mask-07.asset using Guid(f8b2f90201834fa478634d3f30f6af16) (NativeFormatImporter) -> (artifact id: 'a306cb5e617a8648a67a81dc94516e9e') in 0.001245 seconds
Start importing Assets/LayeredTerrain/GrassSoil/Square/EdgeGrassOnSoilPainted/Mask-06.asset using Guid(19882d23e028ac94e8abd02f91624ba8) (NativeFormatImporter) -> (artifact id: '54900e8224e5828f7c6a4f69fec6db72') in 0.0014358 seconds
Start importing Assets/LayeredTerrain/GrassSoil/Square/EdgeGrassOnSoilPainted/Mask-01.asset using Guid(b94d4b2cd03a1b04b83a81974d966227) (NativeFormatImporter) -> (artifact id: '7caf427609fab688c51f9caa2ce6a79f') in 0.0014452 seconds
Start importing Assets/LayeredTerrain/GrassSoil/Square/EdgeGrassOnSoilPainted/Mask-03.asset using Guid(1a4a3cc4af69bbc4aaabde52016c4f95) (NativeFormatImporter) -> (artifact id: 'af45f85c0f45a239757e36be7c184f6c') in 0.0013307 seconds
Start importing Assets/LayeredTerrain/GrassSoil/Square/EdgeGrassOnSoilPainted/Mask-05.asset using Guid(bacdc75efb95eda42aa6803845d196c4) (NativeFormatImporter) -> (artifact id: '6d469253745d86e884993bfadfef01d0') in 0.0012885 seconds
Start importing Assets/LayeredTerrain/GrassSoil/Square/EdgeGrassOnSoilPainted/GrassOnSoilSquarePaintedTileSet.asset using Guid(1b984e39e61f8734d8c54b032e84c3a3) (NativeFormatImporter) -> (artifact id: '612bda68ec02f7c1be620eb4ba627873') in 0.0015046 seconds
Start importing Assets/LayeredTerrain/GrassSoil/Square/EdgeGrassOnSoilPainted/Mask-02.asset using Guid(8d6a7e51f29762f4796204a57546e522) (NativeFormatImporter) -> (artifact id: '504e9a251c8e415c78cba5f93910b005') in 0.001378 seconds
Refreshing native plugins compatible for Editor in 0.16 ms, found 0 plugins.
Preloading 0 native plugins for Editor in 0.00 ms.
Asset Pipeline Refresh (id=62606c028978cb947be84de85bd14925): Total: 0.040 seconds - Initiated by StopAssetImportingV2(NoUpdateAssetOptions)
Accepted ribbon lip profile packaged as a top-down grass feather with base-grass RGB, guide-owned topology and no soil wall or outline.
UnityEngine.Debug:ExtractStackTraceNoAlloc (byte*,int,string)
UnityEngine.StackTraceUtility:ExtractStackTrace ()
UnityEngine.DebugLogHandler:Internal_Log (UnityEngine.LogType,UnityEngine.LogOption,string,UnityEngine.Object)
UnityEngine.DebugLogHandler:LogFormat (UnityEngine.LogType,UnityEngine.Object,string,object[])
UnityEngine.Logger:Log (UnityEngine.LogType,object)
UnityEngine.Debug:Log (object)
FruitDefense.Editor.SquareTerrainArtGenerator:PackageAcceptedGrassOnSoilCandidate () (at Assets/Editor/Tools/SquareTerrainArtGenerator.cs:126)
FruitDefense.Editor.SquareTerrainArtGenerator:GenerateAvailableSquareAssets () (at Assets/Editor/Tools/SquareTerrainArtGenerator.cs:138)
FruitDefense.Editor.LayeredTerrainArtSetup:EnsurePaletteAssets () (at Assets/Editor/Tools/LayeredTerrainArtSetup.cs:62)
FruitDefense.Editor.ProjectSetup:ConfigureBattlefieldTerrain (FruitDefense.FruitDefenseGame) (at Assets/Editor/Tools/ProjectSetup.cs:217)
FruitDefense.Editor.BattlefieldDualGridTerrainSmoke:ValidateSetupBinding (FruitDefense.Tilemaps.BattlefieldTerrainPalette,FruitDefense.Tilemaps.DualGridTileSet,FruitDefense.Tilemaps.DualGridTileSet,UnityEngine.Texture2D) (at Assets/Editor/Tests/BattlefieldDualGridTerrainSmoke.cs:489)
FruitDefense.Editor.BattlefieldDualGridTerrainSmoke:Validate () (at Assets/Editor/Tests/BattlefieldDualGridTerrainSmoke.cs:92)
FruitDefense.Editor.ProjectSetup:SmokeValidate () (at Assets/Editor/Tools/ProjectSetup.cs:250)
FruitDefense.Editor.P0ValidationSuite:Run () (at Assets/Editor/Tests/P0ValidationSuite.cs:18)

(Filename: Assets/Editor/Tools/SquareTerrainArtGenerator.cs Line: 126)

Start importing Assets/LayeredTerrain/GrassSoil/LandformSoil/Mask-07.asset using Guid(40244693c163e6541baff892b129cb00) (NativeFormatImporter) -> (artifact id: 'e65830c68ae7e03467001a0296ab0069') in 0.0017997 seconds
Start importing Assets/LayeredTerrain/GrassSoil/EdgeGrassOnSoilRefined/Mask-07.asset using Guid(418e9fec0ca97b64ab0f4c86dc0fd006) (NativeFormatImporter) -> (artifact id: 'cd9c2cf18fdd38f609098f7d0cc15714') in 0.0017551 seconds
Start importing Assets/LayeredTerrain/CompositeBrushes/OriginalGrassSoil/OriginalGrassSoilReverseLandformTileSet.asset using Guid(813c3f8ce1d51a24093ce2c5ed1547fa) (NativeFormatImporter) -> (artifact id: 'b5291246265ecb7af0dd8a3a19f371a0') in 0.0015455 seconds
Start importing Assets/LayeredTerrain/GrassSoil/Authoring/SoilBase.asset using Guid(a158e7b4dd9e7c448b398f9b22a9f9c2) (NativeFormatImporter) -> (artifact id: '1d93f5ffd6651520cc292a513066cccb') in 0.0017351 seconds
Start importing Assets/LayeredTerrain/GrassSoil/EdgeGrassOnSoilRefined/Mask-05.asset using Guid(f15a3346efbbefb40babba4ef8f6ffa7) (NativeFormatImporter) -> (artifact id: '0325b05872f53d4d8922d91b29b864f9') in 0.0016022 seconds
Start importing Assets/LayeredTerrain/GrassSoil/LandformSoil/Mask-04.asset using Guid(f1fab5de0afca5445ba4970fcd52bbbe) (NativeFormatImporter) -> (artifact id: '09085b923c9ce06113de808e0225d25b') in 0.0015139 seconds
Start importing Assets/LayeredTerrain/GrassSoil/EdgeGrassOnSoilRefined/Mask-14.asset using Guid(1292b21714ab41b4197a410a29053ee2) (NativeFormatImporter) -> (artifact id: '113ba810aee874d1280699a85e7183b6') in 0.0014759 seconds
Start importing Assets/LayeredTerrain/GrassSoil/LandformGrass/Mask-08.asset using Guid(52e1998e35a61a047bd24dd910b6bb8c) (NativeFormatImporter) -> (artifact id: '675f77c88e6e0d975abaaae9f510d95d') in 0.0016426 seconds
Start importing Assets/LayeredTerrain/GrassSoil/EdgeGrassOnSoilRefined/Mask-15.asset using Guid(a2ee8cf7722d54542bb6934c3c7acca3) (NativeFormatImporter) -> (artifact id: '6edcf8d7d3f26ee03919cdd607084ab1') in 0.0014431 seconds
Start importing Assets/LayeredTerrain/GrassSoil/EdgeGrassOnSoilRefined/Mask-11.asset using Guid(c29b700cc6f883f4d8d20d2a190eee05) (NativeFormatImporter) -> (artifact id: 'f51c180f858faa73b198142b42927cfc') in 0.001768 seconds
Start importing Assets/LayeredTerrain/GrassSoil/LandformGrass/Mask-07.asset using Guid(d285b7a144ce1134ba6f4b02b003db14) (NativeFormatImporter) -> (artifact id: '0038d19d51d9c42dea9465db3b105f39') in 0.0013898 seconds
Start importing Assets/LayeredTerrain/GrassSoil/LandformSoil/Mask-01.asset using Guid(030d3f064f313fe4aa4dd2ab0ae33f07) (NativeFormatImporter) -> (artifact id: '3fd5251983b6578fd68bf6bc3bb3b4e3') in 0.0012944 seconds
Start importing Assets/LayeredTerrain/GrassSoil/EdgeGrassOnSoilRefined/Mask-10.asset using Guid(c32eb2f88b196e04f96b1b2b04ea7efe) (NativeFormatImporter) -> (artifact id: '2d01cd9893dc47967ba87373e479eb7e') in 0.001333 seconds
Start importing Assets/LayeredTerrain/GrassSoil/LandformSoil/Mask-13.asset using Guid(04bdecbe02f95ef46986c7056c2b7c3b) (NativeFormatImporter) -> (artifact id: '15f31c02a38b8c10ecc25938dd45d64e') in 0.0014952 seconds
Start importing Assets/LayeredTerrain/GrassSoil/EdgeGrassOnSoilRefined/Mask-00.asset using Guid(e4a3c845026f4254892939518018693f) (NativeFormatImporter) -> (artifact id: '3a031e969e7d12b8ad7d8420c2b35c82') in 0.0013441 seconds
Start importing Assets/LayeredTerrain/GrassSoil/LandformSoil/Mask-03.asset using Guid(15a3542839f831f41a0a24e5e9e2f22c) (NativeFormatImporter) -> (artifact id: '6e77d59b695c8200cb85f17fa75a4b54') in 0.0012864 seconds
Start importing Assets/LayeredTerrain/GrassSoil/LandformSoil/Mask-02.asset using Guid(f587922c248637745a6249f84c52611e) (NativeFormatImporter) -> (artifact id: '75844366cc32f023f1e40453bee8aa54') in 0.0016627 seconds
Start importing Assets/LayeredTerrain/GrassSoil/LandformGrass/Mask-09.asset using Guid(165dc20b52db7d14488b55217f6ac108) (NativeFormatImporter) -> (artifact id: '72e38899c33e0e3ced6ed6d0356b17dc') in 0.0013259 seconds
Start importing Assets/LayeredTerrain/GrassSoil/LandformSoil/Mask-11.asset using Guid(86718e5a68b1dcc47854d71bba5a1c17) (NativeFormatImporter) -> (artifact id: '04f57e67d298deb7839321669f6f5937') in 0.0013038 seconds
Start importing Assets/LayeredTerrain/GrassSoil/EdgeGrassOnSoilRefined/Mask-09.asset using Guid(86c349d56e9db3e4e849d6749cdfbfbe) (NativeFormatImporter) -> (artifact id: 'a3a3937713e26dae2d17075614e230de') in 0.0013032 seconds
Start importing Assets/LayeredTerrain/CompositeBrushes/GrassSoil/GrassSoilReverseLandformTileSet.asset using Guid(17ff6febab517824eb695d29e0459a1f) (NativeFormatImporter) -> (artifact id: '3aac16350dc78571bdc4c034dd153e34') in 0.0017581 seconds
Start importing Assets/LayeredTerrain/GrassSoil/LandformSoil/Mask-09.asset using Guid(478b7d64a48c32541abd22cde03a7210) (NativeFormatImporter) -> (artifact id: 'df61b4f661f9c0aded60f089bd901d4a') in 0.0014164 seconds
Start importing Assets/LayeredTerrain/GrassSoil/LandformSoil/Mask-05.asset using Guid(878e7bb9dfa805f47b4b88fef4623c4b) (NativeFormatImporter) -> (artifact id: '6433cd5ece3fc29e9694b9c40d1cce7b') in 0.001317 seconds
Start importing Assets/LayeredTerrain/CompositeBrushes/StoneWater/StoneWaterReverseLandformTileSet.asset using Guid(97ffcbb8c3ab6264e80693ccaf0c43de) (NativeFormatImporter) -> (artifact id: '098d79a46ae44df4e4eabca0ead85233') in 0.0017157 seconds
Start importing Assets/LayeredTerrain/GrassSoil/LandformSoil/Mask-14.asset using Guid(a7806afe4f019d445bbf552f9eece05e) (NativeFormatImporter) -> (artifact id: 'e86c3f661d3698b3e540fda453881940') in 0.0013164 seconds
Start importing Assets/LayeredTerrain/GrassSoil/EdgeGrassOnSoilRefined/Mask-13.asset using Guid(a7d1a82699efeae47a6ca0a5bb112ae7) (NativeFormatImporter) -> (artifact id: 'a78e3ab795bab51c2fb8875ea81a3142') in 0.0012387 seconds
Start importing Assets/LayeredTerrain/GrassSoil/EdgeGrassOnSoilRefined/GrassOnSoilRefinedTileSet.asset using Guid(b75665e5083dab441a2805aa7b5e1562) (NativeFormatImporter) -> (artifact id: '9a378045af94549dd04c416ddd049034') in 0.0013554 seconds
Start importing Assets/LayeredTerrain/GrassSoil/LandformGrass/Mask-14.asset using Guid(c7287b8c949516949b483b111ceb39a0) (NativeFormatImporter) -> (artifact id: '742a261e597b802d91fa4c4b50193514') in 0.0013993 seconds
Start importing Assets/LayeredTerrain/GrassSoil/LandformSoil/Mask-00.asset using Guid(88d5b3d83381240419fa7d0a9d6c2c63) (NativeFormatImporter) -> (artifact id: 'ec59939a8b52efe47b329a71ceccb6a9') in 0.0012791 seconds
Start importing Assets/LayeredTerrain/GrassSoil/LandformGrass/Mask-13.asset using Guid(e80621ea42744c243ac2ec385c32b338) (NativeFormatImporter) -> (artifact id: 'c073a20a8e0628f7baf4a55a699ae105') in 0.0012557 seconds
Start importing Assets/LayeredTerrain/GrassSoil/LandformGrass/Mask-00.asset using Guid(c92ffc9e81d587840892eb05cf844fbf) (NativeFormatImporter) -> (artifact id: '6de21ee1cddad2dc5dc822438a8f4094') in 0.0014565 seconds
Start importing Assets/LayeredTerrain/GrassSoil/LandformSoil/Mask-08.asset using Guid(d98e1448816e2f443a1e4e6b40e7cc25) (NativeFormatImporter) -> (artifact id: '8c84979613e06175002d882607152e4e') in 0.0015918 seconds
Start importing Assets/LayeredTerrain/GrassSoil/LandformSoil/Mask-15.asset using Guid(e95509ac4ec30484ab37daa221658805) (NativeFormatImporter) -> (artifact id: 'f96248f32c56c962dfe506862d5fb21b') in 0.0013265 seconds
Start importing Assets/LayeredTerrain/GrassSoil/EdgeGrassOnSoilRefined/Mask-06.asset using Guid(e9ac41d989ad93f4ca1a691487107c16) (NativeFormatImporter) -> (artifact id: 'e9daccbac2653977ee343c02f273f598') in 0.0016174 seconds
Start importing Assets/LayeredTerrain/GrassSoil/LandformSoil/Mask-10.asset using Guid(f95d6c7578efacd4cb1f12c63e1d8ff8) (NativeFormatImporter) -> (artifact id: '90d43f8749769d1781298dd6bba5d61f') in 0.00137 seconds
Start importing Assets/LayeredTerrain/GrassSoil/LandformGrass/Mask-10.asset using Guid(0a64b675a1f765c409b8f9deea1eb208) (NativeFormatImporter) -> (artifact id: '09c03947b8c465db650824308fe637f1') in 0.0014152 seconds
Start importing Assets/LayeredTerrain/GrassSoil/EdgeGrassOnSoilRefined/Mask-12.asset using Guid(3a09b8d94e4515f4fa39c4292c8052a7) (NativeFormatImporter) -> (artifact id: 'af83cf963396621d9d3bad458f6ed2a9') in 0.0017353 seconds
Start importing Assets/LayeredTerrain/GrassSoil/LandformSoil/Mask-06.asset using Guid(4ab46eb735954bf45977209e4a936a01) (NativeFormatImporter) -> (artifact id: '8450f37df15f7709b95c5c346493f1fd') in 0.0018626 seconds
Start importing Assets/LayeredTerrain/GrassSoil/LandformGrass/Mask-15.asset using Guid(7a5208b63b1d6284285e932c3708e65d) (NativeFormatImporter) -> (artifact id: '67ddae65d0c7a750e13eb34b9baf8365') in 0.0014515 seconds
Start importing Assets/LayeredTerrain/GrassSoil/LandformGrass/Mask-05.asset using Guid(3b4a2864fb45c5b4fae56fc1f697bbdd) (NativeFormatImporter) -> (artifact id: 'cf3f476c92289c5b074cb8ea3198ce61') in 0.0021416 seconds
Start importing Assets/LayeredTerrain/GrassSoil/EdgeGrassOnSoilRefined/Mask-08.asset using Guid(9b3d0613b51d86146bf5ea0994b42ddd) (NativeFormatImporter) -> (artifact id: '4e302c1a03e18f66e6c41c139ec180d3') in 0.0017562 seconds
Start importing Assets/LayeredTerrain/GrassSoil/LandformGrass/Mask-11.asset using Guid(bb6bc251a6bbcf54480e7f80f2181f2a) (NativeFormatImporter) -> (artifact id: '857582d6d96bb87d66880447573db021') in 0.0015017 seconds
Start importing Assets/LayeredTerrain/GrassSoil/LandformSoil/Mask-12.asset using Guid(3cfb4949c07b1bf43bc66661515525d7) (NativeFormatImporter) -> (artifact id: '3a6ea6ab140b5d680c9d80d68e71cee7') in 0.002216 seconds
Start importing Assets/LayeredTerrain/GrassSoil/EdgeGrassOnSoilRefined/Mask-04.asset using Guid(6cca3f06a711ab34992417d66eeec087) (NativeFormatImporter) -> (artifact id: 'be2a2aeb01573b6be77d3a2b070fef25') in 0.0015497 seconds
Start importing Assets/LayeredTerrain/GrassSoil/Authoring/GrassBase.asset using Guid(3d71b1ea4e270714eb43b3b4541cda21) (NativeFormatImporter) -> (artifact id: '3f5ae16e96393bccc7f5f4d3650a3ce6') in 0.0018268 seconds
Start importing Assets/LayeredTerrain/GrassSoil/LandformGrass/Mask-06.asset using Guid(5d15d49b3c156ae479bd995b33107c67) (NativeFormatImporter) -> (artifact id: '05abb2ca9d5f1492af0ec896fb864d4e') in 0.0018643 seconds
Start importing Assets/LayeredTerrain/GrassSoil/LandformGrass/Mask-01.asset using Guid(7d609e3f17078a44f9a89e21b68ae180) (NativeFormatImporter) -> (artifact id: 'a1ebd9002be9baca60bb274969bc4dc2') in 0.0015159 seconds
Start importing Assets/LayeredTerrain/GrassSoil/LandformGrass/Mask-04.asset using Guid(ede22ab8e9b7bcc4da28aa41887e8614) (NativeFormatImporter) -> (artifact id: '42c1c0d805e7b323f147012ab0eb20fb') in 0.0020834 seconds
Start importing Assets/LayeredTerrain/GrassSoil/LandformSoil/SoilLandformTileSet.asset using Guid(3e1155418d0567f44af4b96697c9dd09) (NativeFormatImporter) -> (artifact id: 'df15b8c45196950bc4219bee97aafc82') in 0.0014583 seconds
Start importing Assets/LayeredTerrain/GrassSoil/EdgeGrassOnSoilRefined/Mask-02.asset using Guid(6ef5433501c908740932ed7d05777790) (NativeFormatImporter) -> (artifact id: '25936841c896ee6e32acaadabe2f5ad9') in 0.0015134 seconds
Start importing Assets/LayeredTerrain/GrassSoil/EdgeGrassOnSoilRefined/Mask-01.asset using Guid(8e0671f07975b7c43b734d81c5ff11bc) (NativeFormatImporter) -> (artifact id: 'c6f3c5aa165967eeb465f4156418931b') in 0.0015999 seconds
Start importing Assets/LayeredTerrain/GrassSoil/EdgeGrassOnSoilRefined/Mask-03.asset using Guid(de5135a77f40df84b9a7170011242e63) (NativeFormatImporter) -> (artifact id: 'c4b8007304dbcd55f4ed04fb4957f5a6') in 0.0013511 seconds
Start importing Assets/LayeredTerrain/GrassSoil/LandformGrass/GrassLandformTileSet.asset using Guid(2fc47b69529dfb541a089c835adb5ce8) (NativeFormatImporter) -> (artifact id: '7d9b947ceee84338616124256f8ad829') in 0.0013631 seconds
Start importing Assets/LayeredTerrain/GrassSoil/LandformGrass/Mask-12.asset using Guid(bfcde0f6045b297478b7cca21b2bd212) (NativeFormatImporter) -> (artifact id: 'fcc2d08d622fb7725cf22421d7d46e31') in 0.0014797 seconds
Start importing Assets/LayeredTerrain/GrassSoil/LandformGrass/Mask-02.asset using Guid(cfb8b16aec24e064ba3c8b202f110c99) (NativeFormatImporter) -> (artifact id: '918a9e9785ac5cd4f4174f2fe29d6d53') in 0.0015312 seconds
Start importing Assets/LayeredTerrain/GrassSoil/LandformGrass/Mask-03.asset using Guid(cf797356fdd5ba54fb021059b4e0c786) (NativeFormatImporter) -> (artifact id: '297c0fc42e401c9d7fd0a377a3b5b28e') in 0.001466 seconds
Refreshing native plugins compatible for Editor in 0.21 ms, found 0 plugins.
Preloading 0 native plugins for Editor in 0.00 ms.
Asset Pipeline Refresh (id=c62743c5241ed14499dc4d977d4c2990): Total: 0.118 seconds - Initiated by StopAssetImportingV2(NoUpdateAssetOptions)
Start importing Assets/LayeredTerrain/CompositeBrushes/OriginalGrassSoil/OriginalGrassSoilBrush.asset using Guid(21a71232d6e654e4b8c7960242ff7182) (NativeFormatImporter) -> (artifact id: '3547d87e50bc075e0e2036afaef240e2') in 0.0019814 seconds
Start importing Assets/LayeredTerrain/CompositeBrushes/OriginalGrassSoil/OriginalGrassSoilReverseLandformTileSet.asset using Guid(813c3f8ce1d51a24093ce2c5ed1547fa) (NativeFormatImporter) -> (artifact id: 'b5291246265ecb7af0dd8a3a19f371a0') in 0.0021837 seconds
Refreshing native plugins compatible for Editor in 0.18 ms, found 0 plugins.
Preloading 0 native plugins for Editor in 0.00 ms.
Asset Pipeline Refresh (id=d9fe7d5b9f708024da5efda124e86494): Total: 0.017 seconds - Initiated by StopAssetImportingV2(NoUpdateAssetOptions)
Start importing Assets/Battlefield/Terrain/OrchardDefaultTerrainPalette.asset using Guid(8f09d513b82ee0048abd5a50378dbb0c) (NativeFormatImporter) -> (artifact id: 'af117db4ea5f59db66e2603074e05e44') in 0.0020502 seconds
Refreshing native plugins compatible for Editor in 0.20 ms, found 0 plugins.
Preloading 0 native plugins for Editor in 0.00 ms.
Asset Pipeline Refresh (id=ddc29477b85cbb34d80b9e8fe1fceb89): Total: 0.016 seconds - Initiated by StopAssetImportingV2(NoUpdateAssetOptions)
Opening scene 'Assets/Scenes/Battle.unity additively'
Loaded scene 'Assets/Scenes/Battle.unity'
	Deserialize:            0.530 ms
	Integration:            0.108 ms
	Integration of assets:  0.002 ms
	Thread Wait Time:       0.007 ms
	Total Operation Time:   0.646 ms
FRUIT_DEFENSE_BATTLEFIELD_DUAL_GRID_TERRAIN_OK productionMaps=3 acceptanceFixtures=1
UnityEngine.Debug:ExtractStackTraceNoAlloc (byte*,int,string)
UnityEngine.StackTraceUtility:ExtractStackTrace ()
UnityEngine.DebugLogHandler:Internal_Log (UnityEngine.LogType,UnityEngine.LogOption,string,UnityEngine.Object)
UnityEngine.DebugLogHandler:LogFormat (UnityEngine.LogType,UnityEngine.Object,string,object[])
UnityEngine.Logger:Log (UnityEngine.LogType,object)
UnityEngine.Debug:Log (object)
FruitDefense.Editor.BattlefieldDualGridTerrainSmoke:Validate () (at Assets/Editor/Tests/BattlefieldDualGridTerrainSmoke.cs:94)
FruitDefense.Editor.ProjectSetup:SmokeValidate () (at Assets/Editor/Tools/ProjectSetup.cs:250)
FruitDefense.Editor.P0ValidationSuite:Run () (at Assets/Editor/Tests/P0ValidationSuite.cs:18)

(Filename: Assets/Editor/Tests/BattlefieldDualGridTerrainSmoke.cs Line: 94)

FRUIT_DEFENSE_PLANT_INTERACTION_PRESENTATION_OK
UnityEngine.Debug:ExtractStackTraceNoAlloc (byte*,int,string)
UnityEngine.StackTraceUtility:ExtractStackTrace ()
UnityEngine.DebugLogHandler:Internal_Log (UnityEngine.LogType,UnityEngine.LogOption,string,UnityEngine.Object)
UnityEngine.DebugLogHandler:LogFormat (UnityEngine.LogType,UnityEngine.Object,string,object[])
UnityEngine.Logger:Log (UnityEngine.LogType,object)
UnityEngine.Debug:Log (object)
FruitDefense.Editor.PlantInteractionPresentationSmoke:Run () (at Assets/Editor/Tests/PlantInteractionPresentationSmoke.cs:15)
FruitDefense.Editor.ProjectSetup:SmokeValidate () (at Assets/Editor/Tools/ProjectSetup.cs:251)
FruitDefense.Editor.P0ValidationSuite:Run () (at Assets/Editor/Tests/P0ValidationSuite.cs:18)

(Filename: Assets/Editor/Tests/PlantInteractionPresentationSmoke.cs Line: 15)

FRUIT_DEFENSE_COMBAT_FRAMEWORK_OK
UnityEngine.Debug:ExtractStackTraceNoAlloc (byte*,int,string)
UnityEngine.StackTraceUtility:ExtractStackTrace ()
UnityEngine.DebugLogHandler:Internal_Log (UnityEngine.LogType,UnityEngine.LogOption,string,UnityEngine.Object)
UnityEngine.DebugLogHandler:LogFormat (UnityEngine.LogType,UnityEngine.Object,string,object[])
UnityEngine.Logger:Log (UnityEngine.LogType,object)
UnityEngine.Debug:Log (object)
FruitDefense.Editor.CombatFrameworkSmoke:Run () (at Assets/Editor/Tests/CombatFrameworkSmoke.cs:23)
FruitDefense.Editor.ProjectSetup:SmokeValidate () (at Assets/Editor/Tools/ProjectSetup.cs:303)
FruitDefense.Editor.P0ValidationSuite:Run () (at Assets/Editor/Tests/P0ValidationSuite.cs:18)

(Filename: Assets/Editor/Tests/CombatFrameworkSmoke.cs Line: 23)

FRUIT_DEFENSE_LEVEL_MAP_CATALOG_OK
UnityEngine.Debug:ExtractStackTraceNoAlloc (byte*,int,string)
UnityEngine.StackTraceUtility:ExtractStackTrace ()
UnityEngine.DebugLogHandler:Internal_Log (UnityEngine.LogType,UnityEngine.LogOption,string,UnityEngine.Object)
UnityEngine.DebugLogHandler:LogFormat (UnityEngine.LogType,UnityEngine.Object,string,object[])
UnityEngine.Logger:Log (UnityEngine.LogType,object)
UnityEngine.Debug:Log (object)
FruitDefense.Editor.LevelMapCatalogSmoke:Run () (at Assets/Editor/Tests/LevelMapCatalogSmoke.cs:27)
FruitDefense.Editor.ProjectSetup:ValidateP1LevelCatalogPath () (at Assets/Editor/Tools/ProjectSetup.cs:345)
FruitDefense.Editor.ProjectSetup:SmokeValidate () (at Assets/Editor/Tools/ProjectSetup.cs:331)
FruitDefense.Editor.P0ValidationSuite:Run () (at Assets/Editor/Tests/P0ValidationSuite.cs:18)

(Filename: Assets/Editor/Tests/LevelMapCatalogSmoke.cs Line: 27)

FRUIT_DEFENSE_MULTI_LEVEL_SIMULATION_OK
UnityEngine.Debug:ExtractStackTraceNoAlloc (byte*,int,string)
UnityEngine.StackTraceUtility:ExtractStackTrace ()
UnityEngine.DebugLogHandler:Internal_Log (UnityEngine.LogType,UnityEngine.LogOption,string,UnityEngine.Object)
UnityEngine.DebugLogHandler:LogFormat (UnityEngine.LogType,UnityEngine.Object,string,object[])
UnityEngine.Logger:Log (UnityEngine.LogType,object)
UnityEngine.Debug:Log (object)
FruitDefense.Editor.MultiLevelSimulationSmoke:Run () (at Assets/Editor/Tests/MultiLevelSimulationSmoke.cs:29)
FruitDefense.Editor.ProjectSetup:ValidateP1LevelCatalogPath () (at Assets/Editor/Tools/ProjectSetup.cs:346)
FruitDefense.Editor.ProjectSetup:SmokeValidate () (at Assets/Editor/Tools/ProjectSetup.cs:331)
FruitDefense.Editor.P0ValidationSuite:Run () (at Assets/Editor/Tests/P0ValidationSuite.cs:18)

(Filename: Assets/Editor/Tests/MultiLevelSimulationSmoke.cs Line: 29)

FRUIT_DEFENSE_BATTLE_SNAPSHOT_V2_OK
UnityEngine.Debug:ExtractStackTraceNoAlloc (byte*,int,string)
UnityEngine.StackTraceUtility:ExtractStackTrace ()
UnityEngine.DebugLogHandler:Internal_Log (UnityEngine.LogType,UnityEngine.LogOption,string,UnityEngine.Object)
UnityEngine.DebugLogHandler:LogFormat (UnityEngine.LogType,UnityEngine.Object,string,object[])
UnityEngine.Logger:Log (UnityEngine.LogType,object)
UnityEngine.Debug:Log (object)
FruitDefense.Editor.BattleSnapshotV2Smoke:Run () (at Assets/Editor/Tests/BattleSnapshotV2Smoke.cs:20)
FruitDefense.Editor.ProjectSetup:ValidateP1LevelCatalogPath () (at Assets/Editor/Tools/ProjectSetup.cs:347)
FruitDefense.Editor.ProjectSetup:SmokeValidate () (at Assets/Editor/Tools/ProjectSetup.cs:331)
FruitDefense.Editor.P0ValidationSuite:Run () (at Assets/Editor/Tests/P0ValidationSuite.cs:18)

(Filename: Assets/Editor/Tests/BattleSnapshotV2Smoke.cs Line: 20)

Battlefield terrain presentation stopped: The active battle theme has no terrain palette identity.
UnityEngine.Debug:ExtractStackTraceNoAlloc (byte*,int,string)
UnityEngine.StackTraceUtility:ExtractStackTrace ()
UnityEngine.DebugLogHandler:Internal_Log (UnityEngine.LogType,UnityEngine.LogOption,string,UnityEngine.Object)
UnityEngine.DebugLogHandler:LogFormat (UnityEngine.LogType,UnityEngine.Object,string,object[])
UnityEngine.Logger:Log (UnityEngine.LogType,object,UnityEngine.Object)
UnityEngine.Debug:LogWarning (object,UnityEngine.Object)
FruitDefense.FruitDefenseGame:SetTerrainPresentationError (string) (at Assets/Scripts/FruitDefenseGame.cs:1679)
FruitDefense.FruitDefenseGame:RefreshTerrainPresentationStatus () (at Assets/Scripts/FruitDefenseGame.cs:1668)
FruitDefense.FruitDefenseGame:CompleteInitialization (FruitDefense.Battle.BattleLaunchRequest,FruitDefense.App.IAppNavigator,FruitDefense.Battle.IBattleResultSink,FruitDefense.UI.RuntimeUiTheme,FruitDefense.Core.GameSimulation) (at Assets/Scripts/FruitDefenseGame.cs:786)
FruitDefense.FruitDefenseGame:Initialize (FruitDefense.Battle.BattleLaunchRequest,FruitDefense.App.IAppNavigator,FruitDefense.Battle.IBattleResultSink,FruitDefense.UI.RuntimeUiTheme,FruitDefense.Core.BattlefieldMapDefinition) (at Assets/Scripts/FruitDefenseGame.cs:676)
FruitDefense.Editor.BattleSessionHostSmoke:ValidateInitializationAndLifecycle (FruitDefense.UI.RuntimeUiTheme) (at Assets/Editor/Tests/BattleSessionHostSmoke.cs:90)
FruitDefense.Editor.BattleSessionHostSmoke:Run () (at Assets/Editor/Tests/BattleSessionHostSmoke.cs:19)
FruitDefense.Editor.ProjectSetup:ValidateP1LevelCatalogPath () (at Assets/Editor/Tools/ProjectSetup.cs:348)
FruitDefense.Editor.ProjectSetup:SmokeValidate () (at Assets/Editor/Tools/ProjectSetup.cs:331)
FruitDefense.Editor.P0ValidationSuite:Run () (at Assets/Editor/Tests/P0ValidationSuite.cs:18)

(Filename: Assets/Scripts/FruitDefenseGame.cs Line: 1679)

Battlefield terrain presentation stopped: The active battle theme has no terrain palette identity.
UnityEngine.Debug:ExtractStackTraceNoAlloc (byte*,int,string)
UnityEngine.StackTraceUtility:ExtractStackTrace ()
UnityEngine.DebugLogHandler:Internal_Log (UnityEngine.LogType,UnityEngine.LogOption,string,UnityEngine.Object)
UnityEngine.DebugLogHandler:LogFormat (UnityEngine.LogType,UnityEngine.Object,string,object[])
UnityEngine.Logger:Log (UnityEngine.LogType,object,UnityEngine.Object)
UnityEngine.Debug:LogWarning (object,UnityEngine.Object)
FruitDefense.FruitDefenseGame:SetTerrainPresentationError (string) (at Assets/Scripts/FruitDefenseGame.cs:1679)
FruitDefense.FruitDefenseGame:RefreshTerrainPresentationStatus () (at Assets/Scripts/FruitDefenseGame.cs:1668)
FruitDefense.FruitDefenseGame:CompleteInitialization (FruitDefense.Battle.BattleLaunchRequest,FruitDefense.App.IAppNavigator,FruitDefense.Battle.IBattleResultSink,FruitDefense.UI.RuntimeUiTheme,FruitDefense.Core.GameSimulation) (at Assets/Scripts/FruitDefenseGame.cs:786)
FruitDefense.FruitDefenseGame:Initialize (FruitDefense.Battle.BattleLaunchRequest,FruitDefense.App.IAppNavigator,FruitDefense.Battle.IBattleResultSink,FruitDefense.UI.RuntimeUiTheme,FruitDefense.Core.BattlefieldMapDefinition) (at Assets/Scripts/FruitDefenseGame.cs:676)
FruitDefense.Editor.BattleSessionHostSmoke:ValidateDefeatResult (FruitDefense.UI.RuntimeUiTheme) (at Assets/Editor/Tests/BattleSessionHostSmoke.cs:175)
FruitDefense.Editor.BattleSessionHostSmoke:Run () (at Assets/Editor/Tests/BattleSessionHostSmoke.cs:20)
FruitDefense.Editor.ProjectSetup:ValidateP1LevelCatalogPath () (at Assets/Editor/Tools/ProjectSetup.cs:348)
FruitDefense.Editor.ProjectSetup:SmokeValidate () (at Assets/Editor/Tools/ProjectSetup.cs:331)
FruitDefense.Editor.P0ValidationSuite:Run () (at Assets/Editor/Tests/P0ValidationSuite.cs:18)

(Filename: Assets/Scripts/FruitDefenseGame.cs Line: 1679)

Battlefield terrain presentation stopped: The active battle theme has no terrain palette identity.
UnityEngine.Debug:ExtractStackTraceNoAlloc (byte*,int,string)
UnityEngine.StackTraceUtility:ExtractStackTrace ()
UnityEngine.DebugLogHandler:Internal_Log (UnityEngine.LogType,UnityEngine.LogOption,string,UnityEngine.Object)
UnityEngine.DebugLogHandler:LogFormat (UnityEngine.LogType,UnityEngine.Object,string,object[])
UnityEngine.Logger:Log (UnityEngine.LogType,object,UnityEngine.Object)
UnityEngine.Debug:LogWarning (object,UnityEngine.Object)
FruitDefense.FruitDefenseGame:SetTerrainPresentationError (string) (at Assets/Scripts/FruitDefenseGame.cs:1679)
FruitDefense.FruitDefenseGame:RefreshTerrainPresentationStatus () (at Assets/Scripts/FruitDefenseGame.cs:1668)
FruitDefense.FruitDefenseGame:CompleteInitialization (FruitDefense.Battle.BattleLaunchRequest,FruitDefense.App.IAppNavigator,FruitDefense.Battle.IBattleResultSink,FruitDefense.UI.RuntimeUiTheme,FruitDefense.Core.GameSimulation) (at Assets/Scripts/FruitDefenseGame.cs:786)
FruitDefense.FruitDefenseGame:Initialize (FruitDefense.Battle.BattleLaunchRequest,FruitDefense.App.IAppNavigator,FruitDefense.Battle.IBattleResultSink,FruitDefense.UI.RuntimeUiTheme,FruitDefense.Core.BattlefieldMapDefinition) (at Assets/Scripts/FruitDefenseGame.cs:676)
FruitDefense.Editor.BattleSessionHostSmoke:ValidateAcceptanceTerminalPreview (FruitDefense.UI.RuntimeUiTheme) (at Assets/Editor/Tests/BattleSessionHostSmoke.cs:204)
FruitDefense.Editor.BattleSessionHostSmoke:Run () (at Assets/Editor/Tests/BattleSessionHostSmoke.cs:21)
FruitDefense.Editor.ProjectSetup:ValidateP1LevelCatalogPath () (at Assets/Editor/Tools/ProjectSetup.cs:348)
FruitDefense.Editor.ProjectSetup:SmokeValidate () (at Assets/Editor/Tools/ProjectSetup.cs:331)
FruitDefense.Editor.P0ValidationSuite:Run () (at Assets/Editor/Tests/P0ValidationSuite.cs:18)

(Filename: Assets/Scripts/FruitDefenseGame.cs Line: 1679)

Fruit Defense battle session host validation passed.
UnityEngine.Debug:ExtractStackTraceNoAlloc (byte*,int,string)
UnityEngine.StackTraceUtility:ExtractStackTrace ()
UnityEngine.DebugLogHandler:Internal_Log (UnityEngine.LogType,UnityEngine.LogOption,string,UnityEngine.Object)
UnityEngine.DebugLogHandler:LogFormat (UnityEngine.LogType,UnityEngine.Object,string,object[])
UnityEngine.Logger:Log (UnityEngine.LogType,object)
UnityEngine.Debug:Log (object)
FruitDefense.Editor.BattleSessionHostSmoke:Run () (at Assets/Editor/Tests/BattleSessionHostSmoke.cs:22)
FruitDefense.Editor.ProjectSetup:ValidateP1LevelCatalogPath () (at Assets/Editor/Tools/ProjectSetup.cs:348)
FruitDefense.Editor.ProjectSetup:SmokeValidate () (at Assets/Editor/Tools/ProjectSetup.cs:331)
FruitDefense.Editor.P0ValidationSuite:Run () (at Assets/Editor/Tests/P0ValidationSuite.cs:18)

(Filename: Assets/Editor/Tests/BattleSessionHostSmoke.cs Line: 22)

FRUIT_DEFENSE_SHELL_OK
UnityEngine.Debug:ExtractStackTraceNoAlloc (byte*,int,string)
UnityEngine.StackTraceUtility:ExtractStackTrace ()
UnityEngine.DebugLogHandler:Internal_Log (UnityEngine.LogType,UnityEngine.LogOption,string,UnityEngine.Object)
UnityEngine.DebugLogHandler:LogFormat (UnityEngine.LogType,UnityEngine.Object,string,object[])
UnityEngine.Logger:Log (UnityEngine.LogType,object)
UnityEngine.Debug:Log (object)
FruitDefense.Shell.ShellFlowValidation:SmokeValidate (FruitDefense.UI.RuntimeUiTheme) (at Assets/Scripts/Shell/ShellFlowValidation.cs:15)
FruitDefense.Editor.ProjectSetup:ValidateP1LevelCatalogPath () (at Assets/Editor/Tools/ProjectSetup.cs:349)
FruitDefense.Editor.ProjectSetup:SmokeValidate () (at Assets/Editor/Tools/ProjectSetup.cs:331)
FruitDefense.Editor.P0ValidationSuite:Run () (at Assets/Editor/Tests/P0ValidationSuite.cs:18)

(Filename: Assets/Scripts/Shell/ShellFlowValidation.cs Line: 15)

Opening scene 'Assets/Scenes/Bootstrap.unity additively'
Loaded scene 'Assets/Scenes/Bootstrap.unity'
	Deserialize:            0.670 ms
	Integration:            0.116 ms
	Integration of assets:  0.003 ms
	Thread Wait Time:       0.005 ms
	Total Operation Time:   0.794 ms
FRUIT_DEFENSE_BATTLE_UI_LAYOUT_OK
UnityEngine.Debug:ExtractStackTraceNoAlloc (byte*,int,string)
UnityEngine.StackTraceUtility:ExtractStackTrace ()
UnityEngine.DebugLogHandler:Internal_Log (UnityEngine.LogType,UnityEngine.LogOption,string,UnityEngine.Object)
UnityEngine.DebugLogHandler:LogFormat (UnityEngine.LogType,UnityEngine.Object,string,object[])
UnityEngine.Logger:Log (UnityEngine.LogType,object)
UnityEngine.Debug:Log (object)
FruitDefense.Editor.BattleUiLayoutSmoke:Run () (at Assets/Editor/Tests/BattleUiLayoutSmoke.cs:25)
FruitDefense.Editor.ProjectSetup:SmokeValidate () (at Assets/Editor/Tools/ProjectSetup.cs:334)
FruitDefense.Editor.P0ValidationSuite:Run () (at Assets/Editor/Tests/P0ValidationSuite.cs:18)

(Filename: Assets/Editor/Tests/BattleUiLayoutSmoke.cs Line: 25)

RUNTIME_UI_FEEDBACK_TIMING_OK
UnityEngine.Debug:ExtractStackTraceNoAlloc (byte*,int,string)
UnityEngine.StackTraceUtility:ExtractStackTrace ()
UnityEngine.DebugLogHandler:Internal_Log (UnityEngine.LogType,UnityEngine.LogOption,string,UnityEngine.Object)
UnityEngine.DebugLogHandler:LogFormat (UnityEngine.LogType,UnityEngine.Object,string,object[])
UnityEngine.Logger:Log (UnityEngine.LogType,object)
UnityEngine.Debug:Log (object)
FruitDefense.Editor.RuntimeUiFeedbackTimingSmoke:Run () (at Assets/Editor/Tests/RuntimeUiFeedbackTimingSmoke.cs:23)
FruitDefense.Editor.ProjectSetup:SmokeValidate () (at Assets/Editor/Tools/ProjectSetup.cs:335)
FruitDefense.Editor.P0ValidationSuite:Run () (at Assets/Editor/Tests/P0ValidationSuite.cs:18)

(Filename: Assets/Editor/Tests/RuntimeUiFeedbackTimingSmoke.cs Line: 23)

RUNTIME_UI_GLYPH_COVERAGE_OK glyphs=372 unique=372 font=Assets/Resources/Fonts/NotoSansSC-UI.ttf
UnityEngine.Debug:ExtractStackTraceNoAlloc (byte*,int,string)
UnityEngine.StackTraceUtility:ExtractStackTrace ()
UnityEngine.DebugLogHandler:Internal_Log (UnityEngine.LogType,UnityEngine.LogOption,string,UnityEngine.Object)
UnityEngine.DebugLogHandler:LogFormat (UnityEngine.LogType,UnityEngine.Object,string,object[])
UnityEngine.Logger:Log (UnityEngine.LogType,object)
UnityEngine.Debug:Log (object)
FruitDefense.Editor.RuntimeUiGlyphCoverageSmoke:Run () (at Assets/Editor/Tests/RuntimeUiGlyphCoverageSmoke.cs:39)
FruitDefense.Editor.ProjectSetup:SmokeValidate () (at Assets/Editor/Tools/ProjectSetup.cs:336)
FruitDefense.Editor.P0ValidationSuite:Run () (at Assets/Editor/Tests/P0ValidationSuite.cs:18)

(Filename: Assets/Editor/Tests/RuntimeUiGlyphCoverageSmoke.cs Line: 39)

RUNTIME_UI_BINDING_CACHE_CONTRACT_OK slots=40 complete=pass duplicate=rejected missing=rejected identity=pass revision=pass
UnityEngine.Debug:ExtractStackTraceNoAlloc (byte*,int,string)
UnityEngine.StackTraceUtility:ExtractStackTrace ()
UnityEngine.DebugLogHandler:Internal_Log (UnityEngine.LogType,UnityEngine.LogOption,string,UnityEngine.Object)
UnityEngine.DebugLogHandler:LogFormat (UnityEngine.LogType,UnityEngine.Object,string,object[])
UnityEngine.Logger:Log (UnityEngine.LogType,object)
UnityEngine.Debug:Log (object)
FruitDefense.Editor.RuntimeUiPerformanceSmoke:ValidateBindingCacheContract (FruitDefense.UI.RuntimeUiTheme) (at Assets/Editor/Tests/RuntimeUiPerformanceSmoke.cs:141)
FruitDefense.Editor.RuntimeUiPerformanceSmoke:Run () (at Assets/Editor/Tests/RuntimeUiPerformanceSmoke.cs:26)
FruitDefense.Editor.ProjectSetup:SmokeValidate () (at Assets/Editor/Tools/ProjectSetup.cs:337)
FruitDefense.Editor.P0ValidationSuite:Run () (at Assets/Editor/Tests/P0ValidationSuite.cs:18)

(Filename: Assets/Editor/Tests/RuntimeUiPerformanceSmoke.cs Line: 141)

RUNTIME_UI_PERF_SAMPLE name=context-create-after operations=64 elapsed-ms=0.5324 ns-per-operation=8318.75 thread-allocated-bytes=0 checksum=0
UnityEngine.Debug:ExtractStackTraceNoAlloc (byte*,int,string)
UnityEngine.StackTraceUtility:ExtractStackTrace ()
UnityEngine.DebugLogHandler:Internal_Log (UnityEngine.LogType,UnityEngine.LogOption,string,UnityEngine.Object)
UnityEngine.DebugLogHandler:LogFormat (UnityEngine.LogType,UnityEngine.Object,string,object[])
UnityEngine.Logger:Log (UnityEngine.LogType,object)
UnityEngine.Debug:Log (object)
FruitDefense.Editor.RuntimeUiPerformanceSmoke:Measure (string,int,System.Func`1<int>) (at Assets/Editor/Tests/RuntimeUiPerformanceSmoke.cs:208)
FruitDefense.Editor.RuntimeUiPerformanceSmoke:Run () (at Assets/Editor/Tests/RuntimeUiPerformanceSmoke.cs:31)
FruitDefense.Editor.ProjectSetup:SmokeValidate () (at Assets/Editor/Tools/ProjectSetup.cs:337)
FruitDefense.Editor.P0ValidationSuite:Run () (at Assets/Editor/Tests/P0ValidationSuite.cs:18)

(Filename: Assets/Editor/Tests/RuntimeUiPerformanceSmoke.cs Line: 208)

RUNTIME_UI_PERF_SAMPLE name=art-set-linear-required-binding-control operations=1000000 elapsed-ms=85.5219 ns-per-operation=85.52 thread-allocated-bytes=0 checksum=0
UnityEngine.Debug:ExtractStackTraceNoAlloc (byte*,int,string)
UnityEngine.StackTraceUtility:ExtractStackTrace ()
UnityEngine.DebugLogHandler:Internal_Log (UnityEngine.LogType,UnityEngine.LogOption,string,UnityEngine.Object)
UnityEngine.DebugLogHandler:LogFormat (UnityEngine.LogType,UnityEngine.Object,string,object[])
UnityEngine.Logger:Log (UnityEngine.LogType,object)
UnityEngine.Debug:Log (object)
FruitDefense.Editor.RuntimeUiPerformanceSmoke:Measure (string,int,System.Func`1<int>) (at Assets/Editor/Tests/RuntimeUiPerformanceSmoke.cs:208)
FruitDefense.Editor.RuntimeUiPerformanceSmoke:Run () (at Assets/Editor/Tests/RuntimeUiPerformanceSmoke.cs:43)
FruitDefense.Editor.ProjectSetup:SmokeValidate () (at Assets/Editor/Tools/ProjectSetup.cs:337)
FruitDefense.Editor.P0ValidationSuite:Run () (at Assets/Editor/Tests/P0ValidationSuite.cs:18)

(Filename: Assets/Editor/Tests/RuntimeUiPerformanceSmoke.cs Line: 208)

RUNTIME_UI_PERF_SAMPLE name=draw-context-cached-required-binding-after operations=1000000 elapsed-ms=37.9675 ns-per-operation=37.97 thread-allocated-bytes=0 checksum=0
UnityEngine.Debug:ExtractStackTraceNoAlloc (byte*,int,string)
UnityEngine.StackTraceUtility:ExtractStackTrace ()
UnityEngine.DebugLogHandler:Internal_Log (UnityEngine.LogType,UnityEngine.LogOption,string,UnityEngine.Object)
UnityEngine.DebugLogHandler:LogFormat (UnityEngine.LogType,UnityEngine.Object,string,object[])
UnityEngine.Logger:Log (UnityEngine.LogType,object)
UnityEngine.Debug:Log (object)
FruitDefense.Editor.RuntimeUiPerformanceSmoke:Measure (string,int,System.Func`1<int>) (at Assets/Editor/Tests/RuntimeUiPerformanceSmoke.cs:208)
FruitDefense.Editor.RuntimeUiPerformanceSmoke:Run () (at Assets/Editor/Tests/RuntimeUiPerformanceSmoke.cs:60)
FruitDefense.Editor.ProjectSetup:SmokeValidate () (at Assets/Editor/Tools/ProjectSetup.cs:337)
FruitDefense.Editor.P0ValidationSuite:Run () (at Assets/Editor/Tests/P0ValidationSuite.cs:18)

(Filename: Assets/Editor/Tests/RuntimeUiPerformanceSmoke.cs Line: 208)

RUNTIME_UI_PERFORMANCE_SMOKE_OK slots=40 lookup-passes=25000
UnityEngine.Debug:ExtractStackTraceNoAlloc (byte*,int,string)
UnityEngine.StackTraceUtility:ExtractStackTrace ()
UnityEngine.DebugLogHandler:Internal_Log (UnityEngine.LogType,UnityEngine.LogOption,string,UnityEngine.Object)
UnityEngine.DebugLogHandler:LogFormat (UnityEngine.LogType,UnityEngine.Object,string,object[])
UnityEngine.Logger:Log (UnityEngine.LogType,object)
UnityEngine.Debug:Log (object)
FruitDefense.Editor.RuntimeUiPerformanceSmoke:Run () (at Assets/Editor/Tests/RuntimeUiPerformanceSmoke.cs:72)
FruitDefense.Editor.ProjectSetup:SmokeValidate () (at Assets/Editor/Tools/ProjectSetup.cs:337)
FruitDefense.Editor.P0ValidationSuite:Run () (at Assets/Editor/Tests/P0ValidationSuite.cs:18)

(Filename: Assets/Editor/Tests/RuntimeUiPerformanceSmoke.cs Line: 72)

Opening scene 'Assets/Scenes/Bootstrap.unity additively'
Loaded scene 'Assets/Scenes/Bootstrap.unity'
	Deserialize:            0.566 ms
	Integration:            0.138 ms
	Integration of assets:  0.004 ms
	Thread Wait Time:       0.005 ms
	Total Operation Time:   0.713 ms
Opening scene 'Assets/Scenes/Lobby.unity additively'
Loaded scene 'Assets/Scenes/Lobby.unity'
	Deserialize:            0.351 ms
	Integration:            0.076 ms
	Integration of assets:  0.001 ms
	Thread Wait Time:       0.006 ms
	Total Operation Time:   0.433 ms
Opening scene 'Assets/Scenes/Battle.unity additively'
Loaded scene 'Assets/Scenes/Battle.unity'
	Deserialize:            0.519 ms
	Integration:            0.119 ms
	Integration of assets:  0.002 ms
	Thread Wait Time:       0.007 ms
	Total Operation Time:   0.647 ms
Opening scene 'Assets/Scenes/Settlement.unity additively'
Loaded scene 'Assets/Scenes/Settlement.unity'
	Deserialize:            0.530 ms
	Integration:            0.130 ms
	Integration of assets:  0.001 ms
	Thread Wait Time:       0.007 ms
	Total Operation Time:   0.667 ms
Runtime UI visual system validation passed. Valid (0 warning(s)).
UnityEngine.Debug:ExtractStackTraceNoAlloc (byte*,int,string)
UnityEngine.StackTraceUtility:ExtractStackTrace ()
UnityEngine.DebugLogHandler:Internal_Log (UnityEngine.LogType,UnityEngine.LogOption,string,UnityEngine.Object)
UnityEngine.DebugLogHandler:LogFormat (UnityEngine.LogType,UnityEngine.Object,string,object[])
UnityEngine.Logger:Log (UnityEngine.LogType,object)
UnityEngine.Debug:Log (object)
FruitDefense.Editor.RuntimeUiVisualSystemValidator:ValidateReleaseOrThrow () (at Assets/Editor/Tools/RuntimeUiVisualSystemValidator.cs:178)
FruitDefense.Editor.ProjectSetup:SmokeValidate () (at Assets/Editor/Tools/ProjectSetup.cs:338)
FruitDefense.Editor.P0ValidationSuite:Run () (at Assets/Editor/Tests/P0ValidationSuite.cs:18)

(Filename: Assets/Editor/Tools/RuntimeUiVisualSystemValidator.cs Line: 178)

RUNTIME_UI_NINE_SLICE_PARTITION_OK matrices=9 x35=covered
UnityEngine.Debug:ExtractStackTraceNoAlloc (byte*,int,string)
UnityEngine.StackTraceUtility:ExtractStackTrace ()
UnityEngine.DebugLogHandler:Internal_Log (UnityEngine.LogType,UnityEngine.LogOption,string,UnityEngine.Object)
UnityEngine.DebugLogHandler:LogFormat (UnityEngine.LogType,UnityEngine.Object,string,object[])
UnityEngine.Logger:Log (UnityEngine.LogType,object)
UnityEngine.Debug:Log (object)
FruitDefense.Editor.RuntimeUiVisualSystemSmoke:ValidateNineSliceDevicePixelCoverage () (at Assets/Editor/Tests/RuntimeUiVisualSystemSmoke.cs:117)
FruitDefense.Editor.RuntimeUiVisualSystemSmoke:Run () (at Assets/Editor/Tests/RuntimeUiVisualSystemSmoke.cs:24)
FruitDefense.Editor.ProjectSetup:SmokeValidate () (at Assets/Editor/Tools/ProjectSetup.cs:339)
FruitDefense.Editor.P0ValidationSuite:Run () (at Assets/Editor/Tests/P0ValidationSuite.cs:18)

(Filename: Assets/Editor/Tests/RuntimeUiVisualSystemSmoke.cs Line: 117)

RUNTIME_UI_NINE_SLICE_SOURCE_UV_OK bindings=30
UnityEngine.Debug:ExtractStackTraceNoAlloc (byte*,int,string)
UnityEngine.StackTraceUtility:ExtractStackTrace ()
UnityEngine.DebugLogHandler:Internal_Log (UnityEngine.LogType,UnityEngine.LogOption,string,UnityEngine.Object)
UnityEngine.DebugLogHandler:LogFormat (UnityEngine.LogType,UnityEngine.Object,string,object[])
UnityEngine.Logger:Log (UnityEngine.LogType,object)
UnityEngine.Debug:Log (object)
FruitDefense.Editor.RuntimeUiVisualSystemSmoke:ValidateNineSliceSourceUvContract () (at Assets/Editor/Tests/RuntimeUiVisualSystemSmoke.cs:269)
FruitDefense.Editor.RuntimeUiVisualSystemSmoke:Run () (at Assets/Editor/Tests/RuntimeUiVisualSystemSmoke.cs:27)
FruitDefense.Editor.ProjectSetup:SmokeValidate () (at Assets/Editor/Tools/ProjectSetup.cs:339)
FruitDefense.Editor.P0ValidationSuite:Run () (at Assets/Editor/Tests/P0ValidationSuite.cs:18)

(Filename: Assets/Editor/Tests/RuntimeUiVisualSystemSmoke.cs Line: 269)

RUNTIME_UI_SCREEN_BACKGROUND_OPAQUE_OK sets=2 pre-fix-min-alpha=18
UnityEngine.Debug:ExtractStackTraceNoAlloc (byte*,int,string)
UnityEngine.StackTraceUtility:ExtractStackTrace ()
UnityEngine.DebugLogHandler:Internal_Log (UnityEngine.LogType,UnityEngine.LogOption,string,UnityEngine.Object)
UnityEngine.DebugLogHandler:LogFormat (UnityEngine.LogType,UnityEngine.Object,string,object[])
UnityEngine.Logger:Log (UnityEngine.LogType,object)
UnityEngine.Debug:Log (object)
FruitDefense.Editor.RuntimeUiVisualSystemSmoke:ValidateScreenBackgroundOpacityContract () (at Assets/Editor/Tests/RuntimeUiVisualSystemSmoke.cs:309)
FruitDefense.Editor.RuntimeUiVisualSystemSmoke:Run () (at Assets/Editor/Tests/RuntimeUiVisualSystemSmoke.cs:28)
FruitDefense.Editor.ProjectSetup:SmokeValidate () (at Assets/Editor/Tools/ProjectSetup.cs:339)
FruitDefense.Editor.P0ValidationSuite:Run () (at Assets/Editor/Tests/P0ValidationSuite.cs:18)

(Filename: Assets/Editor/Tests/RuntimeUiVisualSystemSmoke.cs Line: 309)

RUNTIME_UI_LOADING_PRIMARY_CONTRAST_OK ratio=3.2156
UnityEngine.Debug:ExtractStackTraceNoAlloc (byte*,int,string)
UnityEngine.StackTraceUtility:ExtractStackTrace ()
UnityEngine.DebugLogHandler:Internal_Log (UnityEngine.LogType,UnityEngine.LogOption,string,UnityEngine.Object)
UnityEngine.DebugLogHandler:LogFormat (UnityEngine.LogType,UnityEngine.Object,string,object[])
UnityEngine.Logger:Log (UnityEngine.LogType,object)
UnityEngine.Debug:Log (object)
FruitDefense.Editor.RuntimeUiVisualSystemSmoke:ValidateLoadingPrimaryContrast (FruitDefense.UI.RuntimeUiTheme) (at Assets/Editor/Tests/RuntimeUiVisualSystemSmoke.cs:413)
FruitDefense.Editor.RuntimeUiVisualSystemSmoke:Run () (at Assets/Editor/Tests/RuntimeUiVisualSystemSmoke.cs:29)
FruitDefense.Editor.ProjectSetup:SmokeValidate () (at Assets/Editor/Tools/ProjectSetup.cs:339)
FruitDefense.Editor.P0ValidationSuite:Run () (at Assets/Editor/Tests/P0ValidationSuite.cs:18)

(Filename: Assets/Editor/Tests/RuntimeUiVisualSystemSmoke.cs Line: 413)

RUNTIME_UI_SEMANTIC_STATE_CONTRAST_OK status-success=5.0910 status-warning=5.0910 status-error=5.0910 status-selected=3.6334 modal-title=5.2719
UnityEngine.Debug:ExtractStackTraceNoAlloc (byte*,int,string)
UnityEngine.StackTraceUtility:ExtractStackTrace ()
UnityEngine.DebugLogHandler:Internal_Log (UnityEngine.LogType,UnityEngine.LogOption,string,UnityEngine.Object)
UnityEngine.DebugLogHandler:LogFormat (UnityEngine.LogType,UnityEngine.Object,string,object[])
UnityEngine.Logger:Log (UnityEngine.LogType,object)
UnityEngine.Debug:Log (object)
FruitDefense.Editor.RuntimeUiVisualSystemSmoke:ValidateSemanticStateContrast (FruitDefense.UI.RuntimeUiTheme) (at Assets/Editor/Tests/RuntimeUiVisualSystemSmoke.cs:554)
FruitDefense.Editor.RuntimeUiVisualSystemSmoke:Run () (at Assets/Editor/Tests/RuntimeUiVisualSystemSmoke.cs:30)
FruitDefense.Editor.ProjectSetup:SmokeValidate () (at Assets/Editor/Tools/ProjectSetup.cs:339)
FruitDefense.Editor.P0ValidationSuite:Run () (at Assets/Editor/Tests/P0ValidationSuite.cs:18)

(Filename: Assets/Editor/Tests/RuntimeUiVisualSystemSmoke.cs Line: 554)

RUNTIME_UI_PRODUCTION_REGISTRY_OK order=citrus-mint@1,sunny-orchard@1
UnityEngine.Debug:ExtractStackTraceNoAlloc (byte*,int,string)
UnityEngine.StackTraceUtility:ExtractStackTrace ()
UnityEngine.DebugLogHandler:Internal_Log (UnityEngine.LogType,UnityEngine.LogOption,string,UnityEngine.Object)
UnityEngine.DebugLogHandler:LogFormat (UnityEngine.LogType,UnityEngine.Object,string,object[])
UnityEngine.Logger:Log (UnityEngine.LogType,object)
UnityEngine.Debug:Log (object)
FruitDefense.Editor.RuntimeUiVisualSystemSmoke:ValidateProductionRegistry () (at Assets/Editor/Tests/RuntimeUiVisualSystemSmoke.cs:865)
FruitDefense.Editor.RuntimeUiVisualSystemSmoke:Run () (at Assets/Editor/Tests/RuntimeUiVisualSystemSmoke.cs:45)
FruitDefense.Editor.ProjectSetup:SmokeValidate () (at Assets/Editor/Tools/ProjectSetup.cs:339)
FruitDefense.Editor.P0ValidationSuite:Run () (at Assets/Editor/Tests/P0ValidationSuite.cs:18)

(Filename: Assets/Editor/Tests/RuntimeUiVisualSystemSmoke.cs Line: 865)

Opening scene 'Assets/Scenes/Bootstrap.unity additively'
Loaded scene 'Assets/Scenes/Bootstrap.unity'
	Deserialize:            0.442 ms
	Integration:            0.097 ms
	Integration of assets:  0.001 ms
	Thread Wait Time:       0.006 ms
	Total Operation Time:   0.547 ms
Opening scene 'Assets/Scenes/Lobby.unity additively'
Loaded scene 'Assets/Scenes/Lobby.unity'
	Deserialize:            0.304 ms
	Integration:            0.049 ms
	Integration of assets:  0.001 ms
	Thread Wait Time:       0.005 ms
	Total Operation Time:   0.359 ms
Opening scene 'Assets/Scenes/Battle.unity additively'
Loaded scene 'Assets/Scenes/Battle.unity'
	Deserialize:            0.489 ms
	Integration:            0.099 ms
	Integration of assets:  0.002 ms
	Thread Wait Time:       0.006 ms
	Total Operation Time:   0.596 ms
Opening scene 'Assets/Scenes/Settlement.unity additively'
Loaded scene 'Assets/Scenes/Settlement.unity'
	Deserialize:            0.314 ms
	Integration:            0.052 ms
	Integration of assets:  0.001 ms
	Thread Wait Time:       0.005 ms
	Total Operation Time:   0.371 ms
Opening scene 'Assets/Scenes/Bootstrap.unity additively'
Loaded scene 'Assets/Scenes/Bootstrap.unity'
	Deserialize:            0.444 ms
	Integration:            0.099 ms
	Integration of assets:  0.001 ms
	Thread Wait Time:       0.005 ms
	Total Operation Time:   0.549 ms
Opening scene 'Assets/Scenes/Lobby.unity additively'
Loaded scene 'Assets/Scenes/Lobby.unity'
	Deserialize:            0.286 ms
	Integration:            0.050 ms
	Integration of assets:  0.001 ms
	Thread Wait Time:       0.005 ms
	Total Operation Time:   0.341 ms
Opening scene 'Assets/Scenes/Battle.unity additively'
Loaded scene 'Assets/Scenes/Battle.unity'
	Deserialize:            0.489 ms
	Integration:            0.107 ms
	Integration of assets:  0.001 ms
	Thread Wait Time:       0.005 ms
	Total Operation Time:   0.602 ms
Opening scene 'Assets/Scenes/Settlement.unity additively'
Loaded scene 'Assets/Scenes/Settlement.unity'
	Deserialize:            0.314 ms
	Integration:            0.056 ms
	Integration of assets:  0.001 ms
	Thread Wait Time:       0.006 ms
	Total Operation Time:   0.378 ms
RUNTIME_UI_PRODUCTION_CANDIDATE_PREVIEW_OK candidate=sunny-orchard@1 candidateGuid=12cc0c638d174040bb0384d7bf17ea92 slots=40 components=16 states=9 routes=3 themeBytes=unchanged scenes=4
UnityEngine.Debug:ExtractStackTraceNoAlloc (byte*,int,string)
UnityEngine.StackTraceUtility:ExtractStackTrace ()
UnityEngine.DebugLogHandler:Internal_Log (UnityEngine.LogType,UnityEngine.LogOption,string,UnityEngine.Object)
UnityEngine.DebugLogHandler:LogFormat (UnityEngine.LogType,UnityEngine.Object,string,object[])
UnityEngine.Logger:Log (UnityEngine.LogType,object)
UnityEngine.Debug:Log (object)
FruitDefense.Editor.RuntimeUiVisualSystemSmoke:ValidatePreviewIsolation (FruitDefense.UI.RuntimeUiTheme,FruitDefense.UI.RuntimeUiArtSet,byte[],System.Collections.Generic.IReadOnlyDictionary`2<string, byte[]>,FruitDefense.UI.RuntimeUiTheme&) (at Assets/Editor/Tests/RuntimeUiVisualSystemSmoke.cs:726)
FruitDefense.Editor.RuntimeUiVisualSystemSmoke:Run () (at Assets/Editor/Tests/RuntimeUiVisualSystemSmoke.cs:54)
FruitDefense.Editor.ProjectSetup:SmokeValidate () (at Assets/Editor/Tools/ProjectSetup.cs:339)
FruitDefense.Editor.P0ValidationSuite:Run () (at Assets/Editor/Tests/P0ValidationSuite.cs:18)

(Filename: Assets/Editor/Tests/RuntimeUiVisualSystemSmoke.cs Line: 726)

Start importing Assets/Editor/Tests/Fixtures/RuntimeUi/GeneratedInvalidPathRuntimeUiArtSet.asset using Guid(ee251fac369dcd74ab746beabcf75d99) (NativeFormatImporter) -> (artifact id: '219079e42d25450d79d9ac538ca10632') in 0.0017463 seconds
Refreshing native plugins compatible for Editor in 0.15 ms, found 0 plugins.
Preloading 0 native plugins for Editor in 0.00 ms.
Asset Pipeline Refresh (id=7e507d7a6a1d2484f8f95f2d00f061b6): Total: 0.020 seconds - Initiated by StopAssetImportingV2(NoUpdateAssetOptions)
Start importing Assets/Editor/Tests/Fixtures/RuntimeUi/GeneratedInvalidPathRuntimeUiArtSet.asset using Guid(ee251fac369dcd74ab746beabcf75d99) (NativeFormatImporter) -> (artifact id: '219079e42d25450d79d9ac538ca10632') in 0.0017143 seconds
Refreshing native plugins compatible for Editor in 0.15 ms, found 0 plugins.
Preloading 0 native plugins for Editor in 0.00 ms.
Asset Pipeline Refresh (id=5ce7c2e7bd360934db0b7ef3036ab3ec): Total: 0.011 seconds - Initiated by StopAssetImportingV2(NoUpdateAssetOptions)
Refreshing native plugins compatible for Editor in 0.19 ms, found 0 plugins.
Preloading 0 native plugins for Editor in 0.00 ms.
Asset Pipeline Refresh (id=5bc655debd516284b91e5f2cab86c62f): Total: 0.010 seconds - Initiated by StopAssetImportingV2(NoUpdateAssetOptions)
Asset Pipeline Refresh (id=3891e5996db84c74c892ec46b753e194): Total: 0.025 seconds - Initiated by RefreshV2(NoUpdateAssetOptions)
Opening scene 'Assets/Scenes/Bootstrap.unity additively'
Loaded scene 'Assets/Scenes/Bootstrap.unity'
	Deserialize:            0.500 ms
	Integration:            0.123 ms
	Integration of assets:  0.001 ms
	Thread Wait Time:       0.006 ms
	Total Operation Time:   0.630 ms
Opening scene 'Assets/Scenes/Lobby.unity additively'
Loaded scene 'Assets/Scenes/Lobby.unity'
	Deserialize:            0.349 ms
	Integration:            0.069 ms
	Integration of assets:  0.001 ms
	Thread Wait Time:       0.008 ms
	Total Operation Time:   0.427 ms
Opening scene 'Assets/Scenes/Battle.unity additively'
Loaded scene 'Assets/Scenes/Battle.unity'
	Deserialize:            0.525 ms
	Integration:            0.097 ms
	Integration of assets:  0.001 ms
	Thread Wait Time:       0.006 ms
	Total Operation Time:   0.628 ms
Opening scene 'Assets/Scenes/Settlement.unity additively'
Loaded scene 'Assets/Scenes/Settlement.unity'
	Deserialize:            0.387 ms
	Integration:            0.065 ms
	Integration of assets:  0.001 ms
	Thread Wait Time:       0.007 ms
	Total Operation Time:   0.460 ms
Opening scene 'Assets/Scenes/Bootstrap.unity additively'
Loaded scene 'Assets/Scenes/Bootstrap.unity'
	Deserialize:            0.495 ms
	Integration:            0.116 ms
	Integration of assets:  0.002 ms
	Thread Wait Time:       0.007 ms
	Total Operation Time:   0.620 ms
Opening scene 'Assets/Scenes/Lobby.unity additively'
Loaded scene 'Assets/Scenes/Lobby.unity'
	Deserialize:            0.359 ms
	Integration:            0.054 ms
	Integration of assets:  0.001 ms
	Thread Wait Time:       0.006 ms
	Total Operation Time:   0.420 ms
Opening scene 'Assets/Scenes/Battle.unity additively'
Loaded scene 'Assets/Scenes/Battle.unity'
	Deserialize:            0.689 ms
	Integration:            0.125 ms
	Integration of assets:  0.002 ms
	Thread Wait Time:       0.009 ms
	Total Operation Time:   0.826 ms
Opening scene 'Assets/Scenes/Settlement.unity additively'
Loaded scene 'Assets/Scenes/Settlement.unity'
	Deserialize:            0.377 ms
	Integration:            0.078 ms
	Integration of assets:  0.001 ms
	Thread Wait Time:       0.006 ms
	Total Operation Time:   0.462 ms
RUNTIME_UI_PRODUCTION_CANDIDATE_PREVIEW_OK candidate=citrus-mint@1 candidateGuid=8c547f9fccb3673ef6115dcb820ebc1e slots=40 components=16 states=9 routes=3 themeBytes=unchanged scenes=4
UnityEngine.Debug:ExtractStackTraceNoAlloc (byte*,int,string)
UnityEngine.StackTraceUtility:ExtractStackTrace ()
UnityEngine.DebugLogHandler:Internal_Log (UnityEngine.LogType,UnityEngine.LogOption,string,UnityEngine.Object)
UnityEngine.DebugLogHandler:LogFormat (UnityEngine.LogType,UnityEngine.Object,string,object[])
UnityEngine.Logger:Log (UnityEngine.LogType,object)
UnityEngine.Debug:Log (object)
FruitDefense.Editor.RuntimeUiVisualSystemSmoke:ValidatePreviewIsolation (FruitDefense.UI.RuntimeUiTheme,FruitDefense.UI.RuntimeUiArtSet,byte[],System.Collections.Generic.IReadOnlyDictionary`2<string, byte[]>,FruitDefense.UI.RuntimeUiTheme&) (at Assets/Editor/Tests/RuntimeUiVisualSystemSmoke.cs:726)
FruitDefense.Editor.RuntimeUiVisualSystemSmoke:ValidateProductionCandidateWorkflows (FruitDefense.UI.RuntimeUiTheme,System.Collections.Generic.IReadOnlyList`1<FruitDefense.UI.RuntimeUiArtSet>,FruitDefense.UI.RuntimeUiArtSet,byte[],string,string,string,string,System.Collections.Generic.IReadOnlyDictionary`2<string, byte[]>,System.Collections.Generic.IReadOnlyDictionary`2<string, byte[]>,System.Collections.Generic.IReadOnlyDictionary`2<string, byte[]>) (at Assets/Editor/Tests/RuntimeUiVisualSystemSmoke.cs:895)
FruitDefense.Editor.RuntimeUiVisualSystemSmoke:Run () (at Assets/Editor/Tests/RuntimeUiVisualSystemSmoke.cs:62)
FruitDefense.Editor.ProjectSetup:SmokeValidate () (at Assets/Editor/Tools/ProjectSetup.cs:339)
FruitDefense.Editor.P0ValidationSuite:Run () (at Assets/Editor/Tests/P0ValidationSuite.cs:18)

(Filename: Assets/Editor/Tests/RuntimeUiVisualSystemSmoke.cs Line: 726)

Start importing Assets/UI/Theme/ReleaseRuntimeUiTheme.asset using Guid(932a9783b6b3eee45970ab3ef84a4c39) (NativeFormatImporter) -> (artifact id: '5414fed84127ec9e843480303bdec141') in 0.0018467 seconds
Refreshing native plugins compatible for Editor in 0.30 ms, found 0 plugins.
Preloading 0 native plugins for Editor in 0.00 ms.
Asset Pipeline Refresh (id=137187feb6f8ec94b8d83b98f4b0f68d): Total: 0.012 seconds - Initiated by StopAssetImportingV2(NoUpdateAssetOptions)
Asset Pipeline Refresh (id=4c9dad437cec3874183c67409b0c391f): Total: 0.009 seconds - Initiated by RefreshV2(NoUpdateAssetOptions)
Start importing Assets/UI/Theme/ReleaseRuntimeUiTheme.asset using Guid(932a9783b6b3eee45970ab3ef84a4c39) (NativeFormatImporter) -> (artifact id: '59e7a32f2e620f38fa621becb49da557') in 0.0019453 seconds
Refreshing native plugins compatible for Editor in 0.17 ms, found 0 plugins.
Preloading 0 native plugins for Editor in 0.00 ms.
Asset Pipeline Refresh (id=fc308d373ee3b5146b7f5e16bedb188f): Total: 0.012 seconds - Initiated by StopAssetImportingV2(NoUpdateAssetOptions)
Asset Pipeline Refresh (id=56f3df319cb6b084b9eae2272c44289a): Total: 0.009 seconds - Initiated by RefreshV2(NoUpdateAssetOptions)
RUNTIME_UI_PRODUCTION_CANDIDATE_WORKFLOW_OK active=sunny-orchard@1 activeGuid=12cc0c638d174040bb0384d7bf17ea92 candidate=citrus-mint@1 candidateGuid=8c547f9fccb3673ef6115dcb820ebc1e undoGroup=28 undoName="Activate Runtime UI Art Set" theme=ui.sunny-orchard@1 themeGuid=932a9783b6b3eee45970ab3ef84a4c39 validationErrors=0 validationWarnings=0 slots=40 scenes=4 codeHash=CD666D08D6FD00E1F5BA4D826CDDFBD04F08579434F37F566FB8339D518DC4DE layoutHash=CF01AC5183EF3B07C1C4848E95D0F366D1BE904F0F77458C7ABFC62688AF65B7 mutation=theme.activeArtSet-only restoredThemeBytes=true
UnityEngine.Debug:ExtractStackTraceNoAlloc (byte*,int,string)
UnityEngine.StackTraceUtility:ExtractStackTrace ()
UnityEngine.DebugLogHandler:Internal_Log (UnityEngine.LogType,UnityEngine.LogOption,string,UnityEngine.Object)
UnityEngine.DebugLogHandler:LogFormat (UnityEngine.LogType,UnityEngine.Object,string,object[])
UnityEngine.Logger:Log (UnityEngine.LogType,object)
UnityEngine.Debug:Log (object)
FruitDefense.Editor.RuntimeUiVisualSystemSmoke:ValidateAtomicReplacementAndUndo (FruitDefense.UI.RuntimeUiTheme,FruitDefense.UI.RuntimeUiArtSet,FruitDefense.UI.RuntimeUiArtSet,byte[],string,string,string,string,System.Collections.Generic.IReadOnlyDictionary`2<string, byte[]>,System.Collections.Generic.IReadOnlyDictionary`2<string, byte[]>,System.Collections.Generic.IReadOnlyDictionary`2<string, byte[]>) (at Assets/Editor/Tests/RuntimeUiVisualSystemSmoke.cs:985)
FruitDefense.Editor.RuntimeUiVisualSystemSmoke:ValidateProductionCandidateWorkflows (FruitDefense.UI.RuntimeUiTheme,System.Collections.Generic.IReadOnlyList`1<FruitDefense.UI.RuntimeUiArtSet>,FruitDefense.UI.RuntimeUiArtSet,byte[],string,string,string,string,System.Collections.Generic.IReadOnlyDictionary`2<string, byte[]>,System.Collections.Generic.IReadOnlyDictionary`2<string, byte[]>,System.Collections.Generic.IReadOnlyDictionary`2<string, byte[]>) (at Assets/Editor/Tests/RuntimeUiVisualSystemSmoke.cs:907)
FruitDefense.Editor.RuntimeUiVisualSystemSmoke:Run () (at Assets/Editor/Tests/RuntimeUiVisualSystemSmoke.cs:62)
FruitDefense.Editor.ProjectSetup:SmokeValidate () (at Assets/Editor/Tools/ProjectSetup.cs:339)
FruitDefense.Editor.P0ValidationSuite:Run () (at Assets/Editor/Tests/P0ValidationSuite.cs:18)

(Filename: Assets/Editor/Tests/RuntimeUiVisualSystemSmoke.cs Line: 985)

RUNTIME_UI_PRODUCTION_CANDIDATE_WORKFLOWS_OK candidates=1
UnityEngine.Debug:ExtractStackTraceNoAlloc (byte*,int,string)
UnityEngine.StackTraceUtility:ExtractStackTrace ()
UnityEngine.DebugLogHandler:Internal_Log (UnityEngine.LogType,UnityEngine.LogOption,string,UnityEngine.Object)
UnityEngine.DebugLogHandler:LogFormat (UnityEngine.LogType,UnityEngine.Object,string,object[])
UnityEngine.Logger:Log (UnityEngine.LogType,object)
UnityEngine.Debug:Log (object)
FruitDefense.Editor.RuntimeUiVisualSystemSmoke:ValidateProductionCandidateWorkflows (FruitDefense.UI.RuntimeUiTheme,System.Collections.Generic.IReadOnlyList`1<FruitDefense.UI.RuntimeUiArtSet>,FruitDefense.UI.RuntimeUiArtSet,byte[],string,string,string,string,System.Collections.Generic.IReadOnlyDictionary`2<string, byte[]>,System.Collections.Generic.IReadOnlyDictionary`2<string, byte[]>,System.Collections.Generic.IReadOnlyDictionary`2<string, byte[]>) (at Assets/Editor/Tests/RuntimeUiVisualSystemSmoke.cs:914)
FruitDefense.Editor.RuntimeUiVisualSystemSmoke:Run () (at Assets/Editor/Tests/RuntimeUiVisualSystemSmoke.cs:62)
FruitDefense.Editor.ProjectSetup:SmokeValidate () (at Assets/Editor/Tools/ProjectSetup.cs:339)
FruitDefense.Editor.P0ValidationSuite:Run () (at Assets/Editor/Tests/P0ValidationSuite.cs:18)

(Filename: Assets/Editor/Tests/RuntimeUiVisualSystemSmoke.cs Line: 914)

Start importing Assets/UI/Art/Runtime/sunny-orchard/surface-screen-background.png using Guid(81c25e15dd0bd2802865ef47410f7840) (TextureImporter) -> (artifact id: '9509fc44c41363cf9d29a3b30e77efed') in 0.0051401 seconds
Refreshing native plugins compatible for Editor in 0.17 ms, found 0 plugins.
Preloading 0 native plugins for Editor in 0.00 ms.
Asset Pipeline Refresh (id=1d8d1837e5d4a0a4b80c1b9dd18f3bba): Total: 0.016 seconds - Initiated by StopAssetImportingV2(NoUpdateAssetOptions)
Start importing Assets/UI/Theme/ReleaseRuntimeUiTheme.asset using Guid(932a9783b6b3eee45970ab3ef84a4c39) (NativeFormatImporter) -> (artifact id: '59e7a32f2e620f38fa621becb49da557') in 0.0017833 seconds
Refreshing native plugins compatible for Editor in 0.18 ms, found 0 plugins.
Preloading 0 native plugins for Editor in 0.00 ms.
Asset Pipeline Refresh (id=7ff05313b89316b41a0fa7d9831f076b): Total: 0.012 seconds - Initiated by StopAssetImportingV2(NoUpdateAssetOptions)
Asset Pipeline Refresh (id=47d85a2080933cb4495998a1d9789a8b): Total: 0.009 seconds - Initiated by RefreshV2(NoUpdateAssetOptions)
RUNTIME_UI_VISUAL_SYSTEM_SMOKE_OK
UnityEngine.Debug:ExtractStackTraceNoAlloc (byte*,int,string)
UnityEngine.StackTraceUtility:ExtractStackTrace ()
UnityEngine.DebugLogHandler:Internal_Log (UnityEngine.LogType,UnityEngine.LogOption,string,UnityEngine.Object)
UnityEngine.DebugLogHandler:LogFormat (UnityEngine.LogType,UnityEngine.Object,string,object[])
UnityEngine.Logger:Log (UnityEngine.LogType,object)
UnityEngine.Debug:Log (object)
FruitDefense.Editor.RuntimeUiVisualSystemSmoke:Run () (at Assets/Editor/Tests/RuntimeUiVisualSystemSmoke.cs:92)
FruitDefense.Editor.ProjectSetup:SmokeValidate () (at Assets/Editor/Tools/ProjectSetup.cs:339)
FruitDefense.Editor.P0ValidationSuite:Run () (at Assets/Editor/Tests/P0ValidationSuite.cs:18)

(Filename: Assets/Editor/Tests/RuntimeUiVisualSystemSmoke.cs Line: 92)

FRUIT_DEFENSE_SMOKE_OK
UnityEngine.Debug:ExtractStackTraceNoAlloc (byte*,int,string)
UnityEngine.StackTraceUtility:ExtractStackTrace ()
UnityEngine.DebugLogHandler:Internal_Log (UnityEngine.LogType,UnityEngine.LogOption,string,UnityEngine.Object)
UnityEngine.DebugLogHandler:LogFormat (UnityEngine.LogType,UnityEngine.Object,string,object[])
UnityEngine.Logger:Log (UnityEngine.LogType,object)
UnityEngine.Debug:Log (object)
FruitDefense.Editor.ProjectSetup:SmokeValidate () (at Assets/Editor/Tools/ProjectSetup.cs:340)
FruitDefense.Editor.P0ValidationSuite:Run () (at Assets/Editor/Tests/P0ValidationSuite.cs:18)

(Filename: Assets/Editor/Tools/ProjectSetup.cs Line: 340)

FRUIT_DEFENSE_P0_RELEASE_GATE_OK
UnityEngine.Debug:ExtractStackTraceNoAlloc (byte*,int,string)
UnityEngine.StackTraceUtility:ExtractStackTrace ()
UnityEngine.DebugLogHandler:Internal_Log (UnityEngine.LogType,UnityEngine.LogOption,string,UnityEngine.Object)
UnityEngine.DebugLogHandler:LogFormat (UnityEngine.LogType,UnityEngine.Object,string,object[])
UnityEngine.Logger:Log (UnityEngine.LogType,object)
UnityEngine.Debug:Log (object)
FruitDefense.Editor.P0ValidationSuite:Run () (at Assets/Editor/Tests/P0ValidationSuite.cs:19)

(Filename: Assets/Editor/Tests/P0ValidationSuite.cs Line: 19)

Batchmode quit successfully invoked - shutting down!
[Physics::Module] Cleanup current backend.
[Physics::Module] Id: 0xf2b8ea05
Input System module state changed to: ShutdownInProgress.
Input System polling thread exited.
Input System module state changed to: Shutdown.
[Licensing::IpcConnector] LicenseClient-18163-notifications channel disconnected successfully.
[Licensing::IpcConnector] LicenseClient-18163 channel disconnected successfully.
AcceleratorClientConnectionCallback - disconnected - :0
Cleanup mono
Exiting batchmode successfully now!
Exiting without the bug reporter. Application will terminate with return code 0