[Licensing::Module] Trying to connect to existing licensing client channel...
Built from '6000.3/staging' branch; Version is '6000.3.19f1 (7689f4515d75) revision 7768564'; Using compiler version '194234433'; Build Type 'Release'
[Licensing::IpcConnector] Channel LicenseClient-18163 doesn't exist
OS: 'Windows 10  (10.0.19045) 64bit Professional' Language: 'zh' Physical Memory: 32679 MB
BatchMode: 1, IsHumanControllingUs: 0, StartBugReporterOnCrash: 0, Is64bit: 1
System  architecture: x64
Process architecture: x64
Date: 2026-08-18T22:11:51Z
[Licensing::Module] Successfully launched the LicensingClient (PId: 21052)

COMMAND LINE ARGUMENTS:
C:\Program Files\Unity\Hub\Editor\6000.3.19f1\Editor\Unity.exe
-batchmode
-nographics
-quit
-projectPath
E:\project\unity\furitDefense
-executeMethod
FruitDefense.Editor.P0ValidationSuite.Run
-logFile
E:\project\unity\furitDefense\openspec\changes\unify-runtime-ui-visual-system\evidence\7.4-final\editor\p0-aggregate.log
Successfully changed project path to: E:\project\unity\furitDefense
E:/project/unity/furitDefense
[UnityMemory] Configuration Parameters - Can be set up in boot.config
    "memorysetup-temp-allocator-size-nav-mesh-worker=65536"
    "memorysetup-temp-allocator-size-audio-worker=65536"
    "memorysetup-temp-allocator-size-gfx=262144"
    "memorysetup-allocator-temp-initial-block-size-main=262144"
    "memorysetup-allocator-temp-initial-block-size-worker=262144"
    "memorysetup-temp-allocator-size-background-worker=32768"
    "memorysetup-temp-allocator-size-job-worker=262144"
    "memorysetup-temp-allocator-size-preload-manager=33554432"
    "memorysetup-temp-allocator-size-gi-baking-worker=262144"
    "memorysetup-temp-allocator-size-gi-baking-worker=262144"
    "memorysetup-temp-allocator-size-gi-baking-worker=262144"
    "memorysetup-temp-allocator-size-gi-baking-worker=262144"
    "memorysetup-temp-allocator-size-gi-baking-worker=262144"
    "memorysetup-bucket-allocator-granularity=16"
    "memorysetup-bucket-allocator-bucket-count=8"
    "memorysetup-bucket-allocator-block-size=33554432"
    "memorysetup-bucket-allocator-block-count=8"
    "memorysetup-main-allocator-block-size=16777216"
    "memorysetup-thread-allocator-block-size=16777216"
    "memorysetup-gfx-main-allocator-block-size=16777216"
    "memorysetup-gfx-thread-allocator-block-size=16777216"
    "memorysetup-cache-allocator-block-size=4194304"
    "memorysetup-typetree-allocator-block-size=2097152"
    "memorysetup-profiler-bucket-allocator-granularity=16"
    "memorysetup-profiler-bucket-allocator-bucket-count=8"
    "memorysetup-profiler-bucket-allocator-block-size=33554432"
    "memorysetup-profiler-bucket-allocator-block-count=8"
    "memorysetup-profiler-allocator-block-size=16777216"
    "memorysetup-profiler-editor-allocator-block-size=1048576"
    "memorysetup-temp-allocator-size-main=16777216"
    "memorysetup-job-temp-allocator-block-size=2097152"
    "memorysetup-job-temp-allocator-block-size-background=1048576"
    "memorysetup-job-temp-allocator-reduction-small-platforms=262144"
    "memorysetup-temp-allocator-size-cloud-worker=32768"
Player connection [4752]  Target information:

Player connection [4752]  * "[IP] 192.168.3.10 [Port] 55504 [Flags] 2 [Guid] 3876594410 [EditorId] 3876594410 [Version] 1048832 [Id] WindowsEditor(7,DESKTOP-02DUQIQ) [Debug] 1 [PackageName] WindowsEditor [ProjectName] Editor" 

Player connection [4752]  * "[IP] 169.254.219.203 [Port] 55504 [Flags] 2 [Guid] 3876594410 [EditorId] 3876594410 [Version] 1048832 [Id] WindowsEditor(7,DESKTOP-02DUQIQ) [Debug] 1 [PackageName] WindowsEditor [ProjectName] Editor" 

Player connection [4752] Host joined multi-casting on [225.0.0.222:54997]...
Player connection [4752] Host joined alternative multi-casting on [225.0.0.222:34997]...
Input System module state changed to: Initialized.
[Physics::Module] Initialized fallback backend.
[Physics::Module] Id: 0xdecafbad
[Licensing::IpcConnector] Successfully connected to: "LicenseClient-18163" at "2026-08-18T22:11:51.9924106Z"
[Licensing::Client] Code 10 while verifying Licensing Client signature (process Id: 21052, path: "C:/Program Files/Unity/Hub/Editor/6000.3.19f1/Editor/Data/Resources/Licensing/Client/Unity.Licensing.Client.exe")
[Licensing::Module] LicensingClient has failed validation; ignoring
[Package Manager] Connected to IPC stream "Upm-33216" after 0.3 seconds.
[Licensing::Module] Licensing is not yet initialized.
[Licensing::Client] Handshaking with LicensingClient:
  Version:                 1.18.1+9fbee8e
  Session Id:              71227f1f29a34b5d98d2e85c2ff00a3a
  Correlation Id:          c9dd76b00f3b972b95c7671bd8e7138e
  External correlation Id: 8664618694537018604
  Machine Id:              45/sxUmrq84w1DGaAIO3nlH4R54=
[Licensing::Module] Successfully connected to LicensingClient on channel: "LicenseClient-18163" (connect: 0.37s, validation: 0.21s, handshake: 0.05s)
[Licensing::IpcConnector] Successfully connected to: "LicenseClient-18163-notifications" at "2026-08-18T22:11:52.2495003Z"
[Licensing::Module] Connected to LicensingClient (PId: 21052, launch time: 0.01, total connection time: 0.63s)
[Licensing::Module] Error: Access token is unavailable; failed to update
[Licensing::Client] Successfully resolved entitlement details
[Licensing::Module] License group:
  Id: F4-PJMF-AXN2-R4YC-DCT2-XXXX
  Product: Unity Personal
  Type: ULF
  Expiration: 2026-08-28T23:10:40Z
[Licensing::Client] Successfully updated license, isAsync: True, time: 0.01
[Licensing::Client] Successfully resolved entitlement details
[Licensing::Module] Licensing Background thread has ended after 0.69s
[Licensing::Module] Licensing is initialized (took 0.23s).
[Licensing::Client] Successfully resolved entitlement details
Library Redirect Path: Library/
[Physics::Module] Selected backend.
[Physics::Module] Name: PhysX
[Physics::Module] Id: 0xf2b8ea05
[Physics::Module] SDK Version: 4.1.2
[Physics::Module] Integration Version: 1.0.0
[Physics::Module] Threading Mode: Multi-Threaded
Refreshing native plugins compatible for Editor in 0.18 ms, found 0 plugins.
Preloading 0 native plugins for Editor in 0.00 ms.
Initialize engine version: 6000.3.19f1 (7689f4515d75)
[Subsystems] Discovering subsystems at path C:/Program Files/Unity/Hub/Editor/6000.3.19f1/Editor/Data/Resources/UnitySubsystems
[Subsystems] Discovering subsystems at path E:/project/unity/furitDefense/Assets
Forcing GfxDevice: Null
GfxDevice: creating device client; kGfxThreadingModeNonThreaded
NullGfxDevice:
    Version:  NULL 1.0 [1.0]
    Renderer: Null Device
    Vendor:   Unity Technologies
Initialize mono
Mono path[0] = 'C:/Program Files/Unity/Hub/Editor/6000.3.19f1/Editor/Data/Managed'
Mono path[1] = 'C:/Program Files/Unity/Hub/Editor/6000.3.19f1/Editor/Data/MonoBleedingEdge/lib/mono/unityjit-win32'
Mono config path = 'C:/Program Files/Unity/Hub/Editor/6000.3.19f1/Editor/Data/MonoBleedingEdge/etc'
Using monoOptions --debugger-agent=transport=dt_socket,embedding=1,server=y,suspend=n,address=127.0.0.1:56216
Using cacheserver namespaces - metadata:defaultmetadata, artifacts:defaultartifacts
Using cacheserver namespaces - metadata:defaultmetadata, artifacts:defaultartifacts
ImportWorker Server TCP listen port: 0
AcceleratorClientConnectionCallback - disconnected - :0
Begin MonoManager ReloadAssembly
Registering precompiled unity dll's ...
Register platform support module: C:/Program Files/Unity/Hub/Editor/6000.3.19f1/Editor/Data/PlaybackEngines/WebGLSupport/UnityEditor.WebGL.Extensions.dll
Register platform support module: C:/Program Files/Unity/Hub/Editor/6000.3.19f1/Editor/Data/PlaybackEngines/WindowsStandaloneSupport/UnityEditor.WindowsStandalone.Extensions.dll
Registered in 0.002664 seconds.
- Loaded All Assemblies, in  0.381 seconds
Native extension for WindowsStandalone target not found
Native extension for WebGL target not found
Package Manager log level set to [2]
ScheduleIndexationOnStartup MainProcess:False IndexOnStartup:True
Mono: successfully reloaded assembly
- Finished resetting the current domain, in  0.343 seconds
Domain Reload Profiling: 721ms
	BeginReloadAssembly (135ms)
		ExecutionOrderSort (0ms)
		DisableScriptedObjects (0ms)
		BackupInstance (0ms)
		ReleaseScriptingObjects (0ms)
		CreateAndSetChildDomain (8ms)
	RebuildCommonClasses (33ms)
	RebuildNativeTypeToScriptingClass (11ms)
	initialDomainReloadingComplete (46ms)
	LoadAllAssembliesAndSetupDomain (153ms)
		LoadAssemblies (125ms)
		RebuildTransferFunctionScriptingTraits (0ms)
		AnalyzeDomain (150ms)
			TypeCache.Refresh (148ms)
				TypeCache.ScanAssembly (136ms)
			BuildScriptInfoCaches (0ms)
			ResolveRequiredComponents (0ms)
	FinalizeReload (343ms)
		ReleaseScriptCaches (0ms)
		RebuildScriptCaches (0ms)
		SetupLoadedEditorAssemblies (311ms)
			LogAssemblyErrors (0ms)
			InitializePlatformSupportModulesInManaged (47ms)
			SetLoadedEditorAssemblies (3ms)
			BeforeProcessingInitializeOnLoad (68ms)
			ProcessInitializeOnLoadAttributes (126ms)
			ProcessInitializeOnLoadMethodAttributes (68ms)
			AfterProcessingInitializeOnLoad (0ms)
			EditorAssembliesLoaded (0ms)
		ExecutionOrderSort2 (0ms)
		AwakeInstancesAfterBackupRestoration (0ms)
[Licensing::Client] Successfully resolved entitlement details
Application.AssetDatabase Initial Refresh Start
[Package Manager] Restoring resolved packages state from cache
[Licensing::Client] Successfully resolved entitlement details
[Package Manager] Registered 33 packages:
  Built-in packages:
    com.unity.modules.ai@1.0.0 (location: E:\project\unity\furitDefense\Library\PackageCache\com.unity.modules.ai)
    com.unity.modules.androidjni@1.0.0 (location: E:\project\unity\furitDefense\Library\PackageCache\com.unity.modules.androidjni)
    com.unity.modules.animation@1.0.0 (location: E:\project\unity\furitDefense\Library\PackageCache\com.unity.modules.animation)
    com.unity.modules.assetbundle@1.0.0 (location: E:\project\unity\furitDefense\Library\PackageCache\com.unity.modules.assetbundle)
    com.unity.modules.audio@1.0.0 (location: E:\project\unity\furitDefense\Library\PackageCache\com.unity.modules.audio)
    com.unity.modules.cloth@1.0.0 (location: E:\project\unity\furitDefense\Library\PackageCache\com.unity.modules.cloth)
    com.unity.modules.director@1.0.0 (location: E:\project\unity\furitDefense\Library\PackageCache\com.unity.modules.director)
    com.unity.modules.imageconversion@1.0.0 (location: E:\project\unity\furitDefense\Library\PackageCache\com.unity.modules.imageconversion)
    com.unity.modules.imgui@1.0.0 (location: E:\project\unity\furitDefense\Library\PackageCache\com.unity.modules.imgui)
    com.unity.modules.jsonserialize@1.0.0 (location: E:\project\unity\furitDefense\Library\PackageCache\com.unity.modules.jsonserialize)
    com.unity.modules.particlesystem@1.0.0 (location: E:\project\unity\furitDefense\Library\PackageCache\com.unity.modules.particlesystem)
    com.unity.modules.physics@1.0.0 (location: E:\project\unity\furitDefense\Library\PackageCache\com.unity.modules.physics)
    com.unity.modules.physics2d@1.0.0 (location: E:\project\unity\furitDefense\Library\PackageCache\com.unity.modules.physics2d)
    com.unity.modules.screencapture@1.0.0 (location: E:\project\unity\furitDefense\Library\PackageCache\com.unity.modules.screencapture)
    com.unity.modules.terrain@1.0.0 (location: E:\project\unity\furitDefense\Library\PackageCache\com.unity.modules.terrain)
    com.unity.modules.terrainphysics@1.0.0 (location: E:\project\unity\furitDefense\Library\PackageCache\com.unity.modules.terrainphysics)
    com.unity.modules.tilemap@1.0.0 (location: E:\project\unity\furitDefense\Library\PackageCache\com.unity.modules.tilemap)
    com.unity.modules.ui@1.0.0 (location: E:\project\unity\furitDefense\Library\PackageCache\com.unity.modules.ui)
    com.unity.modules.uielements@1.0.0 (location: E:\project\unity\furitDefense\Library\PackageCache\com.unity.modules.uielements)
    com.unity.modules.umbra@1.0.0 (location: E:\project\unity\furitDefense\Library\PackageCache\com.unity.modules.umbra)
    com.unity.modules.unityanalytics@1.0.0 (location: E:\project\unity\furitDefense\Library\PackageCache\com.unity.modules.unityanalytics)
    com.unity.modules.unitywebrequest@1.0.0 (location: E:\project\unity\furitDefense\Library\PackageCache\com.unity.modules.unitywebrequest)
    com.unity.modules.unitywebrequestassetbundle@1.0.0 (location: E:\project\unity\furitDefense\Library\PackageCache\com.unity.modules.unitywebrequestassetbundle)
    com.unity.modules.unitywebrequestaudio@1.0.0 (location: E:\project\unity\furitDefense\Library\PackageCache\com.unity.modules.unitywebrequestaudio)
    com.unity.modules.unitywebrequesttexture@1.0.0 (location: E:\project\unity\furitDefense\Library\PackageCache\com.unity.modules.unitywebrequesttexture)
    com.unity.modules.unitywebrequestwww@1.0.0 (location: E:\project\unity\furitDefense\Library\PackageCache\com.unity.modules.unitywebrequestwww)
    com.unity.modules.vehicles@1.0.0 (location: E:\project\unity\furitDefense\Library\PackageCache\com.unity.modules.vehicles)
    com.unity.modules.video@1.0.0 (location: E:\project\unity\furitDefense\Library\PackageCache\com.unity.modules.video)
    com.unity.modules.vr@1.0.0 (location: E:\project\unity\furitDefense\Library\PackageCache\com.unity.modules.vr)
    com.unity.modules.wind@1.0.0 (location: E:\project\unity\furitDefense\Library\PackageCache\com.unity.modules.wind)
    com.unity.modules.xr@1.0.0 (location: E:\project\unity\furitDefense\Library\PackageCache\com.unity.modules.xr)
    com.unity.modules.subsystems@1.0.0 (location: E:\project\unity\furitDefense\Library\PackageCache\com.unity.modules.subsystems)
    com.unity.modules.hierarchycore@1.0.0 (location: E:\project\unity\furitDefense\Library\PackageCache\com.unity.modules.hierarchycore)
[Subsystems] No new subsystems found in resolved package list.
[Package Manager] Done registering packages in 0.01 seconds
Starting: C:\Program Files\Unity\Hub\Editor\6000.3.19f1\Editor\Data\Tools\BuildPipeline\bee_backend.exe --ipc --defer-dag-verification --dagfile="Library/Bee/2000b0aE.dag" --continue-on-failure --profile="Library/Bee/backend1.traceevents" ScriptAssemblies
WorkingDir: E:/project/unity/furitDefense
DisplayProgressbar: Compiling Scripts
ExitCode: 0 Duration: 0s64ms
*** Tundra build success (0.03 seconds), 0 items updated, 157 evaluated
AssetDatabase: script compilation time: 0.380018s
Begin MonoManager ReloadAssembly
Total cache size 31377775
Total cache size after purge 31377775, took 00:00:00.0315902
- Loaded All Assemblies, in  0.328 seconds
Refreshing native plugins compatible for Editor in 0.16 ms, found 0 plugins.
Native extension for WindowsStandalone target not found
Native extension for WebGL target not found
ScheduleIndexationOnStartup MainProcess:True IndexOnStartup:True
Mono: successfully reloaded assembly
- Finished resetting the current domain, in  0.429 seconds
Domain Reload Profiling: 754ms
	BeginReloadAssembly (246ms)
		ExecutionOrderSort (0ms)
		DisableScriptedObjects (80ms)
		BackupInstance (0ms)
		ReleaseScriptingObjects (0ms)
		CreateAndSetChildDomain (36ms)
	RebuildCommonClasses (31ms)
	RebuildNativeTypeToScriptingClass (11ms)
	initialDomainReloadingComplete (21ms)
	LoadAllAssembliesAndSetupDomain (15ms)
		LoadAssemblies (106ms)
		RebuildTransferFunctionScriptingTraits (0ms)
		AnalyzeDomain (10ms)
			TypeCache.Refresh (7ms)
				TypeCache.ScanAssembly (3ms)
			BuildScriptInfoCaches (1ms)
			ResolveRequiredComponents (0ms)
	FinalizeReload (429ms)
		ReleaseScriptCaches (0ms)
		RebuildScriptCaches (0ms)
		SetupLoadedEditorAssemblies (268ms)
			LogAssemblyErrors (0ms)
			InitializePlatformSupportModulesInManaged (26ms)
			SetLoadedEditorAssemblies (3ms)
			BeforeProcessingInitializeOnLoad (94ms)
			ProcessInitializeOnLoadAttributes (99ms)
			ProcessInitializeOnLoadMethodAttributes (37ms)
			AfterProcessingInitializeOnLoad (10ms)
			EditorAssembliesLoaded (0ms)
		ExecutionOrderSort2 (0ms)
		AwakeInstancesAfterBackupRestoration (27ms)
Asset Pipeline Refresh (id=a14a34bc57236134ea95258b2f71033a): Total: 1.255 seconds - Initiated by InitialRefreshV2(ForceSynchronousImport)
	Summary:
		Imports: total=0 (actual=0, local cache=0, cache server=0)
		Asset DB Process Time: managed=0 ms, native=513 ms
		Asset DB Callback time: managed=10 ms, native=13 ms
		Scripting: domain reloads=1, domain reload time=327 ms, compile time=382 ms, other=7 ms
		Project Asset Count: scripts=163, non-scripts=755
		Asset File Changes: new=0, changed=0, moved=0, deleted=0
		Scan Filter Count: 0
	InvokeCustomDependenciesCallbacks: 0.001ms
	InvokePackagesCallback: 15.205ms
	ApplyChangesToAssetFolders: 0.301ms
	Scan: 20.941ms
	OnSourceAssetsModified: 0.003ms
	CategorizeAssetsWithTransientArtifact: 0.435ms
	ProcessAssetsWithTransientArtifactChanges: 2.042ms
	CategorizeAssets: 5.555ms
	ImportOutOfDateAssets: 430.529ms (48.603ms without children)
		CompileScripts: 381.542ms
		ReloadNativeAssets: 0.000ms
		UnloadImportedAssets: 0.092ms
		EnsureUptoDateAssetsAreRegisteredWithGuidPM: 0.084ms
		InitializingProgressBar: 0.000ms
		PostProcessAllAssetNotificationsAddChangedAssets: 0.000ms
		OnDemandSchedulerStart: 0.206ms
	PostProcessAllAssets: 10.980ms
	GatherAllCurrentPrimaryArtifactRevisions: 0.002ms
	UnloadStreamsBegin: 0.891ms
	PersistCurrentRevisions: 0.022ms
	UnloadStreamsEnd: 0.001ms
	GenerateScriptTypeHashes: 0.070ms
	Untracked: 767.902ms

Application.AssetDatabase Initial Refresh End
Scanning for USB devices : 12.243ms
Initializing Unity extensions:
[MODES] ModeService[none].Initialize
[MODES] ModeService[none].LoadModes
[MODES] Loading mode Default (0) for mode-current-id-水果塔防
Unloading 3 Unused Serialized files (Serialized files now loaded: 0)
Unloading 136 unused Assets / (509.7 KB). Loaded Objects now: 767.
Memory consumption went from 91.5 MB to 91.0 MB.
Total: 4.109500 ms (FindLiveObjects: 0.051500 ms CreateObjectMapping: 0.009200 ms MarkObjects: 3.829300 ms  DeleteObjects: 0.219000 ms)

Battle content validation passed: catalog.bundled.orchard@1.0.0
UnityEngine.Debug:ExtractStackTraceNoAlloc (byte*,int,string)
UnityEngine.StackTraceUtility:ExtractStackTrace ()
UnityEngine.DebugLogHandler:Internal_Log (UnityEngine.LogType,UnityEngine.LogOption,string,UnityEngine.Object)
UnityEngine.DebugLogHandler:LogFormat (UnityEngine.LogType,UnityEngine.Object,string,object[])
UnityEngine.Logger:Log (UnityEngine.LogType,object)
UnityEngine.Debug:Log (object)
FruitDefense.Editor.BattleContentCatalogEditor:ValidateBundledCatalog () (at Assets/Editor/Tools/BattleContentCatalogEditor.cs:56)
FruitDefense.Editor.P0ValidationSuite:Run () (at Assets/Editor/Tests/P0ValidationSuite.cs:12)

(Filename: Assets/Editor/Tools/BattleContentCatalogEditor.cs Line: 56)

FRUIT_DEFENSE_APP_FRAMEWORK_OK
UnityEngine.Debug:ExtractStackTraceNoAlloc (byte*,int,string)
UnityEngine.StackTraceUtility:ExtractStackTrace ()
UnityEngine.DebugLogHandler:Internal_Log (UnityEngine.LogType,UnityEngine.LogOption,string,UnityEngine.Object)
UnityEngine.DebugLogHandler:LogFormat (UnityEngine.LogType,UnityEngine.Object,string,object[])
UnityEngine.Logger:Log (UnityEngine.LogType,object)
UnityEngine.Debug:Log (object)
FruitDefense.App.AppFrameworkValidation:SmokeValidate () (at Assets/Scripts/App/AppFrameworkValidation.cs:14)
FruitDefense.Editor.P0ValidationSuite:Run () (at Assets/Editor/Tests/P0ValidationSuite.cs:13)

(Filename: Assets/Scripts/App/AppFrameworkValidation.cs Line: 14)

FRUIT_DEFENSE_LOCAL_SERVICES_OK
UnityEngine.Debug:ExtractStackTraceNoAlloc (byte*,int,string)
UnityEngine.StackTraceUtility:ExtractStackTrace ()
UnityEngine.DebugLogHandler:Internal_Log (UnityEngine.LogType,UnityEngine.LogOption,string,UnityEngine.Object)
UnityEngine.DebugLogHandler:LogFormat (UnityEngine.LogType,UnityEngine.Object,string,object[])
UnityEngine.Logger:Log (UnityEngine.LogType,object)
UnityEngine.Debug:Log (object)
FruitDefense.Editor.LocalServicePortsSmoke:Run () (at Assets/Editor/Tests/LocalServicePortsSmoke.cs:21)
FruitDefense.Editor.P0ValidationSuite:Run () (at Assets/Editor/Tests/P0ValidationSuite.cs:14)

(Filename: Assets/Editor/Tests/LocalServicePortsSmoke.cs Line: 21)

Fruit Defense deterministic simulation validation passed.
UnityEngine.Debug:ExtractStackTraceNoAlloc (byte*,int,string)
UnityEngine.StackTraceUtility:ExtractStackTrace ()
UnityEngine.DebugLogHandler:Internal_Log (UnityEngine.LogType,UnityEngine.LogOption,string,UnityEngine.Object)
UnityEngine.DebugLogHandler:LogFormat (UnityEngine.LogType,UnityEngine.Object,string,object[])
UnityEngine.Logger:Log (UnityEngine.LogType,object)
UnityEngine.Debug:Log (object)
FruitDefense.Editor.DeterministicSimulationSmoke:Run () (at Assets/Editor/Tests/DeterministicSimulationSmoke.cs:18)
FruitDefense.Editor.P0ValidationSuite:Run () (at Assets/Editor/Tests/P0ValidationSuite.cs:15)

(Filename: Assets/Editor/Tests/DeterministicSimulationSmoke.cs Line: 18)

FRUIT_DEFENSE_REPEATED_ATTACK_OK plant=plant.pea actions=13 damage=156
UnityEngine.Debug:ExtractStackTraceNoAlloc (byte*,int,string)
UnityEngine.StackTraceUtility:ExtractStackTrace ()
UnityEngine.DebugLogHandler:Internal_Log (UnityEngine.LogType,UnityEngine.LogOption,string,UnityEngine.Object)
UnityEngine.DebugLogHandler:LogFormat (UnityEngine.LogType,UnityEngine.Object,string,object[])
UnityEngine.Logger:Log (UnityEngine.LogType,object)
UnityEngine.Debug:Log (object)
FruitDefense.Editor.ComposableBattleSkillsSmoke:ValidateRepeatedBasicAttacks () (at Assets/Editor/Tests/ComposableBattleSkillsSmoke.cs:147)
FruitDefense.Editor.ComposableBattleSkillsSmoke:Run () (at Assets/Editor/Tests/ComposableBattleSkillsSmoke.cs:19)
FruitDefense.Editor.P0ValidationSuite:Run () (at Assets/Editor/Tests/P0ValidationSuite.cs:16)

(Filename: Assets/Editor/Tests/ComposableBattleSkillsSmoke.cs Line: 147)

FRUIT_DEFENSE_REPEATED_ATTACK_OK plant=plant.watermelon actions=6 damage=72
UnityEngine.Debug:ExtractStackTraceNoAlloc (byte*,int,string)
UnityEngine.StackTraceUtility:ExtractStackTrace ()
UnityEngine.DebugLogHandler:Internal_Log (UnityEngine.LogType,UnityEngine.LogOption,string,UnityEngine.Object)
UnityEngine.DebugLogHandler:LogFormat (UnityEngine.LogType,UnityEngine.Object,string,object[])
UnityEngine.Logger:Log (UnityEngine.LogType,object)
UnityEngine.Debug:Log (object)
FruitDefense.Editor.ComposableBattleSkillsSmoke:ValidateRepeatedBasicAttacks () (at Assets/Editor/Tests/ComposableBattleSkillsSmoke.cs:147)
FruitDefense.Editor.ComposableBattleSkillsSmoke:Run () (at Assets/Editor/Tests/ComposableBattleSkillsSmoke.cs:19)
FruitDefense.Editor.P0ValidationSuite:Run () (at Assets/Editor/Tests/P0ValidationSuite.cs:16)

(Filename: Assets/Editor/Tests/ComposableBattleSkillsSmoke.cs Line: 147)

FRUIT_DEFENSE_REPEATED_ATTACK_OK plant=plant.banana actions=8 damage=90
UnityEngine.Debug:ExtractStackTraceNoAlloc (byte*,int,string)
UnityEngine.StackTraceUtility:ExtractStackTrace ()
UnityEngine.DebugLogHandler:Internal_Log (UnityEngine.LogType,UnityEngine.LogOption,string,UnityEngine.Object)
UnityEngine.DebugLogHandler:LogFormat (UnityEngine.LogType,UnityEngine.Object,string,object[])
UnityEngine.Logger:Log (UnityEngine.LogType,object)
UnityEngine.Debug:Log (object)
FruitDefense.Editor.ComposableBattleSkillsSmoke:ValidateRepeatedBasicAttacks () (at Assets/Editor/Tests/ComposableBattleSkillsSmoke.cs:147)
FruitDefense.Editor.ComposableBattleSkillsSmoke:Run () (at Assets/Editor/Tests/ComposableBattleSkillsSmoke.cs:19)
FruitDefense.Editor.P0ValidationSuite:Run () (at Assets/Editor/Tests/P0ValidationSuite.cs:16)

(Filename: Assets/Editor/Tests/ComposableBattleSkillsSmoke.cs Line: 147)

FRUIT_DEFENSE_REPEATED_ATTACK_OK plant=plant.durian actions=8 damage=96
UnityEngine.Debug:ExtractStackTraceNoAlloc (byte*,int,string)
UnityEngine.StackTraceUtility:ExtractStackTrace ()
UnityEngine.DebugLogHandler:Internal_Log (UnityEngine.LogType,UnityEngine.LogOption,string,UnityEngine.Object)
UnityEngine.DebugLogHandler:LogFormat (UnityEngine.LogType,UnityEngine.Object,string,object[])
UnityEngine.Logger:Log (UnityEngine.LogType,object)
UnityEngine.Debug:Log (object)
FruitDefense.Editor.ComposableBattleSkillsSmoke:ValidateRepeatedBasicAttacks () (at Assets/Editor/Tests/ComposableBattleSkillsSmoke.cs:147)
FruitDefense.Editor.ComposableBattleSkillsSmoke:Run () (at Assets/Editor/Tests/ComposableBattleSkillsSmoke.cs:19)
FruitDefense.Editor.P0ValidationSuite:Run () (at Assets/Editor/Tests/P0ValidationSuite.cs:16)

(Filename: Assets/Editor/Tests/ComposableBattleSkillsSmoke.cs Line: 147)

FRUIT_DEFENSE_COMPOSABLE_SKILLS_OK
UnityEngine.Debug:ExtractStackTraceNoAlloc (byte*,int,string)
UnityEngine.StackTraceUtility:ExtractStackTrace ()
UnityEngine.DebugLogHandler:Internal_Log (UnityEngine.LogType,UnityEngine.LogOption,string,UnityEngine.Object)
UnityEngine.DebugLogHandler:LogFormat (UnityEngine.LogType,UnityEngine.Object,string,object[])
UnityEngine.Logger:Log (UnityEngine.LogType,object)
UnityEngine.Debug:Log (object)
FruitDefense.Editor.ComposableBattleSkillsSmoke:Run () (at Assets/Editor/Tests/ComposableBattleSkillsSmoke.cs:23)
FruitDefense.Editor.P0ValidationSuite:Run () (at Assets/Editor/Tests/P0ValidationSuite.cs:16)

(Filename: Assets/Editor/Tests/ComposableBattleSkillsSmoke.cs Line: 23)

FRUIT_DEFENSE_BATTLE_SNAPSHOT_V1_OK
UnityEngine.Debug:ExtractStackTraceNoAlloc (byte*,int,string)
UnityEngine.StackTraceUtility:ExtractStackTrace ()
UnityEngine.DebugLogHandler:Internal_Log (UnityEngine.LogType,UnityEngine.LogOption,string,UnityEngine.Object)
UnityEngine.DebugLogHandler:LogFormat (UnityEngine.LogType,UnityEngine.Object,string,object[])
UnityEngine.Logger:Log (UnityEngine.LogType,object)
UnityEngine.Debug:Log (object)
FruitDefense.Editor.BattleSnapshotV1Smoke:Run () (at Assets/Editor/Tests/BattleSnapshotV1Smoke.cs:22)
FruitDefense.Editor.P0ValidationSuite:Run () (at Assets/Editor/Tests/P0ValidationSuite.cs:17)

(Filename: Assets/Editor/Tests/BattleSnapshotV1Smoke.cs Line: 22)

Asset Pipeline Refresh (id=b70795fd36beae244ae744c9a743e242): Total: 0.048 seconds - Initiated by RefreshV2(NoUpdateAssetOptions)
Square contour topology guide generated: Assets/LayeredTerrain/GrassSoil/Square/Topology/SquareContourTopologyGuide.png
UnityEngine.Debug:ExtractStackTraceNoAlloc (byte*,int,string)
UnityEngine.StackTraceUtility:ExtractStackTrace ()
UnityEngine.DebugLogHandler:Internal_Log (UnityEngine.LogType,UnityEngine.LogOption,string,UnityEngine.Object)
UnityEngine.DebugLogHandler:LogFormat (UnityEngine.LogType,UnityEngine.Object,string,object[])
UnityEngine.Logger:Log (UnityEngine.LogType,object)
UnityEngine.Debug:Log (object)
FruitDefense.Editor.SquareTerrainArtGenerator:GenerateTopologyGuide () (at Assets/Editor/Tools/SquareTerrainArtGenerator.cs:42)
FruitDefense.Editor.SquareTerrainArtGenerator:GenerateAvailableSquareAssets () (at Assets/Editor/Tools/SquareTerrainArtGenerator.cs:133)
FruitDefense.Editor.SquareTerrainArtSmoke:Run () (at Assets/Editor/Tests/SquareTerrainArtSmoke.cs:18)
FruitDefense.Editor.ProjectSetup:SmokeValidate () (at Assets/Editor/Tools/ProjectSetup.cs:236)
FruitDefense.Editor.P0ValidationSuite:Run () (at Assets/Editor/Tests/P0ValidationSuite.cs:18)

(Filename: Assets/Editor/Tools/SquareTerrainArtGenerator.cs Line: 42)

Asset Pipeline Refresh (id=1c234b9863ab10b47bae417b864b5aae): Total: 0.026 seconds - Initiated by RefreshV2(NoUpdateAssetOptions)
Asset Pipeline Refresh (id=eb1de6f7ab275bc40aa505dc70d80d43): Total: 0.025 seconds - Initiated by RefreshV2(NoUpdateAssetOptions)
Asset Pipeline Refresh (id=48c8a13063f4d5a49b8552c6ef34042e): Total: 0.030 seconds - Initiated by RefreshV2(NoUpdateAssetOptions)
Start importing Assets/LayeredTerrain/GrassSoil/Square/LandformStoneRoad/Mask-07.asset using Guid(b02fd980a2abc6b41974d859a777fb1d) (NativeFormatImporter) -> (artifact id: '09027e8d963d8fd928277d96f7735e27') in 0.0051082 seconds
Start importing Assets/LayeredTerrain/GrassSoil/Square/LandformGrass/Mask-05.asset using Guid(d04330ef8020b8a41b9e4589cb202101) (NativeFormatImporter) -> (artifact id: '4e5972f1b6c2ded32e8e48532b67135b') in 0.0014032 seconds
Start importing Assets/LayeredTerrain/GrassSoil/Square/LandformGrass/Mask-12.asset using Guid(d00b41817e9bc0741ad148ea3e94519a) (NativeFormatImporter) -> (artifact id: '9d0a3a48e4156b96b3c76ca702bf7bff') in 0.0012984 seconds
Start importing Assets/LayeredTerrain/GrassSoil/Square/LandformStoneRoad/Mask-13.asset using Guid(116a8c3b6ac195a4ebb8e3c7a9989ddc) (NativeFormatImporter) -> (artifact id: '871e193410b26687800828802aef7920') in 0.0013383 seconds
Start importing Assets/LayeredTerrain/GrassSoil/Square/LandformGrass/Mask-02.asset using Guid(315648227c153724090125e98f4cba15) (NativeFormatImporter) -> (artifact id: 'd08b86b0e86b5ac26e9107766d5008d1') in 0.0012621 seconds
Start importing Assets/LayeredTerrain/GrassSoil/Square/LandformStoneRoad/Mask-11.asset using Guid(519050a0a5a9f5847b095ee0b83437a0) (NativeFormatImporter) -> (artifact id: 'ae100c2ae270a66d81134616e885003c') in 0.001247 seconds
Start importing Assets/LayeredTerrain/GrassSoil/Square/LandformGrass/Mask-14.asset using Guid(81815b76ad7c06c47bf1bc7b65624ffd) (NativeFormatImporter) -> (artifact id: 'e00c4c5ecbd51682bc3c65bf8d862a23') in 0.0012185 seconds
Start importing Assets/LayeredTerrain/GrassSoil/Square/LandformSoil/Mask-03.asset using Guid(b1c5384b4651e4a4a82d483cc64aae79) (NativeFormatImporter) -> (artifact id: '45c12fb41048b850cd7cb0f3e535436a') in 0.0011954 seconds
Start importing Assets/LayeredTerrain/GrassSoil/Square/LandformGrass/Mask-15.asset using Guid(027119ab30d86a546a5d935d6e9ec608) (NativeFormatImporter) -> (artifact id: '7e821f282e19a2a4d5825e548df9693a') in 0.0011999 seconds
Start importing Assets/LayeredTerrain/GrassSoil/Square/LandformGrass/Mask-00.asset using Guid(13f70a46e499e0146bffd256e7c14483) (NativeFormatImporter) -> (artifact id: '2a9713a59b72231d0d554c49e274b85a') in 0.0013292 seconds
Start importing Assets/LayeredTerrain/GrassSoil/Square/LandformSoil/Mask-00.asset using Guid(8303f71f8469fd7459473d47391ab0b3) (NativeFormatImporter) -> (artifact id: '1442dfc314550b70b27dde3dada60cc7') in 0.0013237 seconds
Start importing Assets/LayeredTerrain/GrassSoil/Square/LandformSoil/Mask-01.asset using Guid(d33072ada9e1bb749adcc5938680d51a) (NativeFormatImporter) -> (artifact id: '7a8f58bad24b64f744799cb0b0b9228f') in 0.0012051 seconds
Start importing Assets/LayeredTerrain/GrassSoil/Square/LandformStoneRoad/Mask-09.asset using Guid(d30b19c2c64338a4fa9211b305cf65b1) (NativeFormatImporter) -> (artifact id: '59211e6be04f7e5724ec1a1b38221d71') in 0.0011841 seconds
Start importing Assets/LayeredTerrain/GrassSoil/Square/LandformSoil/Mask-13.asset using Guid(548b829df136ae948902efdc96ee70bb) (NativeFormatImporter) -> (artifact id: 'd770f2a72e8453a69c8ff146ee623ca5') in 0.0012567 seconds
Start importing Assets/LayeredTerrain/GrassSoil/Square/LandformStoneRoad/Mask-00.asset using Guid(74d1d4b679c3aec43af1bd30b6c4aea1) (NativeFormatImporter) -> (artifact id: '4c60ffb732228db343f89511449fce3b') in 0.0012804 seconds
Start importing Assets/LayeredTerrain/GrassSoil/Square/LandformGrass/Mask-01.asset using Guid(35cbc7e6bd8f2f84d9c7965779c9b2eb) (NativeFormatImporter) -> (artifact id: '7cd6fe12f157cd0a0b2a210183323c21') in 0.0012183 seconds
Start importing Assets/LayeredTerrain/GrassSoil/Square/LandformGrass/Mask-10.asset using Guid(5728d44dd2630ff40849746ce5d849d7) (NativeFormatImporter) -> (artifact id: '57d0e56c944d10ea9c02adfa74800a28') in 0.0012009 seconds
Start importing Assets/LayeredTerrain/GrassSoil/Square/LandformSoil/Mask-09.asset using Guid(67347eef4df492941b15d16b687e2cb7) (NativeFormatImporter) -> (artifact id: '0b3fee03fb07b35a5fbe9374ec056b4b') in 0.0011911 seconds
Start importing Assets/LayeredTerrain/GrassSoil/Square/LandformGrass/Mask-04.asset using Guid(87737865bdb87ec43864ad3d997d7626) (NativeFormatImporter) -> (artifact id: '83b9f8cc1d095defdc009bd1839b690f') in 0.0012162 seconds
Start importing Assets/LayeredTerrain/GrassSoil/Square/LandformSoil/Mask-02.asset using Guid(87e33da937f65d34fb027eebfd8c1343) (NativeFormatImporter) -> (artifact id: '031756e6cc2b3a5ef2ddcaf8740ee21f') in 0.0011964 seconds
Start importing Assets/LayeredTerrain/GrassSoil/Square/LandformGrass/Mask-08.asset using Guid(b781c12832a4cd84392ab7d35a405505) (NativeFormatImporter) -> (artifact id: 'c734ab3f59a9e28ca19de35691f15a63') in 0.0012013 seconds
Start importing Assets/LayeredTerrain/GrassSoil/Square/LandformStoneRoad/Mask-04.asset using Guid(f70ec30b59552144a97e4da8fea5520c) (NativeFormatImporter) -> (artifact id: '67ab708a109917ddbe110252083911c2') in 0.0012273 seconds
Start importing Assets/LayeredTerrain/GrassSoil/Square/LandformStoneRoad/Mask-05.asset using Guid(08c7afe6a1108a84b9f8ac99c7fa610e) (NativeFormatImporter) -> (artifact id: 'a8026e8f0c10f4b634f0c477d7f79ba5') in 0.0011929 seconds
Start importing Assets/LayeredTerrain/GrassSoil/Square/LandformStoneRoad/Mask-14.asset using Guid(39202684bd500f14184c5131ac46a6dd) (NativeFormatImporter) -> (artifact id: 'b43c0e8abc2951d26427ba0ee51e7ebb') in 0.0011948 seconds
Start importing Assets/LayeredTerrain/GrassSoil/Square/LandformSoil/SoilSquareLandformTileSet.asset using Guid(897d878e9497c6e4d935ea42058d6001) (NativeFormatImporter) -> (artifact id: '17e85a477bcdc5aaf3c7a2ca1f1f5d8e') in 0.0013529 seconds
Start importing Assets/LayeredTerrain/GrassSoil/Square/LandformStoneRoad/StoneRoadSquareLandformTileSet.asset using Guid(0a6730ef0e26d5b49b9ae3129ee21909) (NativeFormatImporter) -> (artifact id: '48456893df0f467254b3256235820444') in 0.0012757 seconds
Start importing Assets/LayeredTerrain/GrassSoil/Square/LandformStoneRoad/Mask-10.asset using Guid(caa578d738fb0414e820ab1e3541b03f) (NativeFormatImporter) -> (artifact id: 'be4dcdbbc4fe728152242b70b5e9bb78') in 0.0012088 seconds
Start importing Assets/LayeredTerrain/GrassSoil/Square/LandformSoil/Mask-07.asset using Guid(2ce20b5da48d1ae43956c41d22ecd92e) (NativeFormatImporter) -> (artifact id: '7c41af1778c9689fc8cf1f4e4fcccd2c') in 0.0012168 seconds
Start importing Assets/LayeredTerrain/GrassSoil/Square/LandformSoil/Mask-11.asset using Guid(2c6bd62321830da498ea7724ae626857) (NativeFormatImporter) -> (artifact id: 'b1033fab3dddb68d369a244413a84ab3') in 0.0012018 seconds
Start importing Assets/LayeredTerrain/GrassSoil/Square/LandformStoneRoad/Mask-15.asset using Guid(5cbc1f25709453b4a90de7054d0ce9b7) (NativeFormatImporter) -> (artifact id: 'ca75aea14a03badd729ba37b57fc7710') in 0.0012166 seconds
Start importing Assets/LayeredTerrain/GrassSoil/Square/LandformGrass/Mask-09.asset using Guid(8c5fb632240287d48a17621f58d3a651) (NativeFormatImporter) -> (artifact id: '77c6cf5113d6c96189dbf6818d84fd5f') in 0.0012386 seconds
Start importing Assets/LayeredTerrain/GrassSoil/Square/LandformSoil/Mask-12.asset using Guid(bc85f424c35a6c845b2186949136a828) (NativeFormatImporter) -> (artifact id: '08c355397adee775c3834a7a7a0bf465') in 0.0012583 seconds
Start importing Assets/LayeredTerrain/GrassSoil/Square/LandformSoil/Mask-10.asset using Guid(0dfe2c0efe3330c4d9570f0061d459b9) (NativeFormatImporter) -> (artifact id: '88decb540b9e036a0400c2d34dbc707c') in 0.0012867 seconds
Start importing Assets/LayeredTerrain/GrassSoil/Square/LandformGrass/Mask-03.asset using Guid(1db706b3e9547554e9081663c6442ba0) (NativeFormatImporter) -> (artifact id: 'fdfbe87044d88284093ccc42787947e0') in 0.001204 seconds
Start importing Assets/LayeredTerrain/GrassSoil/Square/LandformStoneRoad/Mask-02.asset using Guid(1d9b71389b4697e4586703b25f185da7) (NativeFormatImporter) -> (artifact id: 'dbb50fa57ab28462356bbd1a8ebab835') in 0.0013129 seconds
Start importing Assets/LayeredTerrain/GrassSoil/Square/LandformSoil/Mask-05.asset using Guid(2de42da45e48f974e9a74a6970e6e643) (NativeFormatImporter) -> (artifact id: '6e739e360d22b33fd378e6acefe9d800') in 0.0012361 seconds
Start importing Assets/LayeredTerrain/GrassSoil/Square/LandformGrass/Mask-11.asset using Guid(5d253dc28016ae64db4653758ac0af88) (NativeFormatImporter) -> (artifact id: '4dbb166b77c04b10385ee89749d834d3') in 0.0012118 seconds
Start importing Assets/LayeredTerrain/GrassSoil/Square/LandformSoil/Mask-04.asset using Guid(5d4806f722710eb40b1cf937cc6498b6) (NativeFormatImporter) -> (artifact id: 'a825e4a02be2364dca6cd5d251c2a1af') in 0.0012056 seconds
Start importing Assets/LayeredTerrain/GrassSoil/Square/LandformStoneRoad/Mask-01.asset using Guid(add98a42caf91414387900c1b29b92c6) (NativeFormatImporter) -> (artifact id: 'a1a43dffdd1f7cdd6311169ade464c57') in 0.0012138 seconds
Start importing Assets/LayeredTerrain/GrassSoil/Square/LandformGrass/Mask-06.asset using Guid(cd0f4d7279da9f84caa8c319e7ab29f9) (NativeFormatImporter) -> (artifact id: '52937737c65259daea7bed84aa0a8a04') in 0.0012037 seconds
Start importing Assets/LayeredTerrain/GrassSoil/Square/LandformGrass/Mask-07.asset using Guid(4e65cf042fab2c1448282809779edb8a) (NativeFormatImporter) -> (artifact id: '8cc68977b954eb6d618706e748b65e8b') in 0.0012157 seconds
Start importing Assets/LayeredTerrain/GrassSoil/Square/LandformGrass/Mask-13.asset using Guid(7e2014d33d57f294f97dea5ed30b730c) (NativeFormatImporter) -> (artifact id: '93ec9328dc52bc61493ece4ef09f812b') in 0.0011873 seconds
Start importing Assets/LayeredTerrain/GrassSoil/Square/LandformSoil/Mask-14.asset using Guid(ae949dd8d7965fa41b1d3481d8bf8e30) (NativeFormatImporter) -> (artifact id: '13d3e8fadf25938fb6084c9eacdc285d') in 0.001187 seconds
Start importing Assets/LayeredTerrain/GrassSoil/Square/LandformStoneRoad/Mask-08.asset using Guid(aecab5b9f537b5349adcff0900809717) (NativeFormatImporter) -> (artifact id: '6723e7d6eab214144e2a993643460ee5') in 0.0011801 seconds
Start importing Assets/LayeredTerrain/GrassSoil/Square/LandformSoil/Mask-15.asset using Guid(ce833c44287e15a44945e738038eb1c3) (NativeFormatImporter) -> (artifact id: '7c1ac2f82e318d432012af6c6509f07a') in 0.0011963 seconds
Start importing Assets/LayeredTerrain/GrassSoil/Square/LandformSoil/Mask-08.asset using Guid(ee6f4f16a4085914dbcb15919c60654c) (NativeFormatImporter) -> (artifact id: '2a403aad88716c1a9d6ee321599dc86f') in 0.0012755 seconds
Start importing Assets/LayeredTerrain/GrassSoil/Square/LandformStoneRoad/Mask-12.asset using Guid(2f49f6b2d05a8804097e79c69e515dc3) (NativeFormatImporter) -> (artifact id: '3512849ba8746b3929337e37047f52c2') in 0.0011844 seconds
Start importing Assets/LayeredTerrain/GrassSoil/Square/LandformSoil/Mask-06.asset using Guid(3ff6ff5cd14cc7441a6a84cdde5ff745) (NativeFormatImporter) -> (artifact id: 'c47a955bf9dc32d5bb761f8069ffd421') in 0.0012027 seconds
Start importing Assets/LayeredTerrain/GrassSoil/Square/LandformStoneRoad/Mask-06.asset using Guid(df46002ea561b404889b370e84a77f83) (NativeFormatImporter) -> (artifact id: 'c73fed30de3e790341265e9a3306482c') in 0.0011889 seconds
Start importing Assets/LayeredTerrain/GrassSoil/Square/LandformStoneRoad/Mask-03.asset using Guid(df1e863caf3bc5441a0d4c507b76c311) (NativeFormatImporter) -> (artifact id: 'a9a2fb8e8c6cb1c0cdbe880f9de699ac') in 0.001234 seconds
Start importing Assets/LayeredTerrain/GrassSoil/Square/LandformGrass/GrassSquareLandformTileSet.asset using Guid(ef399dc10411dd84ab6a276f72e506ea) (NativeFormatImporter) -> (artifact id: '3f3f806b6373e60abb62a5adaf65a9f7') in 0.0012823 seconds
Refreshing native plugins compatible for Editor in 0.21 ms, found 0 plugins.
Preloading 0 native plugins for Editor in 0.00 ms.
Asset Pipeline Refresh (id=097d8563caa29044096848269fd7575a): Total: 0.127 seconds - Initiated by StopAssetImportingV2(NoUpdateAssetOptions)
Native 256 px square grass, soil and stone-road landforms generated.
UnityEngine.Debug:ExtractStackTraceNoAlloc (byte*,int,string)
UnityEngine.StackTraceUtility:ExtractStackTrace ()
UnityEngine.DebugLogHandler:Internal_Log (UnityEngine.LogType,UnityEngine.LogOption,string,UnityEngine.Object)
UnityEngine.DebugLogHandler:LogFormat (UnityEngine.LogType,UnityEngine.Object,string,object[])
UnityEngine.Logger:Log (UnityEngine.LogType,object)
UnityEngine.Debug:Log (object)
FruitDefense.Editor.SquareTerrainArtGenerator:GenerateDeterministicLandforms () (at Assets/Editor/Tools/SquareTerrainArtGenerator.cs:87)
FruitDefense.Editor.SquareTerrainArtGenerator:GenerateAvailableSquareAssets () (at Assets/Editor/Tools/SquareTerrainArtGenerator.cs:134)
FruitDefense.Editor.SquareTerrainArtSmoke:Run () (at Assets/Editor/Tests/SquareTerrainArtSmoke.cs:18)
FruitDefense.Editor.ProjectSetup:SmokeValidate () (at Assets/Editor/Tools/ProjectSetup.cs:236)
FruitDefense.Editor.P0ValidationSuite:Run () (at Assets/Editor/Tests/P0ValidationSuite.cs:18)

(Filename: Assets/Editor/Tools/SquareTerrainArtGenerator.cs Line: 87)

Asset Pipeline Refresh (id=3f207c9b2db4df747a8b200c605a2142): Total: 0.039 seconds - Initiated by RefreshV2(NoUpdateAssetOptions)
Start importing Assets/LayeredTerrain/GrassSoil/Square/EdgeGrassOnSoilPainted/Mask-15.asset using Guid(a17969b175ec3354c8fe533c48257f94) (NativeFormatImporter) -> (artifact id: '99f211a0ff210a0c86467a3e625714fe') in 0.0016814 seconds
Start importing Assets/LayeredTerrain/GrassSoil/Square/EdgeGrassOnSoilPainted/Mask-04.asset using Guid(e2449efc0c1116648a5b9cbfe33d8e81) (NativeFormatImporter) -> (artifact id: '18145ed9e628d5f8340c44824db6c8be') in 0.0013973 seconds
Start importing Assets/LayeredTerrain/GrassSoil/Square/EdgeGrassOnSoilPainted/Mask-14.asset using Guid(4328f421ed4ea34439d6e4e50990e24a) (NativeFormatImporter) -> (artifact id: '6bbe4451c7dca2d4de869403308041cf') in 0.0013703 seconds
Start importing Assets/LayeredTerrain/GrassSoil/Square/EdgeGrassOnSoilPainted/Mask-11.asset using Guid(04aab987cd98a4440b66bb727667d8db) (NativeFormatImporter) -> (artifact id: 'eb6fb6ecd423e575e0946462aa243d66') in 0.0013037 seconds
Start importing Assets/LayeredTerrain/GrassSoil/Square/EdgeGrassOnSoilPainted/Mask-13.asset using Guid(75f61e4d96323eb4e906226b1dd8a16a) (NativeFormatImporter) -> (artifact id: '7952dc870547efbd422b012b46d2b17a') in 0.0012505 seconds
Start importing Assets/LayeredTerrain/GrassSoil/Square/EdgeGrassOnSoilPainted/Mask-08.asset using Guid(062a9acbc752b0342becc47471c8dad4) (NativeFormatImporter) -> (artifact id: 'ee86fce3dc4587f247fc6e398cfff9cd') in 0.0013933 seconds
Start importing Assets/LayeredTerrain/GrassSoil/Square/EdgeGrassOnSoilPainted/Mask-12.asset using Guid(17347530ba5655e4cb59ff249a976ea1) (NativeFormatImporter) -> (artifact id: '27e6bc4eabc1e74cb23636389ffd9263') in 0.0014138 seconds
Start importing Assets/LayeredTerrain/GrassSoil/Square/EdgeGrassOnSoilPainted/Mask-00.asset using Guid(676ca911d7a7bbf408a30856d7cc6990) (NativeFormatImporter) -> (artifact id: '557d3d98682769dd5e96ded56f4299cf') in 0.0013031 seconds
Start importing Assets/LayeredTerrain/GrassSoil/Square/EdgeGrassOnSoilPainted/Mask-10.asset using Guid(e75c1031ec799e0448fd29d3082006b4) (NativeFormatImporter) -> (artifact id: 'c8e41218e8984dd46c91b31d7703de4f') in 0.0012373 seconds
Start importing Assets/LayeredTerrain/GrassSoil/Square/EdgeGrassOnSoilPainted/Mask-09.asset using Guid(a8a7730f3a6dd484198f1b19fed8a24f) (NativeFormatImporter) -> (artifact id: '5597baddb442bf8a928e37d39723d50b') in 0.0012174 seconds
Start importing Assets/LayeredTerrain/GrassSoil/Square/EdgeGrassOnSoilPainted/Mask-07.asset using Guid(f8b2f90201834fa478634d3f30f6af16) (NativeFormatImporter) -> (artifact id: 'a306cb5e617a8648a67a81dc94516e9e') in 0.0011938 seconds
Start importing Assets/LayeredTerrain/GrassSoil/Square/EdgeGrassOnSoilPainted/Mask-06.asset using Guid(19882d23e028ac94e8abd02f91624ba8) (NativeFormatImporter) -> (artifact id: '54900e8224e5828f7c6a4f69fec6db72') in 0.0012317 seconds
Start importing Assets/LayeredTerrain/GrassSoil/Square/EdgeGrassOnSoilPainted/Mask-01.asset using Guid(b94d4b2cd03a1b04b83a81974d966227) (NativeFormatImporter) -> (artifact id: '7caf427609fab688c51f9caa2ce6a79f') in 0.0012352 seconds
Start importing Assets/LayeredTerrain/GrassSoil/Square/EdgeGrassOnSoilPainted/Mask-03.asset using Guid(1a4a3cc4af69bbc4aaabde52016c4f95) (NativeFormatImporter) -> (artifact id: 'af45f85c0f45a239757e36be7c184f6c') in 0.0012394 seconds
Start importing Assets/LayeredTerrain/GrassSoil/Square/EdgeGrassOnSoilPainted/Mask-05.asset using Guid(bacdc75efb95eda42aa6803845d196c4) (NativeFormatImporter) -> (artifact id: '6d469253745d86e884993bfadfef01d0') in 0.0012206 seconds
Start importing Assets/LayeredTerrain/GrassSoil/Square/EdgeGrassOnSoilPainted/GrassOnSoilSquarePaintedTileSet.asset using Guid(1b984e39e61f8734d8c54b032e84c3a3) (NativeFormatImporter) -> (artifact id: '612bda68ec02f7c1be620eb4ba627873') in 0.0014565 seconds
Start importing Assets/LayeredTerrain/GrassSoil/Square/EdgeGrassOnSoilPainted/Mask-02.asset using Guid(8d6a7e51f29762f4796204a57546e522) (NativeFormatImporter) -> (artifact id: '504e9a251c8e415c78cba5f93910b005') in 0.0012397 seconds
Refreshing native plugins compatible for Editor in 0.17 ms, found 0 plugins.
Preloading 0 native plugins for Editor in 0.00 ms.
Asset Pipeline Refresh (id=1135c3b74d620af499259a252ca6e540): Total: 0.039 seconds - Initiated by StopAssetImportingV2(NoUpdateAssetOptions)
Accepted ribbon lip profile packaged as a top-down grass feather with base-grass RGB, guide-owned topology and no soil wall or outline.
UnityEngine.Debug:ExtractStackTraceNoAlloc (byte*,int,string)
UnityEngine.StackTraceUtility:ExtractStackTrace ()
UnityEngine.DebugLogHandler:Internal_Log (UnityEngine.LogType,UnityEngine.LogOption,string,UnityEngine.Object)
UnityEngine.DebugLogHandler:LogFormat (UnityEngine.LogType,UnityEngine.Object,string,object[])
UnityEngine.Logger:Log (UnityEngine.LogType,object)
UnityEngine.Debug:Log (object)
FruitDefense.Editor.SquareTerrainArtGenerator:PackageAcceptedGrassOnSoilCandidate () (at Assets/Editor/Tools/SquareTerrainArtGenerator.cs:126)
FruitDefense.Editor.SquareTerrainArtGenerator:GenerateAvailableSquareAssets () (at Assets/Editor/Tools/SquareTerrainArtGenerator.cs:138)
FruitDefense.Editor.SquareTerrainArtSmoke:Run () (at Assets/Editor/Tests/SquareTerrainArtSmoke.cs:18)
FruitDefense.Editor.ProjectSetup:SmokeValidate () (at Assets/Editor/Tools/ProjectSetup.cs:236)
FruitDefense.Editor.P0ValidationSuite:Run () (at Assets/Editor/Tests/P0ValidationSuite.cs:18)

(Filename: Assets/Editor/Tools/SquareTerrainArtGenerator.cs Line: 126)

Square, organic, coexistence and real Battle-scale boards rendered to Builds/Evidence/terrain-contours.
UnityEngine.Debug:ExtractStackTraceNoAlloc (byte*,int,string)
UnityEngine.StackTraceUtility:ExtractStackTrace ()
UnityEngine.DebugLogHandler:Internal_Log (UnityEngine.LogType,UnityEngine.LogOption,string,UnityEngine.Object)
UnityEngine.DebugLogHandler:LogFormat (UnityEngine.LogType,UnityEngine.Object,string,object[])
UnityEngine.Logger:Log (UnityEngine.LogType,object)
UnityEngine.Debug:Log (object)
FruitDefense.Editor.SquareTerrainEvidence:RenderReviewEvidence () (at Assets/Editor/Tests/SquareTerrainEvidence.cs:52)
FruitDefense.Editor.SquareTerrainArtSmoke:Run () (at Assets/Editor/Tests/SquareTerrainArtSmoke.cs:20)
FruitDefense.Editor.ProjectSetup:SmokeValidate () (at Assets/Editor/Tools/ProjectSetup.cs:236)
FruitDefense.Editor.P0ValidationSuite:Run () (at Assets/Editor/Tests/P0ValidationSuite.cs:18)

(Filename: Assets/Editor/Tests/SquareTerrainEvidence.cs Line: 52)

Square terrain art smoke passed: Builds/Evidence/terrain-contours/square-contour-smoke.log
UnityEngine.Debug:ExtractStackTraceNoAlloc (byte*,int,string)
UnityEngine.StackTraceUtility:ExtractStackTrace ()
UnityEngine.DebugLogHandler:Internal_Log (UnityEngine.LogType,UnityEngine.LogOption,string,UnityEngine.Object)
UnityEngine.DebugLogHandler:LogFormat (UnityEngine.LogType,UnityEngine.Object,string,object[])
UnityEngine.Logger:Log (UnityEngine.LogType,object)
UnityEngine.Debug:Log (object)
FruitDefense.Editor.SquareTerrainArtSmoke:Run () (at Assets/Editor/Tests/SquareTerrainArtSmoke.cs:86)
FruitDefense.Editor.ProjectSetup:SmokeValidate () (at Assets/Editor/Tools/ProjectSetup.cs:236)
FruitDefense.Editor.P0ValidationSuite:Run () (at Assets/Editor/Tests/P0ValidationSuite.cs:18)

(Filename: Assets/Editor/Tests/SquareTerrainArtSmoke.cs Line: 86)

FRUIT_DEFENSE_LAYERED_MAP_OK fixtures=3
UnityEngine.Debug:ExtractStackTraceNoAlloc (byte*,int,string)
UnityEngine.StackTraceUtility:ExtractStackTrace ()
UnityEngine.DebugLogHandler:Internal_Log (UnityEngine.LogType,UnityEngine.LogOption,string,UnityEngine.Object)
UnityEngine.DebugLogHandler:LogFormat (UnityEngine.LogType,UnityEngine.Object,string,object[])
UnityEngine.Logger:Log (UnityEngine.LogType,object)
UnityEngine.Debug:Log (object)
FruitDefense.Editor.BattlefieldLayeredMapSmoke:Validate () (at Assets/Editor/Tests/BattlefieldLayeredMapSmoke.cs:56)
FruitDefense.Editor.ProjectSetup:SmokeValidate () (at Assets/Editor/Tools/ProjectSetup.cs:242)
FruitDefense.Editor.P0ValidationSuite:Run () (at Assets/Editor/Tests/P0ValidationSuite.cs:18)

(Filename: Assets/Editor/Tests/BattlefieldLayeredMapSmoke.cs Line: 56)

Start importing Assets/Editor/Tests/Fixtures/CanonicalBattlefieldMap/RoundTripSmoke.asset using Guid(fd1864aeb5536f24da3ce7a771137ea3) (NativeFormatImporter) -> (artifact id: 'e0e796c1ecd7372cb460079f430a69b1') in 0.0019 seconds
Refreshing native plugins compatible for Editor in 0.16 ms, found 0 plugins.
Preloading 0 native plugins for Editor in 0.00 ms.
Asset Pipeline Refresh (id=b4a583d34c39a7a43a448137f4d8339f): Total: 0.011 seconds - Initiated by StopAssetImportingV2(NoUpdateAssetOptions)
Start importing Assets/Editor/Tests/Fixtures/CanonicalBattlefieldMap/RoundTripSmoke.asset using Guid(fd1864aeb5536f24da3ce7a771137ea3) (NativeFormatImporter) -> (artifact id: 'e0e796c1ecd7372cb460079f430a69b1') in 0.0016296 seconds
Refreshing native plugins compatible for Editor in 0.15 ms, found 0 plugins.
Preloading 0 native plugins for Editor in 0.00 ms.
Asset Pipeline Refresh (id=6e4d847bdd2a09742bcaa8074a942b8c): Total: 0.011 seconds - Initiated by StopAssetImportingV2(NoUpdateAssetOptions)
CANONICAL_BATTLEFIELD_MAP_AUTHORING_SMOKE_OK
UnityEngine.Debug:ExtractStackTraceNoAlloc (byte*,int,string)
UnityEngine.StackTraceUtility:ExtractStackTrace ()
UnityEngine.DebugLogHandler:Internal_Log (UnityEngine.LogType,UnityEngine.LogOption,string,UnityEngine.Object)
UnityEngine.DebugLogHandler:LogFormat (UnityEngine.LogType,UnityEngine.Object,string,object[])
UnityEngine.Logger:Log (UnityEngine.LogType,object)
UnityEngine.Debug:Log (object)
FruitDefense.Editor.CanonicalBattlefieldMapAuthoringSmoke:Validate () (at Assets/Editor/Tests/CanonicalBattlefieldMapAuthoringSmoke.cs:26)
FruitDefense.Editor.ProjectSetup:SmokeValidate () (at Assets/Editor/Tools/ProjectSetup.cs:243)
FruitDefense.Editor.P0ValidationSuite:Run () (at Assets/Editor/Tests/P0ValidationSuite.cs:18)

(Filename: Assets/Editor/Tests/CanonicalBattlefieldMapAuthoringSmoke.cs Line: 26)

Start importing Assets/Editor/Tests/Fixtures/CanonicalBattlefieldMap/EditorOperationsSmoke.asset using Guid(b96a6df669e584148be8256f6384ecee) (NativeFormatImporter) -> (artifact id: 'faaf6af78a9fbd5da4ba0265965427d8') in 0.0014101 seconds
Refreshing native plugins compatible for Editor in 0.14 ms, found 0 plugins.
Preloading 0 native plugins for Editor in 0.00 ms.
Asset Pipeline Refresh (id=e215cd76950159b458076adab4977691): Total: 0.010 seconds - Initiated by StopAssetImportingV2(NoUpdateAssetOptions)
Start importing Assets/Editor/Tests/Fixtures/CanonicalBattlefieldMap/EditorOperationsSmoke.asset using Guid(b96a6df669e584148be8256f6384ecee) (NativeFormatImporter) -> (artifact id: 'faaf6af78a9fbd5da4ba0265965427d8') in 0.0013887 seconds
Refreshing native plugins compatible for Editor in 0.14 ms, found 0 plugins.
Preloading 0 native plugins for Editor in 0.00 ms.
Asset Pipeline Refresh (id=c0023e0f7b031d44faed374ac6d88bec): Total: 0.009 seconds - Initiated by StopAssetImportingV2(NoUpdateAssetOptions)
Start importing Assets/Editor/Tests/Fixtures/CanonicalBattlefieldMap/EditorOperationsSmoke.asset using Guid(b96a6df669e584148be8256f6384ecee) (NativeFormatImporter) -> (artifact id: 'faaf6af78a9fbd5da4ba0265965427d8') in 0.0012687 seconds
Refreshing native plugins compatible for Editor in 0.13 ms, found 0 plugins.
Preloading 0 native plugins for Editor in 0.00 ms.
Asset Pipeline Refresh (id=e2eeb482c5f05964f8591fc97129200f): Total: 0.009 seconds - Initiated by StopAssetImportingV2(NoUpdateAssetOptions)
Start importing Assets/Editor/Tests/Fixtures/CanonicalBattlefieldMap/EditorOperationsSmoke.asset using Guid(b96a6df669e584148be8256f6384ecee) (NativeFormatImporter) -> (artifact id: 'faaf6af78a9fbd5da4ba0265965427d8') in 0.0012636 seconds
Refreshing native plugins compatible for Editor in 0.13 ms, found 0 plugins.
Preloading 0 native plugins for Editor in 0.00 ms.
Asset Pipeline Refresh (id=f29f41e9c53337b459480987b3b7848e): Total: 0.008 seconds - Initiated by StopAssetImportingV2(NoUpdateAssetOptions)
Start importing Assets/Editor/Tests/Fixtures/CanonicalBattlefieldMap/EditorOperationsSmoke.asset using Guid(b96a6df669e584148be8256f6384ecee) (NativeFormatImporter) -> (artifact id: 'faaf6af78a9fbd5da4ba0265965427d8') in 0.0012225 seconds
Refreshing native plugins compatible for Editor in 0.13 ms, found 0 plugins.
Preloading 0 native plugins for Editor in 0.00 ms.
Asset Pipeline Refresh (id=a517956e6a4a86042bc08e0501e99b34): Total: 0.008 seconds - Initiated by StopAssetImportingV2(NoUpdateAssetOptions)
Start importing Assets/Editor/Tests/Fixtures/CanonicalBattlefieldMap/EditorOperationsSmoke.asset using Guid(b96a6df669e584148be8256f6384ecee) (NativeFormatImporter) -> (artifact id: 'b85afa424b8192abcf5b881ef91433ec') in 0.0013043 seconds
Refreshing native plugins compatible for Editor in 0.13 ms, found 0 plugins.
Preloading 0 native plugins for Editor in 0.00 ms.
Asset Pipeline Refresh (id=f24f09e13867fe640be702e102330b6b): Total: 0.008 seconds - Initiated by StopAssetImportingV2(NoUpdateAssetOptions)
Asset Pipeline Refresh (id=f3d1519f92750a244b07bf34ca434511): Total: 0.008 seconds - Initiated by RefreshV2(NoUpdateAssetOptions)
Asset Pipeline Refresh (id=063261ede60450e4e839c0c0d28be603): Total: 0.029 seconds - Initiated by RefreshV2(NoUpdateAssetOptions)
Square contour topology guide generated: Assets/LayeredTerrain/GrassSoil/Square/Topology/SquareContourTopologyGuide.png
UnityEngine.Debug:ExtractStackTraceNoAlloc (byte*,int,string)
UnityEngine.StackTraceUtility:ExtractStackTrace ()
UnityEngine.DebugLogHandler:Internal_Log (UnityEngine.LogType,UnityEngine.LogOption,string,UnityEngine.Object)
UnityEngine.DebugLogHandler:LogFormat (UnityEngine.LogType,UnityEngine.Object,string,object[])
UnityEngine.Logger:Log (UnityEngine.LogType,object)
UnityEngine.Debug:Log (object)
FruitDefense.Editor.SquareTerrainArtGenerator:GenerateTopologyGuide () (at Assets/Editor/Tools/SquareTerrainArtGenerator.cs:42)
FruitDefense.Editor.SquareTerrainArtGenerator:GenerateAvailableSquareAssets () (at Assets/Editor/Tools/SquareTerrainArtGenerator.cs:133)
FruitDefense.Editor.LayeredTerrainArtSetup:EnsurePaletteAssets () (at Assets/Editor/Tools/LayeredTerrainArtSetup.cs:62)
FruitDefense.Editor.CanonicalBattlefieldMapEditorSmoke:LoadCurrentReleasePalette () (at Assets/Editor/Tests/CanonicalBattlefieldMapEditorSmoke.cs:77)
FruitDefense.Editor.CanonicalBattlefieldMapEditorSmoke:ValidateContourPopupAvailability () (at Assets/Editor/Tests/CanonicalBattlefieldMapEditorSmoke.cs:31)
FruitDefense.Editor.CanonicalBattlefieldMapEditorSmoke:Validate () (at Assets/Editor/Tests/CanonicalBattlefieldMapEditorSmoke.cs:24)
FruitDefense.Editor.ProjectSetup:SmokeValidate () (at Assets/Editor/Tools/ProjectSetup.cs:244)
FruitDefense.Editor.P0ValidationSuite:Run () (at Assets/Editor/Tests/P0ValidationSuite.cs:18)

(Filename: Assets/Editor/Tools/SquareTerrainArtGenerator.cs Line: 42)

Asset Pipeline Refresh (id=c3ae6de07a0bf954cbd0c446a97e7212): Total: 0.034 seconds - Initiated by RefreshV2(NoUpdateAssetOptions)
Asset Pipeline Refresh (id=a8d2d146a25666842810a681dcb4d5db): Total: 0.026 seconds - Initiated by RefreshV2(NoUpdateAssetOptions)
Asset Pipeline Refresh (id=3669050b27cc4414ea329135e673d328): Total: 0.039 seconds - Initiated by RefreshV2(NoUpdateAssetOptions)
Start importing Assets/LayeredTerrain/GrassSoil/Square/LandformStoneRoad/Mask-07.asset using Guid(b02fd980a2abc6b41974d859a777fb1d) (NativeFormatImporter) -> (artifact id: '09027e8d963d8fd928277d96f7735e27') in 0.0017245 seconds
Start importing Assets/LayeredTerrain/GrassSoil/Square/LandformGrass/Mask-05.asset using Guid(d04330ef8020b8a41b9e4589cb202101) (NativeFormatImporter) -> (artifact id: '4e5972f1b6c2ded32e8e48532b67135b') in 0.0013237 seconds
Start importing Assets/LayeredTerrain/GrassSoil/Square/LandformGrass/Mask-12.asset using Guid(d00b41817e9bc0741ad148ea3e94519a) (NativeFormatImporter) -> (artifact id: '9d0a3a48e4156b96b3c76ca702bf7bff') in 0.0012401 seconds
Start importing Assets/LayeredTerrain/GrassSoil/Square/LandformStoneRoad/Mask-13.asset using Guid(116a8c3b6ac195a4ebb8e3c7a9989ddc) (NativeFormatImporter) -> (artifact id: '871e193410b26687800828802aef7920') in 0.0011902 seconds
Start importing Assets/LayeredTerrain/GrassSoil/Square/LandformGrass/Mask-02.asset using Guid(315648227c153724090125e98f4cba15) (NativeFormatImporter) -> (artifact id: 'd08b86b0e86b5ac26e9107766d5008d1') in 0.0012439 seconds
Start importing Assets/LayeredTerrain/GrassSoil/Square/LandformStoneRoad/Mask-11.asset using Guid(519050a0a5a9f5847b095ee0b83437a0) (NativeFormatImporter) -> (artifact id: 'ae100c2ae270a66d81134616e885003c') in 0.0012364 seconds
Start importing Assets/LayeredTerrain/GrassSoil/Square/LandformGrass/Mask-14.asset using Guid(81815b76ad7c06c47bf1bc7b65624ffd) (NativeFormatImporter) -> (artifact id: 'e00c4c5ecbd51682bc3c65bf8d862a23') in 0.0013222 seconds
Start importing Assets/LayeredTerrain/GrassSoil/Square/LandformSoil/Mask-03.asset using Guid(b1c5384b4651e4a4a82d483cc64aae79) (NativeFormatImporter) -> (artifact id: '45c12fb41048b850cd7cb0f3e535436a') in 0.0015193 seconds
Start importing Assets/LayeredTerrain/GrassSoil/Square/LandformGrass/Mask-15.asset using Guid(027119ab30d86a546a5d935d6e9ec608) (NativeFormatImporter) -> (artifact id: '7e821f282e19a2a4d5825e548df9693a') in 0.001243 seconds
Start importing Assets/LayeredTerrain/GrassSoil/Square/LandformGrass/Mask-00.asset using Guid(13f70a46e499e0146bffd256e7c14483) (NativeFormatImporter) -> (artifact id: '2a9713a59b72231d0d554c49e274b85a') in 0.0012836 seconds
Start importing Assets/LayeredTerrain/GrassSoil/Square/LandformSoil/Mask-00.asset using Guid(8303f71f8469fd7459473d47391ab0b3) (NativeFormatImporter) -> (artifact id: '1442dfc314550b70b27dde3dada60cc7') in 0.0012288 seconds
Start importing Assets/LayeredTerrain/GrassSoil/Square/LandformSoil/Mask-01.asset using Guid(d33072ada9e1bb749adcc5938680d51a) (NativeFormatImporter) -> (artifact id: '7a8f58bad24b64f744799cb0b0b9228f') in 0.0012699 seconds
Start importing Assets/LayeredTerrain/GrassSoil/Square/LandformStoneRoad/Mask-09.asset using Guid(d30b19c2c64338a4fa9211b305cf65b1) (NativeFormatImporter) -> (artifact id: '59211e6be04f7e5724ec1a1b38221d71') in 0.0012129 seconds
Start importing Assets/LayeredTerrain/GrassSoil/Square/LandformSoil/Mask-13.asset using Guid(548b829df136ae948902efdc96ee70bb) (NativeFormatImporter) -> (artifact id: 'd770f2a72e8453a69c8ff146ee623ca5') in 0.0011951 seconds
Start importing Assets/LayeredTerrain/GrassSoil/Square/LandformStoneRoad/Mask-00.asset using Guid(74d1d4b679c3aec43af1bd30b6c4aea1) (NativeFormatImporter) -> (artifact id: '4c60ffb732228db343f89511449fce3b') in 0.0011682 seconds
Start importing Assets/LayeredTerrain/GrassSoil/Square/LandformGrass/Mask-01.asset using Guid(35cbc7e6bd8f2f84d9c7965779c9b2eb) (NativeFormatImporter) -> (artifact id: '7cd6fe12f157cd0a0b2a210183323c21') in 0.0014579 seconds
Start importing Assets/LayeredTerrain/GrassSoil/Square/LandformGrass/Mask-10.asset using Guid(5728d44dd2630ff40849746ce5d849d7) (NativeFormatImporter) -> (artifact id: '57d0e56c944d10ea9c02adfa74800a28') in 0.0013245 seconds
Start importing Assets/LayeredTerrain/GrassSoil/Square/LandformSoil/Mask-09.asset using Guid(67347eef4df492941b15d16b687e2cb7) (NativeFormatImporter) -> (artifact id: '0b3fee03fb07b35a5fbe9374ec056b4b') in 0.0012239 seconds
Start importing Assets/LayeredTerrain/GrassSoil/Square/LandformGrass/Mask-04.asset using Guid(87737865bdb87ec43864ad3d997d7626) (NativeFormatImporter) -> (artifact id: '83b9f8cc1d095defdc009bd1839b690f') in 0.0012294 seconds
Start importing Assets/LayeredTerrain/GrassSoil/Square/LandformSoil/Mask-02.asset using Guid(87e33da937f65d34fb027eebfd8c1343) (NativeFormatImporter) -> (artifact id: '031756e6cc2b3a5ef2ddcaf8740ee21f') in 0.0012166 seconds
Start importing Assets/LayeredTerrain/GrassSoil/Square/LandformGrass/Mask-08.asset using Guid(b781c12832a4cd84392ab7d35a405505) (NativeFormatImporter) -> (artifact id: 'c734ab3f59a9e28ca19de35691f15a63') in 0.0013437 seconds
Start importing Assets/LayeredTerrain/GrassSoil/Square/LandformStoneRoad/Mask-04.asset using Guid(f70ec30b59552144a97e4da8fea5520c) (NativeFormatImporter) -> (artifact id: '67ab708a109917ddbe110252083911c2') in 0.0012594 seconds
Start importing Assets/LayeredTerrain/GrassSoil/Square/LandformStoneRoad/Mask-05.asset using Guid(08c7afe6a1108a84b9f8ac99c7fa610e) (NativeFormatImporter) -> (artifact id: 'a8026e8f0c10f4b634f0c477d7f79ba5') in 0.0011695 seconds
Start importing Assets/LayeredTerrain/GrassSoil/Square/LandformStoneRoad/Mask-14.asset using Guid(39202684bd500f14184c5131ac46a6dd) (NativeFormatImporter) -> (artifact id: 'b43c0e8abc2951d26427ba0ee51e7ebb') in 0.0011771 seconds
Start importing Assets/LayeredTerrain/GrassSoil/Square/LandformSoil/SoilSquareLandformTileSet.asset using Guid(897d878e9497c6e4d935ea42058d6001) (NativeFormatImporter) -> (artifact id: '17e85a477bcdc5aaf3c7a2ca1f1f5d8e') in 0.001282 seconds
Start importing Assets/Editor/Tests/Fixtures/CanonicalBattlefieldMap/EditorOperationsSmoke.asset using Guid(b96a6df669e584148be8256f6384ecee) (NativeFormatImporter) -> (artifact id: '1316e254e4e7cbf1b7064f6df82b50c6') in 0.0015734 seconds
Start importing Assets/LayeredTerrain/GrassSoil/Square/LandformStoneRoad/StoneRoadSquareLandformTileSet.asset using Guid(0a6730ef0e26d5b49b9ae3129ee21909) (NativeFormatImporter) -> (artifact id: '48456893df0f467254b3256235820444') in 0.0013962 seconds
Start importing Assets/LayeredTerrain/GrassSoil/Square/LandformStoneRoad/Mask-10.asset using Guid(caa578d738fb0414e820ab1e3541b03f) (NativeFormatImporter) -> (artifact id: 'be4dcdbbc4fe728152242b70b5e9bb78') in 0.0012267 seconds
Start importing Assets/LayeredTerrain/GrassSoil/Square/LandformSoil/Mask-07.asset using Guid(2ce20b5da48d1ae43956c41d22ecd92e) (NativeFormatImporter) -> (artifact id: '7c41af1778c9689fc8cf1f4e4fcccd2c') in 0.0012368 seconds
Start importing Assets/LayeredTerrain/GrassSoil/Square/LandformSoil/Mask-11.asset using Guid(2c6bd62321830da498ea7724ae626857) (NativeFormatImporter) -> (artifact id: 'b1033fab3dddb68d369a244413a84ab3') in 0.0011596 seconds
Start importing Assets/LayeredTerrain/GrassSoil/Square/LandformStoneRoad/Mask-15.asset using Guid(5cbc1f25709453b4a90de7054d0ce9b7) (NativeFormatImporter) -> (artifact id: 'ca75aea14a03badd729ba37b57fc7710') in 0.0012265 seconds
Start importing Assets/LayeredTerrain/GrassSoil/Square/LandformGrass/Mask-09.asset using Guid(8c5fb632240287d48a17621f58d3a651) (NativeFormatImporter) -> (artifact id: '77c6cf5113d6c96189dbf6818d84fd5f') in 0.0011534 seconds
Start importing Assets/LayeredTerrain/GrassSoil/Square/LandformSoil/Mask-12.asset using Guid(bc85f424c35a6c845b2186949136a828) (NativeFormatImporter) -> (artifact id: '08c355397adee775c3834a7a7a0bf465') in 0.0011847 seconds
Start importing Assets/LayeredTerrain/GrassSoil/Square/LandformSoil/Mask-10.asset using Guid(0dfe2c0efe3330c4d9570f0061d459b9) (NativeFormatImporter) -> (artifact id: '88decb540b9e036a0400c2d34dbc707c') in 0.0011645 seconds
Start importing Assets/LayeredTerrain/GrassSoil/Square/LandformGrass/Mask-03.asset using Guid(1db706b3e9547554e9081663c6442ba0) (NativeFormatImporter) -> (artifact id: 'fdfbe87044d88284093ccc42787947e0') in 0.00115 seconds
Start importing Assets/LayeredTerrain/GrassSoil/Square/LandformStoneRoad/Mask-02.asset using Guid(1d9b71389b4697e4586703b25f185da7) (NativeFormatImporter) -> (artifact id: 'dbb50fa57ab28462356bbd1a8ebab835') in 0.001192 seconds
Start importing Assets/LayeredTerrain/GrassSoil/Square/LandformSoil/Mask-05.asset using Guid(2de42da45e48f974e9a74a6970e6e643) (NativeFormatImporter) -> (artifact id: '6e739e360d22b33fd378e6acefe9d800') in 0.0014407 seconds
Start importing Assets/LayeredTerrain/GrassSoil/Square/LandformGrass/Mask-11.asset using Guid(5d253dc28016ae64db4653758ac0af88) (NativeFormatImporter) -> (artifact id: '4dbb166b77c04b10385ee89749d834d3') in 0.0011735 seconds
Start importing Assets/LayeredTerrain/GrassSoil/Square/LandformSoil/Mask-04.asset using Guid(5d4806f722710eb40b1cf937cc6498b6) (NativeFormatImporter) -> (artifact id: 'a825e4a02be2364dca6cd5d251c2a1af') in 0.0011781 seconds
Start importing Assets/LayeredTerrain/GrassSoil/Square/LandformStoneRoad/Mask-01.asset using Guid(add98a42caf91414387900c1b29b92c6) (NativeFormatImporter) -> (artifact id: 'a1a43dffdd1f7cdd6311169ade464c57') in 0.0012864 seconds
Start importing Assets/LayeredTerrain/GrassSoil/Square/LandformGrass/Mask-06.asset using Guid(cd0f4d7279da9f84caa8c319e7ab29f9) (NativeFormatImporter) -> (artifact id: '52937737c65259daea7bed84aa0a8a04') in 0.0012587 seconds
Start importing Assets/LayeredTerrain/GrassSoil/Square/LandformGrass/Mask-07.asset using Guid(4e65cf042fab2c1448282809779edb8a) (NativeFormatImporter) -> (artifact id: '8cc68977b954eb6d618706e748b65e8b') in 0.0013199 seconds
Start importing Assets/LayeredTerrain/GrassSoil/Square/LandformGrass/Mask-13.asset using Guid(7e2014d33d57f294f97dea5ed30b730c) (NativeFormatImporter) -> (artifact id: '93ec9328dc52bc61493ece4ef09f812b') in 0.0012735 seconds
Start importing Assets/LayeredTerrain/GrassSoil/Square/LandformSoil/Mask-14.asset using Guid(ae949dd8d7965fa41b1d3481d8bf8e30) (NativeFormatImporter) -> (artifact id: '13d3e8fadf25938fb6084c9eacdc285d') in 0.0011773 seconds
Start importing Assets/LayeredTerrain/GrassSoil/Square/LandformStoneRoad/Mask-08.asset using Guid(aecab5b9f537b5349adcff0900809717) (NativeFormatImporter) -> (artifact id: '6723e7d6eab214144e2a993643460ee5') in 0.0012136 seconds
Start importing Assets/LayeredTerrain/GrassSoil/Square/LandformSoil/Mask-15.asset using Guid(ce833c44287e15a44945e738038eb1c3) (NativeFormatImporter) -> (artifact id: '7c1ac2f82e318d432012af6c6509f07a') in 0.0012017 seconds
Start importing Assets/LayeredTerrain/GrassSoil/Square/LandformSoil/Mask-08.asset using Guid(ee6f4f16a4085914dbcb15919c60654c) (NativeFormatImporter) -> (artifact id: '2a403aad88716c1a9d6ee321599dc86f') in 0.0012057 seconds
Start importing Assets/LayeredTerrain/GrassSoil/Square/LandformStoneRoad/Mask-12.asset using Guid(2f49f6b2d05a8804097e79c69e515dc3) (NativeFormatImporter) -> (artifact id: '3512849ba8746b3929337e37047f52c2') in 0.0012295 seconds
Start importing Assets/LayeredTerrain/GrassSoil/Square/LandformSoil/Mask-06.asset using Guid(3ff6ff5cd14cc7441a6a84cdde5ff745) (NativeFormatImporter) -> (artifact id: 'c47a955bf9dc32d5bb761f8069ffd421') in 0.0012526 seconds
Start importing Assets/LayeredTerrain/GrassSoil/Square/LandformStoneRoad/Mask-06.asset using Guid(df46002ea561b404889b370e84a77f83) (NativeFormatImporter) -> (artifact id: 'c73fed30de3e790341265e9a3306482c') in 0.0012081 seconds
Start importing Assets/LayeredTerrain/GrassSoil/Square/LandformStoneRoad/Mask-03.asset using Guid(df1e863caf3bc5441a0d4c507b76c311) (NativeFormatImporter) -> (artifact id: 'a9a2fb8e8c6cb1c0cdbe880f9de699ac') in 0.001196 seconds
Start importing Assets/LayeredTerrain/GrassSoil/Square/LandformGrass/GrassSquareLandformTileSet.asset using Guid(ef399dc10411dd84ab6a276f72e506ea) (NativeFormatImporter) -> (artifact id: '3f3f806b6373e60abb62a5adaf65a9f7') in 0.0012062 seconds
Refreshing native plugins compatible for Editor in 0.16 ms, found 0 plugins.
Preloading 0 native plugins for Editor in 0.00 ms.
Asset Pipeline Refresh (id=8e96965db2a49124abf84ba82a33ffe6): Total: 0.090 seconds - Initiated by StopAssetImportingV2(NoUpdateAssetOptions)
Native 256 px square grass, soil and stone-road landforms generated.
UnityEngine.Debug:ExtractStackTraceNoAlloc (byte*,int,string)
UnityEngine.StackTraceUtility:ExtractStackTrace ()
UnityEngine.DebugLogHandler:Internal_Log (UnityEngine.LogType,UnityEngine.LogOption,string,UnityEngine.Object)
UnityEngine.DebugLogHandler:LogFormat (UnityEngine.LogType,UnityEngine.Object,string,object[])
UnityEngine.Logger:Log (UnityEngine.LogType,object)
UnityEngine.Debug:Log (object)
FruitDefense.Editor.SquareTerrainArtGenerator:GenerateDeterministicLandforms () (at Assets/Editor/Tools/SquareTerrainArtGenerator.cs:87)
FruitDefense.Editor.SquareTerrainArtGenerator:GenerateAvailableSquareAssets () (at Assets/Editor/Tools/SquareTerrainArtGenerator.cs:134)
FruitDefense.Editor.LayeredTerrainArtSetup:EnsurePaletteAssets () (at Assets/Editor/Tools/LayeredTerrainArtSetup.cs:62)
FruitDefense.Editor.CanonicalBattlefieldMapEditorSmoke:LoadCurrentReleasePalette () (at Assets/Editor/Tests/CanonicalBattlefieldMapEditorSmoke.cs:77)
FruitDefense.Editor.CanonicalBattlefieldMapEditorSmoke:ValidateContourPopupAvailability () (at Assets/Editor/Tests/CanonicalBattlefieldMapEditorSmoke.cs:31)
FruitDefense.Editor.CanonicalBattlefieldMapEditorSmoke:Validate () (at Assets/Editor/Tests/CanonicalBattlefieldMapEditorSmoke.cs:24)
FruitDefense.Editor.ProjectSetup:SmokeValidate () (at Assets/Editor/Tools/ProjectSetup.cs:244)
FruitDefense.Editor.P0ValidationSuite:Run () (at Assets/Editor/Tests/P0ValidationSuite.cs:18)

(Filename: Assets/Editor/Tools/SquareTerrainArtGenerator.cs Line: 87)

Asset Pipeline Refresh (id=9fc6269411a0c7e4b9febc456e621b06): Total: 0.031 seconds - Initiated by RefreshV2(NoUpdateAssetOptions)
Start importing Assets/LayeredTerrain/GrassSoil/Square/EdgeGrassOnSoilPainted/Mask-15.asset using Guid(a17969b175ec3354c8fe533c48257f94) (NativeFormatImporter) -> (artifact id: '99f211a0ff210a0c86467a3e625714fe') in 0.0015366 seconds
Start importing Assets/LayeredTerrain/GrassSoil/Square/EdgeGrassOnSoilPainted/Mask-04.asset using Guid(e2449efc0c1116648a5b9cbfe33d8e81) (NativeFormatImporter) -> (artifact id: '18145ed9e628d5f8340c44824db6c8be') in 0.0012905 seconds
Start importing Assets/LayeredTerrain/GrassSoil/Square/EdgeGrassOnSoilPainted/Mask-14.asset using Guid(4328f421ed4ea34439d6e4e50990e24a) (NativeFormatImporter) -> (artifact id: '6bbe4451c7dca2d4de869403308041cf') in 0.0014348 seconds
Start importing Assets/LayeredTerrain/GrassSoil/Square/EdgeGrassOnSoilPainted/Mask-11.asset using Guid(04aab987cd98a4440b66bb727667d8db) (NativeFormatImporter) -> (artifact id: 'eb6fb6ecd423e575e0946462aa243d66') in 0.001314 seconds
Start importing Assets/LayeredTerrain/GrassSoil/Square/EdgeGrassOnSoilPainted/Mask-13.asset using Guid(75f61e4d96323eb4e906226b1dd8a16a) (NativeFormatImporter) -> (artifact id: '7952dc870547efbd422b012b46d2b17a') in 0.0012115 seconds
Start importing Assets/LayeredTerrain/GrassSoil/Square/EdgeGrassOnSoilPainted/Mask-08.asset using Guid(062a9acbc752b0342becc47471c8dad4) (NativeFormatImporter) -> (artifact id: 'ee86fce3dc4587f247fc6e398cfff9cd') in 0.0012273 seconds
Start importing Assets/LayeredTerrain/GrassSoil/Square/EdgeGrassOnSoilPainted/Mask-12.asset using Guid(17347530ba5655e4cb59ff249a976ea1) (NativeFormatImporter) -> (artifact id: '27e6bc4eabc1e74cb23636389ffd9263') in 0.0011726 seconds
Start importing Assets/LayeredTerrain/GrassSoil/Square/EdgeGrassOnSoilPainted/Mask-00.asset using Guid(676ca911d7a7bbf408a30856d7cc6990) (NativeFormatImporter) -> (artifact id: '557d3d98682769dd5e96ded56f4299cf') in 0.0012239 seconds
Start importing Assets/LayeredTerrain/GrassSoil/Square/EdgeGrassOnSoilPainted/Mask-10.asset using Guid(e75c1031ec799e0448fd29d3082006b4) (NativeFormatImporter) -> (artifact id: 'c8e41218e8984dd46c91b31d7703de4f') in 0.001148 seconds
Start importing Assets/LayeredTerrain/GrassSoil/Square/EdgeGrassOnSoilPainted/Mask-09.asset using Guid(a8a7730f3a6dd484198f1b19fed8a24f) (NativeFormatImporter) -> (artifact id: '5597baddb442bf8a928e37d39723d50b') in 0.001206 seconds
Start importing Assets/LayeredTerrain/GrassSoil/Square/EdgeGrassOnSoilPainted/Mask-07.asset using Guid(f8b2f90201834fa478634d3f30f6af16) (NativeFormatImporter) -> (artifact id: 'a306cb5e617a8648a67a81dc94516e9e') in 0.0012901 seconds
Start importing Assets/LayeredTerrain/GrassSoil/Square/EdgeGrassOnSoilPainted/Mask-06.asset using Guid(19882d23e028ac94e8abd02f91624ba8) (NativeFormatImporter) -> (artifact id: '54900e8224e5828f7c6a4f69fec6db72') in 0.00126 seconds
Start importing Assets/LayeredTerrain/GrassSoil/Square/EdgeGrassOnSoilPainted/Mask-01.asset using Guid(b94d4b2cd03a1b04b83a81974d966227) (NativeFormatImporter) -> (artifact id: '7caf427609fab688c51f9caa2ce6a79f') in 0.0014486 seconds
Start importing Assets/LayeredTerrain/GrassSoil/Square/EdgeGrassOnSoilPainted/Mask-03.asset using Guid(1a4a3cc4af69bbc4aaabde52016c4f95) (NativeFormatImporter) -> (artifact id: 'af45f85c0f45a239757e36be7c184f6c') in 0.0012645 seconds
Start importing Assets/LayeredTerrain/GrassSoil/Square/EdgeGrassOnSoilPainted/Mask-05.asset using Guid(bacdc75efb95eda42aa6803845d196c4) (NativeFormatImporter) -> (artifact id: '6d469253745d86e884993bfadfef01d0') in 0.0012208 seconds
Start importing Assets/LayeredTerrain/GrassSoil/Square/EdgeGrassOnSoilPainted/GrassOnSoilSquarePaintedTileSet.asset using Guid(1b984e39e61f8734d8c54b032e84c3a3) (NativeFormatImporter) -> (artifact id: '612bda68ec02f7c1be620eb4ba627873') in 0.0013076 seconds
Start importing Assets/LayeredTerrain/GrassSoil/Square/EdgeGrassOnSoilPainted/Mask-02.asset using Guid(8d6a7e51f29762f4796204a57546e522) (NativeFormatImporter) -> (artifact id: '504e9a251c8e415c78cba5f93910b005') in 0.001341 seconds
Refreshing native plugins compatible for Editor in 0.16 ms, found 0 plugins.
Preloading 0 native plugins for Editor in 0.00 ms.
Asset Pipeline Refresh (id=6eb1adf8d50b7754fa129d9f171d77de): Total: 0.035 seconds - Initiated by StopAssetImportingV2(NoUpdateAssetOptions)
Accepted ribbon lip profile packaged as a top-down grass feather with base-grass RGB, guide-owned topology and no soil wall or outline.
UnityEngine.Debug:ExtractStackTraceNoAlloc (byte*,int,string)
UnityEngine.StackTraceUtility:ExtractStackTrace ()
UnityEngine.DebugLogHandler:Internal_Log (UnityEngine.LogType,UnityEngine.LogOption,string,UnityEngine.Object)
UnityEngine.DebugLogHandler:LogFormat (UnityEngine.LogType,UnityEngine.Object,string,object[])
UnityEngine.Logger:Log (UnityEngine.LogType,object)
UnityEngine.Debug:Log (object)
FruitDefense.Editor.SquareTerrainArtGenerator:PackageAcceptedGrassOnSoilCandidate () (at Assets/Editor/Tools/SquareTerrainArtGenerator.cs:126)
FruitDefense.Editor.SquareTerrainArtGenerator:GenerateAvailableSquareAssets () (at Assets/Editor/Tools/SquareTerrainArtGenerator.cs:138)
FruitDefense.Editor.LayeredTerrainArtSetup:EnsurePaletteAssets () (at Assets/Editor/Tools/LayeredTerrainArtSetup.cs:62)
FruitDefense.Editor.CanonicalBattlefieldMapEditorSmoke:LoadCurrentReleasePalette () (at Assets/Editor/Tests/CanonicalBattlefieldMapEditorSmoke.cs:77)
FruitDefense.Editor.CanonicalBattlefieldMapEditorSmoke:ValidateContourPopupAvailability () (at Assets/Editor/Tests/CanonicalBattlefieldMapEditorSmoke.cs:31)
FruitDefense.Editor.CanonicalBattlefieldMapEditorSmoke:Validate () (at Assets/Editor/Tests/CanonicalBattlefieldMapEditorSmoke.cs:24)
FruitDefense.Editor.ProjectSetup:SmokeValidate () (at Assets/Editor/Tools/ProjectSetup.cs:244)
FruitDefense.Editor.P0ValidationSuite:Run () (at Assets/Editor/Tests/P0ValidationSuite.cs:18)

(Filename: Assets/Editor/Tools/SquareTerrainArtGenerator.cs Line: 126)

Start importing Assets/LayeredTerrain/GrassSoil/LandformSoil/Mask-07.asset using Guid(40244693c163e6541baff892b129cb00) (NativeFormatImporter) -> (artifact id: 'e65830c68ae7e03467001a0296ab0069') in 0.0016595 seconds
Start importing Assets/LayeredTerrain/GrassSoil/EdgeGrassOnSoilRefined/Mask-07.asset using Guid(418e9fec0ca97b64ab0f4c86dc0fd006) (NativeFormatImporter) -> (artifact id: 'cd9c2cf18fdd38f609098f7d0cc15714') in 0.0012553 seconds
Start importing Assets/LayeredTerrain/CompositeBrushes/OriginalGrassSoil/OriginalGrassSoilReverseLandformTileSet.asset using Guid(813c3f8ce1d51a24093ce2c5ed1547fa) (NativeFormatImporter) -> (artifact id: 'b5291246265ecb7af0dd8a3a19f371a0') in 0.0013901 seconds
Start importing Assets/LayeredTerrain/GrassSoil/Authoring/SoilBase.asset using Guid(a158e7b4dd9e7c448b398f9b22a9f9c2) (NativeFormatImporter) -> (artifact id: '1d93f5ffd6651520cc292a513066cccb') in 0.001212 seconds
Start importing Assets/LayeredTerrain/GrassSoil/EdgeGrassOnSoilRefined/Mask-05.asset using Guid(f15a3346efbbefb40babba4ef8f6ffa7) (NativeFormatImporter) -> (artifact id: '0325b05872f53d4d8922d91b29b864f9') in 0.0012168 seconds
Start importing Assets/LayeredTerrain/GrassSoil/LandformSoil/Mask-04.asset using Guid(f1fab5de0afca5445ba4970fcd52bbbe) (NativeFormatImporter) -> (artifact id: '09085b923c9ce06113de808e0225d25b') in 0.0011656 seconds
Start importing Assets/LayeredTerrain/GrassSoil/EdgeGrassOnSoilRefined/Mask-14.asset using Guid(1292b21714ab41b4197a410a29053ee2) (NativeFormatImporter) -> (artifact id: '113ba810aee874d1280699a85e7183b6') in 0.0012095 seconds
Start importing Assets/LayeredTerrain/GrassSoil/LandformGrass/Mask-08.asset using Guid(52e1998e35a61a047bd24dd910b6bb8c) (NativeFormatImporter) -> (artifact id: '675f77c88e6e0d975abaaae9f510d95d') in 0.0011864 seconds
Start importing Assets/LayeredTerrain/GrassSoil/EdgeGrassOnSoilRefined/Mask-15.asset using Guid(a2ee8cf7722d54542bb6934c3c7acca3) (NativeFormatImporter) -> (artifact id: '6edcf8d7d3f26ee03919cdd607084ab1') in 0.0013329 seconds
Start importing Assets/LayeredTerrain/GrassSoil/EdgeGrassOnSoilRefined/Mask-11.asset using Guid(c29b700cc6f883f4d8d20d2a190eee05) (NativeFormatImporter) -> (artifact id: 'f51c180f858faa73b198142b42927cfc') in 0.0012603 seconds
Start importing Assets/LayeredTerrain/GrassSoil/LandformGrass/Mask-07.asset using Guid(d285b7a144ce1134ba6f4b02b003db14) (NativeFormatImporter) -> (artifact id: '0038d19d51d9c42dea9465db3b105f39') in 0.0012367 seconds
Start importing Assets/LayeredTerrain/GrassSoil/LandformSoil/Mask-01.asset using Guid(030d3f064f313fe4aa4dd2ab0ae33f07) (NativeFormatImporter) -> (artifact id: '3fd5251983b6578fd68bf6bc3bb3b4e3') in 0.001228 seconds
Start importing Assets/LayeredTerrain/GrassSoil/EdgeGrassOnSoilRefined/Mask-10.asset using Guid(c32eb2f88b196e04f96b1b2b04ea7efe) (NativeFormatImporter) -> (artifact id: '2d01cd9893dc47967ba87373e479eb7e') in 0.0012942 seconds
Start importing Assets/LayeredTerrain/GrassSoil/LandformSoil/Mask-13.asset using Guid(04bdecbe02f95ef46986c7056c2b7c3b) (NativeFormatImporter) -> (artifact id: '15f31c02a38b8c10ecc25938dd45d64e') in 0.0013718 seconds
Start importing Assets/LayeredTerrain/GrassSoil/EdgeGrassOnSoilRefined/Mask-00.asset using Guid(e4a3c845026f4254892939518018693f) (NativeFormatImporter) -> (artifact id: '3a031e969e7d12b8ad7d8420c2b35c82') in 0.0012844 seconds
Start importing Assets/LayeredTerrain/GrassSoil/LandformSoil/Mask-03.asset using Guid(15a3542839f831f41a0a24e5e9e2f22c) (NativeFormatImporter) -> (artifact id: '6e77d59b695c8200cb85f17fa75a4b54') in 0.001161 seconds
Start importing Assets/LayeredTerrain/GrassSoil/LandformSoil/Mask-02.asset using Guid(f587922c248637745a6249f84c52611e) (NativeFormatImporter) -> (artifact id: '75844366cc32f023f1e40453bee8aa54') in 0.0012157 seconds
Start importing Assets/LayeredTerrain/GrassSoil/LandformGrass/Mask-09.asset using Guid(165dc20b52db7d14488b55217f6ac108) (NativeFormatImporter) -> (artifact id: '72e38899c33e0e3ced6ed6d0356b17dc') in 0.0012051 seconds
Start importing Assets/LayeredTerrain/GrassSoil/LandformSoil/Mask-11.asset using Guid(86718e5a68b1dcc47854d71bba5a1c17) (NativeFormatImporter) -> (artifact id: '04f57e67d298deb7839321669f6f5937') in 0.0012943 seconds
Start importing Assets/LayeredTerrain/GrassSoil/EdgeGrassOnSoilRefined/Mask-09.asset using Guid(86c349d56e9db3e4e849d6749cdfbfbe) (NativeFormatImporter) -> (artifact id: 'a3a3937713e26dae2d17075614e230de') in 0.0011859 seconds
Start importing Assets/LayeredTerrain/CompositeBrushes/GrassSoil/GrassSoilReverseLandformTileSet.asset using Guid(17ff6febab517824eb695d29e0459a1f) (NativeFormatImporter) -> (artifact id: '3aac16350dc78571bdc4c034dd153e34') in 0.0012352 seconds
Start importing Assets/LayeredTerrain/GrassSoil/LandformSoil/Mask-09.asset using Guid(478b7d64a48c32541abd22cde03a7210) (NativeFormatImporter) -> (artifact id: 'df61b4f661f9c0aded60f089bd901d4a') in 0.0012851 seconds
Start importing Assets/LayeredTerrain/GrassSoil/LandformSoil/Mask-05.asset using Guid(878e7bb9dfa805f47b4b88fef4623c4b) (NativeFormatImporter) -> (artifact id: '6433cd5ece3fc29e9694b9c40d1cce7b') in 0.0012038 seconds
Start importing Assets/LayeredTerrain/CompositeBrushes/StoneWater/StoneWaterReverseLandformTileSet.asset using Guid(97ffcbb8c3ab6264e80693ccaf0c43de) (NativeFormatImporter) -> (artifact id: '098d79a46ae44df4e4eabca0ead85233') in 0.0012921 seconds
Start importing Assets/LayeredTerrain/GrassSoil/LandformSoil/Mask-14.asset using Guid(a7806afe4f019d445bbf552f9eece05e) (NativeFormatImporter) -> (artifact id: 'e86c3f661d3698b3e540fda453881940') in 0.0011593 seconds
Start importing Assets/LayeredTerrain/GrassSoil/EdgeGrassOnSoilRefined/Mask-13.asset using Guid(a7d1a82699efeae47a6ca0a5bb112ae7) (NativeFormatImporter) -> (artifact id: 'a78e3ab795bab51c2fb8875ea81a3142') in 0.001224 seconds
Start importing Assets/LayeredTerrain/GrassSoil/EdgeGrassOnSoilRefined/GrassOnSoilRefinedTileSet.asset using Guid(b75665e5083dab441a2805aa7b5e1562) (NativeFormatImporter) -> (artifact id: '9a378045af94549dd04c416ddd049034') in 0.001321 seconds
Start importing Assets/LayeredTerrain/GrassSoil/LandformGrass/Mask-14.asset using Guid(c7287b8c949516949b483b111ceb39a0) (NativeFormatImporter) -> (artifact id: '742a261e597b802d91fa4c4b50193514') in 0.0012547 seconds
Start importing Assets/LayeredTerrain/GrassSoil/LandformSoil/Mask-00.asset using Guid(88d5b3d83381240419fa7d0a9d6c2c63) (NativeFormatImporter) -> (artifact id: 'ec59939a8b52efe47b329a71ceccb6a9') in 0.0013472 seconds
Start importing Assets/LayeredTerrain/GrassSoil/LandformGrass/Mask-13.asset using Guid(e80621ea42744c243ac2ec385c32b338) (NativeFormatImporter) -> (artifact id: 'c073a20a8e0628f7baf4a55a699ae105') in 0.0012512 seconds
Start importing Assets/LayeredTerrain/GrassSoil/LandformGrass/Mask-00.asset using Guid(c92ffc9e81d587840892eb05cf844fbf) (NativeFormatImporter) -> (artifact id: '6de21ee1cddad2dc5dc822438a8f4094') in 0.0012065 seconds
Start importing Assets/LayeredTerrain/GrassSoil/LandformSoil/Mask-08.asset using Guid(d98e1448816e2f443a1e4e6b40e7cc25) (NativeFormatImporter) -> (artifact id: '8c84979613e06175002d882607152e4e') in 0.0012189 seconds
Start importing Assets/LayeredTerrain/GrassSoil/LandformSoil/Mask-15.asset using Guid(e95509ac4ec30484ab37daa221658805) (NativeFormatImporter) -> (artifact id: 'f96248f32c56c962dfe506862d5fb21b') in 0.0012254 seconds
Start importing Assets/LayeredTerrain/GrassSoil/EdgeGrassOnSoilRefined/Mask-06.asset using Guid(e9ac41d989ad93f4ca1a691487107c16) (NativeFormatImporter) -> (artifact id: 'e9daccbac2653977ee343c02f273f598') in 0.0012814 seconds
Start importing Assets/LayeredTerrain/GrassSoil/LandformSoil/Mask-10.asset using Guid(f95d6c7578efacd4cb1f12c63e1d8ff8) (NativeFormatImporter) -> (artifact id: '90d43f8749769d1781298dd6bba5d61f') in 0.0012063 seconds
Start importing Assets/LayeredTerrain/GrassSoil/LandformGrass/Mask-10.asset using Guid(0a64b675a1f765c409b8f9deea1eb208) (NativeFormatImporter) -> (artifact id: '09c03947b8c465db650824308fe637f1') in 0.0012896 seconds
Start importing Assets/LayeredTerrain/GrassSoil/EdgeGrassOnSoilRefined/Mask-12.asset using Guid(3a09b8d94e4515f4fa39c4292c8052a7) (NativeFormatImporter) -> (artifact id: 'af83cf963396621d9d3bad458f6ed2a9') in 0.0012618 seconds
Start importing Assets/LayeredTerrain/GrassSoil/LandformSoil/Mask-06.asset using Guid(4ab46eb735954bf45977209e4a936a01) (NativeFormatImporter) -> (artifact id: '8450f37df15f7709b95c5c346493f1fd') in 0.0012183 seconds
Start importing Assets/LayeredTerrain/GrassSoil/LandformGrass/Mask-15.asset using Guid(7a5208b63b1d6284285e932c3708e65d) (NativeFormatImporter) -> (artifact id: '67ddae65d0c7a750e13eb34b9baf8365') in 0.001196 seconds
Start importing Assets/LayeredTerrain/GrassSoil/LandformGrass/Mask-05.asset using Guid(3b4a2864fb45c5b4fae56fc1f697bbdd) (NativeFormatImporter) -> (artifact id: 'cf3f476c92289c5b074cb8ea3198ce61') in 0.0013183 seconds
Start importing Assets/LayeredTerrain/GrassSoil/EdgeGrassOnSoilRefined/Mask-08.asset using Guid(9b3d0613b51d86146bf5ea0994b42ddd) (NativeFormatImporter) -> (artifact id: '4e302c1a03e18f66e6c41c139ec180d3') in 0.0013017 seconds
Start importing Assets/LayeredTerrain/GrassSoil/LandformGrass/Mask-11.asset using Guid(bb6bc251a6bbcf54480e7f80f2181f2a) (NativeFormatImporter) -> (artifact id: '857582d6d96bb87d66880447573db021') in 0.0012907 seconds
Start importing Assets/LayeredTerrain/GrassSoil/LandformSoil/Mask-12.asset using Guid(3cfb4949c07b1bf43bc66661515525d7) (NativeFormatImporter) -> (artifact id: '3a6ea6ab140b5d680c9d80d68e71cee7') in 0.0012799 seconds
Start importing Assets/LayeredTerrain/GrassSoil/EdgeGrassOnSoilRefined/Mask-04.asset using Guid(6cca3f06a711ab34992417d66eeec087) (NativeFormatImporter) -> (artifact id: 'be2a2aeb01573b6be77d3a2b070fef25') in 0.0012382 seconds
Start importing Assets/LayeredTerrain/GrassSoil/Authoring/GrassBase.asset using Guid(3d71b1ea4e270714eb43b3b4541cda21) (NativeFormatImporter) -> (artifact id: '3f5ae16e96393bccc7f5f4d3650a3ce6') in 0.0012032 seconds
Start importing Assets/LayeredTerrain/GrassSoil/LandformGrass/Mask-06.asset using Guid(5d15d49b3c156ae479bd995b33107c67) (NativeFormatImporter) -> (artifact id: '05abb2ca9d5f1492af0ec896fb864d4e') in 0.0011699 seconds
Start importing Assets/LayeredTerrain/GrassSoil/LandformGrass/Mask-01.asset using Guid(7d609e3f17078a44f9a89e21b68ae180) (NativeFormatImporter) -> (artifact id: 'a1ebd9002be9baca60bb274969bc4dc2') in 0.0012222 seconds
Start importing Assets/LayeredTerrain/GrassSoil/LandformGrass/Mask-04.asset using Guid(ede22ab8e9b7bcc4da28aa41887e8614) (NativeFormatImporter) -> (artifact id: '42c1c0d805e7b323f147012ab0eb20fb') in 0.0012485 seconds
Start importing Assets/LayeredTerrain/GrassSoil/LandformSoil/SoilLandformTileSet.asset using Guid(3e1155418d0567f44af4b96697c9dd09) (NativeFormatImporter) -> (artifact id: 'df15b8c45196950bc4219bee97aafc82') in 0.0012772 seconds
Start importing Assets/LayeredTerrain/GrassSoil/EdgeGrassOnSoilRefined/Mask-02.asset using Guid(6ef5433501c908740932ed7d05777790) (NativeFormatImporter) -> (artifact id: '25936841c896ee6e32acaadabe2f5ad9') in 0.001391 seconds
Start importing Assets/LayeredTerrain/GrassSoil/EdgeGrassOnSoilRefined/Mask-01.asset using Guid(8e0671f07975b7c43b734d81c5ff11bc) (NativeFormatImporter) -> (artifact id: 'c6f3c5aa165967eeb465f4156418931b') in 0.0012974 seconds
Start importing Assets/LayeredTerrain/GrassSoil/EdgeGrassOnSoilRefined/Mask-03.asset using Guid(de5135a77f40df84b9a7170011242e63) (NativeFormatImporter) -> (artifact id: 'c4b8007304dbcd55f4ed04fb4957f5a6') in 0.0012943 seconds
Start importing Assets/LayeredTerrain/GrassSoil/LandformGrass/GrassLandformTileSet.asset using Guid(2fc47b69529dfb541a089c835adb5ce8) (NativeFormatImporter) -> (artifact id: '7d9b947ceee84338616124256f8ad829') in 0.0012608 seconds
Start importing Assets/LayeredTerrain/GrassSoil/LandformGrass/Mask-12.asset using Guid(bfcde0f6045b297478b7cca21b2bd212) (NativeFormatImporter) -> (artifact id: 'fcc2d08d622fb7725cf22421d7d46e31') in 0.0012658 seconds
Start importing Assets/LayeredTerrain/GrassSoil/LandformGrass/Mask-02.asset using Guid(cfb8b16aec24e064ba3c8b202f110c99) (NativeFormatImporter) -> (artifact id: '918a9e9785ac5cd4f4174f2fe29d6d53') in 0.0012476 seconds
Start importing Assets/LayeredTerrain/GrassSoil/LandformGrass/Mask-03.asset using Guid(cf797356fdd5ba54fb021059b4e0c786) (NativeFormatImporter) -> (artifact id: '297c0fc42e401c9d7fd0a377a3b5b28e') in 0.0013415 seconds
Refreshing native plugins compatible for Editor in 0.17 ms, found 0 plugins.
Preloading 0 native plugins for Editor in 0.00 ms.
Asset Pipeline Refresh (id=efe599bfd0b1f9647845519efd48945c): Total: 0.102 seconds - Initiated by StopAssetImportingV2(NoUpdateAssetOptions)
Start importing Assets/LayeredTerrain/CompositeBrushes/OriginalGrassSoil/OriginalGrassSoilBrush.asset using Guid(21a71232d6e654e4b8c7960242ff7182) (NativeFormatImporter) -> (artifact id: '3547d87e50bc075e0e2036afaef240e2') in 0.0014267 seconds
Start importing Assets/LayeredTerrain/CompositeBrushes/OriginalGrassSoil/OriginalGrassSoilReverseLandformTileSet.asset using Guid(813c3f8ce1d51a24093ce2c5ed1547fa) (NativeFormatImporter) -> (artifact id: 'b5291246265ecb7af0dd8a3a19f371a0') in 0.0013261 seconds
Refreshing native plugins compatible for Editor in 0.14 ms, found 0 plugins.
Preloading 0 native plugins for Editor in 0.00 ms.
Asset Pipeline Refresh (id=39ac8ffd180ff1742ab41eb2238f42d8): Total: 0.011 seconds - Initiated by StopAssetImportingV2(NoUpdateAssetOptions)
Start importing Assets/Battlefield/Terrain/OrchardDefaultTerrainPalette.asset using Guid(8f09d513b82ee0048abd5a50378dbb0c) (NativeFormatImporter) -> (artifact id: 'af117db4ea5f59db66e2603074e05e44') in 0.0014448 seconds
Refreshing native plugins compatible for Editor in 0.16 ms, found 0 plugins.
Preloading 0 native plugins for Editor in 0.00 ms.
Asset Pipeline Refresh (id=be9f0ab76ff1a2142914bfb37e0c045a): Total: 0.010 seconds - Initiated by StopAssetImportingV2(NoUpdateAssetOptions)
Start importing Assets/Battlefield/Terrain/OrchardDefaultTerrainPalette.asset using Guid(8f09d513b82ee0048abd5a50378dbb0c) (NativeFormatImporter) -> (artifact id: 'af117db4ea5f59db66e2603074e05e44') in 0.0015287 seconds
Refreshing native plugins compatible for Editor in 0.18 ms, found 0 plugins.
Preloading 0 native plugins for Editor in 0.00 ms.
Asset Pipeline Refresh (id=89bf1336cd518ea428f8b24a3d50ea25): Total: 0.010 seconds - Initiated by StopAssetImportingV2(NoUpdateAssetOptions)
Opening scene 'Assets/Scenes/Battle.unity additively'
Loaded scene 'Assets/Scenes/Battle.unity'
	Deserialize:            0.901 ms
	Integration:            0.293 ms
	Integration of assets:  0.002 ms
	Thread Wait Time:       0.006 ms
	Total Operation Time:   1.202 ms
Opening scene 'Assets/Scenes/Battle.unity additively'
Loaded scene 'Assets/Scenes/Battle.unity'
	Deserialize:            0.344 ms
	Integration:            0.072 ms
	Integration of assets:  0.001 ms
	Thread Wait Time:       0.007 ms
	Total Operation Time:   0.424 ms
CANONICAL_BATTLEFIELD_MAP_EDITOR_SMOKE_OK
UnityEngine.Debug:ExtractStackTraceNoAlloc (byte*,int,string)
UnityEngine.StackTraceUtility:ExtractStackTrace ()
UnityEngine.DebugLogHandler:Internal_Log (UnityEngine.LogType,UnityEngine.LogOption,string,UnityEngine.Object)
UnityEngine.DebugLogHandler:LogFormat (UnityEngine.LogType,UnityEngine.Object,string,object[])
UnityEngine.Logger:Log (UnityEngine.LogType,object)
UnityEngine.Debug:Log (object)
FruitDefense.Editor.CanonicalBattlefieldMapEditorSmoke:Validate () (at Assets/Editor/Tests/CanonicalBattlefieldMapEditorSmoke.cs:26)
FruitDefense.Editor.ProjectSetup:SmokeValidate () (at Assets/Editor/Tools/ProjectSetup.cs:244)
FruitDefense.Editor.P0ValidationSuite:Run () (at Assets/Editor/Tests/P0ValidationSuite.cs:18)

(Filename: Assets/Editor/Tests/CanonicalBattlefieldMapEditorSmoke.cs Line: 26)

Asset Pipeline Refresh (id=b206210a816163e408040326b4d817b7): Total: 0.002 seconds - Initiated by StopAssetImportingV2(NoUpdateAssetOptions)
Asset Pipeline Refresh (id=8dd47a0870416254fabb4dc2aa0721ab): Total: 0.011 seconds - Initiated by RefreshV2(NoUpdateAssetOptions)
Opening scene 'Assets/Scenes/Battle.unity additively'
Loaded scene 'Assets/Scenes/Battle.unity'
	Deserialize:            0.442 ms
	Integration:            0.086 ms
	Integration of assets:  0.001 ms
	Thread Wait Time:       0.005 ms
	Total Operation Time:   0.535 ms
Asset Pipeline Refresh (id=80d0cd3b88365b54ab62480d0d70c4e3): Total: 0.002 seconds - Initiated by StopAssetImportingV2(NoUpdateAssetOptions)
Asset Pipeline Refresh (id=5bd6f47e04ebe5547bc7d1f20f5e1d55): Total: 0.002 seconds - Initiated by RefreshV2(NoUpdateAssetOptions)
Start importing Assets/Editor/Tests/Fixtures/CanonicalBattlefieldMap/GeneratedPublicationSmoke.asset using Guid(d23151d70ac79fd45be33d5cf83a41cf) (NativeFormatImporter) -> (artifact id: '8cb3987b0a2a3bf6c5cda990338d74b3') in 0.0015389 seconds
Refreshing native plugins compatible for Editor in 0.15 ms, found 0 plugins.
Preloading 0 native plugins for Editor in 0.00 ms.
Asset Pipeline Refresh (id=639a1421b5c208c48a9497b529bd1447): Total: 0.011 seconds - Initiated by StopAssetImportingV2(NoUpdateAssetOptions)
Start importing Assets/Editor/Tests/Fixtures/CanonicalBattlefieldMap/GeneratedPublicationSmoke.asset using Guid(d23151d70ac79fd45be33d5cf83a41cf) (NativeFormatImporter) -> (artifact id: '8cb3987b0a2a3bf6c5cda990338d74b3') in 0.0014208 seconds
Refreshing native plugins compatible for Editor in 0.15 ms, found 0 plugins.
Preloading 0 native plugins for Editor in 0.00 ms.
Asset Pipeline Refresh (id=511b07a13407ebe459ed02cf95b0e965): Total: 0.010 seconds - Initiated by StopAssetImportingV2(NoUpdateAssetOptions)
Start importing Assets/Editor/Tests/Fixtures/CanonicalBattlefieldMap/GeneratedPublicationSmoke.asset using Guid(d23151d70ac79fd45be33d5cf83a41cf) (NativeFormatImporter) -> (artifact id: '8cb3987b0a2a3bf6c5cda990338d74b3') in 0.0014103 seconds
Refreshing native plugins compatible for Editor in 0.15 ms, found 0 plugins.
Preloading 0 native plugins for Editor in 0.00 ms.
Asset Pipeline Refresh (id=3f8f650aea89da14da9da5fb3b1949ff): Total: 0.010 seconds - Initiated by StopAssetImportingV2(NoUpdateAssetOptions)
Start importing Assets/Editor/Tests/Fixtures/CanonicalBattlefieldMap/GeneratedPublicationSmoke.asset using Guid(d23151d70ac79fd45be33d5cf83a41cf) (NativeFormatImporter) -> (artifact id: '8cb3987b0a2a3bf6c5cda990338d74b3') in 0.0012065 seconds
Refreshing native plugins compatible for Editor in 0.12 ms, found 0 plugins.
Preloading 0 native plugins for Editor in 0.00 ms.
Asset Pipeline Refresh (id=8dcfa51dd6de72941ba306ee086998c0): Total: 0.008 seconds - Initiated by StopAssetImportingV2(NoUpdateAssetOptions)
Start importing Assets/Editor/Tests/Fixtures/CanonicalBattlefieldMap/GeneratedPublicationSmoke.asset using Guid(d23151d70ac79fd45be33d5cf83a41cf) (NativeFormatImporter) -> (artifact id: 'd831f6ca8249f5f6eef106f6b1c15969') in 0.0018188 seconds
Refreshing native plugins compatible for Editor in 0.16 ms, found 0 plugins.
Preloading 0 native plugins for Editor in 0.00 ms.
Asset Pipeline Refresh (id=2dd9488e8f3c82f41b3149eac666d320): Total: 0.011 seconds - Initiated by StopAssetImportingV2(NoUpdateAssetOptions)
Start importing Assets/Editor/Tests/Fixtures/CanonicalBattlefieldMap/GeneratedPublicationSmoke.asset using Guid(d23151d70ac79fd45be33d5cf83a41cf) (NativeFormatImporter) -> (artifact id: 'd831f6ca8249f5f6eef106f6b1c15969') in 0.0015735 seconds
Refreshing native plugins compatible for Editor in 0.15 ms, found 0 plugins.
Preloading 0 native plugins for Editor in 0.00 ms.
Asset Pipeline Refresh (id=24f485ba386c8eb499d0ffdb3168501e): Total: 0.011 seconds - Initiated by StopAssetImportingV2(NoUpdateAssetOptions)
Start importing Assets/Editor/Tests/Fixtures/CanonicalBattlefieldMap/GeneratedPublicationSmoke.asset using Guid(d23151d70ac79fd45be33d5cf83a41cf) (NativeFormatImporter) -> (artifact id: '756b52dba5edc593a981730ec9c20384') in 0.0014936 seconds
Refreshing native plugins compatible for Editor in 0.16 ms, found 0 plugins.
Preloading 0 native plugins for Editor in 0.00 ms.
Asset Pipeline Refresh (id=94ef4620d6188e34a9b496d9c4d535e9): Total: 0.011 seconds - Initiated by StopAssetImportingV2(NoUpdateAssetOptions)
Start importing Assets/Editor/Tests/Fixtures/CanonicalBattlefieldMap/GeneratedPublicationSmoke.asset using Guid(d23151d70ac79fd45be33d5cf83a41cf) (NativeFormatImporter) -> (artifact id: '756b52dba5edc593a981730ec9c20384') in 0.0013488 seconds
Refreshing native plugins compatible for Editor in 0.13 ms, found 0 plugins.
Preloading 0 native plugins for Editor in 0.00 ms.
Asset Pipeline Refresh (id=74b8aa499a621c146b136bd448c20856): Total: 0.009 seconds - Initiated by StopAssetImportingV2(NoUpdateAssetOptions)
Start importing Assets/Editor/Tests/Fixtures/CanonicalBattlefieldMap/GeneratedPublicationSmoke.asset using Guid(d23151d70ac79fd45be33d5cf83a41cf) (NativeFormatImporter) -> (artifact id: '8cb3987b0a2a3bf6c5cda990338d74b3') in 0.0017592 seconds
Refreshing native plugins compatible for Editor in 0.16 ms, found 0 plugins.
Preloading 0 native plugins for Editor in 0.00 ms.
Asset Pipeline Refresh (id=17510213b70449448a6b841abdc545b5): Total: 0.010 seconds - Initiated by StopAssetImportingV2(NoUpdateAssetOptions)
Start importing Assets/Editor/Tests/Fixtures/CanonicalBattlefieldMap/GeneratedPublicationSmoke.asset using Guid(d23151d70ac79fd45be33d5cf83a41cf) (NativeFormatImporter) -> (artifact id: '8cb3987b0a2a3bf6c5cda990338d74b3') in 0.0013924 seconds
Refreshing native plugins compatible for Editor in 0.16 ms, found 0 plugins.
Preloading 0 native plugins for Editor in 0.00 ms.
Asset Pipeline Refresh (id=e83d518a588727e4f9d4adbf5d37dafe): Total: 0.009 seconds - Initiated by StopAssetImportingV2(NoUpdateAssetOptions)
Start importing Assets/Editor/Tests/Fixtures/CanonicalBattlefieldMap/GeneratedPublicationSmoke.asset using Guid(d23151d70ac79fd45be33d5cf83a41cf) (NativeFormatImporter) -> (artifact id: 'f2c5847dd06ba7ab8a41aece073965f8') in 0.0013343 seconds
Refreshing native plugins compatible for Editor in 0.14 ms, found 0 plugins.
Preloading 0 native plugins for Editor in 0.00 ms.
Asset Pipeline Refresh (id=ade321c1c622957448ea19100b07845d): Total: 0.009 seconds - Initiated by StopAssetImportingV2(NoUpdateAssetOptions)
Start importing Assets/Editor/Tests/Fixtures/CanonicalBattlefieldMap/GeneratedPublicationSmoke.asset using Guid(d23151d70ac79fd45be33d5cf83a41cf) (NativeFormatImporter) -> (artifact id: 'f2c5847dd06ba7ab8a41aece073965f8') in 0.0015788 seconds
Refreshing native plugins compatible for Editor in 0.17 ms, found 0 plugins.
Preloading 0 native plugins for Editor in 0.00 ms.
Asset Pipeline Refresh (id=07e5ede31bb99c346afd9c1ad6ae5905): Total: 0.011 seconds - Initiated by StopAssetImportingV2(NoUpdateAssetOptions)
Start importing Assets/Editor/Tests/Fixtures/CanonicalBattlefieldMap/GeneratedPublicationSmoke.asset using Guid(d23151d70ac79fd45be33d5cf83a41cf) (NativeFormatImporter) -> (artifact id: 'f2c5847dd06ba7ab8a41aece073965f8') in 0.0017412 seconds
Refreshing native plugins compatible for Editor in 0.17 ms, found 0 plugins.
Preloading 0 native plugins for Editor in 0.00 ms.
Asset Pipeline Refresh (id=d38e27487ecadf94796f16ca70b6d990): Total: 0.011 seconds - Initiated by StopAssetImportingV2(NoUpdateAssetOptions)
Refreshing native plugins compatible for Editor in 0.15 ms, found 0 plugins.
Preloading 0 native plugins for Editor in 0.00 ms.
Asset Pipeline Refresh (id=ff479ee06f3b1ae4b8d76d1903b86b19): Total: 0.009 seconds - Initiated by StopAssetImportingV2(NoUpdateAssetOptions)
Asset Pipeline Refresh (id=ca3721f9e61f3ce45b73ef05f4bcd2a8): Total: 0.026 seconds - Initiated by RefreshV2(NoUpdateAssetOptions)
CANONICAL_BATTLEFIELD_MAP_PUBLICATION_SMOKE_OK
UnityEngine.Debug:ExtractStackTraceNoAlloc (byte*,int,string)
UnityEngine.StackTraceUtility:ExtractStackTrace ()
UnityEngine.DebugLogHandler:Internal_Log (UnityEngine.LogType,UnityEngine.LogOption,string,UnityEngine.Object)
UnityEngine.DebugLogHandler:LogFormat (UnityEngine.LogType,UnityEngine.Object,string,object[])
UnityEngine.Logger:Log (UnityEngine.LogType,object)
UnityEngine.Debug:Log (object)
FruitDefense.Editor.CanonicalBattlefieldMapPublicationSmoke:Validate () (at Assets/Editor/Tests/CanonicalBattlefieldMapPublicationSmoke.cs:30)
FruitDefense.Editor.ProjectSetup:SmokeValidate () (at Assets/Editor/Tools/ProjectSetup.cs:245)
FruitDefense.Editor.P0ValidationSuite:Run () (at Assets/Editor/Tests/P0ValidationSuite.cs:18)

(Filename: Assets/Editor/Tests/CanonicalBattlefieldMapPublicationSmoke.cs Line: 30)

Asset Pipeline Refresh (id=e98a3c540d9a4684384ef85cb9edfbde): Total: 0.000 seconds - Initiated by StopAssetImportingV2(NoUpdateAssetOptions)
Asset Pipeline Refresh (id=5b083b29ab222534880b6736909a86f0): Total: 0.008 seconds - Initiated by RefreshV2(NoUpdateAssetOptions)
FRUIT_DEFENSE_DUAL_GRID_PIXEL_ALL_PROFILES_OK count=2
UnityEngine.Debug:ExtractStackTraceNoAlloc (byte*,int,string)
UnityEngine.StackTraceUtility:ExtractStackTrace ()
UnityEngine.DebugLogHandler:Internal_Log (UnityEngine.LogType,UnityEngine.LogOption,string,UnityEngine.Object)
UnityEngine.DebugLogHandler:LogFormat (UnityEngine.LogType,UnityEngine.Object,string,object[])
UnityEngine.Logger:Log (UnityEngine.LogType,object)
UnityEngine.Debug:Log (object)
FruitDefense.Editor.DualGridPixelTileSetGenerator:ValidateGeneratedPixelTileSet () (at Assets/Editor/Tools/DualGridPixelTileSetGenerator.cs:346)
FruitDefense.Editor.DualGridTilemapSmoke:Validate () (at Assets/Editor/Tests/DualGridTilemapSmoke.cs:42)
FruitDefense.Editor.ProjectSetup:SmokeValidate () (at Assets/Editor/Tools/ProjectSetup.cs:246)
FruitDefense.Editor.P0ValidationSuite:Run () (at Assets/Editor/Tests/P0ValidationSuite.cs:18)

(Filename: Assets/Editor/Tools/DualGridPixelTileSetGenerator.cs Line: 346)

FRUIT_DEFENSE_DUAL_GRID_PIXEL_WIZARD_SMOKE_OK
UnityEngine.Debug:ExtractStackTraceNoAlloc (byte*,int,string)
UnityEngine.StackTraceUtility:ExtractStackTrace ()
UnityEngine.DebugLogHandler:Internal_Log (UnityEngine.LogType,UnityEngine.LogOption,string,UnityEngine.Object)
UnityEngine.DebugLogHandler:LogFormat (UnityEngine.LogType,UnityEngine.Object,string,object[])
UnityEngine.Logger:Log (UnityEngine.LogType,object)
UnityEngine.Debug:Log (object)
FruitDefense.Editor.DualGridPixelTerrainWizardSmoke:Validate () (at Assets/Editor/Tests/DualGridPixelTerrainWizardSmoke.cs:42)
FruitDefense.Editor.DualGridTilemapSmoke:Validate () (at Assets/Editor/Tests/DualGridTilemapSmoke.cs:43)
FruitDefense.Editor.ProjectSetup:SmokeValidate () (at Assets/Editor/Tools/ProjectSetup.cs:246)
FruitDefense.Editor.P0ValidationSuite:Run () (at Assets/Editor/Tests/P0ValidationSuite.cs:18)

(Filename: Assets/Editor/Tests/DualGridPixelTerrainWizardSmoke.cs Line: 42)

FRUIT_DEFENSE_DUAL_GRID_SMOKE_OK
UnityEngine.Debug:ExtractStackTraceNoAlloc (byte*,int,string)
UnityEngine.StackTraceUtility:ExtractStackTrace ()
UnityEngine.DebugLogHandler:Internal_Log (UnityEngine.LogType,UnityEngine.LogOption,string,UnityEngine.Object)
UnityEngine.DebugLogHandler:LogFormat (UnityEngine.LogType,UnityEngine.Object,string,object[])
UnityEngine.Logger:Log (UnityEngine.LogType,object)
UnityEngine.Debug:Log (object)
FruitDefense.Editor.DualGridTilemapSmoke:Validate () (at Assets/Editor/Tests/DualGridTilemapSmoke.cs:45)
FruitDefense.Editor.ProjectSetup:SmokeValidate () (at Assets/Editor/Tools/ProjectSetup.cs:246)
FruitDefense.Editor.P0ValidationSuite:Run () (at Assets/Editor/Tests/P0ValidationSuite.cs:18)

(Filename: Assets/Editor/Tests/DualGridTilemapSmoke.cs Line: 45)

Asset Pipeline Refresh (id=9bfaa704c8cf0124a86fdbe7e7be4c6f): Total: 0.003 seconds - Initiated by RefreshV2(NoUpdateAssetOptions)
Asset Pipeline Refresh (id=09635f1ff63a276499445c79c4819a9b): Total: 0.034 seconds - Initiated by RefreshV2(NoUpdateAssetOptions)
Square contour topology guide generated: Assets/LayeredTerrain/GrassSoil/Square/Topology/SquareContourTopologyGuide.png
UnityEngine.Debug:ExtractStackTraceNoAlloc (byte*,int,string)
UnityEngine.StackTraceUtility:ExtractStackTrace ()
UnityEngine.DebugLogHandler:Internal_Log (UnityEngine.LogType,UnityEngine.LogOption,string,UnityEngine.Object)
UnityEngine.DebugLogHandler:LogFormat (UnityEngine.LogType,UnityEngine.Object,string,object[])
UnityEngine.Logger:Log (UnityEngine.LogType,object)
UnityEngine.Debug:Log (object)
FruitDefense.Editor.SquareTerrainArtGenerator:GenerateTopologyGuide () (at Assets/Editor/Tools/SquareTerrainArtGenerator.cs:42)
FruitDefense.Editor.SquareTerrainArtGenerator:GenerateAvailableSquareAssets () (at Assets/Editor/Tools/SquareTerrainArtGenerator.cs:133)
FruitDefense.Editor.LayeredTerrainArtSetup:EnsurePaletteAssets () (at Assets/Editor/Tools/LayeredTerrainArtSetup.cs:62)
FruitDefense.Editor.LayeredTerrainTilemapSmoke:Validate () (at Assets/Editor/Tests/LayeredTerrainTilemapSmoke.cs:14)
FruitDefense.Editor.ProjectSetup:SmokeValidate () (at Assets/Editor/Tools/ProjectSetup.cs:247)
FruitDefense.Editor.P0ValidationSuite:Run () (at Assets/Editor/Tests/P0ValidationSuite.cs:18)

(Filename: Assets/Editor/Tools/SquareTerrainArtGenerator.cs Line: 42)

Asset Pipeline Refresh (id=a48e16a5c5e6536409106f2a3fbd492f): Total: 0.032 seconds - Initiated by RefreshV2(NoUpdateAssetOptions)
Asset Pipeline Refresh (id=dcf90c49496f8a54ca2730dbbad0fd6e): Total: 0.034 seconds - Initiated by RefreshV2(NoUpdateAssetOptions)
Asset Pipeline Refresh (id=cc7f246653ea4d44b8096d3c1a1a7198): Total: 0.025 seconds - Initiated by RefreshV2(NoUpdateAssetOptions)
Start importing Assets/LayeredTerrain/GrassSoil/Square/LandformStoneRoad/Mask-07.asset using Guid(b02fd980a2abc6b41974d859a777fb1d) (NativeFormatImporter) -> (artifact id: '09027e8d963d8fd928277d96f7735e27') in 0.0015558 seconds
Start importing Assets/LayeredTerrain/GrassSoil/Square/LandformGrass/Mask-05.asset using Guid(d04330ef8020b8a41b9e4589cb202101) (NativeFormatImporter) -> (artifact id: '4e5972f1b6c2ded32e8e48532b67135b') in 0.0013143 seconds
Start importing Assets/LayeredTerrain/GrassSoil/Square/LandformGrass/Mask-12.asset using Guid(d00b41817e9bc0741ad148ea3e94519a) (NativeFormatImporter) -> (artifact id: '9d0a3a48e4156b96b3c76ca702bf7bff') in 0.0012597 seconds
Start importing Assets/LayeredTerrain/GrassSoil/Square/LandformStoneRoad/Mask-13.asset using Guid(116a8c3b6ac195a4ebb8e3c7a9989ddc) (NativeFormatImporter) -> (artifact id: '871e193410b26687800828802aef7920') in 0.0012527 seconds
Start importing Assets/LayeredTerrain/GrassSoil/Square/LandformGrass/Mask-02.asset using Guid(315648227c153724090125e98f4cba15) (NativeFormatImporter) -> (artifact id: 'd08b86b0e86b5ac26e9107766d5008d1') in 0.0013289 seconds
Start importing Assets/LayeredTerrain/GrassSoil/Square/LandformStoneRoad/Mask-11.asset using Guid(519050a0a5a9f5847b095ee0b83437a0) (NativeFormatImporter) -> (artifact id: 'ae100c2ae270a66d81134616e885003c') in 0.0012523 seconds
Start importing Assets/LayeredTerrain/GrassSoil/Square/LandformGrass/Mask-14.asset using Guid(81815b76ad7c06c47bf1bc7b65624ffd) (NativeFormatImporter) -> (artifact id: 'e00c4c5ecbd51682bc3c65bf8d862a23') in 0.0012196 seconds
Start importing Assets/LayeredTerrain/GrassSoil/Square/LandformSoil/Mask-03.asset using Guid(b1c5384b4651e4a4a82d483cc64aae79) (NativeFormatImporter) -> (artifact id: '45c12fb41048b850cd7cb0f3e535436a') in 0.0011989 seconds
Start importing Assets/LayeredTerrain/GrassSoil/Square/LandformGrass/Mask-15.asset using Guid(027119ab30d86a546a5d935d6e9ec608) (NativeFormatImporter) -> (artifact id: '7e821f282e19a2a4d5825e548df9693a') in 0.0011871 seconds
Start importing Assets/LayeredTerrain/GrassSoil/Square/LandformGrass/Mask-00.asset using Guid(13f70a46e499e0146bffd256e7c14483) (NativeFormatImporter) -> (artifact id: '2a9713a59b72231d0d554c49e274b85a') in 0.0012095 seconds
Start importing Assets/LayeredTerrain/GrassSoil/Square/LandformSoil/Mask-00.asset using Guid(8303f71f8469fd7459473d47391ab0b3) (NativeFormatImporter) -> (artifact id: '1442dfc314550b70b27dde3dada60cc7') in 0.0011821 seconds
Start importing Assets/LayeredTerrain/GrassSoil/Square/LandformSoil/Mask-01.asset using Guid(d33072ada9e1bb749adcc5938680d51a) (NativeFormatImporter) -> (artifact id: '7a8f58bad24b64f744799cb0b0b9228f') in 0.0012247 seconds
Start importing Assets/LayeredTerrain/GrassSoil/Square/LandformStoneRoad/Mask-09.asset using Guid(d30b19c2c64338a4fa9211b305cf65b1) (NativeFormatImporter) -> (artifact id: '59211e6be04f7e5724ec1a1b38221d71') in 0.001211 seconds
Start importing Assets/LayeredTerrain/GrassSoil/Square/LandformSoil/Mask-13.asset using Guid(548b829df136ae948902efdc96ee70bb) (NativeFormatImporter) -> (artifact id: 'd770f2a72e8453a69c8ff146ee623ca5') in 0.0011627 seconds
Start importing Assets/LayeredTerrain/GrassSoil/Square/LandformStoneRoad/Mask-00.asset using Guid(74d1d4b679c3aec43af1bd30b6c4aea1) (NativeFormatImporter) -> (artifact id: '4c60ffb732228db343f89511449fce3b') in 0.0011803 seconds
Start importing Assets/LayeredTerrain/GrassSoil/Square/LandformGrass/Mask-01.asset using Guid(35cbc7e6bd8f2f84d9c7965779c9b2eb) (NativeFormatImporter) -> (artifact id: '7cd6fe12f157cd0a0b2a210183323c21') in 0.0013344 seconds
Start importing Assets/LayeredTerrain/GrassSoil/Square/LandformGrass/Mask-10.asset using Guid(5728d44dd2630ff40849746ce5d849d7) (NativeFormatImporter) -> (artifact id: '57d0e56c944d10ea9c02adfa74800a28') in 0.0012513 seconds
Start importing Assets/LayeredTerrain/GrassSoil/Square/LandformSoil/Mask-09.asset using Guid(67347eef4df492941b15d16b687e2cb7) (NativeFormatImporter) -> (artifact id: '0b3fee03fb07b35a5fbe9374ec056b4b') in 0.0012144 seconds
Start importing Assets/LayeredTerrain/GrassSoil/Square/LandformGrass/Mask-04.asset using Guid(87737865bdb87ec43864ad3d997d7626) (NativeFormatImporter) -> (artifact id: '83b9f8cc1d095defdc009bd1839b690f') in 0.0012054 seconds
Start importing Assets/LayeredTerrain/GrassSoil/Square/LandformSoil/Mask-02.asset using Guid(87e33da937f65d34fb027eebfd8c1343) (NativeFormatImporter) -> (artifact id: '031756e6cc2b3a5ef2ddcaf8740ee21f') in 0.0012069 seconds
Start importing Assets/LayeredTerrain/GrassSoil/Square/LandformGrass/Mask-08.asset using Guid(b781c12832a4cd84392ab7d35a405505) (NativeFormatImporter) -> (artifact id: 'c734ab3f59a9e28ca19de35691f15a63') in 0.001177 seconds
Start importing Assets/LayeredTerrain/GrassSoil/Square/LandformStoneRoad/Mask-04.asset using Guid(f70ec30b59552144a97e4da8fea5520c) (NativeFormatImporter) -> (artifact id: '67ab708a109917ddbe110252083911c2') in 0.0011842 seconds
Start importing Assets/LayeredTerrain/GrassSoil/Square/LandformStoneRoad/Mask-05.asset using Guid(08c7afe6a1108a84b9f8ac99c7fa610e) (NativeFormatImporter) -> (artifact id: 'a8026e8f0c10f4b634f0c477d7f79ba5') in 0.0011991 seconds
Start importing Assets/LayeredTerrain/GrassSoil/Square/LandformStoneRoad/Mask-14.asset using Guid(39202684bd500f14184c5131ac46a6dd) (NativeFormatImporter) -> (artifact id: 'b43c0e8abc2951d26427ba0ee51e7ebb') in 0.0011955 seconds
Start importing Assets/LayeredTerrain/GrassSoil/Square/LandformSoil/SoilSquareLandformTileSet.asset using Guid(897d878e9497c6e4d935ea42058d6001) (NativeFormatImporter) -> (artifact id: '17e85a477bcdc5aaf3c7a2ca1f1f5d8e') in 0.0012185 seconds
Start importing Assets/LayeredTerrain/GrassSoil/Square/LandformStoneRoad/StoneRoadSquareLandformTileSet.asset using Guid(0a6730ef0e26d5b49b9ae3129ee21909) (NativeFormatImporter) -> (artifact id: '48456893df0f467254b3256235820444') in 0.0012708 seconds
Start importing Assets/LayeredTerrain/GrassSoil/Square/LandformStoneRoad/Mask-10.asset using Guid(caa578d738fb0414e820ab1e3541b03f) (NativeFormatImporter) -> (artifact id: 'be4dcdbbc4fe728152242b70b5e9bb78') in 0.0012273 seconds
Start importing Assets/LayeredTerrain/GrassSoil/Square/LandformSoil/Mask-07.asset using Guid(2ce20b5da48d1ae43956c41d22ecd92e) (NativeFormatImporter) -> (artifact id: '7c41af1778c9689fc8cf1f4e4fcccd2c') in 0.0012276 seconds
Start importing Assets/LayeredTerrain/GrassSoil/Square/LandformSoil/Mask-11.asset using Guid(2c6bd62321830da498ea7724ae626857) (NativeFormatImporter) -> (artifact id: 'b1033fab3dddb68d369a244413a84ab3') in 0.0011693 seconds
Start importing Assets/LayeredTerrain/GrassSoil/Square/LandformStoneRoad/Mask-15.asset using Guid(5cbc1f25709453b4a90de7054d0ce9b7) (NativeFormatImporter) -> (artifact id: 'ca75aea14a03badd729ba37b57fc7710') in 0.001156 seconds
Start importing Assets/LayeredTerrain/GrassSoil/Square/LandformGrass/Mask-09.asset using Guid(8c5fb632240287d48a17621f58d3a651) (NativeFormatImporter) -> (artifact id: '77c6cf5113d6c96189dbf6818d84fd5f') in 0.0012176 seconds
Start importing Assets/LayeredTerrain/GrassSoil/Square/LandformSoil/Mask-12.asset using Guid(bc85f424c35a6c845b2186949136a828) (NativeFormatImporter) -> (artifact id: '08c355397adee775c3834a7a7a0bf465') in 0.0012392 seconds
Start importing Assets/LayeredTerrain/GrassSoil/Square/LandformSoil/Mask-10.asset using Guid(0dfe2c0efe3330c4d9570f0061d459b9) (NativeFormatImporter) -> (artifact id: '88decb540b9e036a0400c2d34dbc707c') in 0.0012025 seconds
Start importing Assets/LayeredTerrain/GrassSoil/Square/LandformGrass/Mask-03.asset using Guid(1db706b3e9547554e9081663c6442ba0) (NativeFormatImporter) -> (artifact id: 'fdfbe87044d88284093ccc42787947e0') in 0.0011978 seconds
Start importing Assets/LayeredTerrain/GrassSoil/Square/LandformStoneRoad/Mask-02.asset using Guid(1d9b71389b4697e4586703b25f185da7) (NativeFormatImporter) -> (artifact id: 'dbb50fa57ab28462356bbd1a8ebab835') in 0.0011679 seconds
Start importing Assets/LayeredTerrain/GrassSoil/Square/LandformSoil/Mask-05.asset using Guid(2de42da45e48f974e9a74a6970e6e643) (NativeFormatImporter) -> (artifact id: '6e739e360d22b33fd378e6acefe9d800') in 0.0011885 seconds
Start importing Assets/LayeredTerrain/GrassSoil/Square/LandformGrass/Mask-11.asset using Guid(5d253dc28016ae64db4653758ac0af88) (NativeFormatImporter) -> (artifact id: '4dbb166b77c04b10385ee89749d834d3') in 0.0011746 seconds
Start importing Assets/LayeredTerrain/GrassSoil/Square/LandformSoil/Mask-04.asset using Guid(5d4806f722710eb40b1cf937cc6498b6) (NativeFormatImporter) -> (artifact id: 'a825e4a02be2364dca6cd5d251c2a1af') in 0.0014234 seconds
Start importing Assets/LayeredTerrain/GrassSoil/Square/LandformStoneRoad/Mask-01.asset using Guid(add98a42caf91414387900c1b29b92c6) (NativeFormatImporter) -> (artifact id: 'a1a43dffdd1f7cdd6311169ade464c57') in 0.0012187 seconds
Start importing Assets/LayeredTerrain/GrassSoil/Square/LandformGrass/Mask-06.asset using Guid(cd0f4d7279da9f84caa8c319e7ab29f9) (NativeFormatImporter) -> (artifact id: '52937737c65259daea7bed84aa0a8a04') in 0.0012777 seconds
Start importing Assets/LayeredTerrain/GrassSoil/Square/LandformGrass/Mask-07.asset using Guid(4e65cf042fab2c1448282809779edb8a) (NativeFormatImporter) -> (artifact id: '8cc68977b954eb6d618706e748b65e8b') in 0.0012482 seconds
Start importing Assets/LayeredTerrain/GrassSoil/Square/LandformGrass/Mask-13.asset using Guid(7e2014d33d57f294f97dea5ed30b730c) (NativeFormatImporter) -> (artifact id: '93ec9328dc52bc61493ece4ef09f812b') in 0.0012181 seconds
Start importing Assets/LayeredTerrain/GrassSoil/Square/LandformSoil/Mask-14.asset using Guid(ae949dd8d7965fa41b1d3481d8bf8e30) (NativeFormatImporter) -> (artifact id: '13d3e8fadf25938fb6084c9eacdc285d') in 0.0012353 seconds
Start importing Assets/LayeredTerrain/GrassSoil/Square/LandformStoneRoad/Mask-08.asset using Guid(aecab5b9f537b5349adcff0900809717) (NativeFormatImporter) -> (artifact id: '6723e7d6eab214144e2a993643460ee5') in 0.0011845 seconds
Start importing Assets/LayeredTerrain/GrassSoil/Square/LandformSoil/Mask-15.asset using Guid(ce833c44287e15a44945e738038eb1c3) (NativeFormatImporter) -> (artifact id: '7c1ac2f82e318d432012af6c6509f07a') in 0.0012558 seconds
Start importing Assets/LayeredTerrain/GrassSoil/Square/LandformSoil/Mask-08.asset using Guid(ee6f4f16a4085914dbcb15919c60654c) (NativeFormatImporter) -> (artifact id: '2a403aad88716c1a9d6ee321599dc86f') in 0.0012745 seconds
Start importing Assets/LayeredTerrain/GrassSoil/Square/LandformStoneRoad/Mask-12.asset using Guid(2f49f6b2d05a8804097e79c69e515dc3) (NativeFormatImporter) -> (artifact id: '3512849ba8746b3929337e37047f52c2') in 0.0012263 seconds
Start importing Assets/LayeredTerrain/GrassSoil/Square/LandformSoil/Mask-06.asset using Guid(3ff6ff5cd14cc7441a6a84cdde5ff745) (NativeFormatImporter) -> (artifact id: 'c47a955bf9dc32d5bb761f8069ffd421') in 0.0013099 seconds
Start importing Assets/LayeredTerrain/GrassSoil/Square/LandformStoneRoad/Mask-06.asset using Guid(df46002ea561b404889b370e84a77f83) (NativeFormatImporter) -> (artifact id: 'c73fed30de3e790341265e9a3306482c') in 0.001252 seconds
Start importing Assets/LayeredTerrain/GrassSoil/Square/LandformStoneRoad/Mask-03.asset using Guid(df1e863caf3bc5441a0d4c507b76c311) (NativeFormatImporter) -> (artifact id: 'a9a2fb8e8c6cb1c0cdbe880f9de699ac') in 0.0012646 seconds
Start importing Assets/LayeredTerrain/GrassSoil/Square/LandformGrass/GrassSquareLandformTileSet.asset using Guid(ef399dc10411dd84ab6a276f72e506ea) (NativeFormatImporter) -> (artifact id: '3f3f806b6373e60abb62a5adaf65a9f7') in 0.0012188 seconds
Refreshing native plugins compatible for Editor in 0.16 ms, found 0 plugins.
Preloading 0 native plugins for Editor in 0.00 ms.
Asset Pipeline Refresh (id=b6ccf0e7a140e3646883cb92ec4b44b8): Total: 0.086 seconds - Initiated by StopAssetImportingV2(NoUpdateAssetOptions)
Native 256 px square grass, soil and stone-road landforms generated.
UnityEngine.Debug:ExtractStackTraceNoAlloc (byte*,int,string)
UnityEngine.StackTraceUtility:ExtractStackTrace ()
UnityEngine.DebugLogHandler:Internal_Log (UnityEngine.LogType,UnityEngine.LogOption,string,UnityEngine.Object)
UnityEngine.DebugLogHandler:LogFormat (UnityEngine.LogType,UnityEngine.Object,string,object[])
UnityEngine.Logger:Log (UnityEngine.LogType,object)
UnityEngine.Debug:Log (object)
FruitDefense.Editor.SquareTerrainArtGenerator:GenerateDeterministicLandforms () (at Assets/Editor/Tools/SquareTerrainArtGenerator.cs:87)
FruitDefense.Editor.SquareTerrainArtGenerator:GenerateAvailableSquareAssets () (at Assets/Editor/Tools/SquareTerrainArtGenerator.cs:134)
FruitDefense.Editor.LayeredTerrainArtSetup:EnsurePaletteAssets () (at Assets/Editor/Tools/LayeredTerrainArtSetup.cs:62)
FruitDefense.Editor.LayeredTerrainTilemapSmoke:Validate () (at Assets/Editor/Tests/LayeredTerrainTilemapSmoke.cs:14)
FruitDefense.Editor.ProjectSetup:SmokeValidate () (at Assets/Editor/Tools/ProjectSetup.cs:247)
FruitDefense.Editor.P0ValidationSuite:Run () (at Assets/Editor/Tests/P0ValidationSuite.cs:18)

(Filename: Assets/Editor/Tools/SquareTerrainArtGenerator.cs Line: 87)

Asset Pipeline Refresh (id=89735492425515543ae36b66b20ea192): Total: 0.028 seconds - Initiated by RefreshV2(NoUpdateAssetOptions)
Start importing Assets/LayeredTerrain/GrassSoil/Square/EdgeGrassOnSoilPainted/Mask-15.asset using Guid(a17969b175ec3354c8fe533c48257f94) (NativeFormatImporter) -> (artifact id: '99f211a0ff210a0c86467a3e625714fe') in 0.001446 seconds
Start importing Assets/LayeredTerrain/GrassSoil/Square/EdgeGrassOnSoilPainted/Mask-04.asset using Guid(e2449efc0c1116648a5b9cbfe33d8e81) (NativeFormatImporter) -> (artifact id: '18145ed9e628d5f8340c44824db6c8be') in 0.001254 seconds
Start importing Assets/LayeredTerrain/GrassSoil/Square/EdgeGrassOnSoilPainted/Mask-14.asset using Guid(4328f421ed4ea34439d6e4e50990e24a) (NativeFormatImporter) -> (artifact id: '6bbe4451c7dca2d4de869403308041cf') in 0.0012532 seconds
Start importing Assets/LayeredTerrain/GrassSoil/Square/EdgeGrassOnSoilPainted/Mask-11.asset using Guid(04aab987cd98a4440b66bb727667d8db) (NativeFormatImporter) -> (artifact id: 'eb6fb6ecd423e575e0946462aa243d66') in 0.0012034 seconds
Start importing Assets/LayeredTerrain/GrassSoil/Square/EdgeGrassOnSoilPainted/Mask-13.asset using Guid(75f61e4d96323eb4e906226b1dd8a16a) (NativeFormatImporter) -> (artifact id: '7952dc870547efbd422b012b46d2b17a') in 0.001268 seconds
Start importing Assets/LayeredTerrain/GrassSoil/Square/EdgeGrassOnSoilPainted/Mask-08.asset using Guid(062a9acbc752b0342becc47471c8dad4) (NativeFormatImporter) -> (artifact id: 'ee86fce3dc4587f247fc6e398cfff9cd') in 0.0012491 seconds
Start importing Assets/LayeredTerrain/GrassSoil/Square/EdgeGrassOnSoilPainted/Mask-12.asset using Guid(17347530ba5655e4cb59ff249a976ea1) (NativeFormatImporter) -> (artifact id: '27e6bc4eabc1e74cb23636389ffd9263') in 0.0012525 seconds
Start importing Assets/LayeredTerrain/GrassSoil/Square/EdgeGrassOnSoilPainted/Mask-00.asset using Guid(676ca911d7a7bbf408a30856d7cc6990) (NativeFormatImporter) -> (artifact id: '557d3d98682769dd5e96ded56f4299cf') in 0.0012554 seconds
Start importing Assets/LayeredTerrain/GrassSoil/Square/EdgeGrassOnSoilPainted/Mask-10.asset using Guid(e75c1031ec799e0448fd29d3082006b4) (NativeFormatImporter) -> (artifact id: 'c8e41218e8984dd46c91b31d7703de4f') in 0.0012242 seconds
Start importing Assets/LayeredTerrain/GrassSoil/Square/EdgeGrassOnSoilPainted/Mask-09.asset using Guid(a8a7730f3a6dd484198f1b19fed8a24f) (NativeFormatImporter) -> (artifact id: '5597baddb442bf8a928e37d39723d50b') in 0.0012633 seconds
Start importing Assets/LayeredTerrain/GrassSoil/Square/EdgeGrassOnSoilPainted/Mask-07.asset using Guid(f8b2f90201834fa478634d3f30f6af16) (NativeFormatImporter) -> (artifact id: 'a306cb5e617a8648a67a81dc94516e9e') in 0.0012063 seconds
Start importing Assets/LayeredTerrain/GrassSoil/Square/EdgeGrassOnSoilPainted/Mask-06.asset using Guid(19882d23e028ac94e8abd02f91624ba8) (NativeFormatImporter) -> (artifact id: '54900e8224e5828f7c6a4f69fec6db72') in 0.001213 seconds
Start importing Assets/LayeredTerrain/GrassSoil/Square/EdgeGrassOnSoilPainted/Mask-01.asset using Guid(b94d4b2cd03a1b04b83a81974d966227) (NativeFormatImporter) -> (artifact id: '7caf427609fab688c51f9caa2ce6a79f') in 0.0012159 seconds
Start importing Assets/LayeredTerrain/GrassSoil/Square/EdgeGrassOnSoilPainted/Mask-03.asset using Guid(1a4a3cc4af69bbc4aaabde52016c4f95) (NativeFormatImporter) -> (artifact id: 'af45f85c0f45a239757e36be7c184f6c') in 0.0011739 seconds
Start importing Assets/LayeredTerrain/GrassSoil/Square/EdgeGrassOnSoilPainted/Mask-05.asset using Guid(bacdc75efb95eda42aa6803845d196c4) (NativeFormatImporter) -> (artifact id: '6d469253745d86e884993bfadfef01d0') in 0.0012234 seconds
Start importing Assets/LayeredTerrain/GrassSoil/Square/EdgeGrassOnSoilPainted/GrassOnSoilSquarePaintedTileSet.asset using Guid(1b984e39e61f8734d8c54b032e84c3a3) (NativeFormatImporter) -> (artifact id: '612bda68ec02f7c1be620eb4ba627873') in 0.0012153 seconds
Start importing Assets/LayeredTerrain/GrassSoil/Square/EdgeGrassOnSoilPainted/Mask-02.asset using Guid(8d6a7e51f29762f4796204a57546e522) (NativeFormatImporter) -> (artifact id: '504e9a251c8e415c78cba5f93910b005') in 0.0011791 seconds
Refreshing native plugins compatible for Editor in 0.15 ms, found 0 plugins.
Preloading 0 native plugins for Editor in 0.00 ms.
Asset Pipeline Refresh (id=644eeca58906734488f3e59fe21f3c95): Total: 0.034 seconds - Initiated by StopAssetImportingV2(NoUpdateAssetOptions)
Accepted ribbon lip profile packaged as a top-down grass feather with base-grass RGB, guide-owned topology and no soil wall or outline.
UnityEngine.Debug:ExtractStackTraceNoAlloc (byte*,int,string)
UnityEngine.StackTraceUtility:ExtractStackTrace ()
UnityEngine.DebugLogHandler:Internal_Log (UnityEngine.LogType,UnityEngine.LogOption,string,UnityEngine.Object)
UnityEngine.DebugLogHandler:LogFormat (UnityEngine.LogType,UnityEngine.Object,string,object[])
UnityEngine.Logger:Log (UnityEngine.LogType,object)
UnityEngine.Debug:Log (object)
FruitDefense.Editor.SquareTerrainArtGenerator:PackageAcceptedGrassOnSoilCandidate () (at Assets/Editor/Tools/SquareTerrainArtGenerator.cs:126)
FruitDefense.Editor.SquareTerrainArtGenerator:GenerateAvailableSquareAssets () (at Assets/Editor/Tools/SquareTerrainArtGenerator.cs:138)
FruitDefense.Editor.LayeredTerrainArtSetup:EnsurePaletteAssets () (at Assets/Editor/Tools/LayeredTerrainArtSetup.cs:62)
FruitDefense.Editor.LayeredTerrainTilemapSmoke:Validate () (at Assets/Editor/Tests/LayeredTerrainTilemapSmoke.cs:14)
FruitDefense.Editor.ProjectSetup:SmokeValidate () (at Assets/Editor/Tools/ProjectSetup.cs:247)
FruitDefense.Editor.P0ValidationSuite:Run () (at Assets/Editor/Tests/P0ValidationSuite.cs:18)

(Filename: Assets/Editor/Tools/SquareTerrainArtGenerator.cs Line: 126)

Start importing Assets/LayeredTerrain/GrassSoil/LandformSoil/Mask-07.asset using Guid(40244693c163e6541baff892b129cb00) (NativeFormatImporter) -> (artifact id: 'e65830c68ae7e03467001a0296ab0069') in 0.0014842 seconds
Start importing Assets/LayeredTerrain/GrassSoil/EdgeGrassOnSoilRefined/Mask-07.asset using Guid(418e9fec0ca97b64ab0f4c86dc0fd006) (NativeFormatImporter) -> (artifact id: 'cd9c2cf18fdd38f609098f7d0cc15714') in 0.0012871 seconds
Start importing Assets/LayeredTerrain/CompositeBrushes/OriginalGrassSoil/OriginalGrassSoilReverseLandformTileSet.asset using Guid(813c3f8ce1d51a24093ce2c5ed1547fa) (NativeFormatImporter) -> (artifact id: 'b5291246265ecb7af0dd8a3a19f371a0') in 0.0012588 seconds
Start importing Assets/LayeredTerrain/GrassSoil/Authoring/SoilBase.asset using Guid(a158e7b4dd9e7c448b398f9b22a9f9c2) (NativeFormatImporter) -> (artifact id: '1d93f5ffd6651520cc292a513066cccb') in 0.0012324 seconds
Start importing Assets/LayeredTerrain/GrassSoil/EdgeGrassOnSoilRefined/Mask-05.asset using Guid(f15a3346efbbefb40babba4ef8f6ffa7) (NativeFormatImporter) -> (artifact id: '0325b05872f53d4d8922d91b29b864f9') in 0.0011907 seconds
Start importing Assets/LayeredTerrain/GrassSoil/LandformSoil/Mask-04.asset using Guid(f1fab5de0afca5445ba4970fcd52bbbe) (NativeFormatImporter) -> (artifact id: '09085b923c9ce06113de808e0225d25b') in 0.0011796 seconds
Start importing Assets/LayeredTerrain/GrassSoil/EdgeGrassOnSoilRefined/Mask-14.asset using Guid(1292b21714ab41b4197a410a29053ee2) (NativeFormatImporter) -> (artifact id: '113ba810aee874d1280699a85e7183b6') in 0.0011953 seconds
Start importing Assets/LayeredTerrain/GrassSoil/LandformGrass/Mask-08.asset using Guid(52e1998e35a61a047bd24dd910b6bb8c) (NativeFormatImporter) -> (artifact id: '675f77c88e6e0d975abaaae9f510d95d') in 0.0012086 seconds
Start importing Assets/LayeredTerrain/GrassSoil/EdgeGrassOnSoilRefined/Mask-15.asset using Guid(a2ee8cf7722d54542bb6934c3c7acca3) (NativeFormatImporter) -> (artifact id: '6edcf8d7d3f26ee03919cdd607084ab1') in 0.0012414 seconds
Start importing Assets/LayeredTerrain/GrassSoil/EdgeGrassOnSoilRefined/Mask-11.asset using Guid(c29b700cc6f883f4d8d20d2a190eee05) (NativeFormatImporter) -> (artifact id: 'f51c180f858faa73b198142b42927cfc') in 0.0012006 seconds
Start importing Assets/LayeredTerrain/GrassSoil/LandformGrass/Mask-07.asset using Guid(d285b7a144ce1134ba6f4b02b003db14) (NativeFormatImporter) -> (artifact id: '0038d19d51d9c42dea9465db3b105f39') in 0.001169 seconds
Start importing Assets/LayeredTerrain/GrassSoil/LandformSoil/Mask-01.asset using Guid(030d3f064f313fe4aa4dd2ab0ae33f07) (NativeFormatImporter) -> (artifact id: '3fd5251983b6578fd68bf6bc3bb3b4e3') in 0.0012381 seconds
Start importing Assets/LayeredTerrain/GrassSoil/EdgeGrassOnSoilRefined/Mask-10.asset using Guid(c32eb2f88b196e04f96b1b2b04ea7efe) (NativeFormatImporter) -> (artifact id: '2d01cd9893dc47967ba87373e479eb7e') in 0.0011938 seconds
Start importing Assets/LayeredTerrain/GrassSoil/LandformSoil/Mask-13.asset using Guid(04bdecbe02f95ef46986c7056c2b7c3b) (NativeFormatImporter) -> (artifact id: '15f31c02a38b8c10ecc25938dd45d64e') in 0.0011585 seconds
Start importing Assets/LayeredTerrain/GrassSoil/EdgeGrassOnSoilRefined/Mask-00.asset using Guid(e4a3c845026f4254892939518018693f) (NativeFormatImporter) -> (artifact id: '3a031e969e7d12b8ad7d8420c2b35c82') in 0.0011716 seconds
Start importing Assets/LayeredTerrain/GrassSoil/LandformSoil/Mask-03.asset using Guid(15a3542839f831f41a0a24e5e9e2f22c) (NativeFormatImporter) -> (artifact id: '6e77d59b695c8200cb85f17fa75a4b54') in 0.0012146 seconds
Start importing Assets/LayeredTerrain/GrassSoil/LandformSoil/Mask-02.asset using Guid(f587922c248637745a6249f84c52611e) (NativeFormatImporter) -> (artifact id: '75844366cc32f023f1e40453bee8aa54') in 0.0012258 seconds
Start importing Assets/LayeredTerrain/GrassSoil/LandformGrass/Mask-09.asset using Guid(165dc20b52db7d14488b55217f6ac108) (NativeFormatImporter) -> (artifact id: '72e38899c33e0e3ced6ed6d0356b17dc') in 0.0011924 seconds
Start importing Assets/LayeredTerrain/GrassSoil/LandformSoil/Mask-11.asset using Guid(86718e5a68b1dcc47854d71bba5a1c17) (NativeFormatImporter) -> (artifact id: '04f57e67d298deb7839321669f6f5937') in 0.0015847 seconds
Start importing Assets/LayeredTerrain/GrassSoil/EdgeGrassOnSoilRefined/Mask-09.asset using Guid(86c349d56e9db3e4e849d6749cdfbfbe) (NativeFormatImporter) -> (artifact id: 'a3a3937713e26dae2d17075614e230de') in 0.0012404 seconds
Start importing Assets/LayeredTerrain/CompositeBrushes/GrassSoil/GrassSoilReverseLandformTileSet.asset using Guid(17ff6febab517824eb695d29e0459a1f) (NativeFormatImporter) -> (artifact id: '3aac16350dc78571bdc4c034dd153e34') in 0.0013276 seconds
Start importing Assets/LayeredTerrain/GrassSoil/LandformSoil/Mask-09.asset using Guid(478b7d64a48c32541abd22cde03a7210) (NativeFormatImporter) -> (artifact id: 'df61b4f661f9c0aded60f089bd901d4a') in 0.0012192 seconds
Start importing Assets/LayeredTerrain/GrassSoil/LandformSoil/Mask-05.asset using Guid(878e7bb9dfa805f47b4b88fef4623c4b) (NativeFormatImporter) -> (artifact id: '6433cd5ece3fc29e9694b9c40d1cce7b') in 0.0011954 seconds
Start importing Assets/LayeredTerrain/CompositeBrushes/StoneWater/StoneWaterReverseLandformTileSet.asset using Guid(97ffcbb8c3ab6264e80693ccaf0c43de) (NativeFormatImporter) -> (artifact id: '098d79a46ae44df4e4eabca0ead85233') in 0.0011933 seconds
Start importing Assets/LayeredTerrain/GrassSoil/LandformSoil/Mask-14.asset using Guid(a7806afe4f019d445bbf552f9eece05e) (NativeFormatImporter) -> (artifact id: 'e86c3f661d3698b3e540fda453881940') in 0.0011614 seconds
Start importing Assets/LayeredTerrain/GrassSoil/EdgeGrassOnSoilRefined/Mask-13.asset using Guid(a7d1a82699efeae47a6ca0a5bb112ae7) (NativeFormatImporter) -> (artifact id: 'a78e3ab795bab51c2fb8875ea81a3142') in 0.0012418 seconds
Start importing Assets/LayeredTerrain/GrassSoil/EdgeGrassOnSoilRefined/GrassOnSoilRefinedTileSet.asset using Guid(b75665e5083dab441a2805aa7b5e1562) (NativeFormatImporter) -> (artifact id: '9a378045af94549dd04c416ddd049034') in 0.0012323 seconds
Start importing Assets/LayeredTerrain/GrassSoil/LandformGrass/Mask-14.asset using Guid(c7287b8c949516949b483b111ceb39a0) (NativeFormatImporter) -> (artifact id: '742a261e597b802d91fa4c4b50193514') in 0.0012375 seconds
Start importing Assets/LayeredTerrain/GrassSoil/LandformSoil/Mask-00.asset using Guid(88d5b3d83381240419fa7d0a9d6c2c63) (NativeFormatImporter) -> (artifact id: 'ec59939a8b52efe47b329a71ceccb6a9') in 0.0013115 seconds
Start importing Assets/LayeredTerrain/GrassSoil/LandformGrass/Mask-13.asset using Guid(e80621ea42744c243ac2ec385c32b338) (NativeFormatImporter) -> (artifact id: 'c073a20a8e0628f7baf4a55a699ae105') in 0.0012245 seconds
Start importing Assets/LayeredTerrain/GrassSoil/LandformGrass/Mask-00.asset using Guid(c92ffc9e81d587840892eb05cf844fbf) (NativeFormatImporter) -> (artifact id: '6de21ee1cddad2dc5dc822438a8f4094') in 0.0011783 seconds
Start importing Assets/LayeredTerrain/GrassSoil/LandformSoil/Mask-08.asset using Guid(d98e1448816e2f443a1e4e6b40e7cc25) (NativeFormatImporter) -> (artifact id: '8c84979613e06175002d882607152e4e') in 0.0012701 seconds
Start importing Assets/LayeredTerrain/GrassSoil/LandformSoil/Mask-15.asset using Guid(e95509ac4ec30484ab37daa221658805) (NativeFormatImporter) -> (artifact id: 'f96248f32c56c962dfe506862d5fb21b') in 0.0012021 seconds
Start importing Assets/LayeredTerrain/GrassSoil/EdgeGrassOnSoilRefined/Mask-06.asset using Guid(e9ac41d989ad93f4ca1a691487107c16) (NativeFormatImporter) -> (artifact id: 'e9daccbac2653977ee343c02f273f598') in 0.001183 seconds
Start importing Assets/LayeredTerrain/GrassSoil/LandformSoil/Mask-10.asset using Guid(f95d6c7578efacd4cb1f12c63e1d8ff8) (NativeFormatImporter) -> (artifact id: '90d43f8749769d1781298dd6bba5d61f') in 0.0012069 seconds
Start importing Assets/LayeredTerrain/GrassSoil/LandformGrass/Mask-10.asset using Guid(0a64b675a1f765c409b8f9deea1eb208) (NativeFormatImporter) -> (artifact id: '09c03947b8c465db650824308fe637f1') in 0.001203 seconds
Start importing Assets/LayeredTerrain/GrassSoil/EdgeGrassOnSoilRefined/Mask-12.asset using Guid(3a09b8d94e4515f4fa39c4292c8052a7) (NativeFormatImporter) -> (artifact id: 'af83cf963396621d9d3bad458f6ed2a9') in 0.001185 seconds
Start importing Assets/LayeredTerrain/GrassSoil/LandformSoil/Mask-06.asset using Guid(4ab46eb735954bf45977209e4a936a01) (NativeFormatImporter) -> (artifact id: '8450f37df15f7709b95c5c346493f1fd') in 0.0011829 seconds
Start importing Assets/LayeredTerrain/GrassSoil/LandformGrass/Mask-15.asset using Guid(7a5208b63b1d6284285e932c3708e65d) (NativeFormatImporter) -> (artifact id: '67ddae65d0c7a750e13eb34b9baf8365') in 0.0011777 seconds
Start importing Assets/LayeredTerrain/GrassSoil/LandformGrass/Mask-05.asset using Guid(3b4a2864fb45c5b4fae56fc1f697bbdd) (NativeFormatImporter) -> (artifact id: 'cf3f476c92289c5b074cb8ea3198ce61') in 0.0013801 seconds
Start importing Assets/LayeredTerrain/GrassSoil/EdgeGrassOnSoilRefined/Mask-08.asset using Guid(9b3d0613b51d86146bf5ea0994b42ddd) (NativeFormatImporter) -> (artifact id: '4e302c1a03e18f66e6c41c139ec180d3') in 0.001247 seconds
Start importing Assets/LayeredTerrain/GrassSoil/LandformGrass/Mask-11.asset using Guid(bb6bc251a6bbcf54480e7f80f2181f2a) (NativeFormatImporter) -> (artifact id: '857582d6d96bb87d66880447573db021') in 0.0012122 seconds
Start importing Assets/LayeredTerrain/GrassSoil/LandformSoil/Mask-12.asset using Guid(3cfb4949c07b1bf43bc66661515525d7) (NativeFormatImporter) -> (artifact id: '3a6ea6ab140b5d680c9d80d68e71cee7') in 0.0012043 seconds
Start importing Assets/LayeredTerrain/GrassSoil/EdgeGrassOnSoilRefined/Mask-04.asset using Guid(6cca3f06a711ab34992417d66eeec087) (NativeFormatImporter) -> (artifact id: 'be2a2aeb01573b6be77d3a2b070fef25') in 0.001244 seconds
Start importing Assets/LayeredTerrain/GrassSoil/Authoring/GrassBase.asset using Guid(3d71b1ea4e270714eb43b3b4541cda21) (NativeFormatImporter) -> (artifact id: '3f5ae16e96393bccc7f5f4d3650a3ce6') in 0.0011979 seconds
Start importing Assets/LayeredTerrain/GrassSoil/LandformGrass/Mask-06.asset using Guid(5d15d49b3c156ae479bd995b33107c67) (NativeFormatImporter) -> (artifact id: '05abb2ca9d5f1492af0ec896fb864d4e') in 0.0011936 seconds
Start importing Assets/LayeredTerrain/GrassSoil/LandformGrass/Mask-01.asset using Guid(7d609e3f17078a44f9a89e21b68ae180) (NativeFormatImporter) -> (artifact id: 'a1ebd9002be9baca60bb274969bc4dc2') in 0.0011927 seconds
Start importing Assets/LayeredTerrain/GrassSoil/LandformGrass/Mask-04.asset using Guid(ede22ab8e9b7bcc4da28aa41887e8614) (NativeFormatImporter) -> (artifact id: '42c1c0d805e7b323f147012ab0eb20fb') in 0.0011927 seconds
Start importing Assets/LayeredTerrain/GrassSoil/LandformSoil/SoilLandformTileSet.asset using Guid(3e1155418d0567f44af4b96697c9dd09) (NativeFormatImporter) -> (artifact id: 'df15b8c45196950bc4219bee97aafc82') in 0.001232 seconds
Start importing Assets/LayeredTerrain/GrassSoil/EdgeGrassOnSoilRefined/Mask-02.asset using Guid(6ef5433501c908740932ed7d05777790) (NativeFormatImporter) -> (artifact id: '25936841c896ee6e32acaadabe2f5ad9') in 0.0014941 seconds
Start importing Assets/LayeredTerrain/GrassSoil/EdgeGrassOnSoilRefined/Mask-01.asset using Guid(8e0671f07975b7c43b734d81c5ff11bc) (NativeFormatImporter) -> (artifact id: 'c6f3c5aa165967eeb465f4156418931b') in 0.0011856 seconds
Start importing Assets/LayeredTerrain/GrassSoil/EdgeGrassOnSoilRefined/Mask-03.asset using Guid(de5135a77f40df84b9a7170011242e63) (NativeFormatImporter) -> (artifact id: 'c4b8007304dbcd55f4ed04fb4957f5a6') in 0.0012084 seconds
Start importing Assets/LayeredTerrain/GrassSoil/LandformGrass/GrassLandformTileSet.asset using Guid(2fc47b69529dfb541a089c835adb5ce8) (NativeFormatImporter) -> (artifact id: '7d9b947ceee84338616124256f8ad829') in 0.0013132 seconds
Start importing Assets/LayeredTerrain/GrassSoil/LandformGrass/Mask-12.asset using Guid(bfcde0f6045b297478b7cca21b2bd212) (NativeFormatImporter) -> (artifact id: 'fcc2d08d622fb7725cf22421d7d46e31') in 0.0012344 seconds
Start importing Assets/LayeredTerrain/GrassSoil/LandformGrass/Mask-02.asset using Guid(cfb8b16aec24e064ba3c8b202f110c99) (NativeFormatImporter) -> (artifact id: '918a9e9785ac5cd4f4174f2fe29d6d53') in 0.0012387 seconds
Start importing Assets/LayeredTerrain/GrassSoil/LandformGrass/Mask-03.asset using Guid(cf797356fdd5ba54fb021059b4e0c786) (NativeFormatImporter) -> (artifact id: '297c0fc42e401c9d7fd0a377a3b5b28e') in 0.0012041 seconds
Refreshing native plugins compatible for Editor in 0.19 ms, found 0 plugins.
Preloading 0 native plugins for Editor in 0.00 ms.
Asset Pipeline Refresh (id=aef2547691b9ae046a51864611c187a4): Total: 0.094 seconds - Initiated by StopAssetImportingV2(NoUpdateAssetOptions)
Start importing Assets/LayeredTerrain/CompositeBrushes/OriginalGrassSoil/OriginalGrassSoilBrush.asset using Guid(21a71232d6e654e4b8c7960242ff7182) (NativeFormatImporter) -> (artifact id: '3547d87e50bc075e0e2036afaef240e2') in 0.0014346 seconds
Start importing Assets/LayeredTerrain/CompositeBrushes/OriginalGrassSoil/OriginalGrassSoilReverseLandformTileSet.asset using Guid(813c3f8ce1d51a24093ce2c5ed1547fa) (NativeFormatImporter) -> (artifact id: 'b5291246265ecb7af0dd8a3a19f371a0') in 0.0013861 seconds
Refreshing native plugins compatible for Editor in 0.15 ms, found 0 plugins.
Preloading 0 native plugins for Editor in 0.00 ms.
Asset Pipeline Refresh (id=adb196bbe06cd91498a7738ce19436c3): Total: 0.012 seconds - Initiated by StopAssetImportingV2(NoUpdateAssetOptions)
Start importing Assets/Battlefield/Terrain/OrchardDefaultTerrainPalette.asset using Guid(8f09d513b82ee0048abd5a50378dbb0c) (NativeFormatImporter) -> (artifact id: 'af117db4ea5f59db66e2603074e05e44') in 0.0015644 seconds
Refreshing native plugins compatible for Editor in 0.16 ms, found 0 plugins.
Preloading 0 native plugins for Editor in 0.00 ms.
Asset Pipeline Refresh (id=ec2e1b6b31648154c9df260cca3a799f): Total: 0.011 seconds - Initiated by StopAssetImportingV2(NoUpdateAssetOptions)
FRUIT_DEFENSE_LAYERED_TERRAIN_TILEMAP_OK
UnityEngine.Debug:ExtractStackTraceNoAlloc (byte*,int,string)
UnityEngine.StackTraceUtility:ExtractStackTrace ()
UnityEngine.DebugLogHandler:Internal_Log (UnityEngine.LogType,UnityEngine.LogOption,string,UnityEngine.Object)
UnityEngine.DebugLogHandler:LogFormat (UnityEngine.LogType,UnityEngine.Object,string,object[])
UnityEngine.Logger:Log (UnityEngine.LogType,object)
UnityEngine.Debug:Log (object)
FruitDefense.Editor.LayeredTerrainTilemapSmoke:Validate () (at Assets/Editor/Tests/LayeredTerrainTilemapSmoke.cs:153)
FruitDefense.Editor.ProjectSetup:SmokeValidate () (at Assets/Editor/Tools/ProjectSetup.cs:247)
FruitDefense.Editor.P0ValidationSuite:Run () (at Assets/Editor/Tests/P0ValidationSuite.cs:18)

(Filename: Assets/Editor/Tests/LayeredTerrainTilemapSmoke.cs Line: 153)

Asset Pipeline Refresh (id=dc0127388a0a9004a8b0d40a737015ef): Total: 0.010 seconds - Initiated by RefreshV2(NoUpdateAssetOptions)
Asset Pipeline Refresh (id=887ee040c1951e54a8e4b9b297d6468f): Total: 0.031 seconds - Initiated by RefreshV2(NoUpdateAssetOptions)
Square contour topology guide generated: Assets/LayeredTerrain/GrassSoil/Square/Topology/SquareContourTopologyGuide.png
UnityEngine.Debug:ExtractStackTraceNoAlloc (byte*,int,string)
UnityEngine.StackTraceUtility:ExtractStackTrace ()
UnityEngine.DebugLogHandler:Internal_Log (UnityEngine.LogType,UnityEngine.LogOption,string,UnityEngine.Object)
UnityEngine.DebugLogHandler:LogFormat (UnityEngine.LogType,UnityEngine.Object,string,object[])
UnityEngine.Logger:Log (UnityEngine.LogType,object)
UnityEngine.Debug:Log (object)
FruitDefense.Editor.SquareTerrainArtGenerator:GenerateTopologyGuide () (at Assets/Editor/Tools/SquareTerrainArtGenerator.cs:42)
FruitDefense.Editor.SquareTerrainArtGenerator:GenerateAvailableSquareAssets () (at Assets/Editor/Tools/SquareTerrainArtGenerator.cs:133)
FruitDefense.Editor.LayeredTerrainArtSetup:EnsurePaletteAssets () (at Assets/Editor/Tools/LayeredTerrainArtSetup.cs:62)
FruitDefense.Editor.LayeredTerrainPainterSmoke:Validate () (at Assets/Editor/Tests/LayeredTerrainPainterSmoke.cs:18)
FruitDefense.Editor.ProjectSetup:SmokeValidate () (at Assets/Editor/Tools/ProjectSetup.cs:248)
FruitDefense.Editor.P0ValidationSuite:Run () (at Assets/Editor/Tests/P0ValidationSuite.cs:18)

(Filename: Assets/Editor/Tools/SquareTerrainArtGenerator.cs Line: 42)

Asset Pipeline Refresh (id=7fc1648c93c97d9468be361529faf8ce): Total: 0.036 seconds - Initiated by RefreshV2(NoUpdateAssetOptions)
Asset Pipeline Refresh (id=ff6f925125278e8468e239b16145312d): Total: 0.026 seconds - Initiated by RefreshV2(NoUpdateAssetOptions)
Asset Pipeline Refresh (id=9a0424feb41c9ea4ebe1c5cd5f4f6850): Total: 0.025 seconds - Initiated by RefreshV2(NoUpdateAssetOptions)
Start importing Assets/LayeredTerrain/GrassSoil/Square/LandformStoneRoad/Mask-07.asset using Guid(b02fd980a2abc6b41974d859a777fb1d) (NativeFormatImporter) -> (artifact id: '09027e8d963d8fd928277d96f7735e27') in 0.0016523 seconds
Start importing Assets/LayeredTerrain/GrassSoil/Square/LandformGrass/Mask-05.asset using Guid(d04330ef8020b8a41b9e4589cb202101) (NativeFormatImporter) -> (artifact id: '4e5972f1b6c2ded32e8e48532b67135b') in 0.0013429 seconds
Start importing Assets/LayeredTerrain/GrassSoil/Square/LandformGrass/Mask-12.asset using Guid(d00b41817e9bc0741ad148ea3e94519a) (NativeFormatImporter) -> (artifact id: '9d0a3a48e4156b96b3c76ca702bf7bff') in 0.0012204 seconds
Start importing Assets/LayeredTerrain/GrassSoil/Square/LandformStoneRoad/Mask-13.asset using Guid(116a8c3b6ac195a4ebb8e3c7a9989ddc) (NativeFormatImporter) -> (artifact id: '871e193410b26687800828802aef7920') in 0.0012609 seconds
Start importing Assets/LayeredTerrain/GrassSoil/Square/LandformGrass/Mask-02.asset using Guid(315648227c153724090125e98f4cba15) (NativeFormatImporter) -> (artifact id: 'd08b86b0e86b5ac26e9107766d5008d1') in 0.0013505 seconds
Start importing Assets/LayeredTerrain/GrassSoil/Square/LandformStoneRoad/Mask-11.asset using Guid(519050a0a5a9f5847b095ee0b83437a0) (NativeFormatImporter) -> (artifact id: 'ae100c2ae270a66d81134616e885003c') in 0.0014594 seconds
Start importing Assets/LayeredTerrain/GrassSoil/Square/LandformGrass/Mask-14.asset using Guid(81815b76ad7c06c47bf1bc7b65624ffd) (NativeFormatImporter) -> (artifact id: 'e00c4c5ecbd51682bc3c65bf8d862a23') in 0.0013629 seconds
Start importing Assets/LayeredTerrain/GrassSoil/Square/LandformSoil/Mask-03.asset using Guid(b1c5384b4651e4a4a82d483cc64aae79) (NativeFormatImporter) -> (artifact id: '45c12fb41048b850cd7cb0f3e535436a') in 0.0012448 seconds
Start importing Assets/LayeredTerrain/GrassSoil/Square/LandformGrass/Mask-15.asset using Guid(027119ab30d86a546a5d935d6e9ec608) (NativeFormatImporter) -> (artifact id: '7e821f282e19a2a4d5825e548df9693a') in 0.0012241 seconds
Start importing Assets/LayeredTerrain/GrassSoil/Square/LandformGrass/Mask-00.asset using Guid(13f70a46e499e0146bffd256e7c14483) (NativeFormatImporter) -> (artifact id: '2a9713a59b72231d0d554c49e274b85a') in 0.0012304 seconds
Start importing Assets/LayeredTerrain/GrassSoil/Square/LandformSoil/Mask-00.asset using Guid(8303f71f8469fd7459473d47391ab0b3) (NativeFormatImporter) -> (artifact id: '1442dfc314550b70b27dde3dada60cc7') in 0.0012118 seconds
Start importing Assets/LayeredTerrain/GrassSoil/Square/LandformSoil/Mask-01.asset using Guid(d33072ada9e1bb749adcc5938680d51a) (NativeFormatImporter) -> (artifact id: '7a8f58bad24b64f744799cb0b0b9228f') in 0.001204 seconds
Start importing Assets/LayeredTerrain/GrassSoil/Square/LandformStoneRoad/Mask-09.asset using Guid(d30b19c2c64338a4fa9211b305cf65b1) (NativeFormatImporter) -> (artifact id: '59211e6be04f7e5724ec1a1b38221d71') in 0.0012162 seconds
Start importing Assets/LayeredTerrain/GrassSoil/Square/LandformSoil/Mask-13.asset using Guid(548b829df136ae948902efdc96ee70bb) (NativeFormatImporter) -> (artifact id: 'd770f2a72e8453a69c8ff146ee623ca5') in 0.0012089 seconds
Start importing Assets/LayeredTerrain/GrassSoil/Square/LandformStoneRoad/Mask-00.asset using Guid(74d1d4b679c3aec43af1bd30b6c4aea1) (NativeFormatImporter) -> (artifact id: '4c60ffb732228db343f89511449fce3b') in 0.0014206 seconds
Start importing Assets/LayeredTerrain/GrassSoil/Square/LandformGrass/Mask-01.asset using Guid(35cbc7e6bd8f2f84d9c7965779c9b2eb) (NativeFormatImporter) -> (artifact id: '7cd6fe12f157cd0a0b2a210183323c21') in 0.0013928 seconds
Start importing Assets/LayeredTerrain/GrassSoil/Square/LandformGrass/Mask-10.asset using Guid(5728d44dd2630ff40849746ce5d849d7) (NativeFormatImporter) -> (artifact id: '57d0e56c944d10ea9c02adfa74800a28') in 0.001305 seconds
Start importing Assets/LayeredTerrain/GrassSoil/Square/LandformSoil/Mask-09.asset using Guid(67347eef4df492941b15d16b687e2cb7) (NativeFormatImporter) -> (artifact id: '0b3fee03fb07b35a5fbe9374ec056b4b') in 0.0012768 seconds
Start importing Assets/LayeredTerrain/GrassSoil/Square/LandformGrass/Mask-04.asset using Guid(87737865bdb87ec43864ad3d997d7626) (NativeFormatImporter) -> (artifact id: '83b9f8cc1d095defdc009bd1839b690f') in 0.0012331 seconds
Start importing Assets/LayeredTerrain/GrassSoil/Square/LandformSoil/Mask-02.asset using Guid(87e33da937f65d34fb027eebfd8c1343) (NativeFormatImporter) -> (artifact id: '031756e6cc2b3a5ef2ddcaf8740ee21f') in 0.0013264 seconds
Start importing Assets/LayeredTerrain/GrassSoil/Square/LandformGrass/Mask-08.asset using Guid(b781c12832a4cd84392ab7d35a405505) (NativeFormatImporter) -> (artifact id: 'c734ab3f59a9e28ca19de35691f15a63') in 0.0013668 seconds
Start importing Assets/LayeredTerrain/GrassSoil/Square/LandformStoneRoad/Mask-04.asset using Guid(f70ec30b59552144a97e4da8fea5520c) (NativeFormatImporter) -> (artifact id: '67ab708a109917ddbe110252083911c2') in 0.0012334 seconds
Start importing Assets/LayeredTerrain/GrassSoil/Square/LandformStoneRoad/Mask-05.asset using Guid(08c7afe6a1108a84b9f8ac99c7fa610e) (NativeFormatImporter) -> (artifact id: 'a8026e8f0c10f4b634f0c477d7f79ba5') in 0.0012909 seconds
Start importing Assets/LayeredTerrain/GrassSoil/Square/LandformStoneRoad/Mask-14.asset using Guid(39202684bd500f14184c5131ac46a6dd) (NativeFormatImporter) -> (artifact id: 'b43c0e8abc2951d26427ba0ee51e7ebb') in 0.0012681 seconds
Start importing Assets/LayeredTerrain/GrassSoil/Square/LandformSoil/SoilSquareLandformTileSet.asset using Guid(897d878e9497c6e4d935ea42058d6001) (NativeFormatImporter) -> (artifact id: '17e85a477bcdc5aaf3c7a2ca1f1f5d8e') in 0.0012299 seconds
Start importing Assets/LayeredTerrain/GrassSoil/Square/LandformStoneRoad/StoneRoadSquareLandformTileSet.asset using Guid(0a6730ef0e26d5b49b9ae3129ee21909) (NativeFormatImporter) -> (artifact id: '48456893df0f467254b3256235820444') in 0.0013571 seconds
Start importing Assets/LayeredTerrain/GrassSoil/Square/LandformStoneRoad/Mask-10.asset using Guid(caa578d738fb0414e820ab1e3541b03f) (NativeFormatImporter) -> (artifact id: 'be4dcdbbc4fe728152242b70b5e9bb78') in 0.0012498 seconds
Start importing Assets/LayeredTerrain/GrassSoil/Square/LandformSoil/Mask-07.asset using Guid(2ce20b5da48d1ae43956c41d22ecd92e) (NativeFormatImporter) -> (artifact id: '7c41af1778c9689fc8cf1f4e4fcccd2c') in 0.0012611 seconds
Start importing Assets/LayeredTerrain/GrassSoil/Square/LandformSoil/Mask-11.asset using Guid(2c6bd62321830da498ea7724ae626857) (NativeFormatImporter) -> (artifact id: 'b1033fab3dddb68d369a244413a84ab3') in 0.0011972 seconds
Start importing Assets/LayeredTerrain/GrassSoil/Square/LandformStoneRoad/Mask-15.asset using Guid(5cbc1f25709453b4a90de7054d0ce9b7) (NativeFormatImporter) -> (artifact id: 'ca75aea14a03badd729ba37b57fc7710') in 0.0012067 seconds
Start importing Assets/LayeredTerrain/GrassSoil/Square/LandformGrass/Mask-09.asset using Guid(8c5fb632240287d48a17621f58d3a651) (NativeFormatImporter) -> (artifact id: '77c6cf5113d6c96189dbf6818d84fd5f') in 0.0012012 seconds
Start importing Assets/LayeredTerrain/GrassSoil/Square/LandformSoil/Mask-12.asset using Guid(bc85f424c35a6c845b2186949136a828) (NativeFormatImporter) -> (artifact id: '08c355397adee775c3834a7a7a0bf465') in 0.0011735 seconds
Start importing Assets/LayeredTerrain/GrassSoil/Square/LandformSoil/Mask-10.asset using Guid(0dfe2c0efe3330c4d9570f0061d459b9) (NativeFormatImporter) -> (artifact id: '88decb540b9e036a0400c2d34dbc707c') in 0.0012111 seconds
Start importing Assets/LayeredTerrain/GrassSoil/Square/LandformGrass/Mask-03.asset using Guid(1db706b3e9547554e9081663c6442ba0) (NativeFormatImporter) -> (artifact id: 'fdfbe87044d88284093ccc42787947e0') in 0.0011998 seconds
Start importing Assets/LayeredTerrain/GrassSoil/Square/LandformStoneRoad/Mask-02.asset using Guid(1d9b71389b4697e4586703b25f185da7) (NativeFormatImporter) -> (artifact id: 'dbb50fa57ab28462356bbd1a8ebab835') in 0.0012041 seconds
Start importing Assets/LayeredTerrain/GrassSoil/Square/LandformSoil/Mask-05.asset using Guid(2de42da45e48f974e9a74a6970e6e643) (NativeFormatImporter) -> (artifact id: '6e739e360d22b33fd378e6acefe9d800') in 0.0012402 seconds
Start importing Assets/LayeredTerrain/GrassSoil/Square/LandformGrass/Mask-11.asset using Guid(5d253dc28016ae64db4653758ac0af88) (NativeFormatImporter) -> (artifact id: '4dbb166b77c04b10385ee89749d834d3') in 0.0015345 seconds
Start importing Assets/LayeredTerrain/GrassSoil/Square/LandformSoil/Mask-04.asset using Guid(5d4806f722710eb40b1cf937cc6498b6) (NativeFormatImporter) -> (artifact id: 'a825e4a02be2364dca6cd5d251c2a1af') in 0.0013195 seconds
Start importing Assets/LayeredTerrain/GrassSoil/Square/LandformStoneRoad/Mask-01.asset using Guid(add98a42caf91414387900c1b29b92c6) (NativeFormatImporter) -> (artifact id: 'a1a43dffdd1f7cdd6311169ade464c57') in 0.0012979 seconds
Start importing Assets/LayeredTerrain/GrassSoil/Square/LandformGrass/Mask-06.asset using Guid(cd0f4d7279da9f84caa8c319e7ab29f9) (NativeFormatImporter) -> (artifact id: '52937737c65259daea7bed84aa0a8a04') in 0.0012959 seconds
Start importing Assets/LayeredTerrain/GrassSoil/Square/LandformGrass/Mask-07.asset using Guid(4e65cf042fab2c1448282809779edb8a) (NativeFormatImporter) -> (artifact id: '8cc68977b954eb6d618706e748b65e8b') in 0.0012109 seconds
Start importing Assets/LayeredTerrain/GrassSoil/Square/LandformGrass/Mask-13.asset using Guid(7e2014d33d57f294f97dea5ed30b730c) (NativeFormatImporter) -> (artifact id: '93ec9328dc52bc61493ece4ef09f812b') in 0.0012395 seconds
Start importing Assets/LayeredTerrain/GrassSoil/Square/LandformSoil/Mask-14.asset using Guid(ae949dd8d7965fa41b1d3481d8bf8e30) (NativeFormatImporter) -> (artifact id: '13d3e8fadf25938fb6084c9eacdc285d') in 0.001261 seconds
Start importing Assets/LayeredTerrain/GrassSoil/Square/LandformStoneRoad/Mask-08.asset using Guid(aecab5b9f537b5349adcff0900809717) (NativeFormatImporter) -> (artifact id: '6723e7d6eab214144e2a993643460ee5') in 0.0012903 seconds
Start importing Assets/LayeredTerrain/GrassSoil/Square/LandformSoil/Mask-15.asset using Guid(ce833c44287e15a44945e738038eb1c3) (NativeFormatImporter) -> (artifact id: '7c1ac2f82e318d432012af6c6509f07a') in 0.0012717 seconds
Start importing Assets/LayeredTerrain/GrassSoil/Square/LandformSoil/Mask-08.asset using Guid(ee6f4f16a4085914dbcb15919c60654c) (NativeFormatImporter) -> (artifact id: '2a403aad88716c1a9d6ee321599dc86f') in 0.0013808 seconds
Start importing Assets/LayeredTerrain/GrassSoil/Square/LandformStoneRoad/Mask-12.asset using Guid(2f49f6b2d05a8804097e79c69e515dc3) (NativeFormatImporter) -> (artifact id: '3512849ba8746b3929337e37047f52c2') in 0.0013381 seconds
Start importing Assets/LayeredTerrain/GrassSoil/Square/LandformSoil/Mask-06.asset using Guid(3ff6ff5cd14cc7441a6a84cdde5ff745) (NativeFormatImporter) -> (artifact id: 'c47a955bf9dc32d5bb761f8069ffd421') in 0.0011827 seconds
Start importing Assets/LayeredTerrain/GrassSoil/Square/LandformStoneRoad/Mask-06.asset using Guid(df46002ea561b404889b370e84a77f83) (NativeFormatImporter) -> (artifact id: 'c73fed30de3e790341265e9a3306482c') in 0.0012109 seconds
Start importing Assets/LayeredTerrain/GrassSoil/Square/LandformStoneRoad/Mask-03.asset using Guid(df1e863caf3bc5441a0d4c507b76c311) (NativeFormatImporter) -> (artifact id: 'a9a2fb8e8c6cb1c0cdbe880f9de699ac') in 0.0012289 seconds
Start importing Assets/LayeredTerrain/GrassSoil/Square/LandformGrass/GrassSquareLandformTileSet.asset using Guid(ef399dc10411dd84ab6a276f72e506ea) (NativeFormatImporter) -> (artifact id: '3f3f806b6373e60abb62a5adaf65a9f7') in 0.0012383 seconds
Refreshing native plugins compatible for Editor in 0.17 ms, found 0 plugins.
Preloading 0 native plugins for Editor in 0.00 ms.
Asset Pipeline Refresh (id=992bdd11ade289942ae6418cb55cd44f): Total: 0.089 seconds - Initiated by StopAssetImportingV2(NoUpdateAssetOptions)
Native 256 px square grass, soil and stone-road landforms generated.
UnityEngine.Debug:ExtractStackTraceNoAlloc (byte*,int,string)
UnityEngine.StackTraceUtility:ExtractStackTrace ()
UnityEngine.DebugLogHandler:Internal_Log (UnityEngine.LogType,UnityEngine.LogOption,string,UnityEngine.Object)
UnityEngine.DebugLogHandler:LogFormat (UnityEngine.LogType,UnityEngine.Object,string,object[])
UnityEngine.Logger:Log (UnityEngine.LogType,object)
UnityEngine.Debug:Log (object)
FruitDefense.Editor.SquareTerrainArtGenerator:GenerateDeterministicLandforms () (at Assets/Editor/Tools/SquareTerrainArtGenerator.cs:87)
FruitDefense.Editor.SquareTerrainArtGenerator:GenerateAvailableSquareAssets () (at Assets/Editor/Tools/SquareTerrainArtGenerator.cs:134)
FruitDefense.Editor.LayeredTerrainArtSetup:EnsurePaletteAssets () (at Assets/Editor/Tools/LayeredTerrainArtSetup.cs:62)
FruitDefense.Editor.LayeredTerrainPainterSmoke:Validate () (at Assets/Editor/Tests/LayeredTerrainPainterSmoke.cs:18)
FruitDefense.Editor.ProjectSetup:SmokeValidate () (at Assets/Editor/Tools/ProjectSetup.cs:248)
FruitDefense.Editor.P0ValidationSuite:Run () (at Assets/Editor/Tests/P0ValidationSuite.cs:18)

(Filename: Assets/Editor/Tools/SquareTerrainArtGenerator.cs Line: 87)

Asset Pipeline Refresh (id=e900efa6d7b2656498998e67f7017fd7): Total: 0.029 seconds - Initiated by RefreshV2(NoUpdateAssetOptions)
Start importing Assets/LayeredTerrain/GrassSoil/Square/EdgeGrassOnSoilPainted/Mask-15.asset using Guid(a17969b175ec3354c8fe533c48257f94) (NativeFormatImporter) -> (artifact id: '99f211a0ff210a0c86467a3e625714fe') in 0.0016718 seconds
Start importing Assets/LayeredTerrain/GrassSoil/Square/EdgeGrassOnSoilPainted/Mask-04.asset using Guid(e2449efc0c1116648a5b9cbfe33d8e81) (NativeFormatImporter) -> (artifact id: '18145ed9e628d5f8340c44824db6c8be') in 0.0014544 seconds
Start importing Assets/LayeredTerrain/GrassSoil/Square/EdgeGrassOnSoilPainted/Mask-14.asset using Guid(4328f421ed4ea34439d6e4e50990e24a) (NativeFormatImporter) -> (artifact id: '6bbe4451c7dca2d4de869403308041cf') in 0.0013178 seconds
Start importing Assets/LayeredTerrain/GrassSoil/Square/EdgeGrassOnSoilPainted/Mask-11.asset using Guid(04aab987cd98a4440b66bb727667d8db) (NativeFormatImporter) -> (artifact id: 'eb6fb6ecd423e575e0946462aa243d66') in 0.0012601 seconds
Start importing Assets/LayeredTerrain/GrassSoil/Square/EdgeGrassOnSoilPainted/Mask-13.asset using Guid(75f61e4d96323eb4e906226b1dd8a16a) (NativeFormatImporter) -> (artifact id: '7952dc870547efbd422b012b46d2b17a') in 0.0012558 seconds
Start importing Assets/LayeredTerrain/GrassSoil/Square/EdgeGrassOnSoilPainted/Mask-08.asset using Guid(062a9acbc752b0342becc47471c8dad4) (NativeFormatImporter) -> (artifact id: 'ee86fce3dc4587f247fc6e398cfff9cd') in 0.0013051 seconds
Start importing Assets/LayeredTerrain/GrassSoil/Square/EdgeGrassOnSoilPainted/Mask-12.asset using Guid(17347530ba5655e4cb59ff249a976ea1) (NativeFormatImporter) -> (artifact id: '27e6bc4eabc1e74cb23636389ffd9263') in 0.0012662 seconds
Start importing Assets/LayeredTerrain/GrassSoil/Square/EdgeGrassOnSoilPainted/Mask-00.asset using Guid(676ca911d7a7bbf408a30856d7cc6990) (NativeFormatImporter) -> (artifact id: '557d3d98682769dd5e96ded56f4299cf') in 0.0013427 seconds
Start importing Assets/LayeredTerrain/GrassSoil/Square/EdgeGrassOnSoilPainted/Mask-10.asset using Guid(e75c1031ec799e0448fd29d3082006b4) (NativeFormatImporter) -> (artifact id: 'c8e41218e8984dd46c91b31d7703de4f') in 0.0013416 seconds
Start importing Assets/LayeredTerrain/GrassSoil/Square/EdgeGrassOnSoilPainted/Mask-09.asset using Guid(a8a7730f3a6dd484198f1b19fed8a24f) (NativeFormatImporter) -> (artifact id: '5597baddb442bf8a928e37d39723d50b') in 0.001394 seconds
Start importing Assets/LayeredTerrain/GrassSoil/Square/EdgeGrassOnSoilPainted/Mask-07.asset using Guid(f8b2f90201834fa478634d3f30f6af16) (NativeFormatImporter) -> (artifact id: 'a306cb5e617a8648a67a81dc94516e9e') in 0.0012767 seconds
Start importing Assets/LayeredTerrain/GrassSoil/Square/EdgeGrassOnSoilPainted/Mask-06.asset using Guid(19882d23e028ac94e8abd02f91624ba8) (NativeFormatImporter) -> (artifact id: '54900e8224e5828f7c6a4f69fec6db72') in 0.0014495 seconds
Start importing Assets/LayeredTerrain/GrassSoil/Square/EdgeGrassOnSoilPainted/Mask-01.asset using Guid(b94d4b2cd03a1b04b83a81974d966227) (NativeFormatImporter) -> (artifact id: '7caf427609fab688c51f9caa2ce6a79f') in 0.0012305 seconds
Start importing Assets/LayeredTerrain/GrassSoil/Square/EdgeGrassOnSoilPainted/Mask-03.asset using Guid(1a4a3cc4af69bbc4aaabde52016c4f95) (NativeFormatImporter) -> (artifact id: 'af45f85c0f45a239757e36be7c184f6c') in 0.0012111 seconds
Start importing Assets/LayeredTerrain/GrassSoil/Square/EdgeGrassOnSoilPainted/Mask-05.asset using Guid(bacdc75efb95eda42aa6803845d196c4) (NativeFormatImporter) -> (artifact id: '6d469253745d86e884993bfadfef01d0') in 0.0013835 seconds
Start importing Assets/LayeredTerrain/GrassSoil/Square/EdgeGrassOnSoilPainted/GrassOnSoilSquarePaintedTileSet.asset using Guid(1b984e39e61f8734d8c54b032e84c3a3) (NativeFormatImporter) -> (artifact id: '612bda68ec02f7c1be620eb4ba627873') in 0.0012686 seconds
Start importing Assets/LayeredTerrain/GrassSoil/Square/EdgeGrassOnSoilPainted/Mask-02.asset using Guid(8d6a7e51f29762f4796204a57546e522) (NativeFormatImporter) -> (artifact id: '504e9a251c8e415c78cba5f93910b005') in 0.0012244 seconds
Refreshing native plugins compatible for Editor in 0.16 ms, found 0 plugins.
Preloading 0 native plugins for Editor in 0.00 ms.
Asset Pipeline Refresh (id=e1c41413658c66d40a2be065315e8a92): Total: 0.036 seconds - Initiated by StopAssetImportingV2(NoUpdateAssetOptions)
Accepted ribbon lip profile packaged as a top-down grass feather with base-grass RGB, guide-owned topology and no soil wall or outline.
UnityEngine.Debug:ExtractStackTraceNoAlloc (byte*,int,string)
UnityEngine.StackTraceUtility:ExtractStackTrace ()
UnityEngine.DebugLogHandler:Internal_Log (UnityEngine.LogType,UnityEngine.LogOption,string,UnityEngine.Object)
UnityEngine.DebugLogHandler:LogFormat (UnityEngine.LogType,UnityEngine.Object,string,object[])
UnityEngine.Logger:Log (UnityEngine.LogType,object)
UnityEngine.Debug:Log (object)
FruitDefense.Editor.SquareTerrainArtGenerator:PackageAcceptedGrassOnSoilCandidate () (at Assets/Editor/Tools/SquareTerrainArtGenerator.cs:126)
FruitDefense.Editor.SquareTerrainArtGenerator:GenerateAvailableSquareAssets () (at Assets/Editor/Tools/SquareTerrainArtGenerator.cs:138)
FruitDefense.Editor.LayeredTerrainArtSetup:EnsurePaletteAssets () (at Assets/Editor/Tools/LayeredTerrainArtSetup.cs:62)
FruitDefense.Editor.LayeredTerrainPainterSmoke:Validate () (at Assets/Editor/Tests/LayeredTerrainPainterSmoke.cs:18)
FruitDefense.Editor.ProjectSetup:SmokeValidate () (at Assets/Editor/Tools/ProjectSetup.cs:248)
FruitDefense.Editor.P0ValidationSuite:Run () (at Assets/Editor/Tests/P0ValidationSuite.cs:18)

(Filename: Assets/Editor/Tools/SquareTerrainArtGenerator.cs Line: 126)

Start importing Assets/LayeredTerrain/GrassSoil/LandformSoil/Mask-07.asset using Guid(40244693c163e6541baff892b129cb00) (NativeFormatImporter) -> (artifact id: 'e65830c68ae7e03467001a0296ab0069') in 0.0017756 seconds
Start importing Assets/LayeredTerrain/GrassSoil/EdgeGrassOnSoilRefined/Mask-07.asset using Guid(418e9fec0ca97b64ab0f4c86dc0fd006) (NativeFormatImporter) -> (artifact id: 'cd9c2cf18fdd38f609098f7d0cc15714') in 0.0018151 seconds
Start importing Assets/LayeredTerrain/CompositeBrushes/OriginalGrassSoil/OriginalGrassSoilReverseLandformTileSet.asset using Guid(813c3f8ce1d51a24093ce2c5ed1547fa) (NativeFormatImporter) -> (artifact id: 'b5291246265ecb7af0dd8a3a19f371a0') in 0.0016165 seconds
Start importing Assets/LayeredTerrain/GrassSoil/Authoring/SoilBase.asset using Guid(a158e7b4dd9e7c448b398f9b22a9f9c2) (NativeFormatImporter) -> (artifact id: '1d93f5ffd6651520cc292a513066cccb') in 0.001518 seconds
Start importing Assets/LayeredTerrain/GrassSoil/EdgeGrassOnSoilRefined/Mask-05.asset using Guid(f15a3346efbbefb40babba4ef8f6ffa7) (NativeFormatImporter) -> (artifact id: '0325b05872f53d4d8922d91b29b864f9') in 0.0014038 seconds
Start importing Assets/LayeredTerrain/GrassSoil/LandformSoil/Mask-04.asset using Guid(f1fab5de0afca5445ba4970fcd52bbbe) (NativeFormatImporter) -> (artifact id: '09085b923c9ce06113de808e0225d25b') in 0.0014499 seconds
Start importing Assets/LayeredTerrain/GrassSoil/EdgeGrassOnSoilRefined/Mask-14.asset using Guid(1292b21714ab41b4197a410a29053ee2) (NativeFormatImporter) -> (artifact id: '113ba810aee874d1280699a85e7183b6') in 0.0014137 seconds
Start importing Assets/LayeredTerrain/GrassSoil/LandformGrass/Mask-08.asset using Guid(52e1998e35a61a047bd24dd910b6bb8c) (NativeFormatImporter) -> (artifact id: '675f77c88e6e0d975abaaae9f510d95d') in 0.0014397 seconds
Start importing Assets/LayeredTerrain/GrassSoil/EdgeGrassOnSoilRefined/Mask-15.asset using Guid(a2ee8cf7722d54542bb6934c3c7acca3) (NativeFormatImporter) -> (artifact id: '6edcf8d7d3f26ee03919cdd607084ab1') in 0.0013585 seconds
Start importing Assets/LayeredTerrain/GrassSoil/EdgeGrassOnSoilRefined/Mask-11.asset using Guid(c29b700cc6f883f4d8d20d2a190eee05) (NativeFormatImporter) -> (artifact id: 'f51c180f858faa73b198142b42927cfc') in 0.001322 seconds
Start importing Assets/LayeredTerrain/GrassSoil/LandformGrass/Mask-07.asset using Guid(d285b7a144ce1134ba6f4b02b003db14) (NativeFormatImporter) -> (artifact id: '0038d19d51d9c42dea9465db3b105f39') in 0.0012867 seconds
Start importing Assets/LayeredTerrain/GrassSoil/LandformSoil/Mask-01.asset using Guid(030d3f064f313fe4aa4dd2ab0ae33f07) (NativeFormatImporter) -> (artifact id: '3fd5251983b6578fd68bf6bc3bb3b4e3') in 0.0014073 seconds
Start importing Assets/LayeredTerrain/GrassSoil/EdgeGrassOnSoilRefined/Mask-10.asset using Guid(c32eb2f88b196e04f96b1b2b04ea7efe) (NativeFormatImporter) -> (artifact id: '2d01cd9893dc47967ba87373e479eb7e') in 0.001366 seconds
Start importing Assets/LayeredTerrain/GrassSoil/LandformSoil/Mask-13.asset using Guid(04bdecbe02f95ef46986c7056c2b7c3b) (NativeFormatImporter) -> (artifact id: '15f31c02a38b8c10ecc25938dd45d64e') in 0.0012652 seconds
Start importing Assets/LayeredTerrain/GrassSoil/EdgeGrassOnSoilRefined/Mask-00.asset using Guid(e4a3c845026f4254892939518018693f) (NativeFormatImporter) -> (artifact id: '3a031e969e7d12b8ad7d8420c2b35c82') in 0.001249 seconds
Start importing Assets/LayeredTerrain/GrassSoil/LandformSoil/Mask-03.asset using Guid(15a3542839f831f41a0a24e5e9e2f22c) (NativeFormatImporter) -> (artifact id: '6e77d59b695c8200cb85f17fa75a4b54') in 0.0012606 seconds
Start importing Assets/LayeredTerrain/GrassSoil/LandformSoil/Mask-02.asset using Guid(f587922c248637745a6249f84c52611e) (NativeFormatImporter) -> (artifact id: '75844366cc32f023f1e40453bee8aa54') in 0.0012489 seconds
Start importing Assets/LayeredTerrain/GrassSoil/LandformGrass/Mask-09.asset using Guid(165dc20b52db7d14488b55217f6ac108) (NativeFormatImporter) -> (artifact id: '72e38899c33e0e3ced6ed6d0356b17dc') in 0.0011962 seconds
Start importing Assets/LayeredTerrain/GrassSoil/LandformSoil/Mask-11.asset using Guid(86718e5a68b1dcc47854d71bba5a1c17) (NativeFormatImporter) -> (artifact id: '04f57e67d298deb7839321669f6f5937') in 0.001427 seconds
Start importing Assets/LayeredTerrain/GrassSoil/EdgeGrassOnSoilRefined/Mask-09.asset using Guid(86c349d56e9db3e4e849d6749cdfbfbe) (NativeFormatImporter) -> (artifact id: 'a3a3937713e26dae2d17075614e230de') in 0.0014544 seconds
Start importing Assets/LayeredTerrain/CompositeBrushes/GrassSoil/GrassSoilReverseLandformTileSet.asset using Guid(17ff6febab517824eb695d29e0459a1f) (NativeFormatImporter) -> (artifact id: '3aac16350dc78571bdc4c034dd153e34') in 0.0015544 seconds
Start importing Assets/LayeredTerrain/GrassSoil/LandformSoil/Mask-09.asset using Guid(478b7d64a48c32541abd22cde03a7210) (NativeFormatImporter) -> (artifact id: 'df61b4f661f9c0aded60f089bd901d4a') in 0.0013417 seconds
Start importing Assets/LayeredTerrain/GrassSoil/LandformSoil/Mask-05.asset using Guid(878e7bb9dfa805f47b4b88fef4623c4b) (NativeFormatImporter) -> (artifact id: '6433cd5ece3fc29e9694b9c40d1cce7b') in 0.0013511 seconds
Start importing Assets/LayeredTerrain/CompositeBrushes/StoneWater/StoneWaterReverseLandformTileSet.asset using Guid(97ffcbb8c3ab6264e80693ccaf0c43de) (NativeFormatImporter) -> (artifact id: '098d79a46ae44df4e4eabca0ead85233') in 0.0012354 seconds
Start importing Assets/LayeredTerrain/GrassSoil/LandformSoil/Mask-14.asset using Guid(a7806afe4f019d445bbf552f9eece05e) (NativeFormatImporter) -> (artifact id: 'e86c3f661d3698b3e540fda453881940') in 0.0012703 seconds
Start importing Assets/LayeredTerrain/GrassSoil/EdgeGrassOnSoilRefined/Mask-13.asset using Guid(a7d1a82699efeae47a6ca0a5bb112ae7) (NativeFormatImporter) -> (artifact id: 'a78e3ab795bab51c2fb8875ea81a3142') in 0.0012263 seconds
Start importing Assets/LayeredTerrain/GrassSoil/EdgeGrassOnSoilRefined/GrassOnSoilRefinedTileSet.asset using Guid(b75665e5083dab441a2805aa7b5e1562) (NativeFormatImporter) -> (artifact id: '9a378045af94549dd04c416ddd049034') in 0.0012828 seconds
Start importing Assets/LayeredTerrain/GrassSoil/LandformGrass/Mask-14.asset using Guid(c7287b8c949516949b483b111ceb39a0) (NativeFormatImporter) -> (artifact id: '742a261e597b802d91fa4c4b50193514') in 0.0012555 seconds
Start importing Assets/LayeredTerrain/GrassSoil/LandformSoil/Mask-00.asset using Guid(88d5b3d83381240419fa7d0a9d6c2c63) (NativeFormatImporter) -> (artifact id: 'ec59939a8b52efe47b329a71ceccb6a9') in 0.001386 seconds
Start importing Assets/LayeredTerrain/GrassSoil/LandformGrass/Mask-13.asset using Guid(e80621ea42744c243ac2ec385c32b338) (NativeFormatImporter) -> (artifact id: 'c073a20a8e0628f7baf4a55a699ae105') in 0.0012777 seconds
Start importing Assets/LayeredTerrain/GrassSoil/LandformGrass/Mask-00.asset using Guid(c92ffc9e81d587840892eb05cf844fbf) (NativeFormatImporter) -> (artifact id: '6de21ee1cddad2dc5dc822438a8f4094') in 0.0012385 seconds
Start importing Assets/LayeredTerrain/GrassSoil/LandformSoil/Mask-08.asset using Guid(d98e1448816e2f443a1e4e6b40e7cc25) (NativeFormatImporter) -> (artifact id: '8c84979613e06175002d882607152e4e') in 0.0012512 seconds
Start importing Assets/LayeredTerrain/GrassSoil/LandformSoil/Mask-15.asset using Guid(e95509ac4ec30484ab37daa221658805) (NativeFormatImporter) -> (artifact id: 'f96248f32c56c962dfe506862d5fb21b') in 0.0012004 seconds
Start importing Assets/LayeredTerrain/GrassSoil/EdgeGrassOnSoilRefined/Mask-06.asset using Guid(e9ac41d989ad93f4ca1a691487107c16) (NativeFormatImporter) -> (artifact id: 'e9daccbac2653977ee343c02f273f598') in 0.0011628 seconds
Start importing Assets/LayeredTerrain/GrassSoil/LandformSoil/Mask-10.asset using Guid(f95d6c7578efacd4cb1f12c63e1d8ff8) (NativeFormatImporter) -> (artifact id: '90d43f8749769d1781298dd6bba5d61f') in 0.0011772 seconds
Start importing Assets/LayeredTerrain/GrassSoil/LandformGrass/Mask-10.asset using Guid(0a64b675a1f765c409b8f9deea1eb208) (NativeFormatImporter) -> (artifact id: '09c03947b8c465db650824308fe637f1') in 0.0011693 seconds
Start importing Assets/LayeredTerrain/GrassSoil/EdgeGrassOnSoilRefined/Mask-12.asset using Guid(3a09b8d94e4515f4fa39c4292c8052a7) (NativeFormatImporter) -> (artifact id: 'af83cf963396621d9d3bad458f6ed2a9') in 0.001351 seconds
Start importing Assets/LayeredTerrain/GrassSoil/LandformSoil/Mask-06.asset using Guid(4ab46eb735954bf45977209e4a936a01) (NativeFormatImporter) -> (artifact id: '8450f37df15f7709b95c5c346493f1fd') in 0.0012703 seconds
Start importing Assets/LayeredTerrain/GrassSoil/LandformGrass/Mask-15.asset using Guid(7a5208b63b1d6284285e932c3708e65d) (NativeFormatImporter) -> (artifact id: '67ddae65d0c7a750e13eb34b9baf8365') in 0.0014165 seconds
Start importing Assets/LayeredTerrain/GrassSoil/LandformGrass/Mask-05.asset using Guid(3b4a2864fb45c5b4fae56fc1f697bbdd) (NativeFormatImporter) -> (artifact id: 'cf3f476c92289c5b074cb8ea3198ce61') in 0.0013184 seconds
Start importing Assets/LayeredTerrain/GrassSoil/EdgeGrassOnSoilRefined/Mask-08.asset using Guid(9b3d0613b51d86146bf5ea0994b42ddd) (NativeFormatImporter) -> (artifact id: '4e302c1a03e18f66e6c41c139ec180d3') in 0.0013377 seconds
Start importing Assets/LayeredTerrain/GrassSoil/LandformGrass/Mask-11.asset using Guid(bb6bc251a6bbcf54480e7f80f2181f2a) (NativeFormatImporter) -> (artifact id: '857582d6d96bb87d66880447573db021') in 0.0011943 seconds
Start importing Assets/LayeredTerrain/GrassSoil/LandformSoil/Mask-12.asset using Guid(3cfb4949c07b1bf43bc66661515525d7) (NativeFormatImporter) -> (artifact id: '3a6ea6ab140b5d680c9d80d68e71cee7') in 0.0012562 seconds
Start importing Assets/LayeredTerrain/GrassSoil/EdgeGrassOnSoilRefined/Mask-04.asset using Guid(6cca3f06a711ab34992417d66eeec087) (NativeFormatImporter) -> (artifact id: 'be2a2aeb01573b6be77d3a2b070fef25') in 0.001169 seconds
Start importing Assets/LayeredTerrain/GrassSoil/Authoring/GrassBase.asset using Guid(3d71b1ea4e270714eb43b3b4541cda21) (NativeFormatImporter) -> (artifact id: '3f5ae16e96393bccc7f5f4d3650a3ce6') in 0.0013169 seconds
Start importing Assets/LayeredTerrain/GrassSoil/LandformGrass/Mask-06.asset using Guid(5d15d49b3c156ae479bd995b33107c67) (NativeFormatImporter) -> (artifact id: '05abb2ca9d5f1492af0ec896fb864d4e') in 0.0012364 seconds
Start importing Assets/LayeredTerrain/GrassSoil/LandformGrass/Mask-01.asset using Guid(7d609e3f17078a44f9a89e21b68ae180) (NativeFormatImporter) -> (artifact id: 'a1ebd9002be9baca60bb274969bc4dc2') in 0.0012368 seconds
Start importing Assets/LayeredTerrain/GrassSoil/LandformGrass/Mask-04.asset using Guid(ede22ab8e9b7bcc4da28aa41887e8614) (NativeFormatImporter) -> (artifact id: '42c1c0d805e7b323f147012ab0eb20fb') in 0.0012655 seconds
Start importing Assets/LayeredTerrain/GrassSoil/LandformSoil/SoilLandformTileSet.asset using Guid(3e1155418d0567f44af4b96697c9dd09) (NativeFormatImporter) -> (artifact id: 'df15b8c45196950bc4219bee97aafc82') in 0.0014163 seconds
Start importing Assets/LayeredTerrain/GrassSoil/EdgeGrassOnSoilRefined/Mask-02.asset using Guid(6ef5433501c908740932ed7d05777790) (NativeFormatImporter) -> (artifact id: '25936841c896ee6e32acaadabe2f5ad9') in 0.0012689 seconds
Start importing Assets/LayeredTerrain/GrassSoil/EdgeGrassOnSoilRefined/Mask-01.asset using Guid(8e0671f07975b7c43b734d81c5ff11bc) (NativeFormatImporter) -> (artifact id: 'c6f3c5aa165967eeb465f4156418931b') in 0.0012631 seconds
Start importing Assets/LayeredTerrain/GrassSoil/EdgeGrassOnSoilRefined/Mask-03.asset using Guid(de5135a77f40df84b9a7170011242e63) (NativeFormatImporter) -> (artifact id: 'c4b8007304dbcd55f4ed04fb4957f5a6') in 0.0012072 seconds
Start importing Assets/LayeredTerrain/GrassSoil/LandformGrass/GrassLandformTileSet.asset using Guid(2fc47b69529dfb541a089c835adb5ce8) (NativeFormatImporter) -> (artifact id: '7d9b947ceee84338616124256f8ad829') in 0.0012569 seconds
Start importing Assets/LayeredTerrain/GrassSoil/LandformGrass/Mask-12.asset using Guid(bfcde0f6045b297478b7cca21b2bd212) (NativeFormatImporter) -> (artifact id: 'fcc2d08d622fb7725cf22421d7d46e31') in 0.0012587 seconds
Start importing Assets/LayeredTerrain/GrassSoil/LandformGrass/Mask-02.asset using Guid(cfb8b16aec24e064ba3c8b202f110c99) (NativeFormatImporter) -> (artifact id: '918a9e9785ac5cd4f4174f2fe29d6d53') in 0.0011694 seconds
Start importing Assets/LayeredTerrain/GrassSoil/LandformGrass/Mask-03.asset using Guid(cf797356fdd5ba54fb021059b4e0c786) (NativeFormatImporter) -> (artifact id: '297c0fc42e401c9d7fd0a377a3b5b28e') in 0.0011925 seconds
Refreshing native plugins compatible for Editor in 0.16 ms, found 0 plugins.
Preloading 0 native plugins for Editor in 0.00 ms.
Asset Pipeline Refresh (id=10460d475f51a284f822179c6d36a9e5): Total: 0.103 seconds - Initiated by StopAssetImportingV2(NoUpdateAssetOptions)
Start importing Assets/LayeredTerrain/CompositeBrushes/OriginalGrassSoil/OriginalGrassSoilBrush.asset using Guid(21a71232d6e654e4b8c7960242ff7182) (NativeFormatImporter) -> (artifact id: '3547d87e50bc075e0e2036afaef240e2') in 0.0012892 seconds
Start importing Assets/LayeredTerrain/CompositeBrushes/OriginalGrassSoil/OriginalGrassSoilReverseLandformTileSet.asset using Guid(813c3f8ce1d51a24093ce2c5ed1547fa) (NativeFormatImporter) -> (artifact id: 'b5291246265ecb7af0dd8a3a19f371a0') in 0.0013194 seconds
Refreshing native plugins compatible for Editor in 0.14 ms, found 0 plugins.
Preloading 0 native plugins for Editor in 0.00 ms.
Asset Pipeline Refresh (id=e0cd6749668288e49b2191e5047608f2): Total: 0.012 seconds - Initiated by StopAssetImportingV2(NoUpdateAssetOptions)
Start importing Assets/Battlefield/Terrain/OrchardDefaultTerrainPalette.asset using Guid(8f09d513b82ee0048abd5a50378dbb0c) (NativeFormatImporter) -> (artifact id: 'af117db4ea5f59db66e2603074e05e44') in 0.0014251 seconds
Refreshing native plugins compatible for Editor in 0.15 ms, found 0 plugins.
Preloading 0 native plugins for Editor in 0.00 ms.
Asset Pipeline Refresh (id=6e34b14819113864e88416d13b939614): Total: 0.010 seconds - Initiated by StopAssetImportingV2(NoUpdateAssetOptions)
Asset Pipeline Refresh (id=5ed06aa9b5e9ddd4a8b807360c4d5b9a): Total: 0.025 seconds - Initiated by RefreshV2(NoUpdateAssetOptions)
Asset Pipeline Refresh (id=d1102e94c49ed5d40ac837ec8f99fff5): Total: 0.030 seconds - Initiated by RefreshV2(NoUpdateAssetOptions)
Square contour topology guide generated: Assets/LayeredTerrain/GrassSoil/Square/Topology/SquareContourTopologyGuide.png
UnityEngine.Debug:ExtractStackTraceNoAlloc (byte*,int,string)
UnityEngine.StackTraceUtility:ExtractStackTrace ()
UnityEngine.DebugLogHandler:Internal_Log (UnityEngine.LogType,UnityEngine.LogOption,string,UnityEngine.Object)
UnityEngine.DebugLogHandler:LogFormat (UnityEngine.LogType,UnityEngine.Object,string,object[])
UnityEngine.Logger:Log (UnityEngine.LogType,object)
UnityEngine.Debug:Log (object)
FruitDefense.Editor.SquareTerrainArtGenerator:GenerateTopologyGuide () (at Assets/Editor/Tools/SquareTerrainArtGenerator.cs:42)
FruitDefense.Editor.SquareTerrainArtGenerator:GenerateAvailableSquareAssets () (at Assets/Editor/Tools/SquareTerrainArtGenerator.cs:133)
FruitDefense.Editor.LayeredTerrainArtSetup:EnsurePaletteAssets () (at Assets/Editor/Tools/LayeredTerrainArtSetup.cs:62)
FruitDefense.Editor.LayeredTerrainPainterSmoke:ValidateRegisteredBrushApplication () (at Assets/Editor/Tests/LayeredTerrainPainterSmoke.cs:99)
FruitDefense.Editor.LayeredTerrainPainterSmoke:Validate () (at Assets/Editor/Tests/LayeredTerrainPainterSmoke.cs:26)
FruitDefense.Editor.ProjectSetup:SmokeValidate () (at Assets/Editor/Tools/ProjectSetup.cs:248)
FruitDefense.Editor.P0ValidationSuite:Run () (at Assets/Editor/Tests/P0ValidationSuite.cs:18)

(Filename: Assets/Editor/Tools/SquareTerrainArtGenerator.cs Line: 42)

Asset Pipeline Refresh (id=8596598ebce091f49bd3deae95a9d957): Total: 0.037 seconds - Initiated by RefreshV2(NoUpdateAssetOptions)
Asset Pipeline Refresh (id=d0f3634ca182830439d201c9aafd4022): Total: 0.024 seconds - Initiated by RefreshV2(NoUpdateAssetOptions)
Asset Pipeline Refresh (id=f84f4ff50bcbefb4cb4107e8ae3b605f): Total: 0.037 seconds - Initiated by RefreshV2(NoUpdateAssetOptions)
Start importing Assets/LayeredTerrain/GrassSoil/Square/LandformStoneRoad/Mask-07.asset using Guid(b02fd980a2abc6b41974d859a777fb1d) (NativeFormatImporter) -> (artifact id: '09027e8d963d8fd928277d96f7735e27') in 0.0015314 seconds
Start importing Assets/LayeredTerrain/GrassSoil/Square/LandformGrass/Mask-05.asset using Guid(d04330ef8020b8a41b9e4589cb202101) (NativeFormatImporter) -> (artifact id: '4e5972f1b6c2ded32e8e48532b67135b') in 0.0012951 seconds
Start importing Assets/LayeredTerrain/GrassSoil/Square/LandformGrass/Mask-12.asset using Guid(d00b41817e9bc0741ad148ea3e94519a) (NativeFormatImporter) -> (artifact id: '9d0a3a48e4156b96b3c76ca702bf7bff') in 0.0012225 seconds
Start importing Assets/LayeredTerrain/GrassSoil/Square/LandformStoneRoad/Mask-13.asset using Guid(116a8c3b6ac195a4ebb8e3c7a9989ddc) (NativeFormatImporter) -> (artifact id: '871e193410b26687800828802aef7920') in 0.001218 seconds
Start importing Assets/LayeredTerrain/GrassSoil/Square/LandformGrass/Mask-02.asset using Guid(315648227c153724090125e98f4cba15) (NativeFormatImporter) -> (artifact id: 'd08b86b0e86b5ac26e9107766d5008d1') in 0.0011904 seconds
Start importing Assets/LayeredTerrain/GrassSoil/Square/LandformStoneRoad/Mask-11.asset using Guid(519050a0a5a9f5847b095ee0b83437a0) (NativeFormatImporter) -> (artifact id: 'ae100c2ae270a66d81134616e885003c') in 0.0011873 seconds
Start importing Assets/LayeredTerrain/GrassSoil/Square/LandformGrass/Mask-14.asset using Guid(81815b76ad7c06c47bf1bc7b65624ffd) (NativeFormatImporter) -> (artifact id: 'e00c4c5ecbd51682bc3c65bf8d862a23') in 0.0012221 seconds
Start importing Assets/LayeredTerrain/GrassSoil/Square/LandformSoil/Mask-03.asset using Guid(b1c5384b4651e4a4a82d483cc64aae79) (NativeFormatImporter) -> (artifact id: '45c12fb41048b850cd7cb0f3e535436a') in 0.001347 seconds
Start importing Assets/LayeredTerrain/GrassSoil/Square/LandformGrass/Mask-15.asset using Guid(027119ab30d86a546a5d935d6e9ec608) (NativeFormatImporter) -> (artifact id: '7e821f282e19a2a4d5825e548df9693a') in 0.0012605 seconds
Start importing Assets/LayeredTerrain/GrassSoil/Square/LandformGrass/Mask-00.asset using Guid(13f70a46e499e0146bffd256e7c14483) (NativeFormatImporter) -> (artifact id: '2a9713a59b72231d0d554c49e274b85a') in 0.0012498 seconds
Start importing Assets/LayeredTerrain/GrassSoil/Square/LandformSoil/Mask-00.asset using Guid(8303f71f8469fd7459473d47391ab0b3) (NativeFormatImporter) -> (artifact id: '1442dfc314550b70b27dde3dada60cc7') in 0.0012041 seconds
Start importing Assets/LayeredTerrain/GrassSoil/Square/LandformSoil/Mask-01.asset using Guid(d33072ada9e1bb749adcc5938680d51a) (NativeFormatImporter) -> (artifact id: '7a8f58bad24b64f744799cb0b0b9228f') in 0.001185 seconds
Start importing Assets/LayeredTerrain/GrassSoil/Square/LandformStoneRoad/Mask-09.asset using Guid(d30b19c2c64338a4fa9211b305cf65b1) (NativeFormatImporter) -> (artifact id: '59211e6be04f7e5724ec1a1b38221d71') in 0.0011969 seconds
Start importing Assets/LayeredTerrain/GrassSoil/Square/LandformSoil/Mask-13.asset using Guid(548b829df136ae948902efdc96ee70bb) (NativeFormatImporter) -> (artifact id: 'd770f2a72e8453a69c8ff146ee623ca5') in 0.0012094 seconds
Start importing Assets/LayeredTerrain/GrassSoil/Square/LandformStoneRoad/Mask-00.asset using Guid(74d1d4b679c3aec43af1bd30b6c4aea1) (NativeFormatImporter) -> (artifact id: '4c60ffb732228db343f89511449fce3b') in 0.0011644 seconds
Start importing Assets/LayeredTerrain/GrassSoil/Square/LandformGrass/Mask-01.asset using Guid(35cbc7e6bd8f2f84d9c7965779c9b2eb) (NativeFormatImporter) -> (artifact id: '7cd6fe12f157cd0a0b2a210183323c21') in 0.0011667 seconds
Start importing Assets/LayeredTerrain/GrassSoil/Square/LandformGrass/Mask-10.asset using Guid(5728d44dd2630ff40849746ce5d849d7) (NativeFormatImporter) -> (artifact id: '57d0e56c944d10ea9c02adfa74800a28') in 0.0011785 seconds
Start importing Assets/LayeredTerrain/GrassSoil/Square/LandformSoil/Mask-09.asset using Guid(67347eef4df492941b15d16b687e2cb7) (NativeFormatImporter) -> (artifact id: '0b3fee03fb07b35a5fbe9374ec056b4b') in 0.0011822 seconds
Start importing Assets/LayeredTerrain/GrassSoil/Square/LandformGrass/Mask-04.asset using Guid(87737865bdb87ec43864ad3d997d7626) (NativeFormatImporter) -> (artifact id: '83b9f8cc1d095defdc009bd1839b690f') in 0.0014846 seconds
Start importing Assets/LayeredTerrain/GrassSoil/Square/LandformSoil/Mask-02.asset using Guid(87e33da937f65d34fb027eebfd8c1343) (NativeFormatImporter) -> (artifact id: '031756e6cc2b3a5ef2ddcaf8740ee21f') in 0.0014819 seconds
Start importing Assets/LayeredTerrain/GrassSoil/Square/LandformGrass/Mask-08.asset using Guid(b781c12832a4cd84392ab7d35a405505) (NativeFormatImporter) -> (artifact id: 'c734ab3f59a9e28ca19de35691f15a63') in 0.0012378 seconds
Start importing Assets/LayeredTerrain/GrassSoil/Square/LandformStoneRoad/Mask-04.asset using Guid(f70ec30b59552144a97e4da8fea5520c) (NativeFormatImporter) -> (artifact id: '67ab708a109917ddbe110252083911c2') in 0.001317 seconds
Start importing Assets/LayeredTerrain/GrassSoil/Square/LandformStoneRoad/Mask-05.asset using Guid(08c7afe6a1108a84b9f8ac99c7fa610e) (NativeFormatImporter) -> (artifact id: 'a8026e8f0c10f4b634f0c477d7f79ba5') in 0.0012225 seconds
Start importing Assets/LayeredTerrain/GrassSoil/Square/LandformStoneRoad/Mask-14.asset using Guid(39202684bd500f14184c5131ac46a6dd) (NativeFormatImporter) -> (artifact id: 'b43c0e8abc2951d26427ba0ee51e7ebb') in 0.0012294 seconds
Start importing Assets/LayeredTerrain/GrassSoil/Square/LandformSoil/SoilSquareLandformTileSet.asset using Guid(897d878e9497c6e4d935ea42058d6001) (NativeFormatImporter) -> (artifact id: '17e85a477bcdc5aaf3c7a2ca1f1f5d8e') in 0.0012319 seconds
Start importing Assets/LayeredTerrain/GrassSoil/Square/LandformStoneRoad/StoneRoadSquareLandformTileSet.asset using Guid(0a6730ef0e26d5b49b9ae3129ee21909) (NativeFormatImporter) -> (artifact id: '48456893df0f467254b3256235820444') in 0.0012129 seconds
Start importing Assets/LayeredTerrain/GrassSoil/Square/LandformStoneRoad/Mask-10.asset using Guid(caa578d738fb0414e820ab1e3541b03f) (NativeFormatImporter) -> (artifact id: 'be4dcdbbc4fe728152242b70b5e9bb78') in 0.0011921 seconds
Start importing Assets/LayeredTerrain/GrassSoil/Square/LandformSoil/Mask-07.asset using Guid(2ce20b5da48d1ae43956c41d22ecd92e) (NativeFormatImporter) -> (artifact id: '7c41af1778c9689fc8cf1f4e4fcccd2c') in 0.0011572 seconds
Start importing Assets/LayeredTerrain/GrassSoil/Square/LandformSoil/Mask-11.asset using Guid(2c6bd62321830da498ea7724ae626857) (NativeFormatImporter) -> (artifact id: 'b1033fab3dddb68d369a244413a84ab3') in 0.0011902 seconds
Start importing Assets/LayeredTerrain/GrassSoil/Square/LandformStoneRoad/Mask-15.asset using Guid(5cbc1f25709453b4a90de7054d0ce9b7) (NativeFormatImporter) -> (artifact id: 'ca75aea14a03badd729ba37b57fc7710') in 0.001214 seconds
Start importing Assets/LayeredTerrain/GrassSoil/Square/LandformGrass/Mask-09.asset using Guid(8c5fb632240287d48a17621f58d3a651) (NativeFormatImporter) -> (artifact id: '77c6cf5113d6c96189dbf6818d84fd5f') in 0.0011731 seconds
Start importing Assets/LayeredTerrain/GrassSoil/Square/LandformSoil/Mask-12.asset using Guid(bc85f424c35a6c845b2186949136a828) (NativeFormatImporter) -> (artifact id: '08c355397adee775c3834a7a7a0bf465') in 0.0011887 seconds
Start importing Assets/LayeredTerrain/GrassSoil/Square/LandformSoil/Mask-10.asset using Guid(0dfe2c0efe3330c4d9570f0061d459b9) (NativeFormatImporter) -> (artifact id: '88decb540b9e036a0400c2d34dbc707c') in 0.0012524 seconds
Start importing Assets/LayeredTerrain/GrassSoil/Square/LandformGrass/Mask-03.asset using Guid(1db706b3e9547554e9081663c6442ba0) (NativeFormatImporter) -> (artifact id: 'fdfbe87044d88284093ccc42787947e0') in 0.0011926 seconds
Start importing Assets/LayeredTerrain/GrassSoil/Square/LandformStoneRoad/Mask-02.asset using Guid(1d9b71389b4697e4586703b25f185da7) (NativeFormatImporter) -> (artifact id: 'dbb50fa57ab28462356bbd1a8ebab835') in 0.0011974 seconds
Start importing Assets/LayeredTerrain/GrassSoil/Square/LandformSoil/Mask-05.asset using Guid(2de42da45e48f974e9a74a6970e6e643) (NativeFormatImporter) -> (artifact id: '6e739e360d22b33fd378e6acefe9d800') in 0.0012334 seconds
Start importing Assets/LayeredTerrain/GrassSoil/Square/LandformGrass/Mask-11.asset using Guid(5d253dc28016ae64db4653758ac0af88) (NativeFormatImporter) -> (artifact id: '4dbb166b77c04b10385ee89749d834d3') in 0.0011473 seconds
Start importing Assets/LayeredTerrain/GrassSoil/Square/LandformSoil/Mask-04.asset using Guid(5d4806f722710eb40b1cf937cc6498b6) (NativeFormatImporter) -> (artifact id: 'a825e4a02be2364dca6cd5d251c2a1af') in 0.0012116 seconds
Start importing Assets/LayeredTerrain/GrassSoil/Square/LandformStoneRoad/Mask-01.asset using Guid(add98a42caf91414387900c1b29b92c6) (NativeFormatImporter) -> (artifact id: 'a1a43dffdd1f7cdd6311169ade464c57') in 0.0011636 seconds
Start importing Assets/LayeredTerrain/GrassSoil/Square/LandformGrass/Mask-06.asset using Guid(cd0f4d7279da9f84caa8c319e7ab29f9) (NativeFormatImporter) -> (artifact id: '52937737c65259daea7bed84aa0a8a04') in 0.0011775 seconds
Start importing Assets/LayeredTerrain/GrassSoil/Square/LandformGrass/Mask-07.asset using Guid(4e65cf042fab2c1448282809779edb8a) (NativeFormatImporter) -> (artifact id: '8cc68977b954eb6d618706e748b65e8b') in 0.0012844 seconds
Start importing Assets/LayeredTerrain/GrassSoil/Square/LandformGrass/Mask-13.asset using Guid(7e2014d33d57f294f97dea5ed30b730c) (NativeFormatImporter) -> (artifact id: '93ec9328dc52bc61493ece4ef09f812b') in 0.0012148 seconds
Start importing Assets/LayeredTerrain/GrassSoil/Square/LandformSoil/Mask-14.asset using Guid(ae949dd8d7965fa41b1d3481d8bf8e30) (NativeFormatImporter) -> (artifact id: '13d3e8fadf25938fb6084c9eacdc285d') in 0.001175 seconds
Start importing Assets/LayeredTerrain/GrassSoil/Square/LandformStoneRoad/Mask-08.asset using Guid(aecab5b9f537b5349adcff0900809717) (NativeFormatImporter) -> (artifact id: '6723e7d6eab214144e2a993643460ee5') in 0.0011563 seconds
Start importing Assets/LayeredTerrain/GrassSoil/Square/LandformSoil/Mask-15.asset using Guid(ce833c44287e15a44945e738038eb1c3) (NativeFormatImporter) -> (artifact id: '7c1ac2f82e318d432012af6c6509f07a') in 0.0011866 seconds
Start importing Assets/LayeredTerrain/GrassSoil/Square/LandformSoil/Mask-08.asset using Guid(ee6f4f16a4085914dbcb15919c60654c) (NativeFormatImporter) -> (artifact id: '2a403aad88716c1a9d6ee321599dc86f') in 0.0012059 seconds
Start importing Assets/LayeredTerrain/GrassSoil/Square/LandformStoneRoad/Mask-12.asset using Guid(2f49f6b2d05a8804097e79c69e515dc3) (NativeFormatImporter) -> (artifact id: '3512849ba8746b3929337e37047f52c2') in 0.0012072 seconds
Start importing Assets/LayeredTerrain/GrassSoil/Square/LandformSoil/Mask-06.asset using Guid(3ff6ff5cd14cc7441a6a84cdde5ff745) (NativeFormatImporter) -> (artifact id: 'c47a955bf9dc32d5bb761f8069ffd421') in 0.001205 seconds
Start importing Assets/LayeredTerrain/GrassSoil/Square/LandformStoneRoad/Mask-06.asset using Guid(df46002ea561b404889b370e84a77f83) (NativeFormatImporter) -> (artifact id: 'c73fed30de3e790341265e9a3306482c') in 0.0012308 seconds
Start importing Assets/LayeredTerrain/GrassSoil/Square/LandformStoneRoad/Mask-03.asset using Guid(df1e863caf3bc5441a0d4c507b76c311) (NativeFormatImporter) -> (artifact id: 'a9a2fb8e8c6cb1c0cdbe880f9de699ac') in 0.0011891 seconds
Start importing Assets/LayeredTerrain/GrassSoil/Square/LandformGrass/GrassSquareLandformTileSet.asset using Guid(ef399dc10411dd84ab6a276f72e506ea) (NativeFormatImporter) -> (artifact id: '3f3f806b6373e60abb62a5adaf65a9f7') in 0.0012074 seconds
Refreshing native plugins compatible for Editor in 0.16 ms, found 0 plugins.
Preloading 0 native plugins for Editor in 0.00 ms.
Asset Pipeline Refresh (id=5fc9d3fe7ce148c46a7edc761abf6523): Total: 0.086 seconds - Initiated by StopAssetImportingV2(NoUpdateAssetOptions)
Native 256 px square grass, soil and stone-road landforms generated.
UnityEngine.Debug:ExtractStackTraceNoAlloc (byte*,int,string)
UnityEngine.StackTraceUtility:ExtractStackTrace ()
UnityEngine.DebugLogHandler:Internal_Log (UnityEngine.LogType,UnityEngine.LogOption,string,UnityEngine.Object)
UnityEngine.DebugLogHandler:LogFormat (UnityEngine.LogType,UnityEngine.Object,string,object[])
UnityEngine.Logger:Log (UnityEngine.LogType,object)
UnityEngine.Debug:Log (object)
FruitDefense.Editor.SquareTerrainArtGenerator:GenerateDeterministicLandforms () (at Assets/Editor/Tools/SquareTerrainArtGenerator.cs:87)
FruitDefense.Editor.SquareTerrainArtGenerator:GenerateAvailableSquareAssets () (at Assets/Editor/Tools/SquareTerrainArtGenerator.cs:134)
FruitDefense.Editor.LayeredTerrainArtSetup:EnsurePaletteAssets () (at Assets/Editor/Tools/LayeredTerrainArtSetup.cs:62)
FruitDefense.Editor.LayeredTerrainPainterSmoke:ValidateRegisteredBrushApplication () (at Assets/Editor/Tests/LayeredTerrainPainterSmoke.cs:99)
FruitDefense.Editor.LayeredTerrainPainterSmoke:Validate () (at Assets/Editor/Tests/LayeredTerrainPainterSmoke.cs:26)
FruitDefense.Editor.ProjectSetup:SmokeValidate () (at Assets/Editor/Tools/ProjectSetup.cs:248)
FruitDefense.Editor.P0ValidationSuite:Run () (at Assets/Editor/Tests/P0ValidationSuite.cs:18)

(Filename: Assets/Editor/Tools/SquareTerrainArtGenerator.cs Line: 87)

Asset Pipeline Refresh (id=1267946c87e8ca44f9bb91a73906cf24): Total: 0.039 seconds - Initiated by RefreshV2(NoUpdateAssetOptions)
Start importing Assets/LayeredTerrain/GrassSoil/Square/EdgeGrassOnSoilPainted/Mask-15.asset using Guid(a17969b175ec3354c8fe533c48257f94) (NativeFormatImporter) -> (artifact id: '99f211a0ff210a0c86467a3e625714fe') in 0.0015325 seconds
Start importing Assets/LayeredTerrain/GrassSoil/Square/EdgeGrassOnSoilPainted/Mask-04.asset using Guid(e2449efc0c1116648a5b9cbfe33d8e81) (NativeFormatImporter) -> (artifact id: '18145ed9e628d5f8340c44824db6c8be') in 0.0014014 seconds
Start importing Assets/LayeredTerrain/GrassSoil/Square/EdgeGrassOnSoilPainted/Mask-14.asset using Guid(4328f421ed4ea34439d6e4e50990e24a) (NativeFormatImporter) -> (artifact id: '6bbe4451c7dca2d4de869403308041cf') in 0.0013274 seconds
Start importing Assets/LayeredTerrain/GrassSoil/Square/EdgeGrassOnSoilPainted/Mask-11.asset using Guid(04aab987cd98a4440b66bb727667d8db) (NativeFormatImporter) -> (artifact id: 'eb6fb6ecd423e575e0946462aa243d66') in 0.0012854 seconds
Start importing Assets/LayeredTerrain/GrassSoil/Square/EdgeGrassOnSoilPainted/Mask-13.asset using Guid(75f61e4d96323eb4e906226b1dd8a16a) (NativeFormatImporter) -> (artifact id: '7952dc870547efbd422b012b46d2b17a') in 0.0012757 seconds
Start importing Assets/LayeredTerrain/GrassSoil/Square/EdgeGrassOnSoilPainted/Mask-08.asset using Guid(062a9acbc752b0342becc47471c8dad4) (NativeFormatImporter) -> (artifact id: 'ee86fce3dc4587f247fc6e398cfff9cd') in 0.0012946 seconds
Start importing Assets/LayeredTerrain/GrassSoil/Square/EdgeGrassOnSoilPainted/Mask-12.asset using Guid(17347530ba5655e4cb59ff249a976ea1) (NativeFormatImporter) -> (artifact id: '27e6bc4eabc1e74cb23636389ffd9263') in 0.001237 seconds
Start importing Assets/LayeredTerrain/GrassSoil/Square/EdgeGrassOnSoilPainted/Mask-00.asset using Guid(676ca911d7a7bbf408a30856d7cc6990) (NativeFormatImporter) -> (artifact id: '557d3d98682769dd5e96ded56f4299cf') in 0.0012318 seconds
Start importing Assets/LayeredTerrain/GrassSoil/Square/EdgeGrassOnSoilPainted/Mask-10.asset using Guid(e75c1031ec799e0448fd29d3082006b4) (NativeFormatImporter) -> (artifact id: 'c8e41218e8984dd46c91b31d7703de4f') in 0.0012629 seconds
Start importing Assets/LayeredTerrain/GrassSoil/Square/EdgeGrassOnSoilPainted/Mask-09.asset using Guid(a8a7730f3a6dd484198f1b19fed8a24f) (NativeFormatImporter) -> (artifact id: '5597baddb442bf8a928e37d39723d50b') in 0.0013208 seconds
Start importing Assets/LayeredTerrain/GrassSoil/Square/EdgeGrassOnSoilPainted/Mask-07.asset using Guid(f8b2f90201834fa478634d3f30f6af16) (NativeFormatImporter) -> (artifact id: 'a306cb5e617a8648a67a81dc94516e9e') in 0.0012167 seconds
Start importing Assets/LayeredTerrain/GrassSoil/Square/EdgeGrassOnSoilPainted/Mask-06.asset using Guid(19882d23e028ac94e8abd02f91624ba8) (NativeFormatImporter) -> (artifact id: '54900e8224e5828f7c6a4f69fec6db72') in 0.0013023 seconds
Start importing Assets/LayeredTerrain/GrassSoil/Square/EdgeGrassOnSoilPainted/Mask-01.asset using Guid(b94d4b2cd03a1b04b83a81974d966227) (NativeFormatImporter) -> (artifact id: '7caf427609fab688c51f9caa2ce6a79f') in 0.001564 seconds
Start importing Assets/LayeredTerrain/GrassSoil/Square/EdgeGrassOnSoilPainted/Mask-03.asset using Guid(1a4a3cc4af69bbc4aaabde52016c4f95) (NativeFormatImporter) -> (artifact id: 'af45f85c0f45a239757e36be7c184f6c') in 0.0012296 seconds
Start importing Assets/LayeredTerrain/GrassSoil/Square/EdgeGrassOnSoilPainted/Mask-05.asset using Guid(bacdc75efb95eda42aa6803845d196c4) (NativeFormatImporter) -> (artifact id: '6d469253745d86e884993bfadfef01d0') in 0.0012068 seconds
Start importing Assets/LayeredTerrain/GrassSoil/Square/EdgeGrassOnSoilPainted/GrassOnSoilSquarePaintedTileSet.asset using Guid(1b984e39e61f8734d8c54b032e84c3a3) (NativeFormatImporter) -> (artifact id: '612bda68ec02f7c1be620eb4ba627873') in 0.0012475 seconds
Start importing Assets/LayeredTerrain/GrassSoil/Square/EdgeGrassOnSoilPainted/Mask-02.asset using Guid(8d6a7e51f29762f4796204a57546e522) (NativeFormatImporter) -> (artifact id: '504e9a251c8e415c78cba5f93910b005') in 0.0011706 seconds
Refreshing native plugins compatible for Editor in 0.15 ms, found 0 plugins.
Preloading 0 native plugins for Editor in 0.00 ms.
Asset Pipeline Refresh (id=a2bbe549cbcc2c541964f316228d4229): Total: 0.037 seconds - Initiated by StopAssetImportingV2(NoUpdateAssetOptions)
Accepted ribbon lip profile packaged as a top-down grass feather with base-grass RGB, guide-owned topology and no soil wall or outline.
UnityEngine.Debug:ExtractStackTraceNoAlloc (byte*,int,string)
UnityEngine.StackTraceUtility:ExtractStackTrace ()
UnityEngine.DebugLogHandler:Internal_Log (UnityEngine.LogType,UnityEngine.LogOption,string,UnityEngine.Object)
UnityEngine.DebugLogHandler:LogFormat (UnityEngine.LogType,UnityEngine.Object,string,object[])
UnityEngine.Logger:Log (UnityEngine.LogType,object)
UnityEngine.Debug:Log (object)
FruitDefense.Editor.SquareTerrainArtGenerator:PackageAcceptedGrassOnSoilCandidate () (at Assets/Editor/Tools/SquareTerrainArtGenerator.cs:126)
FruitDefense.Editor.SquareTerrainArtGenerator:GenerateAvailableSquareAssets () (at Assets/Editor/Tools/SquareTerrainArtGenerator.cs:138)
FruitDefense.Editor.LayeredTerrainArtSetup:EnsurePaletteAssets () (at Assets/Editor/Tools/LayeredTerrainArtSetup.cs:62)
FruitDefense.Editor.LayeredTerrainPainterSmoke:ValidateRegisteredBrushApplication () (at Assets/Editor/Tests/LayeredTerrainPainterSmoke.cs:99)
FruitDefense.Editor.LayeredTerrainPainterSmoke:Validate () (at Assets/Editor/Tests/LayeredTerrainPainterSmoke.cs:26)
FruitDefense.Editor.ProjectSetup:SmokeValidate () (at Assets/Editor/Tools/ProjectSetup.cs:248)
FruitDefense.Editor.P0ValidationSuite:Run () (at Assets/Editor/Tests/P0ValidationSuite.cs:18)

(Filename: Assets/Editor/Tools/SquareTerrainArtGenerator.cs Line: 126)

Start importing Assets/LayeredTerrain/GrassSoil/LandformSoil/Mask-07.asset using Guid(40244693c163e6541baff892b129cb00) (NativeFormatImporter) -> (artifact id: 'e65830c68ae7e03467001a0296ab0069') in 0.0015202 seconds
Start importing Assets/LayeredTerrain/GrassSoil/EdgeGrassOnSoilRefined/Mask-07.asset using Guid(418e9fec0ca97b64ab0f4c86dc0fd006) (NativeFormatImporter) -> (artifact id: 'cd9c2cf18fdd38f609098f7d0cc15714') in 0.0013022 seconds
Start importing Assets/LayeredTerrain/CompositeBrushes/OriginalGrassSoil/OriginalGrassSoilReverseLandformTileSet.asset using Guid(813c3f8ce1d51a24093ce2c5ed1547fa) (NativeFormatImporter) -> (artifact id: 'b5291246265ecb7af0dd8a3a19f371a0') in 0.0013695 seconds
Start importing Assets/LayeredTerrain/GrassSoil/Authoring/SoilBase.asset using Guid(a158e7b4dd9e7c448b398f9b22a9f9c2) (NativeFormatImporter) -> (artifact id: '1d93f5ffd6651520cc292a513066cccb') in 0.0013379 seconds
Start importing Assets/LayeredTerrain/GrassSoil/EdgeGrassOnSoilRefined/Mask-05.asset using Guid(f15a3346efbbefb40babba4ef8f6ffa7) (NativeFormatImporter) -> (artifact id: '0325b05872f53d4d8922d91b29b864f9') in 0.0012564 seconds
Start importing Assets/LayeredTerrain/GrassSoil/LandformSoil/Mask-04.asset using Guid(f1fab5de0afca5445ba4970fcd52bbbe) (NativeFormatImporter) -> (artifact id: '09085b923c9ce06113de808e0225d25b') in 0.0012364 seconds
Start importing Assets/LayeredTerrain/GrassSoil/EdgeGrassOnSoilRefined/Mask-14.asset using Guid(1292b21714ab41b4197a410a29053ee2) (NativeFormatImporter) -> (artifact id: '113ba810aee874d1280699a85e7183b6') in 0.001301 seconds
Start importing Assets/LayeredTerrain/GrassSoil/LandformGrass/Mask-08.asset using Guid(52e1998e35a61a047bd24dd910b6bb8c) (NativeFormatImporter) -> (artifact id: '675f77c88e6e0d975abaaae9f510d95d') in 0.0012433 seconds
Start importing Assets/LayeredTerrain/GrassSoil/EdgeGrassOnSoilRefined/Mask-15.asset using Guid(a2ee8cf7722d54542bb6934c3c7acca3) (NativeFormatImporter) -> (artifact id: '6edcf8d7d3f26ee03919cdd607084ab1') in 0.0012835 seconds
Start importing Assets/LayeredTerrain/GrassSoil/EdgeGrassOnSoilRefined/Mask-11.asset using Guid(c29b700cc6f883f4d8d20d2a190eee05) (NativeFormatImporter) -> (artifact id: 'f51c180f858faa73b198142b42927cfc') in 0.0012921 seconds
Start importing Assets/LayeredTerrain/GrassSoil/LandformGrass/Mask-07.asset using Guid(d285b7a144ce1134ba6f4b02b003db14) (NativeFormatImporter) -> (artifact id: '0038d19d51d9c42dea9465db3b105f39') in 0.0014348 seconds
Start importing Assets/LayeredTerrain/GrassSoil/LandformSoil/Mask-01.asset using Guid(030d3f064f313fe4aa4dd2ab0ae33f07) (NativeFormatImporter) -> (artifact id: '3fd5251983b6578fd68bf6bc3bb3b4e3') in 0.0015187 seconds
Start importing Assets/LayeredTerrain/GrassSoil/EdgeGrassOnSoilRefined/Mask-10.asset using Guid(c32eb2f88b196e04f96b1b2b04ea7efe) (NativeFormatImporter) -> (artifact id: '2d01cd9893dc47967ba87373e479eb7e') in 0.0012677 seconds
Start importing Assets/LayeredTerrain/GrassSoil/LandformSoil/Mask-13.asset using Guid(04bdecbe02f95ef46986c7056c2b7c3b) (NativeFormatImporter) -> (artifact id: '15f31c02a38b8c10ecc25938dd45d64e') in 0.001256 seconds
Start importing Assets/LayeredTerrain/GrassSoil/EdgeGrassOnSoilRefined/Mask-00.asset using Guid(e4a3c845026f4254892939518018693f) (NativeFormatImporter) -> (artifact id: '3a031e969e7d12b8ad7d8420c2b35c82') in 0.0012725 seconds
Start importing Assets/LayeredTerrain/GrassSoil/LandformSoil/Mask-03.asset using Guid(15a3542839f831f41a0a24e5e9e2f22c) (NativeFormatImporter) -> (artifact id: '6e77d59b695c8200cb85f17fa75a4b54') in 0.0012578 seconds
Start importing Assets/LayeredTerrain/GrassSoil/LandformSoil/Mask-02.asset using Guid(f587922c248637745a6249f84c52611e) (NativeFormatImporter) -> (artifact id: '75844366cc32f023f1e40453bee8aa54') in 0.0012348 seconds
Start importing Assets/LayeredTerrain/GrassSoil/LandformGrass/Mask-09.asset using Guid(165dc20b52db7d14488b55217f6ac108) (NativeFormatImporter) -> (artifact id: '72e38899c33e0e3ced6ed6d0356b17dc') in 0.0012766 seconds
Start importing Assets/LayeredTerrain/GrassSoil/LandformSoil/Mask-11.asset using Guid(86718e5a68b1dcc47854d71bba5a1c17) (NativeFormatImporter) -> (artifact id: '04f57e67d298deb7839321669f6f5937') in 0.0012607 seconds
Start importing Assets/LayeredTerrain/GrassSoil/EdgeGrassOnSoilRefined/Mask-09.asset using Guid(86c349d56e9db3e4e849d6749cdfbfbe) (NativeFormatImporter) -> (artifact id: 'a3a3937713e26dae2d17075614e230de') in 0.0013445 seconds
Start importing Assets/LayeredTerrain/CompositeBrushes/GrassSoil/GrassSoilReverseLandformTileSet.asset using Guid(17ff6febab517824eb695d29e0459a1f) (NativeFormatImporter) -> (artifact id: '3aac16350dc78571bdc4c034dd153e34') in 0.0017174 seconds
Start importing Assets/LayeredTerrain/GrassSoil/LandformSoil/Mask-09.asset using Guid(478b7d64a48c32541abd22cde03a7210) (NativeFormatImporter) -> (artifact id: 'df61b4f661f9c0aded60f089bd901d4a') in 0.0013259 seconds
Start importing Assets/LayeredTerrain/GrassSoil/LandformSoil/Mask-05.asset using Guid(878e7bb9dfa805f47b4b88fef4623c4b) (NativeFormatImporter) -> (artifact id: '6433cd5ece3fc29e9694b9c40d1cce7b') in 0.0012094 seconds
Start importing Assets/LayeredTerrain/CompositeBrushes/StoneWater/StoneWaterReverseLandformTileSet.asset using Guid(97ffcbb8c3ab6264e80693ccaf0c43de) (NativeFormatImporter) -> (artifact id: '098d79a46ae44df4e4eabca0ead85233') in 0.001248 seconds
Start importing Assets/LayeredTerrain/GrassSoil/LandformSoil/Mask-14.asset using Guid(a7806afe4f019d445bbf552f9eece05e) (NativeFormatImporter) -> (artifact id: 'e86c3f661d3698b3e540fda453881940') in 0.0011928 seconds
Start importing Assets/LayeredTerrain/GrassSoil/EdgeGrassOnSoilRefined/Mask-13.asset using Guid(a7d1a82699efeae47a6ca0a5bb112ae7) (NativeFormatImporter) -> (artifact id: 'a78e3ab795bab51c2fb8875ea81a3142') in 0.001183 seconds
Start importing Assets/LayeredTerrain/GrassSoil/EdgeGrassOnSoilRefined/GrassOnSoilRefinedTileSet.asset using Guid(b75665e5083dab441a2805aa7b5e1562) (NativeFormatImporter) -> (artifact id: '9a378045af94549dd04c416ddd049034') in 0.0012468 seconds
Start importing Assets/LayeredTerrain/GrassSoil/LandformGrass/Mask-14.asset using Guid(c7287b8c949516949b483b111ceb39a0) (NativeFormatImporter) -> (artifact id: '742a261e597b802d91fa4c4b50193514') in 0.0012404 seconds
Start importing Assets/LayeredTerrain/GrassSoil/LandformSoil/Mask-00.asset using Guid(88d5b3d83381240419fa7d0a9d6c2c63) (NativeFormatImporter) -> (artifact id: 'ec59939a8b52efe47b329a71ceccb6a9') in 0.0012062 seconds
Start importing Assets/LayeredTerrain/GrassSoil/LandformGrass/Mask-13.asset using Guid(e80621ea42744c243ac2ec385c32b338) (NativeFormatImporter) -> (artifact id: 'c073a20a8e0628f7baf4a55a699ae105') in 0.0012 seconds
Start importing Assets/LayeredTerrain/GrassSoil/LandformGrass/Mask-00.asset using Guid(c92ffc9e81d587840892eb05cf844fbf) (NativeFormatImporter) -> (artifact id: '6de21ee1cddad2dc5dc822438a8f4094') in 0.0014508 seconds
Start importing Assets/LayeredTerrain/GrassSoil/LandformSoil/Mask-08.asset using Guid(d98e1448816e2f443a1e4e6b40e7cc25) (NativeFormatImporter) -> (artifact id: '8c84979613e06175002d882607152e4e') in 0.0012863 seconds
Start importing Assets/LayeredTerrain/GrassSoil/LandformSoil/Mask-15.asset using Guid(e95509ac4ec30484ab37daa221658805) (NativeFormatImporter) -> (artifact id: 'f96248f32c56c962dfe506862d5fb21b') in 0.0012399 seconds
Start importing Assets/LayeredTerrain/GrassSoil/EdgeGrassOnSoilRefined/Mask-06.asset using Guid(e9ac41d989ad93f4ca1a691487107c16) (NativeFormatImporter) -> (artifact id: 'e9daccbac2653977ee343c02f273f598') in 0.0014003 seconds
Start importing Assets/LayeredTerrain/GrassSoil/LandformSoil/Mask-10.asset using Guid(f95d6c7578efacd4cb1f12c63e1d8ff8) (NativeFormatImporter) -> (artifact id: '90d43f8749769d1781298dd6bba5d61f') in 0.001225 seconds
Start importing Assets/LayeredTerrain/GrassSoil/LandformGrass/Mask-10.asset using Guid(0a64b675a1f765c409b8f9deea1eb208) (NativeFormatImporter) -> (artifact id: '09c03947b8c465db650824308fe637f1') in 0.0012436 seconds
Start importing Assets/LayeredTerrain/GrassSoil/EdgeGrassOnSoilRefined/Mask-12.asset using Guid(3a09b8d94e4515f4fa39c4292c8052a7) (NativeFormatImporter) -> (artifact id: 'af83cf963396621d9d3bad458f6ed2a9') in 0.0012292 seconds
Start importing Assets/LayeredTerrain/GrassSoil/LandformSoil/Mask-06.asset using Guid(4ab46eb735954bf45977209e4a936a01) (NativeFormatImporter) -> (artifact id: '8450f37df15f7709b95c5c346493f1fd') in 0.0012326 seconds
Start importing Assets/LayeredTerrain/GrassSoil/LandformGrass/Mask-15.asset using Guid(7a5208b63b1d6284285e932c3708e65d) (NativeFormatImporter) -> (artifact id: '67ddae65d0c7a750e13eb34b9baf8365') in 0.0011904 seconds
Start importing Assets/LayeredTerrain/GrassSoil/LandformGrass/Mask-05.asset using Guid(3b4a2864fb45c5b4fae56fc1f697bbdd) (NativeFormatImporter) -> (artifact id: 'cf3f476c92289c5b074cb8ea3198ce61') in 0.0012009 seconds
Start importing Assets/LayeredTerrain/GrassSoil/EdgeGrassOnSoilRefined/Mask-08.asset using Guid(9b3d0613b51d86146bf5ea0994b42ddd) (NativeFormatImporter) -> (artifact id: '4e302c1a03e18f66e6c41c139ec180d3') in 0.0013917 seconds
Start importing Assets/LayeredTerrain/GrassSoil/LandformGrass/Mask-11.asset using Guid(bb6bc251a6bbcf54480e7f80f2181f2a) (NativeFormatImporter) -> (artifact id: '857582d6d96bb87d66880447573db021') in 0.0013003 seconds
Start importing Assets/LayeredTerrain/GrassSoil/LandformSoil/Mask-12.asset using Guid(3cfb4949c07b1bf43bc66661515525d7) (NativeFormatImporter) -> (artifact id: '3a6ea6ab140b5d680c9d80d68e71cee7') in 0.0012854 seconds
Start importing Assets/LayeredTerrain/GrassSoil/EdgeGrassOnSoilRefined/Mask-04.asset using Guid(6cca3f06a711ab34992417d66eeec087) (NativeFormatImporter) -> (artifact id: 'be2a2aeb01573b6be77d3a2b070fef25') in 0.0013128 seconds
Start importing Assets/LayeredTerrain/GrassSoil/Authoring/GrassBase.asset using Guid(3d71b1ea4e270714eb43b3b4541cda21) (NativeFormatImporter) -> (artifact id: '3f5ae16e96393bccc7f5f4d3650a3ce6') in 0.001239 seconds
Start importing Assets/LayeredTerrain/GrassSoil/LandformGrass/Mask-06.asset using Guid(5d15d49b3c156ae479bd995b33107c67) (NativeFormatImporter) -> (artifact id: '05abb2ca9d5f1492af0ec896fb864d4e') in 0.0012373 seconds
Start importing Assets/LayeredTerrain/GrassSoil/LandformGrass/Mask-01.asset using Guid(7d609e3f17078a44f9a89e21b68ae180) (NativeFormatImporter) -> (artifact id: 'a1ebd9002be9baca60bb274969bc4dc2') in 0.001205 seconds
Start importing Assets/LayeredTerrain/GrassSoil/LandformGrass/Mask-04.asset using Guid(ede22ab8e9b7bcc4da28aa41887e8614) (NativeFormatImporter) -> (artifact id: '42c1c0d805e7b323f147012ab0eb20fb') in 0.0011994 seconds
Start importing Assets/LayeredTerrain/GrassSoil/LandformSoil/SoilLandformTileSet.asset using Guid(3e1155418d0567f44af4b96697c9dd09) (NativeFormatImporter) -> (artifact id: 'df15b8c45196950bc4219bee97aafc82') in 0.0012318 seconds
Start importing Assets/LayeredTerrain/GrassSoil/EdgeGrassOnSoilRefined/Mask-02.asset using Guid(6ef5433501c908740932ed7d05777790) (NativeFormatImporter) -> (artifact id: '25936841c896ee6e32acaadabe2f5ad9') in 0.0011849 seconds
Start importing Assets/LayeredTerrain/GrassSoil/EdgeGrassOnSoilRefined/Mask-01.asset using Guid(8e0671f07975b7c43b734d81c5ff11bc) (NativeFormatImporter) -> (artifact id: 'c6f3c5aa165967eeb465f4156418931b') in 0.0013108 seconds
Start importing Assets/LayeredTerrain/GrassSoil/EdgeGrassOnSoilRefined/Mask-03.asset using Guid(de5135a77f40df84b9a7170011242e63) (NativeFormatImporter) -> (artifact id: 'c4b8007304dbcd55f4ed04fb4957f5a6') in 0.0014262 seconds
Start importing Assets/LayeredTerrain/GrassSoil/LandformGrass/GrassLandformTileSet.asset using Guid(2fc47b69529dfb541a089c835adb5ce8) (NativeFormatImporter) -> (artifact id: '7d9b947ceee84338616124256f8ad829') in 0.0012383 seconds
Start importing Assets/LayeredTerrain/GrassSoil/LandformGrass/Mask-12.asset using Guid(bfcde0f6045b297478b7cca21b2bd212) (NativeFormatImporter) -> (artifact id: 'fcc2d08d622fb7725cf22421d7d46e31') in 0.0012307 seconds
Start importing Assets/LayeredTerrain/GrassSoil/LandformGrass/Mask-02.asset using Guid(cfb8b16aec24e064ba3c8b202f110c99) (NativeFormatImporter) -> (artifact id: '918a9e9785ac5cd4f4174f2fe29d6d53') in 0.0012232 seconds
Start importing Assets/LayeredTerrain/GrassSoil/LandformGrass/Mask-03.asset using Guid(cf797356fdd5ba54fb021059b4e0c786) (NativeFormatImporter) -> (artifact id: '297c0fc42e401c9d7fd0a377a3b5b28e') in 0.0012305 seconds
Refreshing native plugins compatible for Editor in 0.15 ms, found 0 plugins.
Preloading 0 native plugins for Editor in 0.00 ms.
Asset Pipeline Refresh (id=04019def4cda3f34188008b8087ecd4d): Total: 0.098 seconds - Initiated by StopAssetImportingV2(NoUpdateAssetOptions)
Start importing Assets/LayeredTerrain/CompositeBrushes/OriginalGrassSoil/OriginalGrassSoilBrush.asset using Guid(21a71232d6e654e4b8c7960242ff7182) (NativeFormatImporter) -> (artifact id: '3547d87e50bc075e0e2036afaef240e2') in 0.001477 seconds
Start importing Assets/LayeredTerrain/CompositeBrushes/OriginalGrassSoil/OriginalGrassSoilReverseLandformTileSet.asset using Guid(813c3f8ce1d51a24093ce2c5ed1547fa) (NativeFormatImporter) -> (artifact id: 'b5291246265ecb7af0dd8a3a19f371a0') in 0.0013187 seconds
Refreshing native plugins compatible for Editor in 0.16 ms, found 0 plugins.
Preloading 0 native plugins for Editor in 0.00 ms.
Asset Pipeline Refresh (id=369d71f0d74081343ab05ad02c493193): Total: 0.012 seconds - Initiated by StopAssetImportingV2(NoUpdateAssetOptions)
Start importing Assets/Battlefield/Terrain/OrchardDefaultTerrainPalette.asset using Guid(8f09d513b82ee0048abd5a50378dbb0c) (NativeFormatImporter) -> (artifact id: 'af117db4ea5f59db66e2603074e05e44') in 0.0014842 seconds
Refreshing native plugins compatible for Editor in 0.15 ms, found 0 plugins.
Preloading 0 native plugins for Editor in 0.00 ms.
Asset Pipeline Refresh (id=a33c9e3d4731ccb45adaaa7c537fb879): Total: 0.010 seconds - Initiated by StopAssetImportingV2(NoUpdateAssetOptions)
Opening scene 'Assets/Scenes/LayeredTerrainDemo.unity additively'
Loaded scene 'Assets/Scenes/LayeredTerrainDemo.unity'
	Deserialize:            2.304 ms
	Integration:            0.634 ms
	Integration of assets:  0.001 ms
	Thread Wait Time:       0.006 ms
	Total Operation Time:   2.945 ms
FRUIT_DEFENSE_LAYERED_TERRAIN_PAINTER_OK
UnityEngine.Debug:ExtractStackTraceNoAlloc (byte*,int,string)
UnityEngine.StackTraceUtility:ExtractStackTrace ()
UnityEngine.DebugLogHandler:Internal_Log (UnityEngine.LogType,UnityEngine.LogOption,string,UnityEngine.Object)
UnityEngine.DebugLogHandler:LogFormat (UnityEngine.LogType,UnityEngine.Object,string,object[])
UnityEngine.Logger:Log (UnityEngine.LogType,object)
UnityEngine.Debug:Log (object)
FruitDefense.Editor.LayeredTerrainPainterSmoke:Validate () (at Assets/Editor/Tests/LayeredTerrainPainterSmoke.cs:35)
FruitDefense.Editor.ProjectSetup:SmokeValidate () (at Assets/Editor/Tools/ProjectSetup.cs:248)
FruitDefense.Editor.P0ValidationSuite:Run () (at Assets/Editor/Tests/P0ValidationSuite.cs:18)

(Filename: Assets/Editor/Tests/LayeredTerrainPainterSmoke.cs Line: 35)

Asset Pipeline Refresh (id=915d9d3a98e4d7946be6dbf0abb5d9ba): Total: 0.012 seconds - Initiated by RefreshV2(NoUpdateAssetOptions)
Asset Pipeline Refresh (id=40a52301b882b4f46ab5a87c0e66a81b): Total: 0.037 seconds - Initiated by RefreshV2(NoUpdateAssetOptions)
Square contour topology guide generated: Assets/LayeredTerrain/GrassSoil/Square/Topology/SquareContourTopologyGuide.png
UnityEngine.Debug:ExtractStackTraceNoAlloc (byte*,int,string)
UnityEngine.StackTraceUtility:ExtractStackTrace ()
UnityEngine.DebugLogHandler:Internal_Log (UnityEngine.LogType,UnityEngine.LogOption,string,UnityEngine.Object)
UnityEngine.DebugLogHandler:LogFormat (UnityEngine.LogType,UnityEngine.Object,string,object[])
UnityEngine.Logger:Log (UnityEngine.LogType,object)
UnityEngine.Debug:Log (object)
FruitDefense.Editor.SquareTerrainArtGenerator:GenerateTopologyGuide () (at Assets/Editor/Tools/SquareTerrainArtGenerator.cs:42)
FruitDefense.Editor.SquareTerrainArtGenerator:GenerateAvailableSquareAssets () (at Assets/Editor/Tools/SquareTerrainArtGenerator.cs:133)
FruitDefense.Editor.LayeredTerrainArtSetup:EnsurePaletteAssets () (at Assets/Editor/Tools/LayeredTerrainArtSetup.cs:62)
FruitDefense.Editor.TerrainBrushRegistrySmoke:Validate () (at Assets/Editor/Tests/TerrainBrushRegistrySmoke.cs:14)
FruitDefense.Editor.ProjectSetup:SmokeValidate () (at Assets/Editor/Tools/ProjectSetup.cs:249)
FruitDefense.Editor.P0ValidationSuite:Run () (at Assets/Editor/Tests/P0ValidationSuite.cs:18)

(Filename: Assets/Editor/Tools/SquareTerrainArtGenerator.cs Line: 42)

Asset Pipeline Refresh (id=d2f509e0c10aa564e98aa88624e12ecd): Total: 0.025 seconds - Initiated by RefreshV2(NoUpdateAssetOptions)
Asset Pipeline Refresh (id=30793cab9fff5b841a1411f1f4431146): Total: 0.038 seconds - Initiated by RefreshV2(NoUpdateAssetOptions)
Asset Pipeline Refresh (id=a005680e149f88440abbfeced5ea2114): Total: 0.025 seconds - Initiated by RefreshV2(NoUpdateAssetOptions)
Start importing Assets/LayeredTerrain/GrassSoil/Square/LandformStoneRoad/Mask-07.asset using Guid(b02fd980a2abc6b41974d859a777fb1d) (NativeFormatImporter) -> (artifact id: '09027e8d963d8fd928277d96f7735e27') in 0.001658 seconds
Start importing Assets/LayeredTerrain/GrassSoil/Square/LandformGrass/Mask-05.asset using Guid(d04330ef8020b8a41b9e4589cb202101) (NativeFormatImporter) -> (artifact id: '4e5972f1b6c2ded32e8e48532b67135b') in 0.0013264 seconds
Start importing Assets/LayeredTerrain/GrassSoil/Square/LandformGrass/Mask-12.asset using Guid(d00b41817e9bc0741ad148ea3e94519a) (NativeFormatImporter) -> (artifact id: '9d0a3a48e4156b96b3c76ca702bf7bff') in 0.0012815 seconds
Start importing Assets/LayeredTerrain/GrassSoil/Square/LandformStoneRoad/Mask-13.asset using Guid(116a8c3b6ac195a4ebb8e3c7a9989ddc) (NativeFormatImporter) -> (artifact id: '871e193410b26687800828802aef7920') in 0.0012356 seconds
Start importing Assets/LayeredTerrain/GrassSoil/Square/LandformGrass/Mask-02.asset using Guid(315648227c153724090125e98f4cba15) (NativeFormatImporter) -> (artifact id: 'd08b86b0e86b5ac26e9107766d5008d1') in 0.0013213 seconds
Start importing Assets/LayeredTerrain/GrassSoil/Square/LandformStoneRoad/Mask-11.asset using Guid(519050a0a5a9f5847b095ee0b83437a0) (NativeFormatImporter) -> (artifact id: 'ae100c2ae270a66d81134616e885003c') in 0.0012339 seconds
Start importing Assets/LayeredTerrain/GrassSoil/Square/LandformGrass/Mask-14.asset using Guid(81815b76ad7c06c47bf1bc7b65624ffd) (NativeFormatImporter) -> (artifact id: 'e00c4c5ecbd51682bc3c65bf8d862a23') in 0.0012031 seconds
Start importing Assets/LayeredTerrain/GrassSoil/Square/LandformSoil/Mask-03.asset using Guid(b1c5384b4651e4a4a82d483cc64aae79) (NativeFormatImporter) -> (artifact id: '45c12fb41048b850cd7cb0f3e535436a') in 0.0012025 seconds
Start importing Assets/LayeredTerrain/GrassSoil/Square/LandformGrass/Mask-15.asset using Guid(027119ab30d86a546a5d935d6e9ec608) (NativeFormatImporter) -> (artifact id: '7e821f282e19a2a4d5825e548df9693a') in 0.0011898 seconds
Start importing Assets/LayeredTerrain/GrassSoil/Square/LandformGrass/Mask-00.asset using Guid(13f70a46e499e0146bffd256e7c14483) (NativeFormatImporter) -> (artifact id: '2a9713a59b72231d0d554c49e274b85a') in 0.0011978 seconds
Start importing Assets/LayeredTerrain/GrassSoil/Square/LandformSoil/Mask-00.asset using Guid(8303f71f8469fd7459473d47391ab0b3) (NativeFormatImporter) -> (artifact id: '1442dfc314550b70b27dde3dada60cc7') in 0.0012067 seconds
Start importing Assets/LayeredTerrain/GrassSoil/Square/LandformSoil/Mask-01.asset using Guid(d33072ada9e1bb749adcc5938680d51a) (NativeFormatImporter) -> (artifact id: '7a8f58bad24b64f744799cb0b0b9228f') in 0.0011699 seconds
Start importing Assets/LayeredTerrain/GrassSoil/Square/LandformStoneRoad/Mask-09.asset using Guid(d30b19c2c64338a4fa9211b305cf65b1) (NativeFormatImporter) -> (artifact id: '59211e6be04f7e5724ec1a1b38221d71') in 0.0012395 seconds
Start importing Assets/LayeredTerrain/GrassSoil/Square/LandformSoil/Mask-13.asset using Guid(548b829df136ae948902efdc96ee70bb) (NativeFormatImporter) -> (artifact id: 'd770f2a72e8453a69c8ff146ee623ca5') in 0.0011966 seconds
Start importing Assets/LayeredTerrain/GrassSoil/Square/LandformStoneRoad/Mask-00.asset using Guid(74d1d4b679c3aec43af1bd30b6c4aea1) (NativeFormatImporter) -> (artifact id: '4c60ffb732228db343f89511449fce3b') in 0.0013133 seconds
Start importing Assets/LayeredTerrain/GrassSoil/Square/LandformGrass/Mask-01.asset using Guid(35cbc7e6bd8f2f84d9c7965779c9b2eb) (NativeFormatImporter) -> (artifact id: '7cd6fe12f157cd0a0b2a210183323c21') in 0.0012714 seconds
Start importing Assets/LayeredTerrain/GrassSoil/Square/LandformGrass/Mask-10.asset using Guid(5728d44dd2630ff40849746ce5d849d7) (NativeFormatImporter) -> (artifact id: '57d0e56c944d10ea9c02adfa74800a28') in 0.0011996 seconds
Start importing Assets/LayeredTerrain/GrassSoil/Square/LandformSoil/Mask-09.asset using Guid(67347eef4df492941b15d16b687e2cb7) (NativeFormatImporter) -> (artifact id: '0b3fee03fb07b35a5fbe9374ec056b4b') in 0.0012293 seconds
Start importing Assets/LayeredTerrain/GrassSoil/Square/LandformGrass/Mask-04.asset using Guid(87737865bdb87ec43864ad3d997d7626) (NativeFormatImporter) -> (artifact id: '83b9f8cc1d095defdc009bd1839b690f') in 0.0012633 seconds
Start importing Assets/LayeredTerrain/GrassSoil/Square/LandformSoil/Mask-02.asset using Guid(87e33da937f65d34fb027eebfd8c1343) (NativeFormatImporter) -> (artifact id: '031756e6cc2b3a5ef2ddcaf8740ee21f') in 0.0012632 seconds
Start importing Assets/LayeredTerrain/GrassSoil/Square/LandformGrass/Mask-08.asset using Guid(b781c12832a4cd84392ab7d35a405505) (NativeFormatImporter) -> (artifact id: 'c734ab3f59a9e28ca19de35691f15a63') in 0.0013022 seconds
Start importing Assets/LayeredTerrain/GrassSoil/Square/LandformStoneRoad/Mask-04.asset using Guid(f70ec30b59552144a97e4da8fea5520c) (NativeFormatImporter) -> (artifact id: '67ab708a109917ddbe110252083911c2') in 0.0012067 seconds
Start importing Assets/LayeredTerrain/GrassSoil/Square/LandformStoneRoad/Mask-05.asset using Guid(08c7afe6a1108a84b9f8ac99c7fa610e) (NativeFormatImporter) -> (artifact id: 'a8026e8f0c10f4b634f0c477d7f79ba5') in 0.0012133 seconds
Start importing Assets/LayeredTerrain/GrassSoil/Square/LandformStoneRoad/Mask-14.asset using Guid(39202684bd500f14184c5131ac46a6dd) (NativeFormatImporter) -> (artifact id: 'b43c0e8abc2951d26427ba0ee51e7ebb') in 0.0012987 seconds
Start importing Assets/LayeredTerrain/GrassSoil/Square/LandformSoil/SoilSquareLandformTileSet.asset using Guid(897d878e9497c6e4d935ea42058d6001) (NativeFormatImporter) -> (artifact id: '17e85a477bcdc5aaf3c7a2ca1f1f5d8e') in 0.001283 seconds
Start importing Assets/LayeredTerrain/GrassSoil/Square/LandformStoneRoad/StoneRoadSquareLandformTileSet.asset using Guid(0a6730ef0e26d5b49b9ae3129ee21909) (NativeFormatImporter) -> (artifact id: '48456893df0f467254b3256235820444') in 0.0013098 seconds
Start importing Assets/LayeredTerrain/GrassSoil/Square/LandformStoneRoad/Mask-10.asset using Guid(caa578d738fb0414e820ab1e3541b03f) (NativeFormatImporter) -> (artifact id: 'be4dcdbbc4fe728152242b70b5e9bb78') in 0.0012113 seconds
Start importing Assets/LayeredTerrain/GrassSoil/Square/LandformSoil/Mask-07.asset using Guid(2ce20b5da48d1ae43956c41d22ecd92e) (NativeFormatImporter) -> (artifact id: '7c41af1778c9689fc8cf1f4e4fcccd2c') in 0.0012056 seconds
Start importing Assets/LayeredTerrain/GrassSoil/Square/LandformSoil/Mask-11.asset using Guid(2c6bd62321830da498ea7724ae626857) (NativeFormatImporter) -> (artifact id: 'b1033fab3dddb68d369a244413a84ab3') in 0.0012821 seconds
Start importing Assets/LayeredTerrain/GrassSoil/Square/LandformStoneRoad/Mask-15.asset using Guid(5cbc1f25709453b4a90de7054d0ce9b7) (NativeFormatImporter) -> (artifact id: 'ca75aea14a03badd729ba37b57fc7710') in 0.0012378 seconds
Start importing Assets/LayeredTerrain/GrassSoil/Square/LandformGrass/Mask-09.asset using Guid(8c5fb632240287d48a17621f58d3a651) (NativeFormatImporter) -> (artifact id: '77c6cf5113d6c96189dbf6818d84fd5f') in 0.0012003 seconds
Start importing Assets/LayeredTerrain/GrassSoil/Square/LandformSoil/Mask-12.asset using Guid(bc85f424c35a6c845b2186949136a828) (NativeFormatImporter) -> (artifact id: '08c355397adee775c3834a7a7a0bf465') in 0.0011951 seconds
Start importing Assets/LayeredTerrain/GrassSoil/Square/LandformSoil/Mask-10.asset using Guid(0dfe2c0efe3330c4d9570f0061d459b9) (NativeFormatImporter) -> (artifact id: '88decb540b9e036a0400c2d34dbc707c') in 0.0011745 seconds
Start importing Assets/LayeredTerrain/GrassSoil/Square/LandformGrass/Mask-03.asset using Guid(1db706b3e9547554e9081663c6442ba0) (NativeFormatImporter) -> (artifact id: 'fdfbe87044d88284093ccc42787947e0') in 0.0011937 seconds
Start importing Assets/LayeredTerrain/GrassSoil/Square/LandformStoneRoad/Mask-02.asset using Guid(1d9b71389b4697e4586703b25f185da7) (NativeFormatImporter) -> (artifact id: 'dbb50fa57ab28462356bbd1a8ebab835') in 0.0012162 seconds
Start importing Assets/LayeredTerrain/GrassSoil/Square/LandformSoil/Mask-05.asset using Guid(2de42da45e48f974e9a74a6970e6e643) (NativeFormatImporter) -> (artifact id: '6e739e360d22b33fd378e6acefe9d800') in 0.0012064 seconds
Start importing Assets/LayeredTerrain/GrassSoil/Square/LandformGrass/Mask-11.asset using Guid(5d253dc28016ae64db4653758ac0af88) (NativeFormatImporter) -> (artifact id: '4dbb166b77c04b10385ee89749d834d3') in 0.0014122 seconds
Start importing Assets/LayeredTerrain/GrassSoil/Square/LandformSoil/Mask-04.asset using Guid(5d4806f722710eb40b1cf937cc6498b6) (NativeFormatImporter) -> (artifact id: 'a825e4a02be2364dca6cd5d251c2a1af') in 0.001267 seconds
Start importing Assets/LayeredTerrain/GrassSoil/Square/LandformStoneRoad/Mask-01.asset using Guid(add98a42caf91414387900c1b29b92c6) (NativeFormatImporter) -> (artifact id: 'a1a43dffdd1f7cdd6311169ade464c57') in 0.0012297 seconds
Start importing Assets/LayeredTerrain/GrassSoil/Square/LandformGrass/Mask-06.asset using Guid(cd0f4d7279da9f84caa8c319e7ab29f9) (NativeFormatImporter) -> (artifact id: '52937737c65259daea7bed84aa0a8a04') in 0.0012807 seconds
Start importing Assets/LayeredTerrain/GrassSoil/Square/LandformGrass/Mask-07.asset using Guid(4e65cf042fab2c1448282809779edb8a) (NativeFormatImporter) -> (artifact id: '8cc68977b954eb6d618706e748b65e8b') in 0.0012614 seconds
Start importing Assets/LayeredTerrain/GrassSoil/Square/LandformGrass/Mask-13.asset using Guid(7e2014d33d57f294f97dea5ed30b730c) (NativeFormatImporter) -> (artifact id: '93ec9328dc52bc61493ece4ef09f812b') in 0.0012719 seconds
Start importing Assets/LayeredTerrain/GrassSoil/Square/LandformSoil/Mask-14.asset using Guid(ae949dd8d7965fa41b1d3481d8bf8e30) (NativeFormatImporter) -> (artifact id: '13d3e8fadf25938fb6084c9eacdc285d') in 0.0012949 seconds
Start importing Assets/LayeredTerrain/GrassSoil/Square/LandformStoneRoad/Mask-08.asset using Guid(aecab5b9f537b5349adcff0900809717) (NativeFormatImporter) -> (artifact id: '6723e7d6eab214144e2a993643460ee5') in 0.0012704 seconds
Start importing Assets/LayeredTerrain/GrassSoil/Square/LandformSoil/Mask-15.asset using Guid(ce833c44287e15a44945e738038eb1c3) (NativeFormatImporter) -> (artifact id: '7c1ac2f82e318d432012af6c6509f07a') in 0.001208 seconds
Start importing Assets/LayeredTerrain/GrassSoil/Square/LandformSoil/Mask-08.asset using Guid(ee6f4f16a4085914dbcb15919c60654c) (NativeFormatImporter) -> (artifact id: '2a403aad88716c1a9d6ee321599dc86f') in 0.00154 seconds
Start importing Assets/LayeredTerrain/GrassSoil/Square/LandformStoneRoad/Mask-12.asset using Guid(2f49f6b2d05a8804097e79c69e515dc3) (NativeFormatImporter) -> (artifact id: '3512849ba8746b3929337e37047f52c2') in 0.0012843 seconds
Start importing Assets/LayeredTerrain/GrassSoil/Square/LandformSoil/Mask-06.asset using Guid(3ff6ff5cd14cc7441a6a84cdde5ff745) (NativeFormatImporter) -> (artifact id: 'c47a955bf9dc32d5bb761f8069ffd421') in 0.0011858 seconds
Start importing Assets/LayeredTerrain/GrassSoil/Square/LandformStoneRoad/Mask-06.asset using Guid(df46002ea561b404889b370e84a77f83) (NativeFormatImporter) -> (artifact id: 'c73fed30de3e790341265e9a3306482c') in 0.0012066 seconds
Start importing Assets/LayeredTerrain/GrassSoil/Square/LandformStoneRoad/Mask-03.asset using Guid(df1e863caf3bc5441a0d4c507b76c311) (NativeFormatImporter) -> (artifact id: 'a9a2fb8e8c6cb1c0cdbe880f9de699ac') in 0.001225 seconds
Start importing Assets/LayeredTerrain/GrassSoil/Square/LandformGrass/GrassSquareLandformTileSet.asset using Guid(ef399dc10411dd84ab6a276f72e506ea) (NativeFormatImporter) -> (artifact id: '3f3f806b6373e60abb62a5adaf65a9f7') in 0.0012669 seconds
Refreshing native plugins compatible for Editor in 0.16 ms, found 0 plugins.
Preloading 0 native plugins for Editor in 0.00 ms.
Asset Pipeline Refresh (id=812a071cc93bdca40bd37cfd601bdcdb): Total: 0.088 seconds - Initiated by StopAssetImportingV2(NoUpdateAssetOptions)
Native 256 px square grass, soil and stone-road landforms generated.
UnityEngine.Debug:ExtractStackTraceNoAlloc (byte*,int,string)
UnityEngine.StackTraceUtility:ExtractStackTrace ()
UnityEngine.DebugLogHandler:Internal_Log (UnityEngine.LogType,UnityEngine.LogOption,string,UnityEngine.Object)
UnityEngine.DebugLogHandler:LogFormat (UnityEngine.LogType,UnityEngine.Object,string,object[])
UnityEngine.Logger:Log (UnityEngine.LogType,object)
UnityEngine.Debug:Log (object)
FruitDefense.Editor.SquareTerrainArtGenerator:GenerateDeterministicLandforms () (at Assets/Editor/Tools/SquareTerrainArtGenerator.cs:87)
FruitDefense.Editor.SquareTerrainArtGenerator:GenerateAvailableSquareAssets () (at Assets/Editor/Tools/SquareTerrainArtGenerator.cs:134)
FruitDefense.Editor.LayeredTerrainArtSetup:EnsurePaletteAssets () (at Assets/Editor/Tools/LayeredTerrainArtSetup.cs:62)
FruitDefense.Editor.TerrainBrushRegistrySmoke:Validate () (at Assets/Editor/Tests/TerrainBrushRegistrySmoke.cs:14)
FruitDefense.Editor.ProjectSetup:SmokeValidate () (at Assets/Editor/Tools/ProjectSetup.cs:249)
FruitDefense.Editor.P0ValidationSuite:Run () (at Assets/Editor/Tests/P0ValidationSuite.cs:18)

(Filename: Assets/Editor/Tools/SquareTerrainArtGenerator.cs Line: 87)

Asset Pipeline Refresh (id=abb2c20b086c48548b876b8883d9c9bd): Total: 0.033 seconds - Initiated by RefreshV2(NoUpdateAssetOptions)
Start importing Assets/LayeredTerrain/GrassSoil/Square/EdgeGrassOnSoilPainted/Mask-15.asset using Guid(a17969b175ec3354c8fe533c48257f94) (NativeFormatImporter) -> (artifact id: '99f211a0ff210a0c86467a3e625714fe') in 0.0015406 seconds
Start importing Assets/LayeredTerrain/GrassSoil/Square/EdgeGrassOnSoilPainted/Mask-04.asset using Guid(e2449efc0c1116648a5b9cbfe33d8e81) (NativeFormatImporter) -> (artifact id: '18145ed9e628d5f8340c44824db6c8be') in 0.0013114 seconds
Start importing Assets/LayeredTerrain/GrassSoil/Square/EdgeGrassOnSoilPainted/Mask-14.asset using Guid(4328f421ed4ea34439d6e4e50990e24a) (NativeFormatImporter) -> (artifact id: '6bbe4451c7dca2d4de869403308041cf') in 0.0012996 seconds
Start importing Assets/LayeredTerrain/GrassSoil/Square/EdgeGrassOnSoilPainted/Mask-11.asset using Guid(04aab987cd98a4440b66bb727667d8db) (NativeFormatImporter) -> (artifact id: 'eb6fb6ecd423e575e0946462aa243d66') in 0.0012537 seconds
Start importing Assets/LayeredTerrain/GrassSoil/Square/EdgeGrassOnSoilPainted/Mask-13.asset using Guid(75f61e4d96323eb4e906226b1dd8a16a) (NativeFormatImporter) -> (artifact id: '7952dc870547efbd422b012b46d2b17a') in 0.0011958 seconds
Start importing Assets/LayeredTerrain/GrassSoil/Square/EdgeGrassOnSoilPainted/Mask-08.asset using Guid(062a9acbc752b0342becc47471c8dad4) (NativeFormatImporter) -> (artifact id: 'ee86fce3dc4587f247fc6e398cfff9cd') in 0.0012119 seconds
Start importing Assets/LayeredTerrain/GrassSoil/Square/EdgeGrassOnSoilPainted/Mask-12.asset using Guid(17347530ba5655e4cb59ff249a976ea1) (NativeFormatImporter) -> (artifact id: '27e6bc4eabc1e74cb23636389ffd9263') in 0.0012432 seconds
Start importing Assets/LayeredTerrain/GrassSoil/Square/EdgeGrassOnSoilPainted/Mask-00.asset using Guid(676ca911d7a7bbf408a30856d7cc6990) (NativeFormatImporter) -> (artifact id: '557d3d98682769dd5e96ded56f4299cf') in 0.0011972 seconds
Start importing Assets/LayeredTerrain/GrassSoil/Square/EdgeGrassOnSoilPainted/Mask-10.asset using Guid(e75c1031ec799e0448fd29d3082006b4) (NativeFormatImporter) -> (artifact id: 'c8e41218e8984dd46c91b31d7703de4f') in 0.0012184 seconds
Start importing Assets/LayeredTerrain/GrassSoil/Square/EdgeGrassOnSoilPainted/Mask-09.asset using Guid(a8a7730f3a6dd484198f1b19fed8a24f) (NativeFormatImporter) -> (artifact id: '5597baddb442bf8a928e37d39723d50b') in 0.0012068 seconds
Start importing Assets/LayeredTerrain/GrassSoil/Square/EdgeGrassOnSoilPainted/Mask-07.asset using Guid(f8b2f90201834fa478634d3f30f6af16) (NativeFormatImporter) -> (artifact id: 'a306cb5e617a8648a67a81dc94516e9e') in 0.0012065 seconds
Start importing Assets/LayeredTerrain/GrassSoil/Square/EdgeGrassOnSoilPainted/Mask-06.asset using Guid(19882d23e028ac94e8abd02f91624ba8) (NativeFormatImporter) -> (artifact id: '54900e8224e5828f7c6a4f69fec6db72') in 0.0012392 seconds
Start importing Assets/LayeredTerrain/GrassSoil/Square/EdgeGrassOnSoilPainted/Mask-01.asset using Guid(b94d4b2cd03a1b04b83a81974d966227) (NativeFormatImporter) -> (artifact id: '7caf427609fab688c51f9caa2ce6a79f') in 0.001229 seconds
Start importing Assets/LayeredTerrain/GrassSoil/Square/EdgeGrassOnSoilPainted/Mask-03.asset using Guid(1a4a3cc4af69bbc4aaabde52016c4f95) (NativeFormatImporter) -> (artifact id: 'af45f85c0f45a239757e36be7c184f6c') in 0.0012442 seconds
Start importing Assets/LayeredTerrain/GrassSoil/Square/EdgeGrassOnSoilPainted/Mask-05.asset using Guid(bacdc75efb95eda42aa6803845d196c4) (NativeFormatImporter) -> (artifact id: '6d469253745d86e884993bfadfef01d0') in 0.001235 seconds
Start importing Assets/LayeredTerrain/GrassSoil/Square/EdgeGrassOnSoilPainted/GrassOnSoilSquarePaintedTileSet.asset using Guid(1b984e39e61f8734d8c54b032e84c3a3) (NativeFormatImporter) -> (artifact id: '612bda68ec02f7c1be620eb4ba627873') in 0.0012712 seconds
Start importing Assets/LayeredTerrain/GrassSoil/Square/EdgeGrassOnSoilPainted/Mask-02.asset using Guid(8d6a7e51f29762f4796204a57546e522) (NativeFormatImporter) -> (artifact id: '504e9a251c8e415c78cba5f93910b005') in 0.0012058 seconds
Refreshing native plugins compatible for Editor in 0.15 ms, found 0 plugins.
Preloading 0 native plugins for Editor in 0.00 ms.
Asset Pipeline Refresh (id=4bc954d1147590b4bb5ec8551c881a59): Total: 0.035 seconds - Initiated by StopAssetImportingV2(NoUpdateAssetOptions)
Accepted ribbon lip profile packaged as a top-down grass feather with base-grass RGB, guide-owned topology and no soil wall or outline.
UnityEngine.Debug:ExtractStackTraceNoAlloc (byte*,int,string)
UnityEngine.StackTraceUtility:ExtractStackTrace ()
UnityEngine.DebugLogHandler:Internal_Log (UnityEngine.LogType,UnityEngine.LogOption,string,UnityEngine.Object)
UnityEngine.DebugLogHandler:LogFormat (UnityEngine.LogType,UnityEngine.Object,string,object[])
UnityEngine.Logger:Log (UnityEngine.LogType,object)
UnityEngine.Debug:Log (object)
FruitDefense.Editor.SquareTerrainArtGenerator:PackageAcceptedGrassOnSoilCandidate () (at Assets/Editor/Tools/SquareTerrainArtGenerator.cs:126)
FruitDefense.Editor.SquareTerrainArtGenerator:GenerateAvailableSquareAssets () (at Assets/Editor/Tools/SquareTerrainArtGenerator.cs:138)
FruitDefense.Editor.LayeredTerrainArtSetup:EnsurePaletteAssets () (at Assets/Editor/Tools/LayeredTerrainArtSetup.cs:62)
FruitDefense.Editor.TerrainBrushRegistrySmoke:Validate () (at Assets/Editor/Tests/TerrainBrushRegistrySmoke.cs:14)
FruitDefense.Editor.ProjectSetup:SmokeValidate () (at Assets/Editor/Tools/ProjectSetup.cs:249)
FruitDefense.Editor.P0ValidationSuite:Run () (at Assets/Editor/Tests/P0ValidationSuite.cs:18)

(Filename: Assets/Editor/Tools/SquareTerrainArtGenerator.cs Line: 126)

Start importing Assets/LayeredTerrain/GrassSoil/LandformSoil/Mask-07.asset using Guid(40244693c163e6541baff892b129cb00) (NativeFormatImporter) -> (artifact id: 'e65830c68ae7e03467001a0296ab0069') in 0.0014665 seconds
Start importing Assets/LayeredTerrain/GrassSoil/EdgeGrassOnSoilRefined/Mask-07.asset using Guid(418e9fec0ca97b64ab0f4c86dc0fd006) (NativeFormatImporter) -> (artifact id: 'cd9c2cf18fdd38f609098f7d0cc15714') in 0.0012752 seconds
Start importing Assets/LayeredTerrain/CompositeBrushes/OriginalGrassSoil/OriginalGrassSoilReverseLandformTileSet.asset using Guid(813c3f8ce1d51a24093ce2c5ed1547fa) (NativeFormatImporter) -> (artifact id: 'b5291246265ecb7af0dd8a3a19f371a0') in 0.0013255 seconds
Start importing Assets/LayeredTerrain/GrassSoil/Authoring/SoilBase.asset using Guid(a158e7b4dd9e7c448b398f9b22a9f9c2) (NativeFormatImporter) -> (artifact id: '1d93f5ffd6651520cc292a513066cccb') in 0.0011886 seconds
Start importing Assets/LayeredTerrain/GrassSoil/EdgeGrassOnSoilRefined/Mask-05.asset using Guid(f15a3346efbbefb40babba4ef8f6ffa7) (NativeFormatImporter) -> (artifact id: '0325b05872f53d4d8922d91b29b864f9') in 0.0011962 seconds
Start importing Assets/LayeredTerrain/GrassSoil/LandformSoil/Mask-04.asset using Guid(f1fab5de0afca5445ba4970fcd52bbbe) (NativeFormatImporter) -> (artifact id: '09085b923c9ce06113de808e0225d25b') in 0.0012531 seconds
Start importing Assets/LayeredTerrain/GrassSoil/EdgeGrassOnSoilRefined/Mask-14.asset using Guid(1292b21714ab41b4197a410a29053ee2) (NativeFormatImporter) -> (artifact id: '113ba810aee874d1280699a85e7183b6') in 0.0013414 seconds
Start importing Assets/LayeredTerrain/GrassSoil/LandformGrass/Mask-08.asset using Guid(52e1998e35a61a047bd24dd910b6bb8c) (NativeFormatImporter) -> (artifact id: '675f77c88e6e0d975abaaae9f510d95d') in 0.0011944 seconds
Start importing Assets/LayeredTerrain/GrassSoil/EdgeGrassOnSoilRefined/Mask-15.asset using Guid(a2ee8cf7722d54542bb6934c3c7acca3) (NativeFormatImporter) -> (artifact id: '6edcf8d7d3f26ee03919cdd607084ab1') in 0.0012057 seconds
Start importing Assets/LayeredTerrain/GrassSoil/EdgeGrassOnSoilRefined/Mask-11.asset using Guid(c29b700cc6f883f4d8d20d2a190eee05) (NativeFormatImporter) -> (artifact id: 'f51c180f858faa73b198142b42927cfc') in 0.0012516 seconds
Start importing Assets/LayeredTerrain/GrassSoil/LandformGrass/Mask-07.asset using Guid(d285b7a144ce1134ba6f4b02b003db14) (NativeFormatImporter) -> (artifact id: '0038d19d51d9c42dea9465db3b105f39') in 0.0012178 seconds
Start importing Assets/LayeredTerrain/GrassSoil/LandformSoil/Mask-01.asset using Guid(030d3f064f313fe4aa4dd2ab0ae33f07) (NativeFormatImporter) -> (artifact id: '3fd5251983b6578fd68bf6bc3bb3b4e3') in 0.0011699 seconds
Start importing Assets/LayeredTerrain/GrassSoil/EdgeGrassOnSoilRefined/Mask-10.asset using Guid(c32eb2f88b196e04f96b1b2b04ea7efe) (NativeFormatImporter) -> (artifact id: '2d01cd9893dc47967ba87373e479eb7e') in 0.0012027 seconds
Start importing Assets/LayeredTerrain/GrassSoil/LandformSoil/Mask-13.asset using Guid(04bdecbe02f95ef46986c7056c2b7c3b) (NativeFormatImporter) -> (artifact id: '15f31c02a38b8c10ecc25938dd45d64e') in 0.0011766 seconds
Start importing Assets/LayeredTerrain/GrassSoil/EdgeGrassOnSoilRefined/Mask-00.asset using Guid(e4a3c845026f4254892939518018693f) (NativeFormatImporter) -> (artifact id: '3a031e969e7d12b8ad7d8420c2b35c82') in 0.0012417 seconds
Start importing Assets/LayeredTerrain/GrassSoil/LandformSoil/Mask-03.asset using Guid(15a3542839f831f41a0a24e5e9e2f22c) (NativeFormatImporter) -> (artifact id: '6e77d59b695c8200cb85f17fa75a4b54') in 0.0012289 seconds
Start importing Assets/LayeredTerrain/GrassSoil/LandformSoil/Mask-02.asset using Guid(f587922c248637745a6249f84c52611e) (NativeFormatImporter) -> (artifact id: '75844366cc32f023f1e40453bee8aa54') in 0.0012045 seconds
Start importing Assets/LayeredTerrain/GrassSoil/LandformGrass/Mask-09.asset using Guid(165dc20b52db7d14488b55217f6ac108) (NativeFormatImporter) -> (artifact id: '72e38899c33e0e3ced6ed6d0356b17dc') in 0.0012868 seconds
Start importing Assets/LayeredTerrain/GrassSoil/LandformSoil/Mask-11.asset using Guid(86718e5a68b1dcc47854d71bba5a1c17) (NativeFormatImporter) -> (artifact id: '04f57e67d298deb7839321669f6f5937') in 0.0012168 seconds
Start importing Assets/LayeredTerrain/GrassSoil/EdgeGrassOnSoilRefined/Mask-09.asset using Guid(86c349d56e9db3e4e849d6749cdfbfbe) (NativeFormatImporter) -> (artifact id: 'a3a3937713e26dae2d17075614e230de') in 0.0012092 seconds
Start importing Assets/LayeredTerrain/CompositeBrushes/GrassSoil/GrassSoilReverseLandformTileSet.asset using Guid(17ff6febab517824eb695d29e0459a1f) (NativeFormatImporter) -> (artifact id: '3aac16350dc78571bdc4c034dd153e34') in 0.0012206 seconds
Start importing Assets/LayeredTerrain/GrassSoil/LandformSoil/Mask-09.asset using Guid(478b7d64a48c32541abd22cde03a7210) (NativeFormatImporter) -> (artifact id: 'df61b4f661f9c0aded60f089bd901d4a') in 0.0011685 seconds
Start importing Assets/LayeredTerrain/GrassSoil/LandformSoil/Mask-05.asset using Guid(878e7bb9dfa805f47b4b88fef4623c4b) (NativeFormatImporter) -> (artifact id: '6433cd5ece3fc29e9694b9c40d1cce7b') in 0.0011822 seconds
Start importing Assets/LayeredTerrain/CompositeBrushes/StoneWater/StoneWaterReverseLandformTileSet.asset using Guid(97ffcbb8c3ab6264e80693ccaf0c43de) (NativeFormatImporter) -> (artifact id: '098d79a46ae44df4e4eabca0ead85233') in 0.001271 seconds
Start importing Assets/LayeredTerrain/GrassSoil/LandformSoil/Mask-14.asset using Guid(a7806afe4f019d445bbf552f9eece05e) (NativeFormatImporter) -> (artifact id: 'e86c3f661d3698b3e540fda453881940') in 0.0011795 seconds
Start importing Assets/LayeredTerrain/GrassSoil/EdgeGrassOnSoilRefined/Mask-13.asset using Guid(a7d1a82699efeae47a6ca0a5bb112ae7) (NativeFormatImporter) -> (artifact id: 'a78e3ab795bab51c2fb8875ea81a3142') in 0.001193 seconds
Start importing Assets/LayeredTerrain/GrassSoil/EdgeGrassOnSoilRefined/GrassOnSoilRefinedTileSet.asset using Guid(b75665e5083dab441a2805aa7b5e1562) (NativeFormatImporter) -> (artifact id: '9a378045af94549dd04c416ddd049034') in 0.001204 seconds
Start importing Assets/LayeredTerrain/GrassSoil/LandformGrass/Mask-14.asset using Guid(c7287b8c949516949b483b111ceb39a0) (NativeFormatImporter) -> (artifact id: '742a261e597b802d91fa4c4b50193514') in 0.0011909 seconds
Start importing Assets/LayeredTerrain/GrassSoil/LandformSoil/Mask-00.asset using Guid(88d5b3d83381240419fa7d0a9d6c2c63) (NativeFormatImporter) -> (artifact id: 'ec59939a8b52efe47b329a71ceccb6a9') in 0.0012092 seconds
Start importing Assets/LayeredTerrain/GrassSoil/LandformGrass/Mask-13.asset using Guid(e80621ea42744c243ac2ec385c32b338) (NativeFormatImporter) -> (artifact id: 'c073a20a8e0628f7baf4a55a699ae105') in 0.0011882 seconds
Start importing Assets/LayeredTerrain/GrassSoil/LandformGrass/Mask-00.asset using Guid(c92ffc9e81d587840892eb05cf844fbf) (NativeFormatImporter) -> (artifact id: '6de21ee1cddad2dc5dc822438a8f4094') in 0.0012257 seconds
Start importing Assets/LayeredTerrain/GrassSoil/LandformSoil/Mask-08.asset using Guid(d98e1448816e2f443a1e4e6b40e7cc25) (NativeFormatImporter) -> (artifact id: '8c84979613e06175002d882607152e4e') in 0.0011896 seconds
Start importing Assets/LayeredTerrain/GrassSoil/LandformSoil/Mask-15.asset using Guid(e95509ac4ec30484ab37daa221658805) (NativeFormatImporter) -> (artifact id: 'f96248f32c56c962dfe506862d5fb21b') in 0.0011993 seconds
Start importing Assets/LayeredTerrain/GrassSoil/EdgeGrassOnSoilRefined/Mask-06.asset using Guid(e9ac41d989ad93f4ca1a691487107c16) (NativeFormatImporter) -> (artifact id: 'e9daccbac2653977ee343c02f273f598') in 0.0012442 seconds
Start importing Assets/LayeredTerrain/GrassSoil/LandformSoil/Mask-10.asset using Guid(f95d6c7578efacd4cb1f12c63e1d8ff8) (NativeFormatImporter) -> (artifact id: '90d43f8749769d1781298dd6bba5d61f') in 0.0012219 seconds
Start importing Assets/LayeredTerrain/GrassSoil/LandformGrass/Mask-10.asset using Guid(0a64b675a1f765c409b8f9deea1eb208) (NativeFormatImporter) -> (artifact id: '09c03947b8c465db650824308fe637f1') in 0.0011656 seconds
Start importing Assets/LayeredTerrain/GrassSoil/EdgeGrassOnSoilRefined/Mask-12.asset using Guid(3a09b8d94e4515f4fa39c4292c8052a7) (NativeFormatImporter) -> (artifact id: 'af83cf963396621d9d3bad458f6ed2a9') in 0.0011815 seconds
Start importing Assets/LayeredTerrain/GrassSoil/LandformSoil/Mask-06.asset using Guid(4ab46eb735954bf45977209e4a936a01) (NativeFormatImporter) -> (artifact id: '8450f37df15f7709b95c5c346493f1fd') in 0.0011717 seconds
Start importing Assets/LayeredTerrain/GrassSoil/LandformGrass/Mask-15.asset using Guid(7a5208b63b1d6284285e932c3708e65d) (NativeFormatImporter) -> (artifact id: '67ddae65d0c7a750e13eb34b9baf8365') in 0.0011373 seconds
Start importing Assets/LayeredTerrain/GrassSoil/LandformGrass/Mask-05.asset using Guid(3b4a2864fb45c5b4fae56fc1f697bbdd) (NativeFormatImporter) -> (artifact id: 'cf3f476c92289c5b074cb8ea3198ce61') in 0.0012069 seconds
Start importing Assets/LayeredTerrain/GrassSoil/EdgeGrassOnSoilRefined/Mask-08.asset using Guid(9b3d0613b51d86146bf5ea0994b42ddd) (NativeFormatImporter) -> (artifact id: '4e302c1a03e18f66e6c41c139ec180d3') in 0.0011814 seconds
Start importing Assets/LayeredTerrain/GrassSoil/LandformGrass/Mask-11.asset using Guid(bb6bc251a6bbcf54480e7f80f2181f2a) (NativeFormatImporter) -> (artifact id: '857582d6d96bb87d66880447573db021') in 0.0011488 seconds
Start importing Assets/LayeredTerrain/GrassSoil/LandformSoil/Mask-12.asset using Guid(3cfb4949c07b1bf43bc66661515525d7) (NativeFormatImporter) -> (artifact id: '3a6ea6ab140b5d680c9d80d68e71cee7') in 0.0011806 seconds
Start importing Assets/LayeredTerrain/GrassSoil/EdgeGrassOnSoilRefined/Mask-04.asset using Guid(6cca3f06a711ab34992417d66eeec087) (NativeFormatImporter) -> (artifact id: 'be2a2aeb01573b6be77d3a2b070fef25') in 0.0012078 seconds
Start importing Assets/LayeredTerrain/GrassSoil/Authoring/GrassBase.asset using Guid(3d71b1ea4e270714eb43b3b4541cda21) (NativeFormatImporter) -> (artifact id: '3f5ae16e96393bccc7f5f4d3650a3ce6') in 0.0012197 seconds
Start importing Assets/LayeredTerrain/GrassSoil/LandformGrass/Mask-06.asset using Guid(5d15d49b3c156ae479bd995b33107c67) (NativeFormatImporter) -> (artifact id: '05abb2ca9d5f1492af0ec896fb864d4e') in 0.0011909 seconds
Start importing Assets/LayeredTerrain/GrassSoil/LandformGrass/Mask-01.asset using Guid(7d609e3f17078a44f9a89e21b68ae180) (NativeFormatImporter) -> (artifact id: 'a1ebd9002be9baca60bb274969bc4dc2') in 0.0012608 seconds
Start importing Assets/LayeredTerrain/GrassSoil/LandformGrass/Mask-04.asset using Guid(ede22ab8e9b7bcc4da28aa41887e8614) (NativeFormatImporter) -> (artifact id: '42c1c0d805e7b323f147012ab0eb20fb') in 0.0011739 seconds
Start importing Assets/LayeredTerrain/GrassSoil/LandformSoil/SoilLandformTileSet.asset using Guid(3e1155418d0567f44af4b96697c9dd09) (NativeFormatImporter) -> (artifact id: 'df15b8c45196950bc4219bee97aafc82') in 0.0012046 seconds
Start importing Assets/LayeredTerrain/GrassSoil/EdgeGrassOnSoilRefined/Mask-02.asset using Guid(6ef5433501c908740932ed7d05777790) (NativeFormatImporter) -> (artifact id: '25936841c896ee6e32acaadabe2f5ad9') in 0.0012361 seconds
Start importing Assets/LayeredTerrain/GrassSoil/EdgeGrassOnSoilRefined/Mask-01.asset using Guid(8e0671f07975b7c43b734d81c5ff11bc) (NativeFormatImporter) -> (artifact id: 'c6f3c5aa165967eeb465f4156418931b') in 0.0012019 seconds
Start importing Assets/LayeredTerrain/GrassSoil/EdgeGrassOnSoilRefined/Mask-03.asset using Guid(de5135a77f40df84b9a7170011242e63) (NativeFormatImporter) -> (artifact id: 'c4b8007304dbcd55f4ed04fb4957f5a6') in 0.0011914 seconds
Start importing Assets/LayeredTerrain/GrassSoil/LandformGrass/GrassLandformTileSet.asset using Guid(2fc47b69529dfb541a089c835adb5ce8) (NativeFormatImporter) -> (artifact id: '7d9b947ceee84338616124256f8ad829') in 0.0012165 seconds
Start importing Assets/LayeredTerrain/GrassSoil/LandformGrass/Mask-12.asset using Guid(bfcde0f6045b297478b7cca21b2bd212) (NativeFormatImporter) -> (artifact id: 'fcc2d08d622fb7725cf22421d7d46e31') in 0.0011673 seconds
Start importing Assets/LayeredTerrain/GrassSoil/LandformGrass/Mask-02.asset using Guid(cfb8b16aec24e064ba3c8b202f110c99) (NativeFormatImporter) -> (artifact id: '918a9e9785ac5cd4f4174f2fe29d6d53') in 0.001222 seconds
Start importing Assets/LayeredTerrain/GrassSoil/LandformGrass/Mask-03.asset using Guid(cf797356fdd5ba54fb021059b4e0c786) (NativeFormatImporter) -> (artifact id: '297c0fc42e401c9d7fd0a377a3b5b28e') in 0.0012435 seconds
Refreshing native plugins compatible for Editor in 0.17 ms, found 0 plugins.
Preloading 0 native plugins for Editor in 0.00 ms.
Asset Pipeline Refresh (id=ea64c603c1ad5ac479bc476ae8c054e2): Total: 0.093 seconds - Initiated by StopAssetImportingV2(NoUpdateAssetOptions)
Start importing Assets/LayeredTerrain/CompositeBrushes/OriginalGrassSoil/OriginalGrassSoilBrush.asset using Guid(21a71232d6e654e4b8c7960242ff7182) (NativeFormatImporter) -> (artifact id: '3547d87e50bc075e0e2036afaef240e2') in 0.0012843 seconds
Start importing Assets/LayeredTerrain/CompositeBrushes/OriginalGrassSoil/OriginalGrassSoilReverseLandformTileSet.asset using Guid(813c3f8ce1d51a24093ce2c5ed1547fa) (NativeFormatImporter) -> (artifact id: 'b5291246265ecb7af0dd8a3a19f371a0') in 0.0012829 seconds
Refreshing native plugins compatible for Editor in 0.13 ms, found 0 plugins.
Preloading 0 native plugins for Editor in 0.00 ms.
Asset Pipeline Refresh (id=bfc8f2bbbedd099438d79b96b2df38d4): Total: 0.011 seconds - Initiated by StopAssetImportingV2(NoUpdateAssetOptions)
Start importing Assets/Battlefield/Terrain/OrchardDefaultTerrainPalette.asset using Guid(8f09d513b82ee0048abd5a50378dbb0c) (NativeFormatImporter) -> (artifact id: 'af117db4ea5f59db66e2603074e05e44') in 0.0013325 seconds
Refreshing native plugins compatible for Editor in 0.13 ms, found 0 plugins.
Preloading 0 native plugins for Editor in 0.00 ms.
Asset Pipeline Refresh (id=aeeb5db9ade999644b5e6cd038a99086): Total: 0.009 seconds - Initiated by StopAssetImportingV2(NoUpdateAssetOptions)
FRUIT_DEFENSE_TERRAIN_BRUSH_REGISTRY_OK count=3
UnityEngine.Debug:ExtractStackTraceNoAlloc (byte*,int,string)
UnityEngine.StackTraceUtility:ExtractStackTrace ()
UnityEngine.DebugLogHandler:Internal_Log (UnityEngine.LogType,UnityEngine.LogOption,string,UnityEngine.Object)
UnityEngine.DebugLogHandler:LogFormat (UnityEngine.LogType,UnityEngine.Object,string,object[])
UnityEngine.Logger:Log (UnityEngine.LogType,object)
UnityEngine.Debug:Log (object)
FruitDefense.Editor.TerrainBrushRegistrySmoke:Validate () (at Assets/Editor/Tests/TerrainBrushRegistrySmoke.cs:93)
FruitDefense.Editor.ProjectSetup:SmokeValidate () (at Assets/Editor/Tools/ProjectSetup.cs:249)
FruitDefense.Editor.P0ValidationSuite:Run () (at Assets/Editor/Tests/P0ValidationSuite.cs:18)

(Filename: Assets/Editor/Tests/TerrainBrushRegistrySmoke.cs Line: 93)

Battlefield terrain presentation stopped: Terrain palette 'palette.orchard.default' has no landform binding for surface 'surface.grass' with contour 'contour.square' at visual cell 8.
UnityEngine.Debug:ExtractStackTraceNoAlloc (byte*,int,string)
UnityEngine.StackTraceUtility:ExtractStackTrace ()
UnityEngine.DebugLogHandler:Internal_Log (UnityEngine.LogType,UnityEngine.LogOption,string,UnityEngine.Object)
UnityEngine.DebugLogHandler:LogFormat (UnityEngine.LogType,UnityEngine.Object,string,object[])
UnityEngine.Logger:Log (UnityEngine.LogType,object,UnityEngine.Object)
UnityEngine.Debug:LogWarning (object,UnityEngine.Object)
FruitDefense.FruitDefenseGame:SetTerrainPresentationError (string) (at Assets/Scripts/FruitDefenseGame.cs:1679)
FruitDefense.FruitDefenseGame:RefreshTerrainPresentationStatus () (at Assets/Scripts/FruitDefenseGame.cs:1668)
FruitDefense.FruitDefenseGame:CompleteInitialization (FruitDefense.Battle.BattleLaunchRequest,FruitDefense.App.IAppNavigator,FruitDefense.Battle.IBattleResultSink,FruitDefense.UI.RuntimeUiTheme,FruitDefense.Core.GameSimulation) (at Assets/Scripts/FruitDefenseGame.cs:786)
FruitDefense.FruitDefenseGame:Initialize (FruitDefense.Battle.BattleLaunchRequest,FruitDefense.App.IAppNavigator,FruitDefense.Battle.IBattleResultSink,FruitDefense.UI.RuntimeUiTheme,FruitDefense.Content.ResolvedLevelDefinition) (at Assets/Scripts/FruitDefenseGame.cs:715)
FruitDefense.Editor.BattlefieldDualGridTerrainSmoke:ValidateRuntimeTerrainFailurePolicy (FruitDefense.Tilemaps.BattlefieldTerrainPalette) (at Assets/Editor/Tests/BattlefieldDualGridTerrainSmoke.cs:285)
FruitDefense.Editor.BattlefieldDualGridTerrainSmoke:Validate () (at Assets/Editor/Tests/BattlefieldDualGridTerrainSmoke.cs:46)
FruitDefense.Editor.ProjectSetup:SmokeValidate () (at Assets/Editor/Tools/ProjectSetup.cs:250)
FruitDefense.Editor.P0ValidationSuite:Run () (at Assets/Editor/Tests/P0ValidationSuite.cs:18)

(Filename: Assets/Scripts/FruitDefenseGame.cs Line: 1679)

Asset Pipeline Refresh (id=ff571e8c6e68d4f40b433245eda2bdf9): Total: 0.011 seconds - Initiated by RefreshV2(NoUpdateAssetOptions)
Asset Pipeline Refresh (id=ecdc03be5a113c545934220c1891fff1): Total: 0.031 seconds - Initiated by RefreshV2(NoUpdateAssetOptions)
Square contour topology guide generated: Assets/LayeredTerrain/GrassSoil/Square/Topology/SquareContourTopologyGuide.png
UnityEngine.Debug:ExtractStackTraceNoAlloc (byte*,int,string)
UnityEngine.StackTraceUtility:ExtractStackTrace ()
UnityEngine.DebugLogHandler:Internal_Log (UnityEngine.LogType,UnityEngine.LogOption,string,UnityEngine.Object)
UnityEngine.DebugLogHandler:LogFormat (UnityEngine.LogType,UnityEngine.Object,string,object[])
UnityEngine.Logger:Log (UnityEngine.LogType,object)
UnityEngine.Debug:Log (object)
FruitDefense.Editor.SquareTerrainArtGenerator:GenerateTopologyGuide () (at Assets/Editor/Tools/SquareTerrainArtGenerator.cs:42)
FruitDefense.Editor.SquareTerrainArtGenerator:GenerateAvailableSquareAssets () (at Assets/Editor/Tools/SquareTerrainArtGenerator.cs:133)
FruitDefense.Editor.LayeredTerrainArtSetup:EnsurePaletteAssets () (at Assets/Editor/Tools/LayeredTerrainArtSetup.cs:62)
FruitDefense.Editor.ProjectSetup:ConfigureBattlefieldTerrain (FruitDefense.FruitDefenseGame) (at Assets/Editor/Tools/ProjectSetup.cs:217)
FruitDefense.Editor.BattlefieldDualGridTerrainSmoke:ValidateSetupBinding (FruitDefense.Tilemaps.BattlefieldTerrainPalette,FruitDefense.Tilemaps.DualGridTileSet,FruitDefense.Tilemaps.DualGridTileSet,UnityEngine.Texture2D) (at Assets/Editor/Tests/BattlefieldDualGridTerrainSmoke.cs:489)
FruitDefense.Editor.BattlefieldDualGridTerrainSmoke:Validate () (at Assets/Editor/Tests/BattlefieldDualGridTerrainSmoke.cs:92)
FruitDefense.Editor.ProjectSetup:SmokeValidate () (at Assets/Editor/Tools/ProjectSetup.cs:250)
FruitDefense.Editor.P0ValidationSuite:Run () (at Assets/Editor/Tests/P0ValidationSuite.cs:18)

(Filename: Assets/Editor/Tools/SquareTerrainArtGenerator.cs Line: 42)

Asset Pipeline Refresh (id=a508cddaa3d772c41bc067928a37ff97): Total: 0.035 seconds - Initiated by RefreshV2(NoUpdateAssetOptions)
Asset Pipeline Refresh (id=3721869ad235c5045af4e841ef5e1e64): Total: 0.026 seconds - Initiated by RefreshV2(NoUpdateAssetOptions)
Asset Pipeline Refresh (id=ed0e2812491374d409619b5833f24452): Total: 0.038 seconds - Initiated by RefreshV2(NoUpdateAssetOptions)
Start importing Assets/LayeredTerrain/GrassSoil/Square/LandformStoneRoad/Mask-07.asset using Guid(b02fd980a2abc6b41974d859a777fb1d) (NativeFormatImporter) -> (artifact id: '09027e8d963d8fd928277d96f7735e27') in 0.0016753 seconds
Start importing Assets/LayeredTerrain/GrassSoil/Square/LandformGrass/Mask-05.asset using Guid(d04330ef8020b8a41b9e4589cb202101) (NativeFormatImporter) -> (artifact id: '4e5972f1b6c2ded32e8e48532b67135b') in 0.0015551 seconds
Start importing Assets/LayeredTerrain/GrassSoil/Square/LandformGrass/Mask-12.asset using Guid(d00b41817e9bc0741ad148ea3e94519a) (NativeFormatImporter) -> (artifact id: '9d0a3a48e4156b96b3c76ca702bf7bff') in 0.0013247 seconds
Start importing Assets/LayeredTerrain/GrassSoil/Square/LandformStoneRoad/Mask-13.asset using Guid(116a8c3b6ac195a4ebb8e3c7a9989ddc) (NativeFormatImporter) -> (artifact id: '871e193410b26687800828802aef7920') in 0.0012733 seconds
Start importing Assets/LayeredTerrain/GrassSoil/Square/LandformGrass/Mask-02.asset using Guid(315648227c153724090125e98f4cba15) (NativeFormatImporter) -> (artifact id: 'd08b86b0e86b5ac26e9107766d5008d1') in 0.0012307 seconds
Start importing Assets/LayeredTerrain/GrassSoil/Square/LandformStoneRoad/Mask-11.asset using Guid(519050a0a5a9f5847b095ee0b83437a0) (NativeFormatImporter) -> (artifact id: 'ae100c2ae270a66d81134616e885003c') in 0.0013588 seconds
Start importing Assets/LayeredTerrain/GrassSoil/Square/LandformGrass/Mask-14.asset using Guid(81815b76ad7c06c47bf1bc7b65624ffd) (NativeFormatImporter) -> (artifact id: 'e00c4c5ecbd51682bc3c65bf8d862a23') in 0.0012707 seconds
Start importing Assets/LayeredTerrain/GrassSoil/Square/LandformSoil/Mask-03.asset using Guid(b1c5384b4651e4a4a82d483cc64aae79) (NativeFormatImporter) -> (artifact id: '45c12fb41048b850cd7cb0f3e535436a') in 0.0012819 seconds
Start importing Assets/LayeredTerrain/GrassSoil/Square/LandformGrass/Mask-15.asset using Guid(027119ab30d86a546a5d935d6e9ec608) (NativeFormatImporter) -> (artifact id: '7e821f282e19a2a4d5825e548df9693a') in 0.0012452 seconds
Start importing Assets/LayeredTerrain/GrassSoil/Square/LandformGrass/Mask-00.asset using Guid(13f70a46e499e0146bffd256e7c14483) (NativeFormatImporter) -> (artifact id: '2a9713a59b72231d0d554c49e274b85a') in 0.0013038 seconds
Start importing Assets/LayeredTerrain/GrassSoil/Square/LandformSoil/Mask-00.asset using Guid(8303f71f8469fd7459473d47391ab0b3) (NativeFormatImporter) -> (artifact id: '1442dfc314550b70b27dde3dada60cc7') in 0.0013205 seconds
Start importing Assets/LayeredTerrain/GrassSoil/Square/LandformSoil/Mask-01.asset using Guid(d33072ada9e1bb749adcc5938680d51a) (NativeFormatImporter) -> (artifact id: '7a8f58bad24b64f744799cb0b0b9228f') in 0.001171 seconds
Start importing Assets/LayeredTerrain/GrassSoil/Square/LandformStoneRoad/Mask-09.asset using Guid(d30b19c2c64338a4fa9211b305cf65b1) (NativeFormatImporter) -> (artifact id: '59211e6be04f7e5724ec1a1b38221d71') in 0.001225 seconds
Start importing Assets/LayeredTerrain/GrassSoil/Square/LandformSoil/Mask-13.asset using Guid(548b829df136ae948902efdc96ee70bb) (NativeFormatImporter) -> (artifact id: 'd770f2a72e8453a69c8ff146ee623ca5') in 0.0014697 seconds
Start importing Assets/LayeredTerrain/GrassSoil/Square/LandformStoneRoad/Mask-00.asset using Guid(74d1d4b679c3aec43af1bd30b6c4aea1) (NativeFormatImporter) -> (artifact id: '4c60ffb732228db343f89511449fce3b') in 0.0012433 seconds
Start importing Assets/LayeredTerrain/GrassSoil/Square/LandformGrass/Mask-01.asset using Guid(35cbc7e6bd8f2f84d9c7965779c9b2eb) (NativeFormatImporter) -> (artifact id: '7cd6fe12f157cd0a0b2a210183323c21') in 0.0012346 seconds
Start importing Assets/LayeredTerrain/GrassSoil/Square/LandformGrass/Mask-10.asset using Guid(5728d44dd2630ff40849746ce5d849d7) (NativeFormatImporter) -> (artifact id: '57d0e56c944d10ea9c02adfa74800a28') in 0.0011895 seconds
Start importing Assets/LayeredTerrain/GrassSoil/Square/LandformSoil/Mask-09.asset using Guid(67347eef4df492941b15d16b687e2cb7) (NativeFormatImporter) -> (artifact id: '0b3fee03fb07b35a5fbe9374ec056b4b') in 0.0013283 seconds
Start importing Assets/LayeredTerrain/GrassSoil/Square/LandformGrass/Mask-04.asset using Guid(87737865bdb87ec43864ad3d997d7626) (NativeFormatImporter) -> (artifact id: '83b9f8cc1d095defdc009bd1839b690f') in 0.0012715 seconds
Start importing Assets/LayeredTerrain/GrassSoil/Square/LandformSoil/Mask-02.asset using Guid(87e33da937f65d34fb027eebfd8c1343) (NativeFormatImporter) -> (artifact id: '031756e6cc2b3a5ef2ddcaf8740ee21f') in 0.001231 seconds
Start importing Assets/LayeredTerrain/GrassSoil/Square/LandformGrass/Mask-08.asset using Guid(b781c12832a4cd84392ab7d35a405505) (NativeFormatImporter) -> (artifact id: 'c734ab3f59a9e28ca19de35691f15a63') in 0.0012319 seconds
Start importing Assets/LayeredTerrain/GrassSoil/Square/LandformStoneRoad/Mask-04.asset using Guid(f70ec30b59552144a97e4da8fea5520c) (NativeFormatImporter) -> (artifact id: '67ab708a109917ddbe110252083911c2') in 0.0012037 seconds
Start importing Assets/LayeredTerrain/GrassSoil/Square/LandformStoneRoad/Mask-05.asset using Guid(08c7afe6a1108a84b9f8ac99c7fa610e) (NativeFormatImporter) -> (artifact id: 'a8026e8f0c10f4b634f0c477d7f79ba5') in 0.0012375 seconds
Start importing Assets/LayeredTerrain/GrassSoil/Square/LandformStoneRoad/Mask-14.asset using Guid(39202684bd500f14184c5131ac46a6dd) (NativeFormatImporter) -> (artifact id: 'b43c0e8abc2951d26427ba0ee51e7ebb') in 0.0012647 seconds
Start importing Assets/LayeredTerrain/GrassSoil/Square/LandformSoil/SoilSquareLandformTileSet.asset using Guid(897d878e9497c6e4d935ea42058d6001) (NativeFormatImporter) -> (artifact id: '17e85a477bcdc5aaf3c7a2ca1f1f5d8e') in 0.0014545 seconds
Start importing Assets/LayeredTerrain/GrassSoil/Square/LandformStoneRoad/StoneRoadSquareLandformTileSet.asset using Guid(0a6730ef0e26d5b49b9ae3129ee21909) (NativeFormatImporter) -> (artifact id: '48456893df0f467254b3256235820444') in 0.00122 seconds
Start importing Assets/LayeredTerrain/GrassSoil/Square/LandformStoneRoad/Mask-10.asset using Guid(caa578d738fb0414e820ab1e3541b03f) (NativeFormatImporter) -> (artifact id: 'be4dcdbbc4fe728152242b70b5e9bb78') in 0.0013742 seconds
Start importing Assets/LayeredTerrain/GrassSoil/Square/LandformSoil/Mask-07.asset using Guid(2ce20b5da48d1ae43956c41d22ecd92e) (NativeFormatImporter) -> (artifact id: '7c41af1778c9689fc8cf1f4e4fcccd2c') in 0.0012279 seconds
Start importing Assets/LayeredTerrain/GrassSoil/Square/LandformSoil/Mask-11.asset using Guid(2c6bd62321830da498ea7724ae626857) (NativeFormatImporter) -> (artifact id: 'b1033fab3dddb68d369a244413a84ab3') in 0.001373 seconds
Start importing Assets/LayeredTerrain/GrassSoil/Square/LandformStoneRoad/Mask-15.asset using Guid(5cbc1f25709453b4a90de7054d0ce9b7) (NativeFormatImporter) -> (artifact id: 'ca75aea14a03badd729ba37b57fc7710') in 0.0015417 seconds
Start importing Assets/LayeredTerrain/GrassSoil/Square/LandformGrass/Mask-09.asset using Guid(8c5fb632240287d48a17621f58d3a651) (NativeFormatImporter) -> (artifact id: '77c6cf5113d6c96189dbf6818d84fd5f') in 0.0012191 seconds
Start importing Assets/LayeredTerrain/GrassSoil/Square/LandformSoil/Mask-12.asset using Guid(bc85f424c35a6c845b2186949136a828) (NativeFormatImporter) -> (artifact id: '08c355397adee775c3834a7a7a0bf465') in 0.0012304 seconds
Start importing Assets/LayeredTerrain/GrassSoil/Square/LandformSoil/Mask-10.asset using Guid(0dfe2c0efe3330c4d9570f0061d459b9) (NativeFormatImporter) -> (artifact id: '88decb540b9e036a0400c2d34dbc707c') in 0.0012155 seconds
Start importing Assets/LayeredTerrain/GrassSoil/Square/LandformGrass/Mask-03.asset using Guid(1db706b3e9547554e9081663c6442ba0) (NativeFormatImporter) -> (artifact id: 'fdfbe87044d88284093ccc42787947e0') in 0.0012098 seconds
Start importing Assets/LayeredTerrain/GrassSoil/Square/LandformStoneRoad/Mask-02.asset using Guid(1d9b71389b4697e4586703b25f185da7) (NativeFormatImporter) -> (artifact id: 'dbb50fa57ab28462356bbd1a8ebab835') in 0.0012678 seconds
Start importing Assets/LayeredTerrain/GrassSoil/Square/LandformSoil/Mask-05.asset using Guid(2de42da45e48f974e9a74a6970e6e643) (NativeFormatImporter) -> (artifact id: '6e739e360d22b33fd378e6acefe9d800') in 0.0012944 seconds
Start importing Assets/LayeredTerrain/GrassSoil/Square/LandformGrass/Mask-11.asset using Guid(5d253dc28016ae64db4653758ac0af88) (NativeFormatImporter) -> (artifact id: '4dbb166b77c04b10385ee89749d834d3') in 0.0013538 seconds
Start importing Assets/LayeredTerrain/GrassSoil/Square/LandformSoil/Mask-04.asset using Guid(5d4806f722710eb40b1cf937cc6498b6) (NativeFormatImporter) -> (artifact id: 'a825e4a02be2364dca6cd5d251c2a1af') in 0.0012203 seconds
Start importing Assets/LayeredTerrain/GrassSoil/Square/LandformStoneRoad/Mask-01.asset using Guid(add98a42caf91414387900c1b29b92c6) (NativeFormatImporter) -> (artifact id: 'a1a43dffdd1f7cdd6311169ade464c57') in 0.0012233 seconds
Start importing Assets/LayeredTerrain/GrassSoil/Square/LandformGrass/Mask-06.asset using Guid(cd0f4d7279da9f84caa8c319e7ab29f9) (NativeFormatImporter) -> (artifact id: '52937737c65259daea7bed84aa0a8a04') in 0.0011896 seconds
Start importing Assets/LayeredTerrain/GrassSoil/Square/LandformGrass/Mask-07.asset using Guid(4e65cf042fab2c1448282809779edb8a) (NativeFormatImporter) -> (artifact id: '8cc68977b954eb6d618706e748b65e8b') in 0.0012058 seconds
Start importing Assets/LayeredTerrain/GrassSoil/Square/LandformGrass/Mask-13.asset using Guid(7e2014d33d57f294f97dea5ed30b730c) (NativeFormatImporter) -> (artifact id: '93ec9328dc52bc61493ece4ef09f812b') in 0.0012379 seconds
Start importing Assets/LayeredTerrain/GrassSoil/Square/LandformSoil/Mask-14.asset using Guid(ae949dd8d7965fa41b1d3481d8bf8e30) (NativeFormatImporter) -> (artifact id: '13d3e8fadf25938fb6084c9eacdc285d') in 0.0012221 seconds
Start importing Assets/LayeredTerrain/GrassSoil/Square/LandformStoneRoad/Mask-08.asset using Guid(aecab5b9f537b5349adcff0900809717) (NativeFormatImporter) -> (artifact id: '6723e7d6eab214144e2a993643460ee5') in 0.0012429 seconds
Start importing Assets/LayeredTerrain/GrassSoil/Square/LandformSoil/Mask-15.asset using Guid(ce833c44287e15a44945e738038eb1c3) (NativeFormatImporter) -> (artifact id: '7c1ac2f82e318d432012af6c6509f07a') in 0.0011908 seconds
Start importing Assets/LayeredTerrain/GrassSoil/Square/LandformSoil/Mask-08.asset using Guid(ee6f4f16a4085914dbcb15919c60654c) (NativeFormatImporter) -> (artifact id: '2a403aad88716c1a9d6ee321599dc86f') in 0.0012101 seconds
Start importing Assets/LayeredTerrain/GrassSoil/Square/LandformStoneRoad/Mask-12.asset using Guid(2f49f6b2d05a8804097e79c69e515dc3) (NativeFormatImporter) -> (artifact id: '3512849ba8746b3929337e37047f52c2') in 0.0015392 seconds
Start importing Assets/LayeredTerrain/GrassSoil/Square/LandformSoil/Mask-06.asset using Guid(3ff6ff5cd14cc7441a6a84cdde5ff745) (NativeFormatImporter) -> (artifact id: 'c47a955bf9dc32d5bb761f8069ffd421') in 0.0013367 seconds
Start importing Assets/LayeredTerrain/GrassSoil/Square/LandformStoneRoad/Mask-06.asset using Guid(df46002ea561b404889b370e84a77f83) (NativeFormatImporter) -> (artifact id: 'c73fed30de3e790341265e9a3306482c') in 0.0012758 seconds
Start importing Assets/LayeredTerrain/GrassSoil/Square/LandformStoneRoad/Mask-03.asset using Guid(df1e863caf3bc5441a0d4c507b76c311) (NativeFormatImporter) -> (artifact id: 'a9a2fb8e8c6cb1c0cdbe880f9de699ac') in 0.001267 seconds
Start importing Assets/LayeredTerrain/GrassSoil/Square/LandformGrass/GrassSquareLandformTileSet.asset using Guid(ef399dc10411dd84ab6a276f72e506ea) (NativeFormatImporter) -> (artifact id: '3f3f806b6373e60abb62a5adaf65a9f7') in 0.0012726 seconds
Refreshing native plugins compatible for Editor in 0.18 ms, found 0 plugins.
Preloading 0 native plugins for Editor in 0.00 ms.
Asset Pipeline Refresh (id=990ee4b898b4b8f4baaec81ac4139745): Total: 0.090 seconds - Initiated by StopAssetImportingV2(NoUpdateAssetOptions)
Native 256 px square grass, soil and stone-road landforms generated.
UnityEngine.Debug:ExtractStackTraceNoAlloc (byte*,int,string)
UnityEngine.StackTraceUtility:ExtractStackTrace ()
UnityEngine.DebugLogHandler:Internal_Log (UnityEngine.LogType,UnityEngine.LogOption,string,UnityEngine.Object)
UnityEngine.DebugLogHandler:LogFormat (UnityEngine.LogType,UnityEngine.Object,string,object[])
UnityEngine.Logger:Log (UnityEngine.LogType,object)
UnityEngine.Debug:Log (object)
FruitDefense.Editor.SquareTerrainArtGenerator:GenerateDeterministicLandforms () (at Assets/Editor/Tools/SquareTerrainArtGenerator.cs:87)
FruitDefense.Editor.SquareTerrainArtGenerator:GenerateAvailableSquareAssets () (at Assets/Editor/Tools/SquareTerrainArtGenerator.cs:134)
FruitDefense.Editor.LayeredTerrainArtSetup:EnsurePaletteAssets () (at Assets/Editor/Tools/LayeredTerrainArtSetup.cs:62)
FruitDefense.Editor.ProjectSetup:ConfigureBattlefieldTerrain (FruitDefense.FruitDefenseGame) (at Assets/Editor/Tools/ProjectSetup.cs:217)
FruitDefense.Editor.BattlefieldDualGridTerrainSmoke:ValidateSetupBinding (FruitDefense.Tilemaps.BattlefieldTerrainPalette,FruitDefense.Tilemaps.DualGridTileSet,FruitDefense.Tilemaps.DualGridTileSet,UnityEngine.Texture2D) (at Assets/Editor/Tests/BattlefieldDualGridTerrainSmoke.cs:489)
FruitDefense.Editor.BattlefieldDualGridTerrainSmoke:Validate () (at Assets/Editor/Tests/BattlefieldDualGridTerrainSmoke.cs:92)
FruitDefense.Editor.ProjectSetup:SmokeValidate () (at Assets/Editor/Tools/ProjectSetup.cs:250)
FruitDefense.Editor.P0ValidationSuite:Run () (at Assets/Editor/Tests/P0ValidationSuite.cs:18)

(Filename: Assets/Editor/Tools/SquareTerrainArtGenerator.cs Line: 87)

Asset Pipeline Refresh (id=c611a2c165125dd4caea9b871876cc77): Total: 0.031 seconds - Initiated by RefreshV2(NoUpdateAssetOptions)
Start importing Assets/LayeredTerrain/GrassSoil/Square/EdgeGrassOnSoilPainted/Mask-15.asset using Guid(a17969b175ec3354c8fe533c48257f94) (NativeFormatImporter) -> (artifact id: '99f211a0ff210a0c86467a3e625714fe') in 0.001427 seconds
Start importing Assets/LayeredTerrain/GrassSoil/Square/EdgeGrassOnSoilPainted/Mask-04.asset using Guid(e2449efc0c1116648a5b9cbfe33d8e81) (NativeFormatImporter) -> (artifact id: '18145ed9e628d5f8340c44824db6c8be') in 0.0012533 seconds
Start importing Assets/LayeredTerrain/GrassSoil/Square/EdgeGrassOnSoilPainted/Mask-14.asset using Guid(4328f421ed4ea34439d6e4e50990e24a) (NativeFormatImporter) -> (artifact id: '6bbe4451c7dca2d4de869403308041cf') in 0.0012148 seconds
Start importing Assets/LayeredTerrain/GrassSoil/Square/EdgeGrassOnSoilPainted/Mask-11.asset using Guid(04aab987cd98a4440b66bb727667d8db) (NativeFormatImporter) -> (artifact id: 'eb6fb6ecd423e575e0946462aa243d66') in 0.0012474 seconds
Start importing Assets/LayeredTerrain/GrassSoil/Square/EdgeGrassOnSoilPainted/Mask-13.asset using Guid(75f61e4d96323eb4e906226b1dd8a16a) (NativeFormatImporter) -> (artifact id: '7952dc870547efbd422b012b46d2b17a') in 0.0012468 seconds
Start importing Assets/LayeredTerrain/GrassSoil/Square/EdgeGrassOnSoilPainted/Mask-08.asset using Guid(062a9acbc752b0342becc47471c8dad4) (NativeFormatImporter) -> (artifact id: 'ee86fce3dc4587f247fc6e398cfff9cd') in 0.0012692 seconds
Start importing Assets/LayeredTerrain/GrassSoil/Square/EdgeGrassOnSoilPainted/Mask-12.asset using Guid(17347530ba5655e4cb59ff249a976ea1) (NativeFormatImporter) -> (artifact id: '27e6bc4eabc1e74cb23636389ffd9263') in 0.0011999 seconds
Start importing Assets/LayeredTerrain/GrassSoil/Square/EdgeGrassOnSoilPainted/Mask-00.asset using Guid(676ca911d7a7bbf408a30856d7cc6990) (NativeFormatImporter) -> (artifact id: '557d3d98682769dd5e96ded56f4299cf') in 0.0012278 seconds
Start importing Assets/LayeredTerrain/GrassSoil/Square/EdgeGrassOnSoilPainted/Mask-10.asset using Guid(e75c1031ec799e0448fd29d3082006b4) (NativeFormatImporter) -> (artifact id: 'c8e41218e8984dd46c91b31d7703de4f') in 0.0011576 seconds
Start importing Assets/LayeredTerrain/GrassSoil/Square/EdgeGrassOnSoilPainted/Mask-09.asset using Guid(a8a7730f3a6dd484198f1b19fed8a24f) (NativeFormatImporter) -> (artifact id: '5597baddb442bf8a928e37d39723d50b') in 0.0011865 seconds
Start importing Assets/LayeredTerrain/GrassSoil/Square/EdgeGrassOnSoilPainted/Mask-07.asset using Guid(f8b2f90201834fa478634d3f30f6af16) (NativeFormatImporter) -> (artifact id: 'a306cb5e617a8648a67a81dc94516e9e') in 0.0012617 seconds
Start importing Assets/LayeredTerrain/GrassSoil/Square/EdgeGrassOnSoilPainted/Mask-06.asset using Guid(19882d23e028ac94e8abd02f91624ba8) (NativeFormatImporter) -> (artifact id: '54900e8224e5828f7c6a4f69fec6db72') in 0.0011882 seconds
Start importing Assets/LayeredTerrain/GrassSoil/Square/EdgeGrassOnSoilPainted/Mask-01.asset using Guid(b94d4b2cd03a1b04b83a81974d966227) (NativeFormatImporter) -> (artifact id: '7caf427609fab688c51f9caa2ce6a79f') in 0.0011848 seconds
Start importing Assets/LayeredTerrain/GrassSoil/Square/EdgeGrassOnSoilPainted/Mask-03.asset using Guid(1a4a3cc4af69bbc4aaabde52016c4f95) (NativeFormatImporter) -> (artifact id: 'af45f85c0f45a239757e36be7c184f6c') in 0.0011724 seconds
Start importing Assets/LayeredTerrain/GrassSoil/Square/EdgeGrassOnSoilPainted/Mask-05.asset using Guid(bacdc75efb95eda42aa6803845d196c4) (NativeFormatImporter) -> (artifact id: '6d469253745d86e884993bfadfef01d0') in 0.0011603 seconds
Start importing Assets/LayeredTerrain/GrassSoil/Square/EdgeGrassOnSoilPainted/GrassOnSoilSquarePaintedTileSet.asset using Guid(1b984e39e61f8734d8c54b032e84c3a3) (NativeFormatImporter) -> (artifact id: '612bda68ec02f7c1be620eb4ba627873') in 0.001288 seconds
Start importing Assets/LayeredTerrain/GrassSoil/Square/EdgeGrassOnSoilPainted/Mask-02.asset using Guid(8d6a7e51f29762f4796204a57546e522) (NativeFormatImporter) -> (artifact id: '504e9a251c8e415c78cba5f93910b005') in 0.001186 seconds
Refreshing native plugins compatible for Editor in 0.16 ms, found 0 plugins.
Preloading 0 native plugins for Editor in 0.00 ms.
Asset Pipeline Refresh (id=38cc7addc3465a04c96ee00443975c90): Total: 0.034 seconds - Initiated by StopAssetImportingV2(NoUpdateAssetOptions)
Accepted ribbon lip profile packaged as a top-down grass feather with base-grass RGB, guide-owned topology and no soil wall or outline.
UnityEngine.Debug:ExtractStackTraceNoAlloc (byte*,int,string)
UnityEngine.StackTraceUtility:ExtractStackTrace ()
UnityEngine.DebugLogHandler:Internal_Log (UnityEngine.LogType,UnityEngine.LogOption,string,UnityEngine.Object)
UnityEngine.DebugLogHandler:LogFormat (UnityEngine.LogType,UnityEngine.Object,string,object[])
UnityEngine.Logger:Log (UnityEngine.LogType,object)
UnityEngine.Debug:Log (object)
FruitDefense.Editor.SquareTerrainArtGenerator:PackageAcceptedGrassOnSoilCandidate () (at Assets/Editor/Tools/SquareTerrainArtGenerator.cs:126)
FruitDefense.Editor.SquareTerrainArtGenerator:GenerateAvailableSquareAssets () (at Assets/Editor/Tools/SquareTerrainArtGenerator.cs:138)
FruitDefense.Editor.LayeredTerrainArtSetup:EnsurePaletteAssets () (at Assets/Editor/Tools/LayeredTerrainArtSetup.cs:62)
FruitDefense.Editor.ProjectSetup:ConfigureBattlefieldTerrain (FruitDefense.FruitDefenseGame) (at Assets/Editor/Tools/ProjectSetup.cs:217)
FruitDefense.Editor.BattlefieldDualGridTerrainSmoke:ValidateSetupBinding (FruitDefense.Tilemaps.BattlefieldTerrainPalette,FruitDefense.Tilemaps.DualGridTileSet,FruitDefense.Tilemaps.DualGridTileSet,UnityEngine.Texture2D) (at Assets/Editor/Tests/BattlefieldDualGridTerrainSmoke.cs:489)
FruitDefense.Editor.BattlefieldDualGridTerrainSmoke:Validate () (at Assets/Editor/Tests/BattlefieldDualGridTerrainSmoke.cs:92)
FruitDefense.Editor.ProjectSetup:SmokeValidate () (at Assets/Editor/Tools/ProjectSetup.cs:250)
FruitDefense.Editor.P0ValidationSuite:Run () (at Assets/Editor/Tests/P0ValidationSuite.cs:18)

(Filename: Assets/Editor/Tools/SquareTerrainArtGenerator.cs Line: 126)

Start importing Assets/LayeredTerrain/GrassSoil/LandformSoil/Mask-07.asset using Guid(40244693c163e6541baff892b129cb00) (NativeFormatImporter) -> (artifact id: 'e65830c68ae7e03467001a0296ab0069') in 0.0014996 seconds
Start importing Assets/LayeredTerrain/GrassSoil/EdgeGrassOnSoilRefined/Mask-07.asset using Guid(418e9fec0ca97b64ab0f4c86dc0fd006) (NativeFormatImporter) -> (artifact id: 'cd9c2cf18fdd38f609098f7d0cc15714') in 0.0012445 seconds
Start importing Assets/LayeredTerrain/CompositeBrushes/OriginalGrassSoil/OriginalGrassSoilReverseLandformTileSet.asset using Guid(813c3f8ce1d51a24093ce2c5ed1547fa) (NativeFormatImporter) -> (artifact id: 'b5291246265ecb7af0dd8a3a19f371a0') in 0.00126 seconds
Start importing Assets/LayeredTerrain/GrassSoil/Authoring/SoilBase.asset using Guid(a158e7b4dd9e7c448b398f9b22a9f9c2) (NativeFormatImporter) -> (artifact id: '1d93f5ffd6651520cc292a513066cccb') in 0.0012391 seconds
Start importing Assets/LayeredTerrain/GrassSoil/EdgeGrassOnSoilRefined/Mask-05.asset using Guid(f15a3346efbbefb40babba4ef8f6ffa7) (NativeFormatImporter) -> (artifact id: '0325b05872f53d4d8922d91b29b864f9') in 0.0012044 seconds
Start importing Assets/LayeredTerrain/GrassSoil/LandformSoil/Mask-04.asset using Guid(f1fab5de0afca5445ba4970fcd52bbbe) (NativeFormatImporter) -> (artifact id: '09085b923c9ce06113de808e0225d25b') in 0.0012499 seconds
Start importing Assets/LayeredTerrain/GrassSoil/EdgeGrassOnSoilRefined/Mask-14.asset using Guid(1292b21714ab41b4197a410a29053ee2) (NativeFormatImporter) -> (artifact id: '113ba810aee874d1280699a85e7183b6') in 0.001375 seconds
Start importing Assets/LayeredTerrain/GrassSoil/LandformGrass/Mask-08.asset using Guid(52e1998e35a61a047bd24dd910b6bb8c) (NativeFormatImporter) -> (artifact id: '675f77c88e6e0d975abaaae9f510d95d') in 0.001292 seconds
Start importing Assets/LayeredTerrain/GrassSoil/EdgeGrassOnSoilRefined/Mask-15.asset using Guid(a2ee8cf7722d54542bb6934c3c7acca3) (NativeFormatImporter) -> (artifact id: '6edcf8d7d3f26ee03919cdd607084ab1') in 0.0012259 seconds
Start importing Assets/LayeredTerrain/GrassSoil/EdgeGrassOnSoilRefined/Mask-11.asset using Guid(c29b700cc6f883f4d8d20d2a190eee05) (NativeFormatImporter) -> (artifact id: 'f51c180f858faa73b198142b42927cfc') in 0.0012316 seconds
Start importing Assets/LayeredTerrain/GrassSoil/LandformGrass/Mask-07.asset using Guid(d285b7a144ce1134ba6f4b02b003db14) (NativeFormatImporter) -> (artifact id: '0038d19d51d9c42dea9465db3b105f39') in 0.0012621 seconds
Start importing Assets/LayeredTerrain/GrassSoil/LandformSoil/Mask-01.asset using Guid(030d3f064f313fe4aa4dd2ab0ae33f07) (NativeFormatImporter) -> (artifact id: '3fd5251983b6578fd68bf6bc3bb3b4e3') in 0.0012009 seconds
Start importing Assets/LayeredTerrain/GrassSoil/EdgeGrassOnSoilRefined/Mask-10.asset using Guid(c32eb2f88b196e04f96b1b2b04ea7efe) (NativeFormatImporter) -> (artifact id: '2d01cd9893dc47967ba87373e479eb7e') in 0.0012376 seconds
Start importing Assets/LayeredTerrain/GrassSoil/LandformSoil/Mask-13.asset using Guid(04bdecbe02f95ef46986c7056c2b7c3b) (NativeFormatImporter) -> (artifact id: '15f31c02a38b8c10ecc25938dd45d64e') in 0.001249 seconds
Start importing Assets/LayeredTerrain/GrassSoil/EdgeGrassOnSoilRefined/Mask-00.asset using Guid(e4a3c845026f4254892939518018693f) (NativeFormatImporter) -> (artifact id: '3a031e969e7d12b8ad7d8420c2b35c82') in 0.001183 seconds
Start importing Assets/LayeredTerrain/GrassSoil/LandformSoil/Mask-03.asset using Guid(15a3542839f831f41a0a24e5e9e2f22c) (NativeFormatImporter) -> (artifact id: '6e77d59b695c8200cb85f17fa75a4b54') in 0.0011799 seconds
Start importing Assets/LayeredTerrain/GrassSoil/LandformSoil/Mask-02.asset using Guid(f587922c248637745a6249f84c52611e) (NativeFormatImporter) -> (artifact id: '75844366cc32f023f1e40453bee8aa54') in 0.0011849 seconds
Start importing Assets/LayeredTerrain/GrassSoil/LandformGrass/Mask-09.asset using Guid(165dc20b52db7d14488b55217f6ac108) (NativeFormatImporter) -> (artifact id: '72e38899c33e0e3ced6ed6d0356b17dc') in 0.0011764 seconds
Start importing Assets/LayeredTerrain/GrassSoil/LandformSoil/Mask-11.asset using Guid(86718e5a68b1dcc47854d71bba5a1c17) (NativeFormatImporter) -> (artifact id: '04f57e67d298deb7839321669f6f5937') in 0.0011693 seconds
Start importing Assets/LayeredTerrain/GrassSoil/EdgeGrassOnSoilRefined/Mask-09.asset using Guid(86c349d56e9db3e4e849d6749cdfbfbe) (NativeFormatImporter) -> (artifact id: 'a3a3937713e26dae2d17075614e230de') in 0.0012346 seconds
Start importing Assets/LayeredTerrain/CompositeBrushes/GrassSoil/GrassSoilReverseLandformTileSet.asset using Guid(17ff6febab517824eb695d29e0459a1f) (NativeFormatImporter) -> (artifact id: '3aac16350dc78571bdc4c034dd153e34') in 0.0013057 seconds
Start importing Assets/LayeredTerrain/GrassSoil/LandformSoil/Mask-09.asset using Guid(478b7d64a48c32541abd22cde03a7210) (NativeFormatImporter) -> (artifact id: 'df61b4f661f9c0aded60f089bd901d4a') in 0.0012116 seconds
Start importing Assets/LayeredTerrain/GrassSoil/LandformSoil/Mask-05.asset using Guid(878e7bb9dfa805f47b4b88fef4623c4b) (NativeFormatImporter) -> (artifact id: '6433cd5ece3fc29e9694b9c40d1cce7b') in 0.0012248 seconds
Start importing Assets/LayeredTerrain/CompositeBrushes/StoneWater/StoneWaterReverseLandformTileSet.asset using Guid(97ffcbb8c3ab6264e80693ccaf0c43de) (NativeFormatImporter) -> (artifact id: '098d79a46ae44df4e4eabca0ead85233') in 0.0012597 seconds
Start importing Assets/LayeredTerrain/GrassSoil/LandformSoil/Mask-14.asset using Guid(a7806afe4f019d445bbf552f9eece05e) (NativeFormatImporter) -> (artifact id: 'e86c3f661d3698b3e540fda453881940') in 0.0012323 seconds
Start importing Assets/LayeredTerrain/GrassSoil/EdgeGrassOnSoilRefined/Mask-13.asset using Guid(a7d1a82699efeae47a6ca0a5bb112ae7) (NativeFormatImporter) -> (artifact id: 'a78e3ab795bab51c2fb8875ea81a3142') in 0.001239 seconds
Start importing Assets/LayeredTerrain/GrassSoil/EdgeGrassOnSoilRefined/GrassOnSoilRefinedTileSet.asset using Guid(b75665e5083dab441a2805aa7b5e1562) (NativeFormatImporter) -> (artifact id: '9a378045af94549dd04c416ddd049034') in 0.0012415 seconds
Start importing Assets/LayeredTerrain/GrassSoil/LandformGrass/Mask-14.asset using Guid(c7287b8c949516949b483b111ceb39a0) (NativeFormatImporter) -> (artifact id: '742a261e597b802d91fa4c4b50193514') in 0.0012048 seconds
Start importing Assets/LayeredTerrain/GrassSoil/LandformSoil/Mask-00.asset using Guid(88d5b3d83381240419fa7d0a9d6c2c63) (NativeFormatImporter) -> (artifact id: 'ec59939a8b52efe47b329a71ceccb6a9') in 0.0012418 seconds
Start importing Assets/LayeredTerrain/GrassSoil/LandformGrass/Mask-13.asset using Guid(e80621ea42744c243ac2ec385c32b338) (NativeFormatImporter) -> (artifact id: 'c073a20a8e0628f7baf4a55a699ae105') in 0.0011837 seconds
Start importing Assets/LayeredTerrain/GrassSoil/LandformGrass/Mask-00.asset using Guid(c92ffc9e81d587840892eb05cf844fbf) (NativeFormatImporter) -> (artifact id: '6de21ee1cddad2dc5dc822438a8f4094') in 0.0011807 seconds
Start importing Assets/LayeredTerrain/GrassSoil/LandformSoil/Mask-08.asset using Guid(d98e1448816e2f443a1e4e6b40e7cc25) (NativeFormatImporter) -> (artifact id: '8c84979613e06175002d882607152e4e') in 0.0013806 seconds
Start importing Assets/LayeredTerrain/GrassSoil/LandformSoil/Mask-15.asset using Guid(e95509ac4ec30484ab37daa221658805) (NativeFormatImporter) -> (artifact id: 'f96248f32c56c962dfe506862d5fb21b') in 0.0012472 seconds
Start importing Assets/LayeredTerrain/GrassSoil/EdgeGrassOnSoilRefined/Mask-06.asset using Guid(e9ac41d989ad93f4ca1a691487107c16) (NativeFormatImporter) -> (artifact id: 'e9daccbac2653977ee343c02f273f598') in 0.0012433 seconds
Start importing Assets/LayeredTerrain/GrassSoil/LandformSoil/Mask-10.asset using Guid(f95d6c7578efacd4cb1f12c63e1d8ff8) (NativeFormatImporter) -> (artifact id: '90d43f8749769d1781298dd6bba5d61f') in 0.0013132 seconds
Start importing Assets/LayeredTerrain/GrassSoil/LandformGrass/Mask-10.asset using Guid(0a64b675a1f765c409b8f9deea1eb208) (NativeFormatImporter) -> (artifact id: '09c03947b8c465db650824308fe637f1') in 0.0013934 seconds
Start importing Assets/LayeredTerrain/GrassSoil/EdgeGrassOnSoilRefined/Mask-12.asset using Guid(3a09b8d94e4515f4fa39c4292c8052a7) (NativeFormatImporter) -> (artifact id: 'af83cf963396621d9d3bad458f6ed2a9') in 0.0014453 seconds
Start importing Assets/LayeredTerrain/GrassSoil/LandformSoil/Mask-06.asset using Guid(4ab46eb735954bf45977209e4a936a01) (NativeFormatImporter) -> (artifact id: '8450f37df15f7709b95c5c346493f1fd') in 0.0013085 seconds
Start importing Assets/LayeredTerrain/GrassSoil/LandformGrass/Mask-15.asset using Guid(7a5208b63b1d6284285e932c3708e65d) (NativeFormatImporter) -> (artifact id: '67ddae65d0c7a750e13eb34b9baf8365') in 0.0012435 seconds
Start importing Assets/LayeredTerrain/GrassSoil/LandformGrass/Mask-05.asset using Guid(3b4a2864fb45c5b4fae56fc1f697bbdd) (NativeFormatImporter) -> (artifact id: 'cf3f476c92289c5b074cb8ea3198ce61') in 0.0012066 seconds
Start importing Assets/LayeredTerrain/GrassSoil/EdgeGrassOnSoilRefined/Mask-08.asset using Guid(9b3d0613b51d86146bf5ea0994b42ddd) (NativeFormatImporter) -> (artifact id: '4e302c1a03e18f66e6c41c139ec180d3') in 0.0012125 seconds
Start importing Assets/LayeredTerrain/GrassSoil/LandformGrass/Mask-11.asset using Guid(bb6bc251a6bbcf54480e7f80f2181f2a) (NativeFormatImporter) -> (artifact id: '857582d6d96bb87d66880447573db021') in 0.001473 seconds
Start importing Assets/LayeredTerrain/GrassSoil/LandformSoil/Mask-12.asset using Guid(3cfb4949c07b1bf43bc66661515525d7) (NativeFormatImporter) -> (artifact id: '3a6ea6ab140b5d680c9d80d68e71cee7') in 0.0012039 seconds
Start importing Assets/LayeredTerrain/GrassSoil/EdgeGrassOnSoilRefined/Mask-04.asset using Guid(6cca3f06a711ab34992417d66eeec087) (NativeFormatImporter) -> (artifact id: 'be2a2aeb01573b6be77d3a2b070fef25') in 0.0012869 seconds
Start importing Assets/LayeredTerrain/GrassSoil/Authoring/GrassBase.asset using Guid(3d71b1ea4e270714eb43b3b4541cda21) (NativeFormatImporter) -> (artifact id: '3f5ae16e96393bccc7f5f4d3650a3ce6') in 0.0012913 seconds
Start importing Assets/LayeredTerrain/GrassSoil/LandformGrass/Mask-06.asset using Guid(5d15d49b3c156ae479bd995b33107c67) (NativeFormatImporter) -> (artifact id: '05abb2ca9d5f1492af0ec896fb864d4e') in 0.0011926 seconds
Start importing Assets/LayeredTerrain/GrassSoil/LandformGrass/Mask-01.asset using Guid(7d609e3f17078a44f9a89e21b68ae180) (NativeFormatImporter) -> (artifact id: 'a1ebd9002be9baca60bb274969bc4dc2') in 0.0012119 seconds
Start importing Assets/LayeredTerrain/GrassSoil/LandformGrass/Mask-04.asset using Guid(ede22ab8e9b7bcc4da28aa41887e8614) (NativeFormatImporter) -> (artifact id: '42c1c0d805e7b323f147012ab0eb20fb') in 0.0011699 seconds
Start importing Assets/LayeredTerrain/GrassSoil/LandformSoil/SoilLandformTileSet.asset using Guid(3e1155418d0567f44af4b96697c9dd09) (NativeFormatImporter) -> (artifact id: 'df15b8c45196950bc4219bee97aafc82') in 0.0012603 seconds
Start importing Assets/LayeredTerrain/GrassSoil/EdgeGrassOnSoilRefined/Mask-02.asset using Guid(6ef5433501c908740932ed7d05777790) (NativeFormatImporter) -> (artifact id: '25936841c896ee6e32acaadabe2f5ad9') in 0.0012146 seconds
Start importing Assets/LayeredTerrain/GrassSoil/EdgeGrassOnSoilRefined/Mask-01.asset using Guid(8e0671f07975b7c43b734d81c5ff11bc) (NativeFormatImporter) -> (artifact id: 'c6f3c5aa165967eeb465f4156418931b') in 0.0012368 seconds
Start importing Assets/LayeredTerrain/GrassSoil/EdgeGrassOnSoilRefined/Mask-03.asset using Guid(de5135a77f40df84b9a7170011242e63) (NativeFormatImporter) -> (artifact id: 'c4b8007304dbcd55f4ed04fb4957f5a6') in 0.0017385 seconds
Start importing Assets/LayeredTerrain/GrassSoil/LandformGrass/GrassLandformTileSet.asset using Guid(2fc47b69529dfb541a089c835adb5ce8) (NativeFormatImporter) -> (artifact id: '7d9b947ceee84338616124256f8ad829') in 0.001367 seconds
Start importing Assets/LayeredTerrain/GrassSoil/LandformGrass/Mask-12.asset using Guid(bfcde0f6045b297478b7cca21b2bd212) (NativeFormatImporter) -> (artifact id: 'fcc2d08d622fb7725cf22421d7d46e31') in 0.0012324 seconds
Start importing Assets/LayeredTerrain/GrassSoil/LandformGrass/Mask-02.asset using Guid(cfb8b16aec24e064ba3c8b202f110c99) (NativeFormatImporter) -> (artifact id: '918a9e9785ac5cd4f4174f2fe29d6d53') in 0.0011975 seconds
Start importing Assets/LayeredTerrain/GrassSoil/LandformGrass/Mask-03.asset using Guid(cf797356fdd5ba54fb021059b4e0c786) (NativeFormatImporter) -> (artifact id: '297c0fc42e401c9d7fd0a377a3b5b28e') in 0.0012272 seconds
Refreshing native plugins compatible for Editor in 0.16 ms, found 0 plugins.
Preloading 0 native plugins for Editor in 0.00 ms.
Asset Pipeline Refresh (id=9750cf51ef181e747bff01ebfd1ba66d): Total: 0.096 seconds - Initiated by StopAssetImportingV2(NoUpdateAssetOptions)
Start importing Assets/LayeredTerrain/CompositeBrushes/OriginalGrassSoil/OriginalGrassSoilBrush.asset using Guid(21a71232d6e654e4b8c7960242ff7182) (NativeFormatImporter) -> (artifact id: '3547d87e50bc075e0e2036afaef240e2') in 0.0015066 seconds
Start importing Assets/LayeredTerrain/CompositeBrushes/OriginalGrassSoil/OriginalGrassSoilReverseLandformTileSet.asset using Guid(813c3f8ce1d51a24093ce2c5ed1547fa) (NativeFormatImporter) -> (artifact id: 'b5291246265ecb7af0dd8a3a19f371a0') in 0.0013508 seconds
Refreshing native plugins compatible for Editor in 0.15 ms, found 0 plugins.
Preloading 0 native plugins for Editor in 0.00 ms.
Asset Pipeline Refresh (id=ff63526c899386b4095fcfffb067132e): Total: 0.012 seconds - Initiated by StopAssetImportingV2(NoUpdateAssetOptions)
Start importing Assets/Battlefield/Terrain/OrchardDefaultTerrainPalette.asset using Guid(8f09d513b82ee0048abd5a50378dbb0c) (NativeFormatImporter) -> (artifact id: 'af117db4ea5f59db66e2603074e05e44') in 0.0014213 seconds
Refreshing native plugins compatible for Editor in 0.13 ms, found 0 plugins.
Preloading 0 native plugins for Editor in 0.00 ms.
Asset Pipeline Refresh (id=df38359561b314d49ac79dd7eb5acccc): Total: 0.011 seconds - Initiated by StopAssetImportingV2(NoUpdateAssetOptions)
Opening scene 'Assets/Scenes/Battle.unity additively'
Loaded scene 'Assets/Scenes/Battle.unity'
	Deserialize:            0.423 ms
	Integration:            0.090 ms
	Integration of assets:  0.002 ms
	Thread Wait Time:       0.006 ms
	Total Operation Time:   0.521 ms
FRUIT_DEFENSE_BATTLEFIELD_DUAL_GRID_TERRAIN_OK productionMaps=3 acceptanceFixtures=1
UnityEngine.Debug:ExtractStackTraceNoAlloc (byte*,int,string)
UnityEngine.StackTraceUtility:ExtractStackTrace ()
UnityEngine.DebugLogHandler:Internal_Log (UnityEngine.LogType,UnityEngine.LogOption,string,UnityEngine.Object)
UnityEngine.DebugLogHandler:LogFormat (UnityEngine.LogType,UnityEngine.Object,string,object[])
UnityEngine.Logger:Log (UnityEngine.LogType,object)
UnityEngine.Debug:Log (object)
FruitDefense.Editor.BattlefieldDualGridTerrainSmoke:Validate () (at Assets/Editor/Tests/BattlefieldDualGridTerrainSmoke.cs:94)
FruitDefense.Editor.ProjectSetup:SmokeValidate () (at Assets/Editor/Tools/ProjectSetup.cs:250)
FruitDefense.Editor.P0ValidationSuite:Run () (at Assets/Editor/Tests/P0ValidationSuite.cs:18)

(Filename: Assets/Editor/Tests/BattlefieldDualGridTerrainSmoke.cs Line: 94)

FRUIT_DEFENSE_PLANT_INTERACTION_PRESENTATION_OK
UnityEngine.Debug:ExtractStackTraceNoAlloc (byte*,int,string)
UnityEngine.StackTraceUtility:ExtractStackTrace ()
UnityEngine.DebugLogHandler:Internal_Log (UnityEngine.LogType,UnityEngine.LogOption,string,UnityEngine.Object)
UnityEngine.DebugLogHandler:LogFormat (UnityEngine.LogType,UnityEngine.Object,string,object[])
UnityEngine.Logger:Log (UnityEngine.LogType,object)
UnityEngine.Debug:Log (object)
FruitDefense.Editor.PlantInteractionPresentationSmoke:Run () (at Assets/Editor/Tests/PlantInteractionPresentationSmoke.cs:15)
FruitDefense.Editor.ProjectSetup:SmokeValidate () (at Assets/Editor/Tools/ProjectSetup.cs:251)
FruitDefense.Editor.P0ValidationSuite:Run () (at Assets/Editor/Tests/P0ValidationSuite.cs:18)

(Filename: Assets/Editor/Tests/PlantInteractionPresentationSmoke.cs Line: 15)

FRUIT_DEFENSE_COMBAT_FRAMEWORK_OK
UnityEngine.Debug:ExtractStackTraceNoAlloc (byte*,int,string)
UnityEngine.StackTraceUtility:ExtractStackTrace ()
UnityEngine.DebugLogHandler:Internal_Log (UnityEngine.LogType,UnityEngine.LogOption,string,UnityEngine.Object)
UnityEngine.DebugLogHandler:LogFormat (UnityEngine.LogType,UnityEngine.Object,string,object[])
UnityEngine.Logger:Log (UnityEngine.LogType,object)
UnityEngine.Debug:Log (object)
FruitDefense.Editor.CombatFrameworkSmoke:Run () (at Assets/Editor/Tests/CombatFrameworkSmoke.cs:23)
FruitDefense.Editor.ProjectSetup:SmokeValidate () (at Assets/Editor/Tools/ProjectSetup.cs:303)
FruitDefense.Editor.P0ValidationSuite:Run () (at Assets/Editor/Tests/P0ValidationSuite.cs:18)

(Filename: Assets/Editor/Tests/CombatFrameworkSmoke.cs Line: 23)

FRUIT_DEFENSE_LEVEL_MAP_CATALOG_OK
UnityEngine.Debug:ExtractStackTraceNoAlloc (byte*,int,string)
UnityEngine.StackTraceUtility:ExtractStackTrace ()
UnityEngine.DebugLogHandler:Internal_Log (UnityEngine.LogType,UnityEngine.LogOption,string,UnityEngine.Object)
UnityEngine.DebugLogHandler:LogFormat (UnityEngine.LogType,UnityEngine.Object,string,object[])
UnityEngine.Logger:Log (UnityEngine.LogType,object)
UnityEngine.Debug:Log (object)
FruitDefense.Editor.LevelMapCatalogSmoke:Run () (at Assets/Editor/Tests/LevelMapCatalogSmoke.cs:27)
FruitDefense.Editor.ProjectSetup:ValidateP1LevelCatalogPath () (at Assets/Editor/Tools/ProjectSetup.cs:345)
FruitDefense.Editor.ProjectSetup:SmokeValidate () (at Assets/Editor/Tools/ProjectSetup.cs:331)
FruitDefense.Editor.P0ValidationSuite:Run () (at Assets/Editor/Tests/P0ValidationSuite.cs:18)

(Filename: Assets/Editor/Tests/LevelMapCatalogSmoke.cs Line: 27)

FRUIT_DEFENSE_MULTI_LEVEL_SIMULATION_OK
UnityEngine.Debug:ExtractStackTraceNoAlloc (byte*,int,string)
UnityEngine.StackTraceUtility:ExtractStackTrace ()
UnityEngine.DebugLogHandler:Internal_Log (UnityEngine.LogType,UnityEngine.LogOption,string,UnityEngine.Object)
UnityEngine.DebugLogHandler:LogFormat (UnityEngine.LogType,UnityEngine.Object,string,object[])
UnityEngine.Logger:Log (UnityEngine.LogType,object)
UnityEngine.Debug:Log (object)
FruitDefense.Editor.MultiLevelSimulationSmoke:Run () (at Assets/Editor/Tests/MultiLevelSimulationSmoke.cs:29)
FruitDefense.Editor.ProjectSetup:ValidateP1LevelCatalogPath () (at Assets/Editor/Tools/ProjectSetup.cs:346)
FruitDefense.Editor.ProjectSetup:SmokeValidate () (at Assets/Editor/Tools/ProjectSetup.cs:331)
FruitDefense.Editor.P0ValidationSuite:Run () (at Assets/Editor/Tests/P0ValidationSuite.cs:18)

(Filename: Assets/Editor/Tests/MultiLevelSimulationSmoke.cs Line: 29)

FRUIT_DEFENSE_BATTLE_SNAPSHOT_V2_OK
UnityEngine.Debug:ExtractStackTraceNoAlloc (byte*,int,string)
UnityEngine.StackTraceUtility:ExtractStackTrace ()
UnityEngine.DebugLogHandler:Internal_Log (UnityEngine.LogType,UnityEngine.LogOption,string,UnityEngine.Object)
UnityEngine.DebugLogHandler:LogFormat (UnityEngine.LogType,UnityEngine.Object,string,object[])
UnityEngine.Logger:Log (UnityEngine.LogType,object)
UnityEngine.Debug:Log (object)
FruitDefense.Editor.BattleSnapshotV2Smoke:Run () (at Assets/Editor/Tests/BattleSnapshotV2Smoke.cs:20)
FruitDefense.Editor.ProjectSetup:ValidateP1LevelCatalogPath () (at Assets/Editor/Tools/ProjectSetup.cs:347)
FruitDefense.Editor.ProjectSetup:SmokeValidate () (at Assets/Editor/Tools/ProjectSetup.cs:331)
FruitDefense.Editor.P0ValidationSuite:Run () (at Assets/Editor/Tests/P0ValidationSuite.cs:18)

(Filename: Assets/Editor/Tests/BattleSnapshotV2Smoke.cs Line: 20)

Battlefield terrain presentation stopped: The active battle theme has no terrain palette identity.
UnityEngine.Debug:ExtractStackTraceNoAlloc (byte*,int,string)
UnityEngine.StackTraceUtility:ExtractStackTrace ()
UnityEngine.DebugLogHandler:Internal_Log (UnityEngine.LogType,UnityEngine.LogOption,string,UnityEngine.Object)
UnityEngine.DebugLogHandler:LogFormat (UnityEngine.LogType,UnityEngine.Object,string,object[])
UnityEngine.Logger:Log (UnityEngine.LogType,object,UnityEngine.Object)
UnityEngine.Debug:LogWarning (object,UnityEngine.Object)
FruitDefense.FruitDefenseGame:SetTerrainPresentationError (string) (at Assets/Scripts/FruitDefenseGame.cs:1679)
FruitDefense.FruitDefenseGame:RefreshTerrainPresentationStatus () (at Assets/Scripts/FruitDefenseGame.cs:1668)
FruitDefense.FruitDefenseGame:CompleteInitialization (FruitDefense.Battle.BattleLaunchRequest,FruitDefense.App.IAppNavigator,FruitDefense.Battle.IBattleResultSink,FruitDefense.UI.RuntimeUiTheme,FruitDefense.Core.GameSimulation) (at Assets/Scripts/FruitDefenseGame.cs:786)
FruitDefense.FruitDefenseGame:Initialize (FruitDefense.Battle.BattleLaunchRequest,FruitDefense.App.IAppNavigator,FruitDefense.Battle.IBattleResultSink,FruitDefense.UI.RuntimeUiTheme,FruitDefense.Core.BattlefieldMapDefinition) (at Assets/Scripts/FruitDefenseGame.cs:676)
FruitDefense.Editor.BattleSessionHostSmoke:ValidateInitializationAndLifecycle (FruitDefense.UI.RuntimeUiTheme) (at Assets/Editor/Tests/BattleSessionHostSmoke.cs:90)
FruitDefense.Editor.BattleSessionHostSmoke:Run () (at Assets/Editor/Tests/BattleSessionHostSmoke.cs:19)
FruitDefense.Editor.ProjectSetup:ValidateP1LevelCatalogPath () (at Assets/Editor/Tools/ProjectSetup.cs:348)
FruitDefense.Editor.ProjectSetup:SmokeValidate () (at Assets/Editor/Tools/ProjectSetup.cs:331)
FruitDefense.Editor.P0ValidationSuite:Run () (at Assets/Editor/Tests/P0ValidationSuite.cs:18)

(Filename: Assets/Scripts/FruitDefenseGame.cs Line: 1679)

Battlefield terrain presentation stopped: The active battle theme has no terrain palette identity.
UnityEngine.Debug:ExtractStackTraceNoAlloc (byte*,int,string)
UnityEngine.StackTraceUtility:ExtractStackTrace ()
UnityEngine.DebugLogHandler:Internal_Log (UnityEngine.LogType,UnityEngine.LogOption,string,UnityEngine.Object)
UnityEngine.DebugLogHandler:LogFormat (UnityEngine.LogType,UnityEngine.Object,string,object[])
UnityEngine.Logger:Log (UnityEngine.LogType,object,UnityEngine.Object)
UnityEngine.Debug:LogWarning (object,UnityEngine.Object)
FruitDefense.FruitDefenseGame:SetTerrainPresentationError (string) (at Assets/Scripts/FruitDefenseGame.cs:1679)
FruitDefense.FruitDefenseGame:RefreshTerrainPresentationStatus () (at Assets/Scripts/FruitDefenseGame.cs:1668)
FruitDefense.FruitDefenseGame:CompleteInitialization (FruitDefense.Battle.BattleLaunchRequest,FruitDefense.App.IAppNavigator,FruitDefense.Battle.IBattleResultSink,FruitDefense.UI.RuntimeUiTheme,FruitDefense.Core.GameSimulation) (at Assets/Scripts/FruitDefenseGame.cs:786)
FruitDefense.FruitDefenseGame:Initialize (FruitDefense.Battle.BattleLaunchRequest,FruitDefense.App.IAppNavigator,FruitDefense.Battle.IBattleResultSink,FruitDefense.UI.RuntimeUiTheme,FruitDefense.Core.BattlefieldMapDefinition) (at Assets/Scripts/FruitDefenseGame.cs:676)
FruitDefense.Editor.BattleSessionHostSmoke:ValidateDefeatResult (FruitDefense.UI.RuntimeUiTheme) (at Assets/Editor/Tests/BattleSessionHostSmoke.cs:175)
FruitDefense.Editor.BattleSessionHostSmoke:Run () (at Assets/Editor/Tests/BattleSessionHostSmoke.cs:20)
FruitDefense.Editor.ProjectSetup:ValidateP1LevelCatalogPath () (at Assets/Editor/Tools/ProjectSetup.cs:348)
FruitDefense.Editor.ProjectSetup:SmokeValidate () (at Assets/Editor/Tools/ProjectSetup.cs:331)
FruitDefense.Editor.P0ValidationSuite:Run () (at Assets/Editor/Tests/P0ValidationSuite.cs:18)

(Filename: Assets/Scripts/FruitDefenseGame.cs Line: 1679)

Battlefield terrain presentation stopped: The active battle theme has no terrain palette identity.
UnityEngine.Debug:ExtractStackTraceNoAlloc (byte*,int,string)
UnityEngine.StackTraceUtility:ExtractStackTrace ()
UnityEngine.DebugLogHandler:Internal_Log (UnityEngine.LogType,UnityEngine.LogOption,string,UnityEngine.Object)
UnityEngine.DebugLogHandler:LogFormat (UnityEngine.LogType,UnityEngine.Object,string,object[])
UnityEngine.Logger:Log (UnityEngine.LogType,object,UnityEngine.Object)
UnityEngine.Debug:LogWarning (object,UnityEngine.Object)
FruitDefense.FruitDefenseGame:SetTerrainPresentationError (string) (at Assets/Scripts/FruitDefenseGame.cs:1679)
FruitDefense.FruitDefenseGame:RefreshTerrainPresentationStatus () (at Assets/Scripts/FruitDefenseGame.cs:1668)
FruitDefense.FruitDefenseGame:CompleteInitialization (FruitDefense.Battle.BattleLaunchRequest,FruitDefense.App.IAppNavigator,FruitDefense.Battle.IBattleResultSink,FruitDefense.UI.RuntimeUiTheme,FruitDefense.Core.GameSimulation) (at Assets/Scripts/FruitDefenseGame.cs:786)
FruitDefense.FruitDefenseGame:Initialize (FruitDefense.Battle.BattleLaunchRequest,FruitDefense.App.IAppNavigator,FruitDefense.Battle.IBattleResultSink,FruitDefense.UI.RuntimeUiTheme,FruitDefense.Core.BattlefieldMapDefinition) (at Assets/Scripts/FruitDefenseGame.cs:676)
FruitDefense.Editor.BattleSessionHostSmoke:ValidateAcceptanceTerminalPreview (FruitDefense.UI.RuntimeUiTheme) (at Assets/Editor/Tests/BattleSessionHostSmoke.cs:204)
FruitDefense.Editor.BattleSessionHostSmoke:Run () (at Assets/Editor/Tests/BattleSessionHostSmoke.cs:21)
FruitDefense.Editor.ProjectSetup:ValidateP1LevelCatalogPath () (at Assets/Editor/Tools/ProjectSetup.cs:348)
FruitDefense.Editor.ProjectSetup:SmokeValidate () (at Assets/Editor/Tools/ProjectSetup.cs:331)
FruitDefense.Editor.P0ValidationSuite:Run () (at Assets/Editor/Tests/P0ValidationSuite.cs:18)

(Filename: Assets/Scripts/FruitDefenseGame.cs Line: 1679)

Fruit Defense battle session host validation passed.
UnityEngine.Debug:ExtractStackTraceNoAlloc (byte*,int,string)
UnityEngine.StackTraceUtility:ExtractStackTrace ()
UnityEngine.DebugLogHandler:Internal_Log (UnityEngine.LogType,UnityEngine.LogOption,string,UnityEngine.Object)
UnityEngine.DebugLogHandler:LogFormat (UnityEngine.LogType,UnityEngine.Object,string,object[])
UnityEngine.Logger:Log (UnityEngine.LogType,object)
UnityEngine.Debug:Log (object)
FruitDefense.Editor.BattleSessionHostSmoke:Run () (at Assets/Editor/Tests/BattleSessionHostSmoke.cs:22)
FruitDefense.Editor.ProjectSetup:ValidateP1LevelCatalogPath () (at Assets/Editor/Tools/ProjectSetup.cs:348)
FruitDefense.Editor.ProjectSetup:SmokeValidate () (at Assets/Editor/Tools/ProjectSetup.cs:331)
FruitDefense.Editor.P0ValidationSuite:Run () (at Assets/Editor/Tests/P0ValidationSuite.cs:18)

(Filename: Assets/Editor/Tests/BattleSessionHostSmoke.cs Line: 22)

FRUIT_DEFENSE_SHELL_OK
UnityEngine.Debug:ExtractStackTraceNoAlloc (byte*,int,string)
UnityEngine.StackTraceUtility:ExtractStackTrace ()
UnityEngine.DebugLogHandler:Internal_Log (UnityEngine.LogType,UnityEngine.LogOption,string,UnityEngine.Object)
UnityEngine.DebugLogHandler:LogFormat (UnityEngine.LogType,UnityEngine.Object,string,object[])
UnityEngine.Logger:Log (UnityEngine.LogType,object)
UnityEngine.Debug:Log (object)
FruitDefense.Shell.ShellFlowValidation:SmokeValidate (FruitDefense.UI.RuntimeUiTheme) (at Assets/Scripts/Shell/ShellFlowValidation.cs:15)
FruitDefense.Editor.ProjectSetup:ValidateP1LevelCatalogPath () (at Assets/Editor/Tools/ProjectSetup.cs:349)
FruitDefense.Editor.ProjectSetup:SmokeValidate () (at Assets/Editor/Tools/ProjectSetup.cs:331)
FruitDefense.Editor.P0ValidationSuite:Run () (at Assets/Editor/Tests/P0ValidationSuite.cs:18)

(Filename: Assets/Scripts/Shell/ShellFlowValidation.cs Line: 15)

Opening scene 'Assets/Scenes/Bootstrap.unity additively'
Loaded scene 'Assets/Scenes/Bootstrap.unity'
	Deserialize:            0.589 ms
	Integration:            0.102 ms
	Integration of assets:  0.001 ms
	Thread Wait Time:       0.005 ms
	Total Operation Time:   0.697 ms
FRUIT_DEFENSE_BATTLE_UI_LAYOUT_OK
UnityEngine.Debug:ExtractStackTraceNoAlloc (byte*,int,string)
UnityEngine.StackTraceUtility:ExtractStackTrace ()
UnityEngine.DebugLogHandler:Internal_Log (UnityEngine.LogType,UnityEngine.LogOption,string,UnityEngine.Object)
UnityEngine.DebugLogHandler:LogFormat (UnityEngine.LogType,UnityEngine.Object,string,object[])
UnityEngine.Logger:Log (UnityEngine.LogType,object)
UnityEngine.Debug:Log (object)
FruitDefense.Editor.BattleUiLayoutSmoke:Run () (at Assets/Editor/Tests/BattleUiLayoutSmoke.cs:25)
FruitDefense.Editor.ProjectSetup:SmokeValidate () (at Assets/Editor/Tools/ProjectSetup.cs:334)
FruitDefense.Editor.P0ValidationSuite:Run () (at Assets/Editor/Tests/P0ValidationSuite.cs:18)

(Filename: Assets/Editor/Tests/BattleUiLayoutSmoke.cs Line: 25)

RUNTIME_UI_FEEDBACK_TIMING_OK
UnityEngine.Debug:ExtractStackTraceNoAlloc (byte*,int,string)
UnityEngine.StackTraceUtility:ExtractStackTrace ()
UnityEngine.DebugLogHandler:Internal_Log (UnityEngine.LogType,UnityEngine.LogOption,string,UnityEngine.Object)
UnityEngine.DebugLogHandler:LogFormat (UnityEngine.LogType,UnityEngine.Object,string,object[])
UnityEngine.Logger:Log (UnityEngine.LogType,object)
UnityEngine.Debug:Log (object)
FruitDefense.Editor.RuntimeUiFeedbackTimingSmoke:Run () (at Assets/Editor/Tests/RuntimeUiFeedbackTimingSmoke.cs:23)
FruitDefense.Editor.ProjectSetup:SmokeValidate () (at Assets/Editor/Tools/ProjectSetup.cs:335)
FruitDefense.Editor.P0ValidationSuite:Run () (at Assets/Editor/Tests/P0ValidationSuite.cs:18)

(Filename: Assets/Editor/Tests/RuntimeUiFeedbackTimingSmoke.cs Line: 23)

RUNTIME_UI_GLYPH_COVERAGE_OK glyphs=372 unique=372 font=Assets/Resources/Fonts/NotoSansSC-UI.ttf
UnityEngine.Debug:ExtractStackTraceNoAlloc (byte*,int,string)
UnityEngine.StackTraceUtility:ExtractStackTrace ()
UnityEngine.DebugLogHandler:Internal_Log (UnityEngine.LogType,UnityEngine.LogOption,string,UnityEngine.Object)
UnityEngine.DebugLogHandler:LogFormat (UnityEngine.LogType,UnityEngine.Object,string,object[])
UnityEngine.Logger:Log (UnityEngine.LogType,object)
UnityEngine.Debug:Log (object)
FruitDefense.Editor.RuntimeUiGlyphCoverageSmoke:Run () (at Assets/Editor/Tests/RuntimeUiGlyphCoverageSmoke.cs:39)
FruitDefense.Editor.ProjectSetup:SmokeValidate () (at Assets/Editor/Tools/ProjectSetup.cs:336)
FruitDefense.Editor.P0ValidationSuite:Run () (at Assets/Editor/Tests/P0ValidationSuite.cs:18)

(Filename: Assets/Editor/Tests/RuntimeUiGlyphCoverageSmoke.cs Line: 39)

RUNTIME_UI_BINDING_CACHE_CONTRACT_OK slots=40 complete=pass duplicate=rejected missing=rejected identity=pass revision=pass
UnityEngine.Debug:ExtractStackTraceNoAlloc (byte*,int,string)
UnityEngine.StackTraceUtility:ExtractStackTrace ()
UnityEngine.DebugLogHandler:Internal_Log (UnityEngine.LogType,UnityEngine.LogOption,string,UnityEngine.Object)
UnityEngine.DebugLogHandler:LogFormat (UnityEngine.LogType,UnityEngine.Object,string,object[])
UnityEngine.Logger:Log (UnityEngine.LogType,object)
UnityEngine.Debug:Log (object)
FruitDefense.Editor.RuntimeUiPerformanceSmoke:ValidateBindingCacheContract (FruitDefense.UI.RuntimeUiTheme) (at Assets/Editor/Tests/RuntimeUiPerformanceSmoke.cs:141)
FruitDefense.Editor.RuntimeUiPerformanceSmoke:Run () (at Assets/Editor/Tests/RuntimeUiPerformanceSmoke.cs:26)
FruitDefense.Editor.ProjectSetup:SmokeValidate () (at Assets/Editor/Tools/ProjectSetup.cs:337)
FruitDefense.Editor.P0ValidationSuite:Run () (at Assets/Editor/Tests/P0ValidationSuite.cs:18)

(Filename: Assets/Editor/Tests/RuntimeUiPerformanceSmoke.cs Line: 141)

RUNTIME_UI_PERF_SAMPLE name=context-create-after operations=64 elapsed-ms=0.4461 ns-per-operation=6970.31 thread-allocated-bytes=0 checksum=0
UnityEngine.Debug:ExtractStackTraceNoAlloc (byte*,int,string)
UnityEngine.StackTraceUtility:ExtractStackTrace ()
UnityEngine.DebugLogHandler:Internal_Log (UnityEngine.LogType,UnityEngine.LogOption,string,UnityEngine.Object)
UnityEngine.DebugLogHandler:LogFormat (UnityEngine.LogType,UnityEngine.Object,string,object[])
UnityEngine.Logger:Log (UnityEngine.LogType,object)
UnityEngine.Debug:Log (object)
FruitDefense.Editor.RuntimeUiPerformanceSmoke:Measure (string,int,System.Func`1<int>) (at Assets/Editor/Tests/RuntimeUiPerformanceSmoke.cs:208)
FruitDefense.Editor.RuntimeUiPerformanceSmoke:Run () (at Assets/Editor/Tests/RuntimeUiPerformanceSmoke.cs:31)
FruitDefense.Editor.ProjectSetup:SmokeValidate () (at Assets/Editor/Tools/ProjectSetup.cs:337)
FruitDefense.Editor.P0ValidationSuite:Run () (at Assets/Editor/Tests/P0ValidationSuite.cs:18)

(Filename: Assets/Editor/Tests/RuntimeUiPerformanceSmoke.cs Line: 208)

RUNTIME_UI_PERF_SAMPLE name=art-set-linear-required-binding-control operations=1000000 elapsed-ms=76.7808 ns-per-operation=76.78 thread-allocated-bytes=0 checksum=0
UnityEngine.Debug:ExtractStackTraceNoAlloc (byte*,int,string)
UnityEngine.StackTraceUtility:ExtractStackTrace ()
UnityEngine.DebugLogHandler:Internal_Log (UnityEngine.LogType,UnityEngine.LogOption,string,UnityEngine.Object)
UnityEngine.DebugLogHandler:LogFormat (UnityEngine.LogType,UnityEngine.Object,string,object[])
UnityEngine.Logger:Log (UnityEngine.LogType,object)
UnityEngine.Debug:Log (object)
FruitDefense.Editor.RuntimeUiPerformanceSmoke:Measure (string,int,System.Func`1<int>) (at Assets/Editor/Tests/RuntimeUiPerformanceSmoke.cs:208)
FruitDefense.Editor.RuntimeUiPerformanceSmoke:Run () (at Assets/Editor/Tests/RuntimeUiPerformanceSmoke.cs:43)
FruitDefense.Editor.ProjectSetup:SmokeValidate () (at Assets/Editor/Tools/ProjectSetup.cs:337)
FruitDefense.Editor.P0ValidationSuite:Run () (at Assets/Editor/Tests/P0ValidationSuite.cs:18)

(Filename: Assets/Editor/Tests/RuntimeUiPerformanceSmoke.cs Line: 208)

RUNTIME_UI_PERF_SAMPLE name=draw-context-cached-required-binding-after operations=1000000 elapsed-ms=24.7781 ns-per-operation=24.78 thread-allocated-bytes=0 checksum=0
UnityEngine.Debug:ExtractStackTraceNoAlloc (byte*,int,string)
UnityEngine.StackTraceUtility:ExtractStackTrace ()
UnityEngine.DebugLogHandler:Internal_Log (UnityEngine.LogType,UnityEngine.LogOption,string,UnityEngine.Object)
UnityEngine.DebugLogHandler:LogFormat (UnityEngine.LogType,UnityEngine.Object,string,object[])
UnityEngine.Logger:Log (UnityEngine.LogType,object)
UnityEngine.Debug:Log (object)
FruitDefense.Editor.RuntimeUiPerformanceSmoke:Measure (string,int,System.Func`1<int>) (at Assets/Editor/Tests/RuntimeUiPerformanceSmoke.cs:208)
FruitDefense.Editor.RuntimeUiPerformanceSmoke:Run () (at Assets/Editor/Tests/RuntimeUiPerformanceSmoke.cs:60)
FruitDefense.Editor.ProjectSetup:SmokeValidate () (at Assets/Editor/Tools/ProjectSetup.cs:337)
FruitDefense.Editor.P0ValidationSuite:Run () (at Assets/Editor/Tests/P0ValidationSuite.cs:18)

(Filename: Assets/Editor/Tests/RuntimeUiPerformanceSmoke.cs Line: 208)

RUNTIME_UI_PERFORMANCE_SMOKE_OK slots=40 lookup-passes=25000
UnityEngine.Debug:ExtractStackTraceNoAlloc (byte*,int,string)
UnityEngine.StackTraceUtility:ExtractStackTrace ()
UnityEngine.DebugLogHandler:Internal_Log (UnityEngine.LogType,UnityEngine.LogOption,string,UnityEngine.Object)
UnityEngine.DebugLogHandler:LogFormat (UnityEngine.LogType,UnityEngine.Object,string,object[])
UnityEngine.Logger:Log (UnityEngine.LogType,object)
UnityEngine.Debug:Log (object)
FruitDefense.Editor.RuntimeUiPerformanceSmoke:Run () (at Assets/Editor/Tests/RuntimeUiPerformanceSmoke.cs:72)
FruitDefense.Editor.ProjectSetup:SmokeValidate () (at Assets/Editor/Tools/ProjectSetup.cs:337)
FruitDefense.Editor.P0ValidationSuite:Run () (at Assets/Editor/Tests/P0ValidationSuite.cs:18)

(Filename: Assets/Editor/Tests/RuntimeUiPerformanceSmoke.cs Line: 72)

Opening scene 'Assets/Scenes/Bootstrap.unity additively'
Loaded scene 'Assets/Scenes/Bootstrap.unity'
	Deserialize:            0.450 ms
	Integration:            0.091 ms
	Integration of assets:  0.001 ms
	Thread Wait Time:       0.006 ms
	Total Operation Time:   0.548 ms
Opening scene 'Assets/Scenes/Lobby.unity additively'
Loaded scene 'Assets/Scenes/Lobby.unity'
	Deserialize:            0.305 ms
	Integration:            0.065 ms
	Integration of assets:  0.001 ms
	Thread Wait Time:       0.005 ms
	Total Operation Time:   0.376 ms
Opening scene 'Assets/Scenes/Battle.unity additively'
Loaded scene 'Assets/Scenes/Battle.unity'
	Deserialize:            0.490 ms
	Integration:            0.099 ms
	Integration of assets:  0.002 ms
	Thread Wait Time:       0.006 ms
	Total Operation Time:   0.597 ms
Opening scene 'Assets/Scenes/Settlement.unity additively'
Loaded scene 'Assets/Scenes/Settlement.unity'
	Deserialize:            0.297 ms
	Integration:            0.071 ms
	Integration of assets:  0.001 ms
	Thread Wait Time:       0.005 ms
	Total Operation Time:   0.374 ms
Runtime UI visual system validation passed. Valid (0 warning(s)).
UnityEngine.Debug:ExtractStackTraceNoAlloc (byte*,int,string)
UnityEngine.StackTraceUtility:ExtractStackTrace ()
UnityEngine.DebugLogHandler:Internal_Log (UnityEngine.LogType,UnityEngine.LogOption,string,UnityEngine.Object)
UnityEngine.DebugLogHandler:LogFormat (UnityEngine.LogType,UnityEngine.Object,string,object[])
UnityEngine.Logger:Log (UnityEngine.LogType,object)
UnityEngine.Debug:Log (object)
FruitDefense.Editor.RuntimeUiVisualSystemValidator:ValidateReleaseOrThrow () (at Assets/Editor/Tools/RuntimeUiVisualSystemValidator.cs:178)
FruitDefense.Editor.ProjectSetup:SmokeValidate () (at Assets/Editor/Tools/ProjectSetup.cs:338)
FruitDefense.Editor.P0ValidationSuite:Run () (at Assets/Editor/Tests/P0ValidationSuite.cs:18)

(Filename: Assets/Editor/Tools/RuntimeUiVisualSystemValidator.cs Line: 178)

RUNTIME_UI_NINE_SLICE_PARTITION_OK matrices=9 x35=covered
UnityEngine.Debug:ExtractStackTraceNoAlloc (byte*,int,string)
UnityEngine.StackTraceUtility:ExtractStackTrace ()
UnityEngine.DebugLogHandler:Internal_Log (UnityEngine.LogType,UnityEngine.LogOption,string,UnityEngine.Object)
UnityEngine.DebugLogHandler:LogFormat (UnityEngine.LogType,UnityEngine.Object,string,object[])
UnityEngine.Logger:Log (UnityEngine.LogType,object)
UnityEngine.Debug:Log (object)
FruitDefense.Editor.RuntimeUiVisualSystemSmoke:ValidateNineSliceDevicePixelCoverage () (at Assets/Editor/Tests/RuntimeUiVisualSystemSmoke.cs:97)
FruitDefense.Editor.RuntimeUiVisualSystemSmoke:Run () (at Assets/Editor/Tests/RuntimeUiVisualSystemSmoke.cs:23)
FruitDefense.Editor.ProjectSetup:SmokeValidate () (at Assets/Editor/Tools/ProjectSetup.cs:339)
FruitDefense.Editor.P0ValidationSuite:Run () (at Assets/Editor/Tests/P0ValidationSuite.cs:18)

(Filename: Assets/Editor/Tests/RuntimeUiVisualSystemSmoke.cs Line: 97)

RUNTIME_UI_NINE_SLICE_SOURCE_UV_OK bindings=30
UnityEngine.Debug:ExtractStackTraceNoAlloc (byte*,int,string)
UnityEngine.StackTraceUtility:ExtractStackTrace ()
UnityEngine.DebugLogHandler:Internal_Log (UnityEngine.LogType,UnityEngine.LogOption,string,UnityEngine.Object)
UnityEngine.DebugLogHandler:LogFormat (UnityEngine.LogType,UnityEngine.Object,string,object[])
UnityEngine.Logger:Log (UnityEngine.LogType,object)
UnityEngine.Debug:Log (object)
FruitDefense.Editor.RuntimeUiVisualSystemSmoke:ValidateNineSliceSourceUvContract () (at Assets/Editor/Tests/RuntimeUiVisualSystemSmoke.cs:249)
FruitDefense.Editor.RuntimeUiVisualSystemSmoke:Run () (at Assets/Editor/Tests/RuntimeUiVisualSystemSmoke.cs:26)
FruitDefense.Editor.ProjectSetup:SmokeValidate () (at Assets/Editor/Tools/ProjectSetup.cs:339)
FruitDefense.Editor.P0ValidationSuite:Run () (at Assets/Editor/Tests/P0ValidationSuite.cs:18)

(Filename: Assets/Editor/Tests/RuntimeUiVisualSystemSmoke.cs Line: 249)

RUNTIME_UI_SCREEN_BACKGROUND_OPAQUE_OK sets=2 pre-fix-min-alpha=18
UnityEngine.Debug:ExtractStackTraceNoAlloc (byte*,int,string)
UnityEngine.StackTraceUtility:ExtractStackTrace ()
UnityEngine.DebugLogHandler:Internal_Log (UnityEngine.LogType,UnityEngine.LogOption,string,UnityEngine.Object)
UnityEngine.DebugLogHandler:LogFormat (UnityEngine.LogType,UnityEngine.Object,string,object[])
UnityEngine.Logger:Log (UnityEngine.LogType,object)
UnityEngine.Debug:Log (object)
FruitDefense.Editor.RuntimeUiVisualSystemSmoke:ValidateScreenBackgroundOpacityContract () (at Assets/Editor/Tests/RuntimeUiVisualSystemSmoke.cs:289)
FruitDefense.Editor.RuntimeUiVisualSystemSmoke:Run () (at Assets/Editor/Tests/RuntimeUiVisualSystemSmoke.cs:27)
FruitDefense.Editor.ProjectSetup:SmokeValidate () (at Assets/Editor/Tools/ProjectSetup.cs:339)
FruitDefense.Editor.P0ValidationSuite:Run () (at Assets/Editor/Tests/P0ValidationSuite.cs:18)

(Filename: Assets/Editor/Tests/RuntimeUiVisualSystemSmoke.cs Line: 289)

RUNTIME_UI_LOADING_PRIMARY_CONTRAST_OK ratio=3.2156
UnityEngine.Debug:ExtractStackTraceNoAlloc (byte*,int,string)
UnityEngine.StackTraceUtility:ExtractStackTrace ()
UnityEngine.DebugLogHandler:Internal_Log (UnityEngine.LogType,UnityEngine.LogOption,string,UnityEngine.Object)
UnityEngine.DebugLogHandler:LogFormat (UnityEngine.LogType,UnityEngine.Object,string,object[])
UnityEngine.Logger:Log (UnityEngine.LogType,object)
UnityEngine.Debug:Log (object)
FruitDefense.Editor.RuntimeUiVisualSystemSmoke:ValidateLoadingPrimaryContrast (FruitDefense.UI.RuntimeUiTheme) (at Assets/Editor/Tests/RuntimeUiVisualSystemSmoke.cs:393)
FruitDefense.Editor.RuntimeUiVisualSystemSmoke:Run () (at Assets/Editor/Tests/RuntimeUiVisualSystemSmoke.cs:28)
FruitDefense.Editor.ProjectSetup:SmokeValidate () (at Assets/Editor/Tools/ProjectSetup.cs:339)
FruitDefense.Editor.P0ValidationSuite:Run () (at Assets/Editor/Tests/P0ValidationSuite.cs:18)

(Filename: Assets/Editor/Tests/RuntimeUiVisualSystemSmoke.cs Line: 393)

RUNTIME_UI_SEMANTIC_STATE_CONTRAST_OK status-success=5.0910 status-warning=5.0910 status-error=5.0910 status-selected=3.6334 modal-title=5.2719
UnityEngine.Debug:ExtractStackTraceNoAlloc (byte*,int,string)
UnityEngine.StackTraceUtility:ExtractStackTrace ()
UnityEngine.DebugLogHandler:Internal_Log (UnityEngine.LogType,UnityEngine.LogOption,string,UnityEngine.Object)
UnityEngine.DebugLogHandler:LogFormat (UnityEngine.LogType,UnityEngine.Object,string,object[])
UnityEngine.Logger:Log (UnityEngine.LogType,object)
UnityEngine.Debug:Log (object)
FruitDefense.Editor.RuntimeUiVisualSystemSmoke:ValidateSemanticStateContrast (FruitDefense.UI.RuntimeUiTheme) (at Assets/Editor/Tests/RuntimeUiVisualSystemSmoke.cs:534)
FruitDefense.Editor.RuntimeUiVisualSystemSmoke:Run () (at Assets/Editor/Tests/RuntimeUiVisualSystemSmoke.cs:29)
FruitDefense.Editor.ProjectSetup:SmokeValidate () (at Assets/Editor/Tools/ProjectSetup.cs:339)
FruitDefense.Editor.P0ValidationSuite:Run () (at Assets/Editor/Tests/P0ValidationSuite.cs:18)

(Filename: Assets/Editor/Tests/RuntimeUiVisualSystemSmoke.cs Line: 534)

Start importing Assets/Editor/Tests/Fixtures/RuntimeUi/GeneratedInvalidPathRuntimeUiArtSet.asset using Guid(e41fb365a9bf64240acb49d3938b175c) (NativeFormatImporter) -> (artifact id: '90e8fd6003b3379947ba22446812ec9e') in 0.00159 seconds
Refreshing native plugins compatible for Editor in 0.16 ms, found 0 plugins.
Preloading 0 native plugins for Editor in 0.00 ms.
Asset Pipeline Refresh (id=f66dff3218db8634e88f1b185b772101): Total: 0.017 seconds - Initiated by StopAssetImportingV2(NoUpdateAssetOptions)
Start importing Assets/Editor/Tests/Fixtures/RuntimeUi/GeneratedInvalidPathRuntimeUiArtSet.asset using Guid(e41fb365a9bf64240acb49d3938b175c) (NativeFormatImporter) -> (artifact id: '90e8fd6003b3379947ba22446812ec9e') in 0.0014321 seconds
Refreshing native plugins compatible for Editor in 0.15 ms, found 0 plugins.
Preloading 0 native plugins for Editor in 0.00 ms.
Asset Pipeline Refresh (id=5f934b6246c1a8b44a402c9fdfdd65fa): Total: 0.010 seconds - Initiated by StopAssetImportingV2(NoUpdateAssetOptions)
Refreshing native plugins compatible for Editor in 0.16 ms, found 0 plugins.
Preloading 0 native plugins for Editor in 0.00 ms.
Asset Pipeline Refresh (id=fdfea60498823ce4099b02cf3cd45936): Total: 0.010 seconds - Initiated by StopAssetImportingV2(NoUpdateAssetOptions)
Asset Pipeline Refresh (id=8f2757f03c0ce3f4d80c06723a32b275): Total: 0.023 seconds - Initiated by RefreshV2(NoUpdateAssetOptions)
Start importing Assets/UI/Theme/ReleaseRuntimeUiTheme.asset using Guid(932a9783b6b3eee45970ab3ef84a4c39) (NativeFormatImporter) -> (artifact id: '59e7a32f2e620f38fa621becb49da557') in 0.0016205 seconds
Refreshing native plugins compatible for Editor in 0.16 ms, found 0 plugins.
Preloading 0 native plugins for Editor in 0.00 ms.
Asset Pipeline Refresh (id=b8102285122917c4f910b1fe18ee6f73): Total: 0.011 seconds - Initiated by StopAssetImportingV2(NoUpdateAssetOptions)
Asset Pipeline Refresh (id=79bdda285ec83624b9e2e34759dfe0db): Total: 0.007 seconds - Initiated by RefreshV2(NoUpdateAssetOptions)
Start importing Assets/UI/Art/Runtime/sunny-orchard/surface-screen-background.png using Guid(81c25e15dd0bd2802865ef47410f7840) (TextureImporter) -> (artifact id: '9509fc44c41363cf9d29a3b30e77efed') in 0.0048083 seconds
Refreshing native plugins compatible for Editor in 0.16 ms, found 0 plugins.
Preloading 0 native plugins for Editor in 0.00 ms.
Asset Pipeline Refresh (id=a74b922d22d990946a0a5f8eb6bfddf6): Total: 0.013 seconds - Initiated by StopAssetImportingV2(NoUpdateAssetOptions)
Start importing Assets/UI/Theme/ReleaseRuntimeUiTheme.asset using Guid(932a9783b6b3eee45970ab3ef84a4c39) (NativeFormatImporter) -> (artifact id: '59e7a32f2e620f38fa621becb49da557') in 0.0015998 seconds
Refreshing native plugins compatible for Editor in 0.14 ms, found 0 plugins.
Preloading 0 native plugins for Editor in 0.00 ms.
Asset Pipeline Refresh (id=defef8f13b9ae004faa1b959bcd4626a): Total: 0.011 seconds - Initiated by StopAssetImportingV2(NoUpdateAssetOptions)
Asset Pipeline Refresh (id=14f5b24b090e0be47b37ad49493bbf78): Total: 0.008 seconds - Initiated by RefreshV2(NoUpdateAssetOptions)
RUNTIME_UI_VISUAL_SYSTEM_SMOKE_OK
UnityEngine.Debug:ExtractStackTraceNoAlloc (byte*,int,string)
UnityEngine.StackTraceUtility:ExtractStackTrace ()
UnityEngine.DebugLogHandler:Internal_Log (UnityEngine.LogType,UnityEngine.LogOption,string,UnityEngine.Object)
UnityEngine.DebugLogHandler:LogFormat (UnityEngine.LogType,UnityEngine.Object,string,object[])
UnityEngine.Logger:Log (UnityEngine.LogType,object)
UnityEngine.Debug:Log (object)
FruitDefense.Editor.RuntimeUiVisualSystemSmoke:Run () (at Assets/Editor/Tests/RuntimeUiVisualSystemSmoke.cs:72)
FruitDefense.Editor.ProjectSetup:SmokeValidate () (at Assets/Editor/Tools/ProjectSetup.cs:339)
FruitDefense.Editor.P0ValidationSuite:Run () (at Assets/Editor/Tests/P0ValidationSuite.cs:18)

(Filename: Assets/Editor/Tests/RuntimeUiVisualSystemSmoke.cs Line: 72)

FRUIT_DEFENSE_SMOKE_OK
UnityEngine.Debug:ExtractStackTraceNoAlloc (byte*,int,string)
UnityEngine.StackTraceUtility:ExtractStackTrace ()
UnityEngine.DebugLogHandler:Internal_Log (UnityEngine.LogType,UnityEngine.LogOption,string,UnityEngine.Object)
UnityEngine.DebugLogHandler:LogFormat (UnityEngine.LogType,UnityEngine.Object,string,object[])
UnityEngine.Logger:Log (UnityEngine.LogType,object)
UnityEngine.Debug:Log (object)
FruitDefense.Editor.ProjectSetup:SmokeValidate () (at Assets/Editor/Tools/ProjectSetup.cs:340)
FruitDefense.Editor.P0ValidationSuite:Run () (at Assets/Editor/Tests/P0ValidationSuite.cs:18)

(Filename: Assets/Editor/Tools/ProjectSetup.cs Line: 340)

FRUIT_DEFENSE_P0_RELEASE_GATE_OK
UnityEngine.Debug:ExtractStackTraceNoAlloc (byte*,int,string)
UnityEngine.StackTraceUtility:ExtractStackTrace ()
UnityEngine.DebugLogHandler:Internal_Log (UnityEngine.LogType,UnityEngine.LogOption,string,UnityEngine.Object)
UnityEngine.DebugLogHandler:LogFormat (UnityEngine.LogType,UnityEngine.Object,string,object[])
UnityEngine.Logger:Log (UnityEngine.LogType,object)
UnityEngine.Debug:Log (object)
FruitDefense.Editor.P0ValidationSuite:Run () (at Assets/Editor/Tests/P0ValidationSuite.cs:19)

(Filename: Assets/Editor/Tests/P0ValidationSuite.cs Line: 19)

Batchmode quit successfully invoked - shutting down!
[Physics::Module] Cleanup current backend.
[Physics::Module] Id: 0xf2b8ea05
Input System module state changed to: ShutdownInProgress.
Input System polling thread exited.
Input System module state changed to: Shutdown.
[Licensing::IpcConnector] LicenseClient-18163-notifications channel disconnected successfully.
[Licensing::IpcConnector] LicenseClient-18163 channel disconnected successfully.
AcceleratorClientConnectionCallback - disconnected - :0
Cleanup mono
Exiting batchmode successfully now!
Exiting without the bug reporter. Application will terminate with return code 0