[Licensing::Module] Trying to connect to existing licensing client channel...
Built from '6000.3/staging' branch; Version is '6000.3.19f1 (7689f4515d75) revision 7768564'; Using compiler version '194234433'; Build Type 'Release'
[Licensing::IpcConnector] Channel LicenseClient-18163 doesn't exist
OS: 'Windows 10  (10.0.19045) 64bit Professional' Language: 'zh' Physical Memory: 32679 MB
BatchMode: 1, IsHumanControllingUs: 0, StartBugReporterOnCrash: 0, Is64bit: 1
System  architecture: x64
Process architecture: x64
Date: 2026-08-18T19:14:28Z
[Licensing::Module] Successfully launched the LicensingClient (PId: 18328)

COMMAND LINE ARGUMENTS:
C:\Program Files\Unity\Hub\Editor\6000.3.19f1\Editor\Unity.exe
-batchmode
-nographics
-quit
-projectPath
E:\project\unity\furitDefense
-executeMethod
FruitDefense.Editor.P0ValidationSuite.Run
-logFile
E:\project\unity\furitDefense\openspec\changes\unify-runtime-ui-visual-system\evidence\4.6-battle\editor-smoke\background-once-p0.log
Successfully changed project path to: E:\project\unity\furitDefense
E:/project/unity/furitDefense
[UnityMemory] Configuration Parameters - Can be set up in boot.config
    "memorysetup-temp-allocator-size-nav-mesh-worker=65536"
    "memorysetup-temp-allocator-size-audio-worker=65536"
    "memorysetup-temp-allocator-size-gfx=262144"
    "memorysetup-allocator-temp-initial-block-size-main=262144"
    "memorysetup-allocator-temp-initial-block-size-worker=262144"
    "memorysetup-temp-allocator-size-background-worker=32768"
    "memorysetup-temp-allocator-size-job-worker=262144"
    "memorysetup-temp-allocator-size-preload-manager=33554432"
    "memorysetup-temp-allocator-size-gi-baking-worker=262144"
    "memorysetup-temp-allocator-size-gi-baking-worker=262144"
    "memorysetup-temp-allocator-size-gi-baking-worker=262144"
    "memorysetup-temp-allocator-size-gi-baking-worker=262144"
    "memorysetup-temp-allocator-size-gi-baking-worker=262144"
    "memorysetup-bucket-allocator-granularity=16"
    "memorysetup-bucket-allocator-bucket-count=8"
    "memorysetup-bucket-allocator-block-size=33554432"
    "memorysetup-bucket-allocator-block-count=8"
    "memorysetup-main-allocator-block-size=16777216"
    "memorysetup-thread-allocator-block-size=16777216"
    "memorysetup-gfx-main-allocator-block-size=16777216"
    "memorysetup-gfx-thread-allocator-block-size=16777216"
    "memorysetup-cache-allocator-block-size=4194304"
    "memorysetup-typetree-allocator-block-size=2097152"
    "memorysetup-profiler-bucket-allocator-granularity=16"
    "memorysetup-profiler-bucket-allocator-bucket-count=8"
    "memorysetup-profiler-bucket-allocator-block-size=33554432"
    "memorysetup-profiler-bucket-allocator-block-count=8"
    "memorysetup-profiler-allocator-block-size=16777216"
    "memorysetup-profiler-editor-allocator-block-size=1048576"
    "memorysetup-temp-allocator-size-main=16777216"
    "memorysetup-job-temp-allocator-block-size=2097152"
    "memorysetup-job-temp-allocator-block-size-background=1048576"
    "memorysetup-job-temp-allocator-reduction-small-platforms=262144"
    "memorysetup-temp-allocator-size-cloud-worker=32768"
Player connection [32932]  Target information:

Player connection [32932]  * "[IP] 192.168.3.10 [Port] 55504 [Flags] 2 [Guid] 939891176 [EditorId] 939891176 [Version] 1048832 [Id] WindowsEditor(7,DESKTOP-02DUQIQ) [Debug] 1 [PackageName] WindowsEditor [ProjectName] Editor" 

Player connection [32932]  * "[IP] 169.254.219.203 [Port] 55504 [Flags] 2 [Guid] 939891176 [EditorId] 939891176 [Version] 1048832 [Id] WindowsEditor(7,DESKTOP-02DUQIQ) [Debug] 1 [PackageName] WindowsEditor [ProjectName] Editor" 

Player connection [32932] Host joined multi-casting on [225.0.0.222:54997]...
Player connection [32932] Host joined alternative multi-casting on [225.0.0.222:34997]...
Input System module state changed to: Initialized.
[Physics::Module] Initialized fallback backend.
[Physics::Module] Id: 0xdecafbad
[Licensing::IpcConnector] Successfully connected to: "LicenseClient-18163" at "2026-08-18T19:14:29.0642096Z"
[Licensing::Client] Code 10 while verifying Licensing Client signature (process Id: 18328, path: "C:/Program Files/Unity/Hub/Editor/6000.3.19f1/Editor/Data/Resources/Licensing/Client/Unity.Licensing.Client.exe")
[Licensing::Module] LicensingClient has failed validation; ignoring
[Package Manager] Connected to IPC stream "Upm-28360" after 0.3 seconds.
[Licensing::Module] Licensing is not yet initialized.
[Licensing::Client] Handshaking with LicensingClient:
  Version:                 1.18.1+9fbee8e
  Session Id:              7b165de81fe243e2afc9e9eb51050eea
  Correlation Id:          57643bc8f262c7add0ffb92527762930
  External correlation Id: 8225329679882824214
  Machine Id:              45/sxUmrq84w1DGaAIO3nlH4R54=
[Licensing::Module] Successfully connected to LicensingClient on channel: "LicenseClient-18163" (connect: 0.37s, validation: 0.14s, handshake: 0.05s)
[Licensing::IpcConnector] Successfully connected to: "LicenseClient-18163-notifications" at "2026-08-18T19:14:29.2556485Z"
[Licensing::Module] Connected to LicensingClient (PId: 18328, launch time: 0.01, total connection time: 0.57s)
[Licensing::Module] Error: Access token is unavailable; failed to update
[Licensing::Client] Successfully resolved entitlement details
[Licensing::Module] License group:
  Id: F4-PJMF-AXN2-R4YC-DCT2-XXXX
  Product: Unity Personal
  Type: ULF
  Expiration: 2026-08-28T20:14:17Z
[Licensing::Client] Successfully updated license, isAsync: True, time: 0.01
[Licensing::Client] Successfully resolved entitlement details
[Licensing::Module] Licensing Background thread has ended after 0.60s
[Licensing::Module] Licensing is initialized (took 0.12s).
[Licensing::Client] Successfully resolved entitlement details
Library Redirect Path: Library/
[Physics::Module] Selected backend.
[Physics::Module] Name: PhysX
[Physics::Module] Id: 0xf2b8ea05
[Physics::Module] SDK Version: 4.1.2
[Physics::Module] Integration Version: 1.0.0
[Physics::Module] Threading Mode: Multi-Threaded
Refreshing native plugins compatible for Editor in 0.18 ms, found 0 plugins.
Preloading 0 native plugins for Editor in 0.00 ms.
Initialize engine version: 6000.3.19f1 (7689f4515d75)
[Subsystems] Discovering subsystems at path C:/Program Files/Unity/Hub/Editor/6000.3.19f1/Editor/Data/Resources/UnitySubsystems
[Subsystems] Discovering subsystems at path E:/project/unity/furitDefense/Assets
Forcing GfxDevice: Null
GfxDevice: creating device client; kGfxThreadingModeNonThreaded
NullGfxDevice:
    Version:  NULL 1.0 [1.0]
    Renderer: Null Device
    Vendor:   Unity Technologies
Initialize mono
Mono path[0] = 'C:/Program Files/Unity/Hub/Editor/6000.3.19f1/Editor/Data/Managed'
Mono path[1] = 'C:/Program Files/Unity/Hub/Editor/6000.3.19f1/Editor/Data/MonoBleedingEdge/lib/mono/unityjit-win32'
Mono config path = 'C:/Program Files/Unity/Hub/Editor/6000.3.19f1/Editor/Data/MonoBleedingEdge/etc'
Using monoOptions --debugger-agent=transport=dt_socket,embedding=1,server=y,suspend=n,address=127.0.0.1:56360
Using cacheserver namespaces - metadata:defaultmetadata, artifacts:defaultartifacts
Using cacheserver namespaces - metadata:defaultmetadata, artifacts:defaultartifacts
ImportWorker Server TCP listen port: 0
AcceleratorClientConnectionCallback - disconnected - :0
Begin MonoManager ReloadAssembly
Registering precompiled unity dll's ...
Register platform support module: C:/Program Files/Unity/Hub/Editor/6000.3.19f1/Editor/Data/PlaybackEngines/WebGLSupport/UnityEditor.WebGL.Extensions.dll
Register platform support module: C:/Program Files/Unity/Hub/Editor/6000.3.19f1/Editor/Data/PlaybackEngines/WindowsStandaloneSupport/UnityEditor.WindowsStandalone.Extensions.dll
Registered in 0.002892 seconds.
- Loaded All Assemblies, in  0.402 seconds
Native extension for WindowsStandalone target not found
Native extension for WebGL target not found
Package Manager log level set to [2]
ScheduleIndexationOnStartup MainProcess:False IndexOnStartup:True
Mono: successfully reloaded assembly
- Finished resetting the current domain, in  0.352 seconds
Domain Reload Profiling: 751ms
	BeginReloadAssembly (137ms)
		ExecutionOrderSort (0ms)
		DisableScriptedObjects (0ms)
		BackupInstance (0ms)
		ReleaseScriptingObjects (0ms)
		CreateAndSetChildDomain (6ms)
	RebuildCommonClasses (33ms)
	RebuildNativeTypeToScriptingClass (12ms)
	initialDomainReloadingComplete (47ms)
	LoadAllAssembliesAndSetupDomain (169ms)
		LoadAssemblies (128ms)
		RebuildTransferFunctionScriptingTraits (0ms)
		AnalyzeDomain (165ms)
			TypeCache.Refresh (163ms)
				TypeCache.ScanAssembly (148ms)
			BuildScriptInfoCaches (0ms)
			ResolveRequiredComponents (0ms)
	FinalizeReload (353ms)
		ReleaseScriptCaches (0ms)
		RebuildScriptCaches (0ms)
		SetupLoadedEditorAssemblies (318ms)
			LogAssemblyErrors (0ms)
			InitializePlatformSupportModulesInManaged (53ms)
			SetLoadedEditorAssemblies (3ms)
			BeforeProcessingInitializeOnLoad (69ms)
			ProcessInitializeOnLoadAttributes (122ms)
			ProcessInitializeOnLoadMethodAttributes (71ms)
			AfterProcessingInitializeOnLoad (0ms)
			EditorAssembliesLoaded (0ms)
		ExecutionOrderSort2 (0ms)
		AwakeInstancesAfterBackupRestoration (0ms)
[Licensing::Client] Successfully resolved entitlement details
Application.AssetDatabase Initial Refresh Start
[Package Manager] Restoring resolved packages state from cache
[Licensing::Client] Successfully resolved entitlement details
[Package Manager] Registered 33 packages:
  Built-in packages:
    com.unity.modules.ai@1.0.0 (location: E:\project\unity\furitDefense\Library\PackageCache\com.unity.modules.ai)
    com.unity.modules.androidjni@1.0.0 (location: E:\project\unity\furitDefense\Library\PackageCache\com.unity.modules.androidjni)
    com.unity.modules.animation@1.0.0 (location: E:\project\unity\furitDefense\Library\PackageCache\com.unity.modules.animation)
    com.unity.modules.assetbundle@1.0.0 (location: E:\project\unity\furitDefense\Library\PackageCache\com.unity.modules.assetbundle)
    com.unity.modules.audio@1.0.0 (location: E:\project\unity\furitDefense\Library\PackageCache\com.unity.modules.audio)
    com.unity.modules.cloth@1.0.0 (location: E:\project\unity\furitDefense\Library\PackageCache\com.unity.modules.cloth)
    com.unity.modules.director@1.0.0 (location: E:\project\unity\furitDefense\Library\PackageCache\com.unity.modules.director)
    com.unity.modules.imageconversion@1.0.0 (location: E:\project\unity\furitDefense\Library\PackageCache\com.unity.modules.imageconversion)
    com.unity.modules.imgui@1.0.0 (location: E:\project\unity\furitDefense\Library\PackageCache\com.unity.modules.imgui)
    com.unity.modules.jsonserialize@1.0.0 (location: E:\project\unity\furitDefense\Library\PackageCache\com.unity.modules.jsonserialize)
    com.unity.modules.particlesystem@1.0.0 (location: E:\project\unity\furitDefense\Library\PackageCache\com.unity.modules.particlesystem)
    com.unity.modules.physics@1.0.0 (location: E:\project\unity\furitDefense\Library\PackageCache\com.unity.modules.physics)
    com.unity.modules.physics2d@1.0.0 (location: E:\project\unity\furitDefense\Library\PackageCache\com.unity.modules.physics2d)
    com.unity.modules.screencapture@1.0.0 (location: E:\project\unity\furitDefense\Library\PackageCache\com.unity.modules.screencapture)
    com.unity.modules.terrain@1.0.0 (location: E:\project\unity\furitDefense\Library\PackageCache\com.unity.modules.terrain)
    com.unity.modules.terrainphysics@1.0.0 (location: E:\project\unity\furitDefense\Library\PackageCache\com.unity.modules.terrainphysics)
    com.unity.modules.tilemap@1.0.0 (location: E:\project\unity\furitDefense\Library\PackageCache\com.unity.modules.tilemap)
    com.unity.modules.ui@1.0.0 (location: E:\project\unity\furitDefense\Library\PackageCache\com.unity.modules.ui)
    com.unity.modules.uielements@1.0.0 (location: E:\project\unity\furitDefense\Library\PackageCache\com.unity.modules.uielements)
    com.unity.modules.umbra@1.0.0 (location: E:\project\unity\furitDefense\Library\PackageCache\com.unity.modules.umbra)
    com.unity.modules.unityanalytics@1.0.0 (location: E:\project\unity\furitDefense\Library\PackageCache\com.unity.modules.unityanalytics)
    com.unity.modules.unitywebrequest@1.0.0 (location: E:\project\unity\furitDefense\Library\PackageCache\com.unity.modules.unitywebrequest)
    com.unity.modules.unitywebrequestassetbundle@1.0.0 (location: E:\project\unity\furitDefense\Library\PackageCache\com.unity.modules.unitywebrequestassetbundle)
    com.unity.modules.unitywebrequestaudio@1.0.0 (location: E:\project\unity\furitDefense\Library\PackageCache\com.unity.modules.unitywebrequestaudio)
    com.unity.modules.unitywebrequesttexture@1.0.0 (location: E:\project\unity\furitDefense\Library\PackageCache\com.unity.modules.unitywebrequesttexture)
    com.unity.modules.unitywebrequestwww@1.0.0 (location: E:\project\unity\furitDefense\Library\PackageCache\com.unity.modules.unitywebrequestwww)
    com.unity.modules.vehicles@1.0.0 (location: E:\project\unity\furitDefense\Library\PackageCache\com.unity.modules.vehicles)
    com.unity.modules.video@1.0.0 (location: E:\project\unity\furitDefense\Library\PackageCache\com.unity.modules.video)
    com.unity.modules.vr@1.0.0 (location: E:\project\unity\furitDefense\Library\PackageCache\com.unity.modules.vr)
    com.unity.modules.wind@1.0.0 (location: E:\project\unity\furitDefense\Library\PackageCache\com.unity.modules.wind)
    com.unity.modules.xr@1.0.0 (location: E:\project\unity\furitDefense\Library\PackageCache\com.unity.modules.xr)
    com.unity.modules.subsystems@1.0.0 (location: E:\project\unity\furitDefense\Library\PackageCache\com.unity.modules.subsystems)
    com.unity.modules.hierarchycore@1.0.0 (location: E:\project\unity\furitDefense\Library\PackageCache\com.unity.modules.hierarchycore)
[Subsystems] No new subsystems found in resolved package list.
[Package Manager] Done registering packages in 0.01 seconds
Starting: C:\Program Files\Unity\Hub\Editor\6000.3.19f1\Editor\Data\Tools\BuildPipeline\bee_backend.exe --ipc --defer-dag-verification --dagfile="Library/Bee/2000b0aE.dag" --continue-on-failure --profile="Library/Bee/backend1.traceevents" ScriptAssemblies
WorkingDir: E:/project/unity/furitDefense
DisplayProgressbar: Compiling Scripts
ExitCode: 0 Duration: 0s65ms
*** Tundra build success (0.03 seconds), 0 items updated, 157 evaluated
AssetDatabase: script compilation time: 0.376982s
Begin MonoManager ReloadAssembly
Total cache size 31377775
Total cache size after purge 31377775, took 00:00:00.0320565
- Loaded All Assemblies, in  0.372 seconds
Refreshing native plugins compatible for Editor in 0.16 ms, found 0 plugins.
Native extension for WindowsStandalone target not found
Native extension for WebGL target not found
ScheduleIndexationOnStartup MainProcess:True IndexOnStartup:True
Mono: successfully reloaded assembly
- Finished resetting the current domain, in  0.427 seconds
Domain Reload Profiling: 796ms
	BeginReloadAssembly (288ms)
		ExecutionOrderSort (0ms)
		DisableScriptedObjects (116ms)
		BackupInstance (0ms)
		ReleaseScriptingObjects (0ms)
		CreateAndSetChildDomain (45ms)
	RebuildCommonClasses (33ms)
	RebuildNativeTypeToScriptingClass (11ms)
	initialDomainReloadingComplete (22ms)
	LoadAllAssembliesAndSetupDomain (15ms)
		LoadAssemblies (102ms)
		RebuildTransferFunctionScriptingTraits (0ms)
		AnalyzeDomain (10ms)
			TypeCache.Refresh (7ms)
				TypeCache.ScanAssembly (3ms)
			BuildScriptInfoCaches (1ms)
			ResolveRequiredComponents (0ms)
	FinalizeReload (428ms)
		ReleaseScriptCaches (0ms)
		RebuildScriptCaches (0ms)
		SetupLoadedEditorAssemblies (265ms)
			LogAssemblyErrors (0ms)
			InitializePlatformSupportModulesInManaged (26ms)
			SetLoadedEditorAssemblies (3ms)
			BeforeProcessingInitializeOnLoad (94ms)
			ProcessInitializeOnLoadAttributes (100ms)
			ProcessInitializeOnLoadMethodAttributes (34ms)
			AfterProcessingInitializeOnLoad (8ms)
			EditorAssembliesLoaded (0ms)
		ExecutionOrderSort2 (0ms)
		AwakeInstancesAfterBackupRestoration (27ms)
Asset Pipeline Refresh (id=7cf45df2f974cf04a95c0d5a2d871746): Total: 1.301 seconds - Initiated by InitialRefreshV2(ForceSynchronousImport)
	Summary:
		Imports: total=0 (actual=0, local cache=0, cache server=0)
		Asset DB Process Time: managed=0 ms, native=516 ms
		Asset DB Callback time: managed=11 ms, native=14 ms
		Scripting: domain reloads=1, domain reload time=372 ms, compile time=379 ms, other=7 ms
		Project Asset Count: scripts=163, non-scripts=755
		Asset File Changes: new=0, changed=0, moved=0, deleted=0
		Scan Filter Count: 0
	InvokeCustomDependenciesCallbacks: 0.001ms
	InvokePackagesCallback: 16.495ms
	ApplyChangesToAssetFolders: 0.338ms
	Scan: 22.137ms
	OnSourceAssetsModified: 0.003ms
	CategorizeAssetsWithTransientArtifact: 0.439ms
	ProcessAssetsWithTransientArtifactChanges: 2.311ms
	CategorizeAssets: 5.072ms
	ImportOutOfDateAssets: 428.942ms (49.941ms without children)
		CompileScripts: 378.615ms
		ReloadNativeAssets: 0.000ms
		UnloadImportedAssets: 0.101ms
		EnsureUptoDateAssetsAreRegisteredWithGuidPM: 0.074ms
		InitializingProgressBar: 0.000ms
		PostProcessAllAssetNotificationsAddChangedAssets: 0.000ms
		OnDemandSchedulerStart: 0.210ms
	PostProcessAllAssets: 11.079ms
	GatherAllCurrentPrimaryArtifactRevisions: 0.002ms
	UnloadStreamsBegin: 0.947ms
	PersistCurrentRevisions: 0.020ms
	UnloadStreamsEnd: 0.001ms
	GenerateScriptTypeHashes: 0.107ms
	Untracked: 813.653ms

Application.AssetDatabase Initial Refresh End
Scanning for USB devices : 12.960ms
Initializing Unity extensions:
[MODES] ModeService[none].Initialize
[MODES] ModeService[none].LoadModes
[MODES] Loading mode Default (0) for mode-current-id-水果塔防
Unloading 3 Unused Serialized files (Serialized files now loaded: 0)
Unloading 132 unused Assets / (509.7 KB). Loaded Objects now: 763.
Memory consumption went from 91.4 MB to 91.0 MB.
Total: 4.215500 ms (FindLiveObjects: 0.048300 ms CreateObjectMapping: 0.009000 ms MarkObjects: 3.935000 ms  DeleteObjects: 0.222700 ms)

Battle content validation passed: catalog.bundled.orchard@1.0.0
UnityEngine.Debug:ExtractStackTraceNoAlloc (byte*,int,string)
UnityEngine.StackTraceUtility:ExtractStackTrace ()
UnityEngine.DebugLogHandler:Internal_Log (UnityEngine.LogType,UnityEngine.LogOption,string,UnityEngine.Object)
UnityEngine.DebugLogHandler:LogFormat (UnityEngine.LogType,UnityEngine.Object,string,object[])
UnityEngine.Logger:Log (UnityEngine.LogType,object)
UnityEngine.Debug:Log (object)
FruitDefense.Editor.BattleContentCatalogEditor:ValidateBundledCatalog () (at Assets/Editor/Tools/BattleContentCatalogEditor.cs:56)
FruitDefense.Editor.P0ValidationSuite:Run () (at Assets/Editor/Tests/P0ValidationSuite.cs:12)

(Filename: Assets/Editor/Tools/BattleContentCatalogEditor.cs Line: 56)

FRUIT_DEFENSE_APP_FRAMEWORK_OK
UnityEngine.Debug:ExtractStackTraceNoAlloc (byte*,int,string)
UnityEngine.StackTraceUtility:ExtractStackTrace ()
UnityEngine.DebugLogHandler:Internal_Log (UnityEngine.LogType,UnityEngine.LogOption,string,UnityEngine.Object)
UnityEngine.DebugLogHandler:LogFormat (UnityEngine.LogType,UnityEngine.Object,string,object[])
UnityEngine.Logger:Log (UnityEngine.LogType,object)
UnityEngine.Debug:Log (object)
FruitDefense.App.AppFrameworkValidation:SmokeValidate () (at Assets/Scripts/App/AppFrameworkValidation.cs:14)
FruitDefense.Editor.P0ValidationSuite:Run () (at Assets/Editor/Tests/P0ValidationSuite.cs:13)

(Filename: Assets/Scripts/App/AppFrameworkValidation.cs Line: 14)

FRUIT_DEFENSE_LOCAL_SERVICES_OK
UnityEngine.Debug:ExtractStackTraceNoAlloc (byte*,int,string)
UnityEngine.StackTraceUtility:ExtractStackTrace ()
UnityEngine.DebugLogHandler:Internal_Log (UnityEngine.LogType,UnityEngine.LogOption,string,UnityEngine.Object)
UnityEngine.DebugLogHandler:LogFormat (UnityEngine.LogType,UnityEngine.Object,string,object[])
UnityEngine.Logger:Log (UnityEngine.LogType,object)
UnityEngine.Debug:Log (object)
FruitDefense.Editor.LocalServicePortsSmoke:Run () (at Assets/Editor/Tests/LocalServicePortsSmoke.cs:21)
FruitDefense.Editor.P0ValidationSuite:Run () (at Assets/Editor/Tests/P0ValidationSuite.cs:14)

(Filename: Assets/Editor/Tests/LocalServicePortsSmoke.cs Line: 21)

Fruit Defense deterministic simulation validation passed.
UnityEngine.Debug:ExtractStackTraceNoAlloc (byte*,int,string)
UnityEngine.StackTraceUtility:ExtractStackTrace ()
UnityEngine.DebugLogHandler:Internal_Log (UnityEngine.LogType,UnityEngine.LogOption,string,UnityEngine.Object)
UnityEngine.DebugLogHandler:LogFormat (UnityEngine.LogType,UnityEngine.Object,string,object[])
UnityEngine.Logger:Log (UnityEngine.LogType,object)
UnityEngine.Debug:Log (object)
FruitDefense.Editor.DeterministicSimulationSmoke:Run () (at Assets/Editor/Tests/DeterministicSimulationSmoke.cs:18)
FruitDefense.Editor.P0ValidationSuite:Run () (at Assets/Editor/Tests/P0ValidationSuite.cs:15)

(Filename: Assets/Editor/Tests/DeterministicSimulationSmoke.cs Line: 18)

FRUIT_DEFENSE_REPEATED_ATTACK_OK plant=plant.pea actions=13 damage=156
UnityEngine.Debug:ExtractStackTraceNoAlloc (byte*,int,string)
UnityEngine.StackTraceUtility:ExtractStackTrace ()
UnityEngine.DebugLogHandler:Internal_Log (UnityEngine.LogType,UnityEngine.LogOption,string,UnityEngine.Object)
UnityEngine.DebugLogHandler:LogFormat (UnityEngine.LogType,UnityEngine.Object,string,object[])
UnityEngine.Logger:Log (UnityEngine.LogType,object)
UnityEngine.Debug:Log (object)
FruitDefense.Editor.ComposableBattleSkillsSmoke:ValidateRepeatedBasicAttacks () (at Assets/Editor/Tests/ComposableBattleSkillsSmoke.cs:147)
FruitDefense.Editor.ComposableBattleSkillsSmoke:Run () (at Assets/Editor/Tests/ComposableBattleSkillsSmoke.cs:19)
FruitDefense.Editor.P0ValidationSuite:Run () (at Assets/Editor/Tests/P0ValidationSuite.cs:16)

(Filename: Assets/Editor/Tests/ComposableBattleSkillsSmoke.cs Line: 147)

FRUIT_DEFENSE_REPEATED_ATTACK_OK plant=plant.watermelon actions=6 damage=72
UnityEngine.Debug:ExtractStackTraceNoAlloc (byte*,int,string)
UnityEngine.StackTraceUtility:ExtractStackTrace ()
UnityEngine.DebugLogHandler:Internal_Log (UnityEngine.LogType,UnityEngine.LogOption,string,UnityEngine.Object)
UnityEngine.DebugLogHandler:LogFormat (UnityEngine.LogType,UnityEngine.Object,string,object[])
UnityEngine.Logger:Log (UnityEngine.LogType,object)
UnityEngine.Debug:Log (object)
FruitDefense.Editor.ComposableBattleSkillsSmoke:ValidateRepeatedBasicAttacks () (at Assets/Editor/Tests/ComposableBattleSkillsSmoke.cs:147)
FruitDefense.Editor.ComposableBattleSkillsSmoke:Run () (at Assets/Editor/Tests/ComposableBattleSkillsSmoke.cs:19)
FruitDefense.Editor.P0ValidationSuite:Run () (at Assets/Editor/Tests/P0ValidationSuite.cs:16)

(Filename: Assets/Editor/Tests/ComposableBattleSkillsSmoke.cs Line: 147)

FRUIT_DEFENSE_REPEATED_ATTACK_OK plant=plant.banana actions=8 damage=90
UnityEngine.Debug:ExtractStackTraceNoAlloc (byte*,int,string)
UnityEngine.StackTraceUtility:ExtractStackTrace ()
UnityEngine.DebugLogHandler:Internal_Log (UnityEngine.LogType,UnityEngine.LogOption,string,UnityEngine.Object)
UnityEngine.DebugLogHandler:LogFormat (UnityEngine.LogType,UnityEngine.Object,string,object[])
UnityEngine.Logger:Log (UnityEngine.LogType,object)
UnityEngine.Debug:Log (object)
FruitDefense.Editor.ComposableBattleSkillsSmoke:ValidateRepeatedBasicAttacks () (at Assets/Editor/Tests/ComposableBattleSkillsSmoke.cs:147)
FruitDefense.Editor.ComposableBattleSkillsSmoke:Run () (at Assets/Editor/Tests/ComposableBattleSkillsSmoke.cs:19)
FruitDefense.Editor.P0ValidationSuite:Run () (at Assets/Editor/Tests/P0ValidationSuite.cs:16)

(Filename: Assets/Editor/Tests/ComposableBattleSkillsSmoke.cs Line: 147)

FRUIT_DEFENSE_REPEATED_ATTACK_OK plant=plant.durian actions=8 damage=96
UnityEngine.Debug:ExtractStackTraceNoAlloc (byte*,int,string)
UnityEngine.StackTraceUtility:ExtractStackTrace ()
UnityEngine.DebugLogHandler:Internal_Log (UnityEngine.LogType,UnityEngine.LogOption,string,UnityEngine.Object)
UnityEngine.DebugLogHandler:LogFormat (UnityEngine.LogType,UnityEngine.Object,string,object[])
UnityEngine.Logger:Log (UnityEngine.LogType,object)
UnityEngine.Debug:Log (object)
FruitDefense.Editor.ComposableBattleSkillsSmoke:ValidateRepeatedBasicAttacks () (at Assets/Editor/Tests/ComposableBattleSkillsSmoke.cs:147)
FruitDefense.Editor.ComposableBattleSkillsSmoke:Run () (at Assets/Editor/Tests/ComposableBattleSkillsSmoke.cs:19)
FruitDefense.Editor.P0ValidationSuite:Run () (at Assets/Editor/Tests/P0ValidationSuite.cs:16)

(Filename: Assets/Editor/Tests/ComposableBattleSkillsSmoke.cs Line: 147)

FRUIT_DEFENSE_COMPOSABLE_SKILLS_OK
UnityEngine.Debug:ExtractStackTraceNoAlloc (byte*,int,string)
UnityEngine.StackTraceUtility:ExtractStackTrace ()
UnityEngine.DebugLogHandler:Internal_Log (UnityEngine.LogType,UnityEngine.LogOption,string,UnityEngine.Object)
UnityEngine.DebugLogHandler:LogFormat (UnityEngine.LogType,UnityEngine.Object,string,object[])
UnityEngine.Logger:Log (UnityEngine.LogType,object)
UnityEngine.Debug:Log (object)
FruitDefense.Editor.ComposableBattleSkillsSmoke:Run () (at Assets/Editor/Tests/ComposableBattleSkillsSmoke.cs:23)
FruitDefense.Editor.P0ValidationSuite:Run () (at Assets/Editor/Tests/P0ValidationSuite.cs:16)

(Filename: Assets/Editor/Tests/ComposableBattleSkillsSmoke.cs Line: 23)

FRUIT_DEFENSE_BATTLE_SNAPSHOT_V1_OK
UnityEngine.Debug:ExtractStackTraceNoAlloc (byte*,int,string)
UnityEngine.StackTraceUtility:ExtractStackTrace ()
UnityEngine.DebugLogHandler:Internal_Log (UnityEngine.LogType,UnityEngine.LogOption,string,UnityEngine.Object)
UnityEngine.DebugLogHandler:LogFormat (UnityEngine.LogType,UnityEngine.Object,string,object[])
UnityEngine.Logger:Log (UnityEngine.LogType,object)
UnityEngine.Debug:Log (object)
FruitDefense.Editor.BattleSnapshotV1Smoke:Run () (at Assets/Editor/Tests/BattleSnapshotV1Smoke.cs:22)
FruitDefense.Editor.P0ValidationSuite:Run () (at Assets/Editor/Tests/P0ValidationSuite.cs:17)

(Filename: Assets/Editor/Tests/BattleSnapshotV1Smoke.cs Line: 22)

Asset Pipeline Refresh (id=50969f53c401a6043a19922a59956f55): Total: 0.037 seconds - Initiated by RefreshV2(NoUpdateAssetOptions)
Square contour topology guide generated: Assets/LayeredTerrain/GrassSoil/Square/Topology/SquareContourTopologyGuide.png
UnityEngine.Debug:ExtractStackTraceNoAlloc (byte*,int,string)
UnityEngine.StackTraceUtility:ExtractStackTrace ()
UnityEngine.DebugLogHandler:Internal_Log (UnityEngine.LogType,UnityEngine.LogOption,string,UnityEngine.Object)
UnityEngine.DebugLogHandler:LogFormat (UnityEngine.LogType,UnityEngine.Object,string,object[])
UnityEngine.Logger:Log (UnityEngine.LogType,object)
UnityEngine.Debug:Log (object)
FruitDefense.Editor.SquareTerrainArtGenerator:GenerateTopologyGuide () (at Assets/Editor/Tools/SquareTerrainArtGenerator.cs:42)
FruitDefense.Editor.SquareTerrainArtGenerator:GenerateAvailableSquareAssets () (at Assets/Editor/Tools/SquareTerrainArtGenerator.cs:133)
FruitDefense.Editor.SquareTerrainArtSmoke:Run () (at Assets/Editor/Tests/SquareTerrainArtSmoke.cs:18)
FruitDefense.Editor.ProjectSetup:SmokeValidate () (at Assets/Editor/Tools/ProjectSetup.cs:236)
FruitDefense.Editor.P0ValidationSuite:Run () (at Assets/Editor/Tests/P0ValidationSuite.cs:18)

(Filename: Assets/Editor/Tools/SquareTerrainArtGenerator.cs Line: 42)

Asset Pipeline Refresh (id=c80b172e151c64244a80b9e07d8ff3b6): Total: 0.034 seconds - Initiated by RefreshV2(NoUpdateAssetOptions)
Asset Pipeline Refresh (id=f5ff8db2304d3694684024f54e2e3f4a): Total: 0.029 seconds - Initiated by RefreshV2(NoUpdateAssetOptions)
Asset Pipeline Refresh (id=1186cfb54d104074b972b359a585a2a1): Total: 0.032 seconds - Initiated by RefreshV2(NoUpdateAssetOptions)
Start importing Assets/LayeredTerrain/GrassSoil/Square/LandformStoneRoad/Mask-07.asset using Guid(b02fd980a2abc6b41974d859a777fb1d) (NativeFormatImporter) -> (artifact id: '09027e8d963d8fd928277d96f7735e27') in 0.0050457 seconds
Start importing Assets/LayeredTerrain/GrassSoil/Square/LandformGrass/Mask-05.asset using Guid(d04330ef8020b8a41b9e4589cb202101) (NativeFormatImporter) -> (artifact id: '4e5972f1b6c2ded32e8e48532b67135b') in 0.0014458 seconds
Start importing Assets/LayeredTerrain/GrassSoil/Square/LandformGrass/Mask-12.asset using Guid(d00b41817e9bc0741ad148ea3e94519a) (NativeFormatImporter) -> (artifact id: '9d0a3a48e4156b96b3c76ca702bf7bff') in 0.001375 seconds
Start importing Assets/LayeredTerrain/GrassSoil/Square/LandformStoneRoad/Mask-13.asset using Guid(116a8c3b6ac195a4ebb8e3c7a9989ddc) (NativeFormatImporter) -> (artifact id: '871e193410b26687800828802aef7920') in 0.001267 seconds
Start importing Assets/LayeredTerrain/GrassSoil/Square/LandformGrass/Mask-02.asset using Guid(315648227c153724090125e98f4cba15) (NativeFormatImporter) -> (artifact id: 'd08b86b0e86b5ac26e9107766d5008d1') in 0.0012871 seconds
Start importing Assets/LayeredTerrain/GrassSoil/Square/LandformStoneRoad/Mask-11.asset using Guid(519050a0a5a9f5847b095ee0b83437a0) (NativeFormatImporter) -> (artifact id: 'ae100c2ae270a66d81134616e885003c') in 0.0012408 seconds
Start importing Assets/LayeredTerrain/GrassSoil/Square/LandformGrass/Mask-14.asset using Guid(81815b76ad7c06c47bf1bc7b65624ffd) (NativeFormatImporter) -> (artifact id: 'e00c4c5ecbd51682bc3c65bf8d862a23') in 0.0011963 seconds
Start importing Assets/LayeredTerrain/GrassSoil/Square/LandformSoil/Mask-03.asset using Guid(b1c5384b4651e4a4a82d483cc64aae79) (NativeFormatImporter) -> (artifact id: '45c12fb41048b850cd7cb0f3e535436a') in 0.0012071 seconds
Start importing Assets/LayeredTerrain/GrassSoil/Square/LandformGrass/Mask-15.asset using Guid(027119ab30d86a546a5d935d6e9ec608) (NativeFormatImporter) -> (artifact id: '7e821f282e19a2a4d5825e548df9693a') in 0.0012646 seconds
Start importing Assets/LayeredTerrain/GrassSoil/Square/LandformGrass/Mask-00.asset using Guid(13f70a46e499e0146bffd256e7c14483) (NativeFormatImporter) -> (artifact id: '2a9713a59b72231d0d554c49e274b85a') in 0.0012049 seconds
Start importing Assets/LayeredTerrain/GrassSoil/Square/LandformSoil/Mask-00.asset using Guid(8303f71f8469fd7459473d47391ab0b3) (NativeFormatImporter) -> (artifact id: '1442dfc314550b70b27dde3dada60cc7') in 0.001159 seconds
Start importing Assets/LayeredTerrain/GrassSoil/Square/LandformSoil/Mask-01.asset using Guid(d33072ada9e1bb749adcc5938680d51a) (NativeFormatImporter) -> (artifact id: '7a8f58bad24b64f744799cb0b0b9228f') in 0.0011867 seconds
Start importing Assets/LayeredTerrain/GrassSoil/Square/LandformStoneRoad/Mask-09.asset using Guid(d30b19c2c64338a4fa9211b305cf65b1) (NativeFormatImporter) -> (artifact id: '59211e6be04f7e5724ec1a1b38221d71') in 0.0013721 seconds
Start importing Assets/LayeredTerrain/GrassSoil/Square/LandformSoil/Mask-13.asset using Guid(548b829df136ae948902efdc96ee70bb) (NativeFormatImporter) -> (artifact id: 'd770f2a72e8453a69c8ff146ee623ca5') in 0.0012228 seconds
Start importing Assets/LayeredTerrain/GrassSoil/Square/LandformStoneRoad/Mask-00.asset using Guid(74d1d4b679c3aec43af1bd30b6c4aea1) (NativeFormatImporter) -> (artifact id: '4c60ffb732228db343f89511449fce3b') in 0.0011846 seconds
Start importing Assets/LayeredTerrain/GrassSoil/Square/LandformGrass/Mask-01.asset using Guid(35cbc7e6bd8f2f84d9c7965779c9b2eb) (NativeFormatImporter) -> (artifact id: '7cd6fe12f157cd0a0b2a210183323c21') in 0.0012129 seconds
Start importing Assets/LayeredTerrain/GrassSoil/Square/LandformGrass/Mask-10.asset using Guid(5728d44dd2630ff40849746ce5d849d7) (NativeFormatImporter) -> (artifact id: '57d0e56c944d10ea9c02adfa74800a28') in 0.0012019 seconds
Start importing Assets/LayeredTerrain/GrassSoil/Square/LandformSoil/Mask-09.asset using Guid(67347eef4df492941b15d16b687e2cb7) (NativeFormatImporter) -> (artifact id: '0b3fee03fb07b35a5fbe9374ec056b4b') in 0.0011532 seconds
Start importing Assets/LayeredTerrain/GrassSoil/Square/LandformGrass/Mask-04.asset using Guid(87737865bdb87ec43864ad3d997d7626) (NativeFormatImporter) -> (artifact id: '83b9f8cc1d095defdc009bd1839b690f') in 0.0012699 seconds
Start importing Assets/LayeredTerrain/GrassSoil/Square/LandformSoil/Mask-02.asset using Guid(87e33da937f65d34fb027eebfd8c1343) (NativeFormatImporter) -> (artifact id: '031756e6cc2b3a5ef2ddcaf8740ee21f') in 0.0012215 seconds
Start importing Assets/LayeredTerrain/GrassSoil/Square/LandformGrass/Mask-08.asset using Guid(b781c12832a4cd84392ab7d35a405505) (NativeFormatImporter) -> (artifact id: 'c734ab3f59a9e28ca19de35691f15a63') in 0.0012407 seconds
Start importing Assets/LayeredTerrain/GrassSoil/Square/LandformStoneRoad/Mask-04.asset using Guid(f70ec30b59552144a97e4da8fea5520c) (NativeFormatImporter) -> (artifact id: '67ab708a109917ddbe110252083911c2') in 0.0012523 seconds
Start importing Assets/LayeredTerrain/GrassSoil/Square/LandformStoneRoad/Mask-05.asset using Guid(08c7afe6a1108a84b9f8ac99c7fa610e) (NativeFormatImporter) -> (artifact id: 'a8026e8f0c10f4b634f0c477d7f79ba5') in 0.0011846 seconds
Start importing Assets/LayeredTerrain/GrassSoil/Square/LandformStoneRoad/Mask-14.asset using Guid(39202684bd500f14184c5131ac46a6dd) (NativeFormatImporter) -> (artifact id: 'b43c0e8abc2951d26427ba0ee51e7ebb') in 0.0012425 seconds
Start importing Assets/LayeredTerrain/GrassSoil/Square/LandformSoil/SoilSquareLandformTileSet.asset using Guid(897d878e9497c6e4d935ea42058d6001) (NativeFormatImporter) -> (artifact id: '17e85a477bcdc5aaf3c7a2ca1f1f5d8e') in 0.0012229 seconds
Start importing Assets/LayeredTerrain/GrassSoil/Square/LandformStoneRoad/StoneRoadSquareLandformTileSet.asset using Guid(0a6730ef0e26d5b49b9ae3129ee21909) (NativeFormatImporter) -> (artifact id: '48456893df0f467254b3256235820444') in 0.0012092 seconds
Start importing Assets/LayeredTerrain/GrassSoil/Square/LandformStoneRoad/Mask-10.asset using Guid(caa578d738fb0414e820ab1e3541b03f) (NativeFormatImporter) -> (artifact id: 'be4dcdbbc4fe728152242b70b5e9bb78') in 0.0011856 seconds
Start importing Assets/LayeredTerrain/GrassSoil/Square/LandformSoil/Mask-07.asset using Guid(2ce20b5da48d1ae43956c41d22ecd92e) (NativeFormatImporter) -> (artifact id: '7c41af1778c9689fc8cf1f4e4fcccd2c') in 0.0012982 seconds
Start importing Assets/LayeredTerrain/GrassSoil/Square/LandformSoil/Mask-11.asset using Guid(2c6bd62321830da498ea7724ae626857) (NativeFormatImporter) -> (artifact id: 'b1033fab3dddb68d369a244413a84ab3') in 0.00126 seconds
Start importing Assets/LayeredTerrain/GrassSoil/Square/LandformStoneRoad/Mask-15.asset using Guid(5cbc1f25709453b4a90de7054d0ce9b7) (NativeFormatImporter) -> (artifact id: 'ca75aea14a03badd729ba37b57fc7710') in 0.001218 seconds
Start importing Assets/LayeredTerrain/GrassSoil/Square/LandformGrass/Mask-09.asset using Guid(8c5fb632240287d48a17621f58d3a651) (NativeFormatImporter) -> (artifact id: '77c6cf5113d6c96189dbf6818d84fd5f') in 0.0011992 seconds
Start importing Assets/LayeredTerrain/GrassSoil/Square/LandformSoil/Mask-12.asset using Guid(bc85f424c35a6c845b2186949136a828) (NativeFormatImporter) -> (artifact id: '08c355397adee775c3834a7a7a0bf465') in 0.0012174 seconds
Start importing Assets/LayeredTerrain/GrassSoil/Square/LandformSoil/Mask-10.asset using Guid(0dfe2c0efe3330c4d9570f0061d459b9) (NativeFormatImporter) -> (artifact id: '88decb540b9e036a0400c2d34dbc707c') in 0.0012574 seconds
Start importing Assets/LayeredTerrain/GrassSoil/Square/LandformGrass/Mask-03.asset using Guid(1db706b3e9547554e9081663c6442ba0) (NativeFormatImporter) -> (artifact id: 'fdfbe87044d88284093ccc42787947e0') in 0.0012075 seconds
Start importing Assets/LayeredTerrain/GrassSoil/Square/LandformStoneRoad/Mask-02.asset using Guid(1d9b71389b4697e4586703b25f185da7) (NativeFormatImporter) -> (artifact id: 'dbb50fa57ab28462356bbd1a8ebab835') in 0.0011811 seconds
Start importing Assets/LayeredTerrain/GrassSoil/Square/LandformSoil/Mask-05.asset using Guid(2de42da45e48f974e9a74a6970e6e643) (NativeFormatImporter) -> (artifact id: '6e739e360d22b33fd378e6acefe9d800') in 0.0011565 seconds
Start importing Assets/LayeredTerrain/GrassSoil/Square/LandformGrass/Mask-11.asset using Guid(5d253dc28016ae64db4653758ac0af88) (NativeFormatImporter) -> (artifact id: '4dbb166b77c04b10385ee89749d834d3') in 0.0012042 seconds
Start importing Assets/LayeredTerrain/GrassSoil/Square/LandformSoil/Mask-04.asset using Guid(5d4806f722710eb40b1cf937cc6498b6) (NativeFormatImporter) -> (artifact id: 'a825e4a02be2364dca6cd5d251c2a1af') in 0.0012748 seconds
Start importing Assets/LayeredTerrain/GrassSoil/Square/LandformStoneRoad/Mask-01.asset using Guid(add98a42caf91414387900c1b29b92c6) (NativeFormatImporter) -> (artifact id: 'a1a43dffdd1f7cdd6311169ade464c57') in 0.0011988 seconds
Start importing Assets/LayeredTerrain/GrassSoil/Square/LandformGrass/Mask-06.asset using Guid(cd0f4d7279da9f84caa8c319e7ab29f9) (NativeFormatImporter) -> (artifact id: '52937737c65259daea7bed84aa0a8a04') in 0.0012314 seconds
Start importing Assets/LayeredTerrain/GrassSoil/Square/LandformGrass/Mask-07.asset using Guid(4e65cf042fab2c1448282809779edb8a) (NativeFormatImporter) -> (artifact id: '8cc68977b954eb6d618706e748b65e8b') in 0.0012065 seconds
Start importing Assets/LayeredTerrain/GrassSoil/Square/LandformGrass/Mask-13.asset using Guid(7e2014d33d57f294f97dea5ed30b730c) (NativeFormatImporter) -> (artifact id: '93ec9328dc52bc61493ece4ef09f812b') in 0.0012285 seconds
Start importing Assets/LayeredTerrain/GrassSoil/Square/LandformSoil/Mask-14.asset using Guid(ae949dd8d7965fa41b1d3481d8bf8e30) (NativeFormatImporter) -> (artifact id: '13d3e8fadf25938fb6084c9eacdc285d') in 0.001186 seconds
Start importing Assets/LayeredTerrain/GrassSoil/Square/LandformStoneRoad/Mask-08.asset using Guid(aecab5b9f537b5349adcff0900809717) (NativeFormatImporter) -> (artifact id: '6723e7d6eab214144e2a993643460ee5') in 0.0011876 seconds
Start importing Assets/LayeredTerrain/GrassSoil/Square/LandformSoil/Mask-15.asset using Guid(ce833c44287e15a44945e738038eb1c3) (NativeFormatImporter) -> (artifact id: '7c1ac2f82e318d432012af6c6509f07a') in 0.0013901 seconds
Start importing Assets/LayeredTerrain/GrassSoil/Square/LandformSoil/Mask-08.asset using Guid(ee6f4f16a4085914dbcb15919c60654c) (NativeFormatImporter) -> (artifact id: '2a403aad88716c1a9d6ee321599dc86f') in 0.0013207 seconds
Start importing Assets/LayeredTerrain/GrassSoil/Square/LandformStoneRoad/Mask-12.asset using Guid(2f49f6b2d05a8804097e79c69e515dc3) (NativeFormatImporter) -> (artifact id: '3512849ba8746b3929337e37047f52c2') in 0.0016194 seconds
Start importing Assets/LayeredTerrain/GrassSoil/Square/LandformSoil/Mask-06.asset using Guid(3ff6ff5cd14cc7441a6a84cdde5ff745) (NativeFormatImporter) -> (artifact id: 'c47a955bf9dc32d5bb761f8069ffd421') in 0.0012604 seconds
Start importing Assets/LayeredTerrain/GrassSoil/Square/LandformStoneRoad/Mask-06.asset using Guid(df46002ea561b404889b370e84a77f83) (NativeFormatImporter) -> (artifact id: 'c73fed30de3e790341265e9a3306482c') in 0.0011911 seconds
Start importing Assets/LayeredTerrain/GrassSoil/Square/LandformStoneRoad/Mask-03.asset using Guid(df1e863caf3bc5441a0d4c507b76c311) (NativeFormatImporter) -> (artifact id: 'a9a2fb8e8c6cb1c0cdbe880f9de699ac') in 0.0011683 seconds
Start importing Assets/LayeredTerrain/GrassSoil/Square/LandformGrass/GrassSquareLandformTileSet.asset using Guid(ef399dc10411dd84ab6a276f72e506ea) (NativeFormatImporter) -> (artifact id: '3f3f806b6373e60abb62a5adaf65a9f7') in 0.0012736 seconds
Refreshing native plugins compatible for Editor in 0.24 ms, found 0 plugins.
Preloading 0 native plugins for Editor in 0.00 ms.
Asset Pipeline Refresh (id=732ec370f35924e4394970e54c8aac89): Total: 0.130 seconds - Initiated by StopAssetImportingV2(NoUpdateAssetOptions)
Native 256 px square grass, soil and stone-road landforms generated.
UnityEngine.Debug:ExtractStackTraceNoAlloc (byte*,int,string)
UnityEngine.StackTraceUtility:ExtractStackTrace ()
UnityEngine.DebugLogHandler:Internal_Log (UnityEngine.LogType,UnityEngine.LogOption,string,UnityEngine.Object)
UnityEngine.DebugLogHandler:LogFormat (UnityEngine.LogType,UnityEngine.Object,string,object[])
UnityEngine.Logger:Log (UnityEngine.LogType,object)
UnityEngine.Debug:Log (object)
FruitDefense.Editor.SquareTerrainArtGenerator:GenerateDeterministicLandforms () (at Assets/Editor/Tools/SquareTerrainArtGenerator.cs:87)
FruitDefense.Editor.SquareTerrainArtGenerator:GenerateAvailableSquareAssets () (at Assets/Editor/Tools/SquareTerrainArtGenerator.cs:134)
FruitDefense.Editor.SquareTerrainArtSmoke:Run () (at Assets/Editor/Tests/SquareTerrainArtSmoke.cs:18)
FruitDefense.Editor.ProjectSetup:SmokeValidate () (at Assets/Editor/Tools/ProjectSetup.cs:236)
FruitDefense.Editor.P0ValidationSuite:Run () (at Assets/Editor/Tests/P0ValidationSuite.cs:18)

(Filename: Assets/Editor/Tools/SquareTerrainArtGenerator.cs Line: 87)

Asset Pipeline Refresh (id=cc84c18d4771b074ca79fb224e140d21): Total: 0.036 seconds - Initiated by RefreshV2(NoUpdateAssetOptions)
Start importing Assets/LayeredTerrain/GrassSoil/Square/EdgeGrassOnSoilPainted/Mask-15.asset using Guid(a17969b175ec3354c8fe533c48257f94) (NativeFormatImporter) -> (artifact id: '99f211a0ff210a0c86467a3e625714fe') in 0.0016434 seconds
Start importing Assets/LayeredTerrain/GrassSoil/Square/EdgeGrassOnSoilPainted/Mask-04.asset using Guid(e2449efc0c1116648a5b9cbfe33d8e81) (NativeFormatImporter) -> (artifact id: '18145ed9e628d5f8340c44824db6c8be') in 0.0012583 seconds
Start importing Assets/LayeredTerrain/GrassSoil/Square/EdgeGrassOnSoilPainted/Mask-14.asset using Guid(4328f421ed4ea34439d6e4e50990e24a) (NativeFormatImporter) -> (artifact id: '6bbe4451c7dca2d4de869403308041cf') in 0.001247 seconds
Start importing Assets/LayeredTerrain/GrassSoil/Square/EdgeGrassOnSoilPainted/Mask-11.asset using Guid(04aab987cd98a4440b66bb727667d8db) (NativeFormatImporter) -> (artifact id: 'eb6fb6ecd423e575e0946462aa243d66') in 0.0012615 seconds
Start importing Assets/LayeredTerrain/GrassSoil/Square/EdgeGrassOnSoilPainted/Mask-13.asset using Guid(75f61e4d96323eb4e906226b1dd8a16a) (NativeFormatImporter) -> (artifact id: '7952dc870547efbd422b012b46d2b17a') in 0.0012812 seconds
Start importing Assets/LayeredTerrain/GrassSoil/Square/EdgeGrassOnSoilPainted/Mask-08.asset using Guid(062a9acbc752b0342becc47471c8dad4) (NativeFormatImporter) -> (artifact id: 'ee86fce3dc4587f247fc6e398cfff9cd') in 0.0013636 seconds
Start importing Assets/LayeredTerrain/GrassSoil/Square/EdgeGrassOnSoilPainted/Mask-12.asset using Guid(17347530ba5655e4cb59ff249a976ea1) (NativeFormatImporter) -> (artifact id: '27e6bc4eabc1e74cb23636389ffd9263') in 0.0013019 seconds
Start importing Assets/LayeredTerrain/GrassSoil/Square/EdgeGrassOnSoilPainted/Mask-00.asset using Guid(676ca911d7a7bbf408a30856d7cc6990) (NativeFormatImporter) -> (artifact id: '557d3d98682769dd5e96ded56f4299cf') in 0.0013213 seconds
Start importing Assets/LayeredTerrain/GrassSoil/Square/EdgeGrassOnSoilPainted/Mask-10.asset using Guid(e75c1031ec799e0448fd29d3082006b4) (NativeFormatImporter) -> (artifact id: 'c8e41218e8984dd46c91b31d7703de4f') in 0.0012724 seconds
Start importing Assets/LayeredTerrain/GrassSoil/Square/EdgeGrassOnSoilPainted/Mask-09.asset using Guid(a8a7730f3a6dd484198f1b19fed8a24f) (NativeFormatImporter) -> (artifact id: '5597baddb442bf8a928e37d39723d50b') in 0.0012838 seconds
Start importing Assets/LayeredTerrain/GrassSoil/Square/EdgeGrassOnSoilPainted/Mask-07.asset using Guid(f8b2f90201834fa478634d3f30f6af16) (NativeFormatImporter) -> (artifact id: 'a306cb5e617a8648a67a81dc94516e9e') in 0.0012084 seconds
Start importing Assets/LayeredTerrain/GrassSoil/Square/EdgeGrassOnSoilPainted/Mask-06.asset using Guid(19882d23e028ac94e8abd02f91624ba8) (NativeFormatImporter) -> (artifact id: '54900e8224e5828f7c6a4f69fec6db72') in 0.0012469 seconds
Start importing Assets/LayeredTerrain/GrassSoil/Square/EdgeGrassOnSoilPainted/Mask-01.asset using Guid(b94d4b2cd03a1b04b83a81974d966227) (NativeFormatImporter) -> (artifact id: '7caf427609fab688c51f9caa2ce6a79f') in 0.0012319 seconds
Start importing Assets/LayeredTerrain/GrassSoil/Square/EdgeGrassOnSoilPainted/Mask-03.asset using Guid(1a4a3cc4af69bbc4aaabde52016c4f95) (NativeFormatImporter) -> (artifact id: 'af45f85c0f45a239757e36be7c184f6c') in 0.0012123 seconds
Start importing Assets/LayeredTerrain/GrassSoil/Square/EdgeGrassOnSoilPainted/Mask-05.asset using Guid(bacdc75efb95eda42aa6803845d196c4) (NativeFormatImporter) -> (artifact id: '6d469253745d86e884993bfadfef01d0') in 0.0012343 seconds
Start importing Assets/LayeredTerrain/GrassSoil/Square/EdgeGrassOnSoilPainted/GrassOnSoilSquarePaintedTileSet.asset using Guid(1b984e39e61f8734d8c54b032e84c3a3) (NativeFormatImporter) -> (artifact id: '612bda68ec02f7c1be620eb4ba627873') in 0.0013059 seconds
Start importing Assets/LayeredTerrain/GrassSoil/Square/EdgeGrassOnSoilPainted/Mask-02.asset using Guid(8d6a7e51f29762f4796204a57546e522) (NativeFormatImporter) -> (artifact id: '504e9a251c8e415c78cba5f93910b005') in 0.0012277 seconds
Refreshing native plugins compatible for Editor in 0.17 ms, found 0 plugins.
Preloading 0 native plugins for Editor in 0.00 ms.
Asset Pipeline Refresh (id=624d930dc1927844fbea5925d8406260): Total: 0.038 seconds - Initiated by StopAssetImportingV2(NoUpdateAssetOptions)
Accepted ribbon lip profile packaged as a top-down grass feather with base-grass RGB, guide-owned topology and no soil wall or outline.
UnityEngine.Debug:ExtractStackTraceNoAlloc (byte*,int,string)
UnityEngine.StackTraceUtility:ExtractStackTrace ()
UnityEngine.DebugLogHandler:Internal_Log (UnityEngine.LogType,UnityEngine.LogOption,string,UnityEngine.Object)
UnityEngine.DebugLogHandler:LogFormat (UnityEngine.LogType,UnityEngine.Object,string,object[])
UnityEngine.Logger:Log (UnityEngine.LogType,object)
UnityEngine.Debug:Log (object)
FruitDefense.Editor.SquareTerrainArtGenerator:PackageAcceptedGrassOnSoilCandidate () (at Assets/Editor/Tools/SquareTerrainArtGenerator.cs:126)
FruitDefense.Editor.SquareTerrainArtGenerator:GenerateAvailableSquareAssets () (at Assets/Editor/Tools/SquareTerrainArtGenerator.cs:138)
FruitDefense.Editor.SquareTerrainArtSmoke:Run () (at Assets/Editor/Tests/SquareTerrainArtSmoke.cs:18)
FruitDefense.Editor.ProjectSetup:SmokeValidate () (at Assets/Editor/Tools/ProjectSetup.cs:236)
FruitDefense.Editor.P0ValidationSuite:Run () (at Assets/Editor/Tests/P0ValidationSuite.cs:18)

(Filename: Assets/Editor/Tools/SquareTerrainArtGenerator.cs Line: 126)

Square, organic, coexistence and real Battle-scale boards rendered to Builds/Evidence/terrain-contours.
UnityEngine.Debug:ExtractStackTraceNoAlloc (byte*,int,string)
UnityEngine.StackTraceUtility:ExtractStackTrace ()
UnityEngine.DebugLogHandler:Internal_Log (UnityEngine.LogType,UnityEngine.LogOption,string,UnityEngine.Object)
UnityEngine.DebugLogHandler:LogFormat (UnityEngine.LogType,UnityEngine.Object,string,object[])
UnityEngine.Logger:Log (UnityEngine.LogType,object)
UnityEngine.Debug:Log (object)
FruitDefense.Editor.SquareTerrainEvidence:RenderReviewEvidence () (at Assets/Editor/Tests/SquareTerrainEvidence.cs:52)
FruitDefense.Editor.SquareTerrainArtSmoke:Run () (at Assets/Editor/Tests/SquareTerrainArtSmoke.cs:20)
FruitDefense.Editor.ProjectSetup:SmokeValidate () (at Assets/Editor/Tools/ProjectSetup.cs:236)
FruitDefense.Editor.P0ValidationSuite:Run () (at Assets/Editor/Tests/P0ValidationSuite.cs:18)

(Filename: Assets/Editor/Tests/SquareTerrainEvidence.cs Line: 52)

Square terrain art smoke passed: Builds/Evidence/terrain-contours/square-contour-smoke.log
UnityEngine.Debug:ExtractStackTraceNoAlloc (byte*,int,string)
UnityEngine.StackTraceUtility:ExtractStackTrace ()
UnityEngine.DebugLogHandler:Internal_Log (UnityEngine.LogType,UnityEngine.LogOption,string,UnityEngine.Object)
UnityEngine.DebugLogHandler:LogFormat (UnityEngine.LogType,UnityEngine.Object,string,object[])
UnityEngine.Logger:Log (UnityEngine.LogType,object)
UnityEngine.Debug:Log (object)
FruitDefense.Editor.SquareTerrainArtSmoke:Run () (at Assets/Editor/Tests/SquareTerrainArtSmoke.cs:86)
FruitDefense.Editor.ProjectSetup:SmokeValidate () (at Assets/Editor/Tools/ProjectSetup.cs:236)
FruitDefense.Editor.P0ValidationSuite:Run () (at Assets/Editor/Tests/P0ValidationSuite.cs:18)

(Filename: Assets/Editor/Tests/SquareTerrainArtSmoke.cs Line: 86)

FRUIT_DEFENSE_LAYERED_MAP_OK fixtures=3
UnityEngine.Debug:ExtractStackTraceNoAlloc (byte*,int,string)
UnityEngine.StackTraceUtility:ExtractStackTrace ()
UnityEngine.DebugLogHandler:Internal_Log (UnityEngine.LogType,UnityEngine.LogOption,string,UnityEngine.Object)
UnityEngine.DebugLogHandler:LogFormat (UnityEngine.LogType,UnityEngine.Object,string,object[])
UnityEngine.Logger:Log (UnityEngine.LogType,object)
UnityEngine.Debug:Log (object)
FruitDefense.Editor.BattlefieldLayeredMapSmoke:Validate () (at Assets/Editor/Tests/BattlefieldLayeredMapSmoke.cs:56)
FruitDefense.Editor.ProjectSetup:SmokeValidate () (at Assets/Editor/Tools/ProjectSetup.cs:242)
FruitDefense.Editor.P0ValidationSuite:Run () (at Assets/Editor/Tests/P0ValidationSuite.cs:18)

(Filename: Assets/Editor/Tests/BattlefieldLayeredMapSmoke.cs Line: 56)

Start importing Assets/Editor/Tests/Fixtures/CanonicalBattlefieldMap/RoundTripSmoke.asset using Guid(fd1864aeb5536f24da3ce7a771137ea3) (NativeFormatImporter) -> (artifact id: 'e0e796c1ecd7372cb460079f430a69b1') in 0.0015889 seconds
Refreshing native plugins compatible for Editor in 0.16 ms, found 0 plugins.
Preloading 0 native plugins for Editor in 0.00 ms.
Asset Pipeline Refresh (id=6414e1d6ae9c2bb45ae3496ad03ea89e): Total: 0.010 seconds - Initiated by StopAssetImportingV2(NoUpdateAssetOptions)
Start importing Assets/Editor/Tests/Fixtures/CanonicalBattlefieldMap/RoundTripSmoke.asset using Guid(fd1864aeb5536f24da3ce7a771137ea3) (NativeFormatImporter) -> (artifact id: 'e0e796c1ecd7372cb460079f430a69b1') in 0.001416 seconds
Refreshing native plugins compatible for Editor in 0.16 ms, found 0 plugins.
Preloading 0 native plugins for Editor in 0.00 ms.
Asset Pipeline Refresh (id=31ab61c0dd143334d8c7e8365046ccea): Total: 0.010 seconds - Initiated by StopAssetImportingV2(NoUpdateAssetOptions)
CANONICAL_BATTLEFIELD_MAP_AUTHORING_SMOKE_OK
UnityEngine.Debug:ExtractStackTraceNoAlloc (byte*,int,string)
UnityEngine.StackTraceUtility:ExtractStackTrace ()
UnityEngine.DebugLogHandler:Internal_Log (UnityEngine.LogType,UnityEngine.LogOption,string,UnityEngine.Object)
UnityEngine.DebugLogHandler:LogFormat (UnityEngine.LogType,UnityEngine.Object,string,object[])
UnityEngine.Logger:Log (UnityEngine.LogType,object)
UnityEngine.Debug:Log (object)
FruitDefense.Editor.CanonicalBattlefieldMapAuthoringSmoke:Validate () (at Assets/Editor/Tests/CanonicalBattlefieldMapAuthoringSmoke.cs:26)
FruitDefense.Editor.ProjectSetup:SmokeValidate () (at Assets/Editor/Tools/ProjectSetup.cs:243)
FruitDefense.Editor.P0ValidationSuite:Run () (at Assets/Editor/Tests/P0ValidationSuite.cs:18)

(Filename: Assets/Editor/Tests/CanonicalBattlefieldMapAuthoringSmoke.cs Line: 26)

Start importing Assets/Editor/Tests/Fixtures/CanonicalBattlefieldMap/EditorOperationsSmoke.asset using Guid(b96a6df669e584148be8256f6384ecee) (NativeFormatImporter) -> (artifact id: 'faaf6af78a9fbd5da4ba0265965427d8') in 0.0013961 seconds
Refreshing native plugins compatible for Editor in 0.14 ms, found 0 plugins.
Preloading 0 native plugins for Editor in 0.00 ms.
Asset Pipeline Refresh (id=6cf8d9d33958a00489b3de34b7e9f346): Total: 0.010 seconds - Initiated by StopAssetImportingV2(NoUpdateAssetOptions)
Start importing Assets/Editor/Tests/Fixtures/CanonicalBattlefieldMap/EditorOperationsSmoke.asset using Guid(b96a6df669e584148be8256f6384ecee) (NativeFormatImporter) -> (artifact id: 'faaf6af78a9fbd5da4ba0265965427d8') in 0.0013759 seconds
Refreshing native plugins compatible for Editor in 0.13 ms, found 0 plugins.
Preloading 0 native plugins for Editor in 0.00 ms.
Asset Pipeline Refresh (id=6b3358bb6eb091a4b9ffed2c165fdbf2): Total: 0.009 seconds - Initiated by StopAssetImportingV2(NoUpdateAssetOptions)
Start importing Assets/Editor/Tests/Fixtures/CanonicalBattlefieldMap/EditorOperationsSmoke.asset using Guid(b96a6df669e584148be8256f6384ecee) (NativeFormatImporter) -> (artifact id: 'faaf6af78a9fbd5da4ba0265965427d8') in 0.0014374 seconds
Refreshing native plugins compatible for Editor in 0.14 ms, found 0 plugins.
Preloading 0 native plugins for Editor in 0.00 ms.
Asset Pipeline Refresh (id=6892821712984da42b53952d0cf2261b): Total: 0.010 seconds - Initiated by StopAssetImportingV2(NoUpdateAssetOptions)
Start importing Assets/Editor/Tests/Fixtures/CanonicalBattlefieldMap/EditorOperationsSmoke.asset using Guid(b96a6df669e584148be8256f6384ecee) (NativeFormatImporter) -> (artifact id: 'faaf6af78a9fbd5da4ba0265965427d8') in 0.0013072 seconds
Refreshing native plugins compatible for Editor in 0.14 ms, found 0 plugins.
Preloading 0 native plugins for Editor in 0.00 ms.
Asset Pipeline Refresh (id=87754391bd62ffc48ae0064329cbd858): Total: 0.009 seconds - Initiated by StopAssetImportingV2(NoUpdateAssetOptions)
Start importing Assets/Editor/Tests/Fixtures/CanonicalBattlefieldMap/EditorOperationsSmoke.asset using Guid(b96a6df669e584148be8256f6384ecee) (NativeFormatImporter) -> (artifact id: 'faaf6af78a9fbd5da4ba0265965427d8') in 0.0013846 seconds
Refreshing native plugins compatible for Editor in 0.13 ms, found 0 plugins.
Preloading 0 native plugins for Editor in 0.00 ms.
Asset Pipeline Refresh (id=e7a6a342cf99c924daa3777977f650fa): Total: 0.009 seconds - Initiated by StopAssetImportingV2(NoUpdateAssetOptions)
Start importing Assets/Editor/Tests/Fixtures/CanonicalBattlefieldMap/EditorOperationsSmoke.asset using Guid(b96a6df669e584148be8256f6384ecee) (NativeFormatImporter) -> (artifact id: 'b85afa424b8192abcf5b881ef91433ec') in 0.0013683 seconds
Refreshing native plugins compatible for Editor in 0.13 ms, found 0 plugins.
Preloading 0 native plugins for Editor in 0.00 ms.
Asset Pipeline Refresh (id=b8e544bff019c274f9d3ce9563a36023): Total: 0.009 seconds - Initiated by StopAssetImportingV2(NoUpdateAssetOptions)
Asset Pipeline Refresh (id=cbbc797fa2dddec41b2970fcafb71ea3): Total: 0.009 seconds - Initiated by RefreshV2(NoUpdateAssetOptions)
Asset Pipeline Refresh (id=551a95f5855c87643b279525886db7de): Total: 0.032 seconds - Initiated by RefreshV2(NoUpdateAssetOptions)
Square contour topology guide generated: Assets/LayeredTerrain/GrassSoil/Square/Topology/SquareContourTopologyGuide.png
UnityEngine.Debug:ExtractStackTraceNoAlloc (byte*,int,string)
UnityEngine.StackTraceUtility:ExtractStackTrace ()
UnityEngine.DebugLogHandler:Internal_Log (UnityEngine.LogType,UnityEngine.LogOption,string,UnityEngine.Object)
UnityEngine.DebugLogHandler:LogFormat (UnityEngine.LogType,UnityEngine.Object,string,object[])
UnityEngine.Logger:Log (UnityEngine.LogType,object)
UnityEngine.Debug:Log (object)
FruitDefense.Editor.SquareTerrainArtGenerator:GenerateTopologyGuide () (at Assets/Editor/Tools/SquareTerrainArtGenerator.cs:42)
FruitDefense.Editor.SquareTerrainArtGenerator:GenerateAvailableSquareAssets () (at Assets/Editor/Tools/SquareTerrainArtGenerator.cs:133)
FruitDefense.Editor.LayeredTerrainArtSetup:EnsurePaletteAssets () (at Assets/Editor/Tools/LayeredTerrainArtSetup.cs:62)
FruitDefense.Editor.CanonicalBattlefieldMapEditorSmoke:LoadCurrentReleasePalette () (at Assets/Editor/Tests/CanonicalBattlefieldMapEditorSmoke.cs:77)
FruitDefense.Editor.CanonicalBattlefieldMapEditorSmoke:ValidateContourPopupAvailability () (at Assets/Editor/Tests/CanonicalBattlefieldMapEditorSmoke.cs:31)
FruitDefense.Editor.CanonicalBattlefieldMapEditorSmoke:Validate () (at Assets/Editor/Tests/CanonicalBattlefieldMapEditorSmoke.cs:24)
FruitDefense.Editor.ProjectSetup:SmokeValidate () (at Assets/Editor/Tools/ProjectSetup.cs:244)
FruitDefense.Editor.P0ValidationSuite:Run () (at Assets/Editor/Tests/P0ValidationSuite.cs:18)

(Filename: Assets/Editor/Tools/SquareTerrainArtGenerator.cs Line: 42)

Asset Pipeline Refresh (id=b501c50789ec4ac4a888a4f2413fa396): Total: 0.034 seconds - Initiated by RefreshV2(NoUpdateAssetOptions)
Asset Pipeline Refresh (id=95ff698cbe7fa884285a773e2d7ac31e): Total: 0.039 seconds - Initiated by RefreshV2(NoUpdateAssetOptions)
Asset Pipeline Refresh (id=67285cad3938a10428893efc87c2bdb2): Total: 0.030 seconds - Initiated by RefreshV2(NoUpdateAssetOptions)
Start importing Assets/LayeredTerrain/GrassSoil/Square/LandformStoneRoad/Mask-07.asset using Guid(b02fd980a2abc6b41974d859a777fb1d) (NativeFormatImporter) -> (artifact id: '09027e8d963d8fd928277d96f7735e27') in 0.001651 seconds
Start importing Assets/LayeredTerrain/GrassSoil/Square/LandformGrass/Mask-05.asset using Guid(d04330ef8020b8a41b9e4589cb202101) (NativeFormatImporter) -> (artifact id: '4e5972f1b6c2ded32e8e48532b67135b') in 0.0012947 seconds
Start importing Assets/LayeredTerrain/GrassSoil/Square/LandformGrass/Mask-12.asset using Guid(d00b41817e9bc0741ad148ea3e94519a) (NativeFormatImporter) -> (artifact id: '9d0a3a48e4156b96b3c76ca702bf7bff') in 0.0012639 seconds
Start importing Assets/LayeredTerrain/GrassSoil/Square/LandformStoneRoad/Mask-13.asset using Guid(116a8c3b6ac195a4ebb8e3c7a9989ddc) (NativeFormatImporter) -> (artifact id: '871e193410b26687800828802aef7920') in 0.0013013 seconds
Start importing Assets/LayeredTerrain/GrassSoil/Square/LandformGrass/Mask-02.asset using Guid(315648227c153724090125e98f4cba15) (NativeFormatImporter) -> (artifact id: 'd08b86b0e86b5ac26e9107766d5008d1') in 0.0013144 seconds
Start importing Assets/LayeredTerrain/GrassSoil/Square/LandformStoneRoad/Mask-11.asset using Guid(519050a0a5a9f5847b095ee0b83437a0) (NativeFormatImporter) -> (artifact id: 'ae100c2ae270a66d81134616e885003c') in 0.001418 seconds
Start importing Assets/LayeredTerrain/GrassSoil/Square/LandformGrass/Mask-14.asset using Guid(81815b76ad7c06c47bf1bc7b65624ffd) (NativeFormatImporter) -> (artifact id: 'e00c4c5ecbd51682bc3c65bf8d862a23') in 0.0012697 seconds
Start importing Assets/LayeredTerrain/GrassSoil/Square/LandformSoil/Mask-03.asset using Guid(b1c5384b4651e4a4a82d483cc64aae79) (NativeFormatImporter) -> (artifact id: '45c12fb41048b850cd7cb0f3e535436a') in 0.0012394 seconds
Start importing Assets/LayeredTerrain/GrassSoil/Square/LandformGrass/Mask-15.asset using Guid(027119ab30d86a546a5d935d6e9ec608) (NativeFormatImporter) -> (artifact id: '7e821f282e19a2a4d5825e548df9693a') in 0.0012598 seconds
Start importing Assets/LayeredTerrain/GrassSoil/Square/LandformGrass/Mask-00.asset using Guid(13f70a46e499e0146bffd256e7c14483) (NativeFormatImporter) -> (artifact id: '2a9713a59b72231d0d554c49e274b85a') in 0.0012212 seconds
Start importing Assets/LayeredTerrain/GrassSoil/Square/LandformSoil/Mask-00.asset using Guid(8303f71f8469fd7459473d47391ab0b3) (NativeFormatImporter) -> (artifact id: '1442dfc314550b70b27dde3dada60cc7') in 0.0012035 seconds
Start importing Assets/LayeredTerrain/GrassSoil/Square/LandformSoil/Mask-01.asset using Guid(d33072ada9e1bb749adcc5938680d51a) (NativeFormatImporter) -> (artifact id: '7a8f58bad24b64f744799cb0b0b9228f') in 0.0011951 seconds
Start importing Assets/LayeredTerrain/GrassSoil/Square/LandformStoneRoad/Mask-09.asset using Guid(d30b19c2c64338a4fa9211b305cf65b1) (NativeFormatImporter) -> (artifact id: '59211e6be04f7e5724ec1a1b38221d71') in 0.0012181 seconds
Start importing Assets/LayeredTerrain/GrassSoil/Square/LandformSoil/Mask-13.asset using Guid(548b829df136ae948902efdc96ee70bb) (NativeFormatImporter) -> (artifact id: 'd770f2a72e8453a69c8ff146ee623ca5') in 0.0012243 seconds
Start importing Assets/LayeredTerrain/GrassSoil/Square/LandformStoneRoad/Mask-00.asset using Guid(74d1d4b679c3aec43af1bd30b6c4aea1) (NativeFormatImporter) -> (artifact id: '4c60ffb732228db343f89511449fce3b') in 0.0011988 seconds
Start importing Assets/LayeredTerrain/GrassSoil/Square/LandformGrass/Mask-01.asset using Guid(35cbc7e6bd8f2f84d9c7965779c9b2eb) (NativeFormatImporter) -> (artifact id: '7cd6fe12f157cd0a0b2a210183323c21') in 0.0012517 seconds
Start importing Assets/LayeredTerrain/GrassSoil/Square/LandformGrass/Mask-10.asset using Guid(5728d44dd2630ff40849746ce5d849d7) (NativeFormatImporter) -> (artifact id: '57d0e56c944d10ea9c02adfa74800a28') in 0.0012232 seconds
Start importing Assets/LayeredTerrain/GrassSoil/Square/LandformSoil/Mask-09.asset using Guid(67347eef4df492941b15d16b687e2cb7) (NativeFormatImporter) -> (artifact id: '0b3fee03fb07b35a5fbe9374ec056b4b') in 0.0012042 seconds
Start importing Assets/LayeredTerrain/GrassSoil/Square/LandformGrass/Mask-04.asset using Guid(87737865bdb87ec43864ad3d997d7626) (NativeFormatImporter) -> (artifact id: '83b9f8cc1d095defdc009bd1839b690f') in 0.0011941 seconds
Start importing Assets/LayeredTerrain/GrassSoil/Square/LandformSoil/Mask-02.asset using Guid(87e33da937f65d34fb027eebfd8c1343) (NativeFormatImporter) -> (artifact id: '031756e6cc2b3a5ef2ddcaf8740ee21f') in 0.0012866 seconds
Start importing Assets/LayeredTerrain/GrassSoil/Square/LandformGrass/Mask-08.asset using Guid(b781c12832a4cd84392ab7d35a405505) (NativeFormatImporter) -> (artifact id: 'c734ab3f59a9e28ca19de35691f15a63') in 0.0012287 seconds
Start importing Assets/LayeredTerrain/GrassSoil/Square/LandformStoneRoad/Mask-04.asset using Guid(f70ec30b59552144a97e4da8fea5520c) (NativeFormatImporter) -> (artifact id: '67ab708a109917ddbe110252083911c2') in 0.0012336 seconds
Start importing Assets/LayeredTerrain/GrassSoil/Square/LandformStoneRoad/Mask-05.asset using Guid(08c7afe6a1108a84b9f8ac99c7fa610e) (NativeFormatImporter) -> (artifact id: 'a8026e8f0c10f4b634f0c477d7f79ba5') in 0.0012217 seconds
Start importing Assets/LayeredTerrain/GrassSoil/Square/LandformStoneRoad/Mask-14.asset using Guid(39202684bd500f14184c5131ac46a6dd) (NativeFormatImporter) -> (artifact id: 'b43c0e8abc2951d26427ba0ee51e7ebb') in 0.0012214 seconds
Start importing Assets/LayeredTerrain/GrassSoil/Square/LandformSoil/SoilSquareLandformTileSet.asset using Guid(897d878e9497c6e4d935ea42058d6001) (NativeFormatImporter) -> (artifact id: '17e85a477bcdc5aaf3c7a2ca1f1f5d8e') in 0.0012318 seconds
Start importing Assets/Editor/Tests/Fixtures/CanonicalBattlefieldMap/EditorOperationsSmoke.asset using Guid(b96a6df669e584148be8256f6384ecee) (NativeFormatImporter) -> (artifact id: '1316e254e4e7cbf1b7064f6df82b50c6') in 0.0012304 seconds
Start importing Assets/LayeredTerrain/GrassSoil/Square/LandformStoneRoad/StoneRoadSquareLandformTileSet.asset using Guid(0a6730ef0e26d5b49b9ae3129ee21909) (NativeFormatImporter) -> (artifact id: '48456893df0f467254b3256235820444') in 0.0013632 seconds
Start importing Assets/LayeredTerrain/GrassSoil/Square/LandformStoneRoad/Mask-10.asset using Guid(caa578d738fb0414e820ab1e3541b03f) (NativeFormatImporter) -> (artifact id: 'be4dcdbbc4fe728152242b70b5e9bb78') in 0.0012616 seconds
Start importing Assets/LayeredTerrain/GrassSoil/Square/LandformSoil/Mask-07.asset using Guid(2ce20b5da48d1ae43956c41d22ecd92e) (NativeFormatImporter) -> (artifact id: '7c41af1778c9689fc8cf1f4e4fcccd2c') in 0.0012104 seconds
Start importing Assets/LayeredTerrain/GrassSoil/Square/LandformSoil/Mask-11.asset using Guid(2c6bd62321830da498ea7724ae626857) (NativeFormatImporter) -> (artifact id: 'b1033fab3dddb68d369a244413a84ab3') in 0.0012242 seconds
Start importing Assets/LayeredTerrain/GrassSoil/Square/LandformStoneRoad/Mask-15.asset using Guid(5cbc1f25709453b4a90de7054d0ce9b7) (NativeFormatImporter) -> (artifact id: 'ca75aea14a03badd729ba37b57fc7710') in 0.0011695 seconds
Start importing Assets/LayeredTerrain/GrassSoil/Square/LandformGrass/Mask-09.asset using Guid(8c5fb632240287d48a17621f58d3a651) (NativeFormatImporter) -> (artifact id: '77c6cf5113d6c96189dbf6818d84fd5f') in 0.0011954 seconds
Start importing Assets/LayeredTerrain/GrassSoil/Square/LandformSoil/Mask-12.asset using Guid(bc85f424c35a6c845b2186949136a828) (NativeFormatImporter) -> (artifact id: '08c355397adee775c3834a7a7a0bf465') in 0.0011817 seconds
Start importing Assets/LayeredTerrain/GrassSoil/Square/LandformSoil/Mask-10.asset using Guid(0dfe2c0efe3330c4d9570f0061d459b9) (NativeFormatImporter) -> (artifact id: '88decb540b9e036a0400c2d34dbc707c') in 0.0011834 seconds
Start importing Assets/LayeredTerrain/GrassSoil/Square/LandformGrass/Mask-03.asset using Guid(1db706b3e9547554e9081663c6442ba0) (NativeFormatImporter) -> (artifact id: 'fdfbe87044d88284093ccc42787947e0') in 0.0011945 seconds
Start importing Assets/LayeredTerrain/GrassSoil/Square/LandformStoneRoad/Mask-02.asset using Guid(1d9b71389b4697e4586703b25f185da7) (NativeFormatImporter) -> (artifact id: 'dbb50fa57ab28462356bbd1a8ebab835') in 0.0011763 seconds
Start importing Assets/LayeredTerrain/GrassSoil/Square/LandformSoil/Mask-05.asset using Guid(2de42da45e48f974e9a74a6970e6e643) (NativeFormatImporter) -> (artifact id: '6e739e360d22b33fd378e6acefe9d800') in 0.0011707 seconds
Start importing Assets/LayeredTerrain/GrassSoil/Square/LandformGrass/Mask-11.asset using Guid(5d253dc28016ae64db4653758ac0af88) (NativeFormatImporter) -> (artifact id: '4dbb166b77c04b10385ee89749d834d3') in 0.0013501 seconds
Start importing Assets/LayeredTerrain/GrassSoil/Square/LandformSoil/Mask-04.asset using Guid(5d4806f722710eb40b1cf937cc6498b6) (NativeFormatImporter) -> (artifact id: 'a825e4a02be2364dca6cd5d251c2a1af') in 0.001253 seconds
Start importing Assets/LayeredTerrain/GrassSoil/Square/LandformStoneRoad/Mask-01.asset using Guid(add98a42caf91414387900c1b29b92c6) (NativeFormatImporter) -> (artifact id: 'a1a43dffdd1f7cdd6311169ade464c57') in 0.0012689 seconds
Start importing Assets/LayeredTerrain/GrassSoil/Square/LandformGrass/Mask-06.asset using Guid(cd0f4d7279da9f84caa8c319e7ab29f9) (NativeFormatImporter) -> (artifact id: '52937737c65259daea7bed84aa0a8a04') in 0.0012136 seconds
Start importing Assets/LayeredTerrain/GrassSoil/Square/LandformGrass/Mask-07.asset using Guid(4e65cf042fab2c1448282809779edb8a) (NativeFormatImporter) -> (artifact id: '8cc68977b954eb6d618706e748b65e8b') in 0.0012077 seconds
Start importing Assets/LayeredTerrain/GrassSoil/Square/LandformGrass/Mask-13.asset using Guid(7e2014d33d57f294f97dea5ed30b730c) (NativeFormatImporter) -> (artifact id: '93ec9328dc52bc61493ece4ef09f812b') in 0.0012476 seconds
Start importing Assets/LayeredTerrain/GrassSoil/Square/LandformSoil/Mask-14.asset using Guid(ae949dd8d7965fa41b1d3481d8bf8e30) (NativeFormatImporter) -> (artifact id: '13d3e8fadf25938fb6084c9eacdc285d') in 0.0012261 seconds
Start importing Assets/LayeredTerrain/GrassSoil/Square/LandformStoneRoad/Mask-08.asset using Guid(aecab5b9f537b5349adcff0900809717) (NativeFormatImporter) -> (artifact id: '6723e7d6eab214144e2a993643460ee5') in 0.0012649 seconds
Start importing Assets/LayeredTerrain/GrassSoil/Square/LandformSoil/Mask-15.asset using Guid(ce833c44287e15a44945e738038eb1c3) (NativeFormatImporter) -> (artifact id: '7c1ac2f82e318d432012af6c6509f07a') in 0.0012955 seconds
Start importing Assets/LayeredTerrain/GrassSoil/Square/LandformSoil/Mask-08.asset using Guid(ee6f4f16a4085914dbcb15919c60654c) (NativeFormatImporter) -> (artifact id: '2a403aad88716c1a9d6ee321599dc86f') in 0.0012245 seconds
Start importing Assets/LayeredTerrain/GrassSoil/Square/LandformStoneRoad/Mask-12.asset using Guid(2f49f6b2d05a8804097e79c69e515dc3) (NativeFormatImporter) -> (artifact id: '3512849ba8746b3929337e37047f52c2') in 0.0012887 seconds
Start importing Assets/LayeredTerrain/GrassSoil/Square/LandformSoil/Mask-06.asset using Guid(3ff6ff5cd14cc7441a6a84cdde5ff745) (NativeFormatImporter) -> (artifact id: 'c47a955bf9dc32d5bb761f8069ffd421') in 0.0012111 seconds
Start importing Assets/LayeredTerrain/GrassSoil/Square/LandformStoneRoad/Mask-06.asset using Guid(df46002ea561b404889b370e84a77f83) (NativeFormatImporter) -> (artifact id: 'c73fed30de3e790341265e9a3306482c') in 0.0011543 seconds
Start importing Assets/LayeredTerrain/GrassSoil/Square/LandformStoneRoad/Mask-03.asset using Guid(df1e863caf3bc5441a0d4c507b76c311) (NativeFormatImporter) -> (artifact id: 'a9a2fb8e8c6cb1c0cdbe880f9de699ac') in 0.001193 seconds
Start importing Assets/LayeredTerrain/GrassSoil/Square/LandformGrass/GrassSquareLandformTileSet.asset using Guid(ef399dc10411dd84ab6a276f72e506ea) (NativeFormatImporter) -> (artifact id: '3f3f806b6373e60abb62a5adaf65a9f7') in 0.001266 seconds
Refreshing native plugins compatible for Editor in 0.17 ms, found 0 plugins.
Preloading 0 native plugins for Editor in 0.00 ms.
Asset Pipeline Refresh (id=41fd7710e7bfab744bcdb9212aee0ae8): Total: 0.089 seconds - Initiated by StopAssetImportingV2(NoUpdateAssetOptions)
Native 256 px square grass, soil and stone-road landforms generated.
UnityEngine.Debug:ExtractStackTraceNoAlloc (byte*,int,string)
UnityEngine.StackTraceUtility:ExtractStackTrace ()
UnityEngine.DebugLogHandler:Internal_Log (UnityEngine.LogType,UnityEngine.LogOption,string,UnityEngine.Object)
UnityEngine.DebugLogHandler:LogFormat (UnityEngine.LogType,UnityEngine.Object,string,object[])
UnityEngine.Logger:Log (UnityEngine.LogType,object)
UnityEngine.Debug:Log (object)
FruitDefense.Editor.SquareTerrainArtGenerator:GenerateDeterministicLandforms () (at Assets/Editor/Tools/SquareTerrainArtGenerator.cs:87)
FruitDefense.Editor.SquareTerrainArtGenerator:GenerateAvailableSquareAssets () (at Assets/Editor/Tools/SquareTerrainArtGenerator.cs:134)
FruitDefense.Editor.LayeredTerrainArtSetup:EnsurePaletteAssets () (at Assets/Editor/Tools/LayeredTerrainArtSetup.cs:62)
FruitDefense.Editor.CanonicalBattlefieldMapEditorSmoke:LoadCurrentReleasePalette () (at Assets/Editor/Tests/CanonicalBattlefieldMapEditorSmoke.cs:77)
FruitDefense.Editor.CanonicalBattlefieldMapEditorSmoke:ValidateContourPopupAvailability () (at Assets/Editor/Tests/CanonicalBattlefieldMapEditorSmoke.cs:31)
FruitDefense.Editor.CanonicalBattlefieldMapEditorSmoke:Validate () (at Assets/Editor/Tests/CanonicalBattlefieldMapEditorSmoke.cs:24)
FruitDefense.Editor.ProjectSetup:SmokeValidate () (at Assets/Editor/Tools/ProjectSetup.cs:244)
FruitDefense.Editor.P0ValidationSuite:Run () (at Assets/Editor/Tests/P0ValidationSuite.cs:18)

(Filename: Assets/Editor/Tools/SquareTerrainArtGenerator.cs Line: 87)

Asset Pipeline Refresh (id=86ca4db21d4adc44181fcecdf997d222): Total: 0.040 seconds - Initiated by RefreshV2(NoUpdateAssetOptions)
Start importing Assets/LayeredTerrain/GrassSoil/Square/EdgeGrassOnSoilPainted/Mask-15.asset using Guid(a17969b175ec3354c8fe533c48257f94) (NativeFormatImporter) -> (artifact id: '99f211a0ff210a0c86467a3e625714fe') in 0.0016398 seconds
Start importing Assets/LayeredTerrain/GrassSoil/Square/EdgeGrassOnSoilPainted/Mask-04.asset using Guid(e2449efc0c1116648a5b9cbfe33d8e81) (NativeFormatImporter) -> (artifact id: '18145ed9e628d5f8340c44824db6c8be') in 0.0017798 seconds
Start importing Assets/LayeredTerrain/GrassSoil/Square/EdgeGrassOnSoilPainted/Mask-14.asset using Guid(4328f421ed4ea34439d6e4e50990e24a) (NativeFormatImporter) -> (artifact id: '6bbe4451c7dca2d4de869403308041cf') in 0.0015835 seconds
Start importing Assets/LayeredTerrain/GrassSoil/Square/EdgeGrassOnSoilPainted/Mask-11.asset using Guid(04aab987cd98a4440b66bb727667d8db) (NativeFormatImporter) -> (artifact id: 'eb6fb6ecd423e575e0946462aa243d66') in 0.0013416 seconds
Start importing Assets/LayeredTerrain/GrassSoil/Square/EdgeGrassOnSoilPainted/Mask-13.asset using Guid(75f61e4d96323eb4e906226b1dd8a16a) (NativeFormatImporter) -> (artifact id: '7952dc870547efbd422b012b46d2b17a') in 0.0013263 seconds
Start importing Assets/LayeredTerrain/GrassSoil/Square/EdgeGrassOnSoilPainted/Mask-08.asset using Guid(062a9acbc752b0342becc47471c8dad4) (NativeFormatImporter) -> (artifact id: 'ee86fce3dc4587f247fc6e398cfff9cd') in 0.0014338 seconds
Start importing Assets/LayeredTerrain/GrassSoil/Square/EdgeGrassOnSoilPainted/Mask-12.asset using Guid(17347530ba5655e4cb59ff249a976ea1) (NativeFormatImporter) -> (artifact id: '27e6bc4eabc1e74cb23636389ffd9263') in 0.0012245 seconds
Start importing Assets/LayeredTerrain/GrassSoil/Square/EdgeGrassOnSoilPainted/Mask-00.asset using Guid(676ca911d7a7bbf408a30856d7cc6990) (NativeFormatImporter) -> (artifact id: '557d3d98682769dd5e96ded56f4299cf') in 0.0012613 seconds
Start importing Assets/LayeredTerrain/GrassSoil/Square/EdgeGrassOnSoilPainted/Mask-10.asset using Guid(e75c1031ec799e0448fd29d3082006b4) (NativeFormatImporter) -> (artifact id: 'c8e41218e8984dd46c91b31d7703de4f') in 0.0012378 seconds
Start importing Assets/LayeredTerrain/GrassSoil/Square/EdgeGrassOnSoilPainted/Mask-09.asset using Guid(a8a7730f3a6dd484198f1b19fed8a24f) (NativeFormatImporter) -> (artifact id: '5597baddb442bf8a928e37d39723d50b') in 0.001223 seconds
Start importing Assets/LayeredTerrain/GrassSoil/Square/EdgeGrassOnSoilPainted/Mask-07.asset using Guid(f8b2f90201834fa478634d3f30f6af16) (NativeFormatImporter) -> (artifact id: 'a306cb5e617a8648a67a81dc94516e9e') in 0.0012048 seconds
Start importing Assets/LayeredTerrain/GrassSoil/Square/EdgeGrassOnSoilPainted/Mask-06.asset using Guid(19882d23e028ac94e8abd02f91624ba8) (NativeFormatImporter) -> (artifact id: '54900e8224e5828f7c6a4f69fec6db72') in 0.0013444 seconds
Start importing Assets/LayeredTerrain/GrassSoil/Square/EdgeGrassOnSoilPainted/Mask-01.asset using Guid(b94d4b2cd03a1b04b83a81974d966227) (NativeFormatImporter) -> (artifact id: '7caf427609fab688c51f9caa2ce6a79f') in 0.001247 seconds
Start importing Assets/LayeredTerrain/GrassSoil/Square/EdgeGrassOnSoilPainted/Mask-03.asset using Guid(1a4a3cc4af69bbc4aaabde52016c4f95) (NativeFormatImporter) -> (artifact id: 'af45f85c0f45a239757e36be7c184f6c') in 0.0012071 seconds
Start importing Assets/LayeredTerrain/GrassSoil/Square/EdgeGrassOnSoilPainted/Mask-05.asset using Guid(bacdc75efb95eda42aa6803845d196c4) (NativeFormatImporter) -> (artifact id: '6d469253745d86e884993bfadfef01d0') in 0.0012018 seconds
Start importing Assets/LayeredTerrain/GrassSoil/Square/EdgeGrassOnSoilPainted/GrassOnSoilSquarePaintedTileSet.asset using Guid(1b984e39e61f8734d8c54b032e84c3a3) (NativeFormatImporter) -> (artifact id: '612bda68ec02f7c1be620eb4ba627873') in 0.0012798 seconds
Start importing Assets/LayeredTerrain/GrassSoil/Square/EdgeGrassOnSoilPainted/Mask-02.asset using Guid(8d6a7e51f29762f4796204a57546e522) (NativeFormatImporter) -> (artifact id: '504e9a251c8e415c78cba5f93910b005') in 0.0011899 seconds
Refreshing native plugins compatible for Editor in 0.15 ms, found 0 plugins.
Preloading 0 native plugins for Editor in 0.00 ms.
Asset Pipeline Refresh (id=4af4aa413f8a61843b9cfb22fd32869e): Total: 0.037 seconds - Initiated by StopAssetImportingV2(NoUpdateAssetOptions)
Accepted ribbon lip profile packaged as a top-down grass feather with base-grass RGB, guide-owned topology and no soil wall or outline.
UnityEngine.Debug:ExtractStackTraceNoAlloc (byte*,int,string)
UnityEngine.StackTraceUtility:ExtractStackTrace ()
UnityEngine.DebugLogHandler:Internal_Log (UnityEngine.LogType,UnityEngine.LogOption,string,UnityEngine.Object)
UnityEngine.DebugLogHandler:LogFormat (UnityEngine.LogType,UnityEngine.Object,string,object[])
UnityEngine.Logger:Log (UnityEngine.LogType,object)
UnityEngine.Debug:Log (object)
FruitDefense.Editor.SquareTerrainArtGenerator:PackageAcceptedGrassOnSoilCandidate () (at Assets/Editor/Tools/SquareTerrainArtGenerator.cs:126)
FruitDefense.Editor.SquareTerrainArtGenerator:GenerateAvailableSquareAssets () (at Assets/Editor/Tools/SquareTerrainArtGenerator.cs:138)
FruitDefense.Editor.LayeredTerrainArtSetup:EnsurePaletteAssets () (at Assets/Editor/Tools/LayeredTerrainArtSetup.cs:62)
FruitDefense.Editor.CanonicalBattlefieldMapEditorSmoke:LoadCurrentReleasePalette () (at Assets/Editor/Tests/CanonicalBattlefieldMapEditorSmoke.cs:77)
FruitDefense.Editor.CanonicalBattlefieldMapEditorSmoke:ValidateContourPopupAvailability () (at Assets/Editor/Tests/CanonicalBattlefieldMapEditorSmoke.cs:31)
FruitDefense.Editor.CanonicalBattlefieldMapEditorSmoke:Validate () (at Assets/Editor/Tests/CanonicalBattlefieldMapEditorSmoke.cs:24)
FruitDefense.Editor.ProjectSetup:SmokeValidate () (at Assets/Editor/Tools/ProjectSetup.cs:244)
FruitDefense.Editor.P0ValidationSuite:Run () (at Assets/Editor/Tests/P0ValidationSuite.cs:18)

(Filename: Assets/Editor/Tools/SquareTerrainArtGenerator.cs Line: 126)

Start importing Assets/LayeredTerrain/GrassSoil/LandformSoil/Mask-07.asset using Guid(40244693c163e6541baff892b129cb00) (NativeFormatImporter) -> (artifact id: 'e65830c68ae7e03467001a0296ab0069') in 0.0016129 seconds
Start importing Assets/LayeredTerrain/GrassSoil/EdgeGrassOnSoilRefined/Mask-07.asset using Guid(418e9fec0ca97b64ab0f4c86dc0fd006) (NativeFormatImporter) -> (artifact id: 'cd9c2cf18fdd38f609098f7d0cc15714') in 0.0012429 seconds
Start importing Assets/LayeredTerrain/CompositeBrushes/OriginalGrassSoil/OriginalGrassSoilReverseLandformTileSet.asset using Guid(813c3f8ce1d51a24093ce2c5ed1547fa) (NativeFormatImporter) -> (artifact id: 'b5291246265ecb7af0dd8a3a19f371a0') in 0.0012845 seconds
Start importing Assets/LayeredTerrain/GrassSoil/Authoring/SoilBase.asset using Guid(a158e7b4dd9e7c448b398f9b22a9f9c2) (NativeFormatImporter) -> (artifact id: '1d93f5ffd6651520cc292a513066cccb') in 0.0012161 seconds
Start importing Assets/LayeredTerrain/GrassSoil/EdgeGrassOnSoilRefined/Mask-05.asset using Guid(f15a3346efbbefb40babba4ef8f6ffa7) (NativeFormatImporter) -> (artifact id: '0325b05872f53d4d8922d91b29b864f9') in 0.0012021 seconds
Start importing Assets/LayeredTerrain/GrassSoil/LandformSoil/Mask-04.asset using Guid(f1fab5de0afca5445ba4970fcd52bbbe) (NativeFormatImporter) -> (artifact id: '09085b923c9ce06113de808e0225d25b') in 0.001251 seconds
Start importing Assets/LayeredTerrain/GrassSoil/EdgeGrassOnSoilRefined/Mask-14.asset using Guid(1292b21714ab41b4197a410a29053ee2) (NativeFormatImporter) -> (artifact id: '113ba810aee874d1280699a85e7183b6') in 0.0012145 seconds
Start importing Assets/LayeredTerrain/GrassSoil/LandformGrass/Mask-08.asset using Guid(52e1998e35a61a047bd24dd910b6bb8c) (NativeFormatImporter) -> (artifact id: '675f77c88e6e0d975abaaae9f510d95d') in 0.0012015 seconds
Start importing Assets/LayeredTerrain/GrassSoil/EdgeGrassOnSoilRefined/Mask-15.asset using Guid(a2ee8cf7722d54542bb6934c3c7acca3) (NativeFormatImporter) -> (artifact id: '6edcf8d7d3f26ee03919cdd607084ab1') in 0.0014283 seconds
Start importing Assets/LayeredTerrain/GrassSoil/EdgeGrassOnSoilRefined/Mask-11.asset using Guid(c29b700cc6f883f4d8d20d2a190eee05) (NativeFormatImporter) -> (artifact id: 'f51c180f858faa73b198142b42927cfc') in 0.0012088 seconds
Start importing Assets/LayeredTerrain/GrassSoil/LandformGrass/Mask-07.asset using Guid(d285b7a144ce1134ba6f4b02b003db14) (NativeFormatImporter) -> (artifact id: '0038d19d51d9c42dea9465db3b105f39') in 0.0014087 seconds
Start importing Assets/LayeredTerrain/GrassSoil/LandformSoil/Mask-01.asset using Guid(030d3f064f313fe4aa4dd2ab0ae33f07) (NativeFormatImporter) -> (artifact id: '3fd5251983b6578fd68bf6bc3bb3b4e3') in 0.0012589 seconds
Start importing Assets/LayeredTerrain/GrassSoil/EdgeGrassOnSoilRefined/Mask-10.asset using Guid(c32eb2f88b196e04f96b1b2b04ea7efe) (NativeFormatImporter) -> (artifact id: '2d01cd9893dc47967ba87373e479eb7e') in 0.0012658 seconds
Start importing Assets/LayeredTerrain/GrassSoil/LandformSoil/Mask-13.asset using Guid(04bdecbe02f95ef46986c7056c2b7c3b) (NativeFormatImporter) -> (artifact id: '15f31c02a38b8c10ecc25938dd45d64e') in 0.0012353 seconds
Start importing Assets/LayeredTerrain/GrassSoil/EdgeGrassOnSoilRefined/Mask-00.asset using Guid(e4a3c845026f4254892939518018693f) (NativeFormatImporter) -> (artifact id: '3a031e969e7d12b8ad7d8420c2b35c82') in 0.0012986 seconds
Start importing Assets/LayeredTerrain/GrassSoil/LandformSoil/Mask-03.asset using Guid(15a3542839f831f41a0a24e5e9e2f22c) (NativeFormatImporter) -> (artifact id: '6e77d59b695c8200cb85f17fa75a4b54') in 0.0012081 seconds
Start importing Assets/LayeredTerrain/GrassSoil/LandformSoil/Mask-02.asset using Guid(f587922c248637745a6249f84c52611e) (NativeFormatImporter) -> (artifact id: '75844366cc32f023f1e40453bee8aa54') in 0.0011977 seconds
Start importing Assets/LayeredTerrain/GrassSoil/LandformGrass/Mask-09.asset using Guid(165dc20b52db7d14488b55217f6ac108) (NativeFormatImporter) -> (artifact id: '72e38899c33e0e3ced6ed6d0356b17dc') in 0.0012135 seconds
Start importing Assets/LayeredTerrain/GrassSoil/LandformSoil/Mask-11.asset using Guid(86718e5a68b1dcc47854d71bba5a1c17) (NativeFormatImporter) -> (artifact id: '04f57e67d298deb7839321669f6f5937') in 0.0011886 seconds
Start importing Assets/LayeredTerrain/GrassSoil/EdgeGrassOnSoilRefined/Mask-09.asset using Guid(86c349d56e9db3e4e849d6749cdfbfbe) (NativeFormatImporter) -> (artifact id: 'a3a3937713e26dae2d17075614e230de') in 0.0012093 seconds
Start importing Assets/LayeredTerrain/CompositeBrushes/GrassSoil/GrassSoilReverseLandformTileSet.asset using Guid(17ff6febab517824eb695d29e0459a1f) (NativeFormatImporter) -> (artifact id: '3aac16350dc78571bdc4c034dd153e34') in 0.0013233 seconds
Start importing Assets/LayeredTerrain/GrassSoil/LandformSoil/Mask-09.asset using Guid(478b7d64a48c32541abd22cde03a7210) (NativeFormatImporter) -> (artifact id: 'df61b4f661f9c0aded60f089bd901d4a') in 0.0012559 seconds
Start importing Assets/LayeredTerrain/GrassSoil/LandformSoil/Mask-05.asset using Guid(878e7bb9dfa805f47b4b88fef4623c4b) (NativeFormatImporter) -> (artifact id: '6433cd5ece3fc29e9694b9c40d1cce7b') in 0.0012921 seconds
Start importing Assets/LayeredTerrain/CompositeBrushes/StoneWater/StoneWaterReverseLandformTileSet.asset using Guid(97ffcbb8c3ab6264e80693ccaf0c43de) (NativeFormatImporter) -> (artifact id: '098d79a46ae44df4e4eabca0ead85233') in 0.0012795 seconds
Start importing Assets/LayeredTerrain/GrassSoil/LandformSoil/Mask-14.asset using Guid(a7806afe4f019d445bbf552f9eece05e) (NativeFormatImporter) -> (artifact id: 'e86c3f661d3698b3e540fda453881940') in 0.001179 seconds
Start importing Assets/LayeredTerrain/GrassSoil/EdgeGrassOnSoilRefined/Mask-13.asset using Guid(a7d1a82699efeae47a6ca0a5bb112ae7) (NativeFormatImporter) -> (artifact id: 'a78e3ab795bab51c2fb8875ea81a3142') in 0.0012361 seconds
Start importing Assets/LayeredTerrain/GrassSoil/EdgeGrassOnSoilRefined/GrassOnSoilRefinedTileSet.asset using Guid(b75665e5083dab441a2805aa7b5e1562) (NativeFormatImporter) -> (artifact id: '9a378045af94549dd04c416ddd049034') in 0.0012881 seconds
Start importing Assets/LayeredTerrain/GrassSoil/LandformGrass/Mask-14.asset using Guid(c7287b8c949516949b483b111ceb39a0) (NativeFormatImporter) -> (artifact id: '742a261e597b802d91fa4c4b50193514') in 0.0011938 seconds
Start importing Assets/LayeredTerrain/GrassSoil/LandformSoil/Mask-00.asset using Guid(88d5b3d83381240419fa7d0a9d6c2c63) (NativeFormatImporter) -> (artifact id: 'ec59939a8b52efe47b329a71ceccb6a9') in 0.0011791 seconds
Start importing Assets/LayeredTerrain/GrassSoil/LandformGrass/Mask-13.asset using Guid(e80621ea42744c243ac2ec385c32b338) (NativeFormatImporter) -> (artifact id: 'c073a20a8e0628f7baf4a55a699ae105') in 0.0011746 seconds
Start importing Assets/LayeredTerrain/GrassSoil/LandformGrass/Mask-00.asset using Guid(c92ffc9e81d587840892eb05cf844fbf) (NativeFormatImporter) -> (artifact id: '6de21ee1cddad2dc5dc822438a8f4094') in 0.0014277 seconds
Start importing Assets/LayeredTerrain/GrassSoil/LandformSoil/Mask-08.asset using Guid(d98e1448816e2f443a1e4e6b40e7cc25) (NativeFormatImporter) -> (artifact id: '8c84979613e06175002d882607152e4e') in 0.0012518 seconds
Start importing Assets/LayeredTerrain/GrassSoil/LandformSoil/Mask-15.asset using Guid(e95509ac4ec30484ab37daa221658805) (NativeFormatImporter) -> (artifact id: 'f96248f32c56c962dfe506862d5fb21b') in 0.0012041 seconds
Start importing Assets/LayeredTerrain/GrassSoil/EdgeGrassOnSoilRefined/Mask-06.asset using Guid(e9ac41d989ad93f4ca1a691487107c16) (NativeFormatImporter) -> (artifact id: 'e9daccbac2653977ee343c02f273f598') in 0.0012033 seconds
Start importing Assets/LayeredTerrain/GrassSoil/LandformSoil/Mask-10.asset using Guid(f95d6c7578efacd4cb1f12c63e1d8ff8) (NativeFormatImporter) -> (artifact id: '90d43f8749769d1781298dd6bba5d61f') in 0.0011758 seconds
Start importing Assets/LayeredTerrain/GrassSoil/LandformGrass/Mask-10.asset using Guid(0a64b675a1f765c409b8f9deea1eb208) (NativeFormatImporter) -> (artifact id: '09c03947b8c465db650824308fe637f1') in 0.0011714 seconds
Start importing Assets/LayeredTerrain/GrassSoil/EdgeGrassOnSoilRefined/Mask-12.asset using Guid(3a09b8d94e4515f4fa39c4292c8052a7) (NativeFormatImporter) -> (artifact id: 'af83cf963396621d9d3bad458f6ed2a9') in 0.0011907 seconds
Start importing Assets/LayeredTerrain/GrassSoil/LandformSoil/Mask-06.asset using Guid(4ab46eb735954bf45977209e4a936a01) (NativeFormatImporter) -> (artifact id: '8450f37df15f7709b95c5c346493f1fd') in 0.0011724 seconds
Start importing Assets/LayeredTerrain/GrassSoil/LandformGrass/Mask-15.asset using Guid(7a5208b63b1d6284285e932c3708e65d) (NativeFormatImporter) -> (artifact id: '67ddae65d0c7a750e13eb34b9baf8365') in 0.0012021 seconds
Start importing Assets/LayeredTerrain/GrassSoil/LandformGrass/Mask-05.asset using Guid(3b4a2864fb45c5b4fae56fc1f697bbdd) (NativeFormatImporter) -> (artifact id: 'cf3f476c92289c5b074cb8ea3198ce61') in 0.0012384 seconds
Start importing Assets/LayeredTerrain/GrassSoil/EdgeGrassOnSoilRefined/Mask-08.asset using Guid(9b3d0613b51d86146bf5ea0994b42ddd) (NativeFormatImporter) -> (artifact id: '4e302c1a03e18f66e6c41c139ec180d3') in 0.0012489 seconds
Start importing Assets/LayeredTerrain/GrassSoil/LandformGrass/Mask-11.asset using Guid(bb6bc251a6bbcf54480e7f80f2181f2a) (NativeFormatImporter) -> (artifact id: '857582d6d96bb87d66880447573db021') in 0.001433 seconds
Start importing Assets/LayeredTerrain/GrassSoil/LandformSoil/Mask-12.asset using Guid(3cfb4949c07b1bf43bc66661515525d7) (NativeFormatImporter) -> (artifact id: '3a6ea6ab140b5d680c9d80d68e71cee7') in 0.0013071 seconds
Start importing Assets/LayeredTerrain/GrassSoil/EdgeGrassOnSoilRefined/Mask-04.asset using Guid(6cca3f06a711ab34992417d66eeec087) (NativeFormatImporter) -> (artifact id: 'be2a2aeb01573b6be77d3a2b070fef25') in 0.0012516 seconds
Start importing Assets/LayeredTerrain/GrassSoil/Authoring/GrassBase.asset using Guid(3d71b1ea4e270714eb43b3b4541cda21) (NativeFormatImporter) -> (artifact id: '3f5ae16e96393bccc7f5f4d3650a3ce6') in 0.0012957 seconds
Start importing Assets/LayeredTerrain/GrassSoil/LandformGrass/Mask-06.asset using Guid(5d15d49b3c156ae479bd995b33107c67) (NativeFormatImporter) -> (artifact id: '05abb2ca9d5f1492af0ec896fb864d4e') in 0.0012826 seconds
Start importing Assets/LayeredTerrain/GrassSoil/LandformGrass/Mask-01.asset using Guid(7d609e3f17078a44f9a89e21b68ae180) (NativeFormatImporter) -> (artifact id: 'a1ebd9002be9baca60bb274969bc4dc2') in 0.0013333 seconds
Start importing Assets/LayeredTerrain/GrassSoil/LandformGrass/Mask-04.asset using Guid(ede22ab8e9b7bcc4da28aa41887e8614) (NativeFormatImporter) -> (artifact id: '42c1c0d805e7b323f147012ab0eb20fb') in 0.0012068 seconds
Start importing Assets/LayeredTerrain/GrassSoil/LandformSoil/SoilLandformTileSet.asset using Guid(3e1155418d0567f44af4b96697c9dd09) (NativeFormatImporter) -> (artifact id: 'df15b8c45196950bc4219bee97aafc82') in 0.0012157 seconds
Start importing Assets/LayeredTerrain/GrassSoil/EdgeGrassOnSoilRefined/Mask-02.asset using Guid(6ef5433501c908740932ed7d05777790) (NativeFormatImporter) -> (artifact id: '25936841c896ee6e32acaadabe2f5ad9') in 0.0012426 seconds
Start importing Assets/LayeredTerrain/GrassSoil/EdgeGrassOnSoilRefined/Mask-01.asset using Guid(8e0671f07975b7c43b734d81c5ff11bc) (NativeFormatImporter) -> (artifact id: 'c6f3c5aa165967eeb465f4156418931b') in 0.0014555 seconds
Start importing Assets/LayeredTerrain/GrassSoil/EdgeGrassOnSoilRefined/Mask-03.asset using Guid(de5135a77f40df84b9a7170011242e63) (NativeFormatImporter) -> (artifact id: 'c4b8007304dbcd55f4ed04fb4957f5a6') in 0.0012272 seconds
Start importing Assets/LayeredTerrain/GrassSoil/LandformGrass/GrassLandformTileSet.asset using Guid(2fc47b69529dfb541a089c835adb5ce8) (NativeFormatImporter) -> (artifact id: '7d9b947ceee84338616124256f8ad829') in 0.00143 seconds
Start importing Assets/LayeredTerrain/GrassSoil/LandformGrass/Mask-12.asset using Guid(bfcde0f6045b297478b7cca21b2bd212) (NativeFormatImporter) -> (artifact id: 'fcc2d08d622fb7725cf22421d7d46e31') in 0.0012903 seconds
Start importing Assets/LayeredTerrain/GrassSoil/LandformGrass/Mask-02.asset using Guid(cfb8b16aec24e064ba3c8b202f110c99) (NativeFormatImporter) -> (artifact id: '918a9e9785ac5cd4f4174f2fe29d6d53') in 0.0012592 seconds
Start importing Assets/LayeredTerrain/GrassSoil/LandformGrass/Mask-03.asset using Guid(cf797356fdd5ba54fb021059b4e0c786) (NativeFormatImporter) -> (artifact id: '297c0fc42e401c9d7fd0a377a3b5b28e') in 0.0012111 seconds
Refreshing native plugins compatible for Editor in 0.17 ms, found 0 plugins.
Preloading 0 native plugins for Editor in 0.00 ms.
Asset Pipeline Refresh (id=ac011ae78dd0b444fa1403c449082e3e): Total: 0.097 seconds - Initiated by StopAssetImportingV2(NoUpdateAssetOptions)
Start importing Assets/LayeredTerrain/CompositeBrushes/OriginalGrassSoil/OriginalGrassSoilBrush.asset using Guid(21a71232d6e654e4b8c7960242ff7182) (NativeFormatImporter) -> (artifact id: '3547d87e50bc075e0e2036afaef240e2') in 0.0015383 seconds
Start importing Assets/LayeredTerrain/CompositeBrushes/OriginalGrassSoil/OriginalGrassSoilReverseLandformTileSet.asset using Guid(813c3f8ce1d51a24093ce2c5ed1547fa) (NativeFormatImporter) -> (artifact id: 'b5291246265ecb7af0dd8a3a19f371a0') in 0.0013358 seconds
Refreshing native plugins compatible for Editor in 0.14 ms, found 0 plugins.
Preloading 0 native plugins for Editor in 0.00 ms.
Asset Pipeline Refresh (id=c0e59f6c5d4f76148bd0e95715982246): Total: 0.012 seconds - Initiated by StopAssetImportingV2(NoUpdateAssetOptions)
Start importing Assets/Battlefield/Terrain/OrchardDefaultTerrainPalette.asset using Guid(8f09d513b82ee0048abd5a50378dbb0c) (NativeFormatImporter) -> (artifact id: 'af117db4ea5f59db66e2603074e05e44') in 0.0018924 seconds
Refreshing native plugins compatible for Editor in 0.16 ms, found 0 plugins.
Preloading 0 native plugins for Editor in 0.00 ms.
Asset Pipeline Refresh (id=d209673bf96f2064d90944aea72c1c8a): Total: 0.012 seconds - Initiated by StopAssetImportingV2(NoUpdateAssetOptions)
Start importing Assets/Battlefield/Terrain/OrchardDefaultTerrainPalette.asset using Guid(8f09d513b82ee0048abd5a50378dbb0c) (NativeFormatImporter) -> (artifact id: 'af117db4ea5f59db66e2603074e05e44') in 0.0016259 seconds
Refreshing native plugins compatible for Editor in 0.17 ms, found 0 plugins.
Preloading 0 native plugins for Editor in 0.00 ms.
Asset Pipeline Refresh (id=989559ed7d5f2514b974d793669b7a86): Total: 0.011 seconds - Initiated by StopAssetImportingV2(NoUpdateAssetOptions)
Opening scene 'Assets/Scenes/Battle.unity additively'
Loaded scene 'Assets/Scenes/Battle.unity'
	Deserialize:            0.879 ms
	Integration:            0.299 ms
	Integration of assets:  0.002 ms
	Thread Wait Time:       0.005 ms
	Total Operation Time:   1.184 ms
Opening scene 'Assets/Scenes/Battle.unity additively'
Loaded scene 'Assets/Scenes/Battle.unity'
	Deserialize:            0.342 ms
	Integration:            0.056 ms
	Integration of assets:  0.001 ms
	Thread Wait Time:       0.006 ms
	Total Operation Time:   0.404 ms
CANONICAL_BATTLEFIELD_MAP_EDITOR_SMOKE_OK
UnityEngine.Debug:ExtractStackTraceNoAlloc (byte*,int,string)
UnityEngine.StackTraceUtility:ExtractStackTrace ()
UnityEngine.DebugLogHandler:Internal_Log (UnityEngine.LogType,UnityEngine.LogOption,string,UnityEngine.Object)
UnityEngine.DebugLogHandler:LogFormat (UnityEngine.LogType,UnityEngine.Object,string,object[])
UnityEngine.Logger:Log (UnityEngine.LogType,object)
UnityEngine.Debug:Log (object)
FruitDefense.Editor.CanonicalBattlefieldMapEditorSmoke:Validate () (at Assets/Editor/Tests/CanonicalBattlefieldMapEditorSmoke.cs:26)
FruitDefense.Editor.ProjectSetup:SmokeValidate () (at Assets/Editor/Tools/ProjectSetup.cs:244)
FruitDefense.Editor.P0ValidationSuite:Run () (at Assets/Editor/Tests/P0ValidationSuite.cs:18)

(Filename: Assets/Editor/Tests/CanonicalBattlefieldMapEditorSmoke.cs Line: 26)

Asset Pipeline Refresh (id=08eedc83457218a43812648df2299621): Total: 0.002 seconds - Initiated by StopAssetImportingV2(NoUpdateAssetOptions)
Asset Pipeline Refresh (id=4eb94532cd9f9364893966a2138ec0fd): Total: 0.011 seconds - Initiated by RefreshV2(NoUpdateAssetOptions)
Opening scene 'Assets/Scenes/Battle.unity additively'
Loaded scene 'Assets/Scenes/Battle.unity'
	Deserialize:            0.469 ms
	Integration:            0.099 ms
	Integration of assets:  0.001 ms
	Thread Wait Time:       0.007 ms
	Total Operation Time:   0.576 ms
Asset Pipeline Refresh (id=6869dbecdd663794597e9fee37b90245): Total: 0.002 seconds - Initiated by StopAssetImportingV2(NoUpdateAssetOptions)
Asset Pipeline Refresh (id=8a2e69c0ca4fdcd41a216bd3e959a940): Total: 0.002 seconds - Initiated by RefreshV2(NoUpdateAssetOptions)
Start importing Assets/Editor/Tests/Fixtures/CanonicalBattlefieldMap/GeneratedPublicationSmoke.asset using Guid(530fd74943c63af45889f3d8b37caf96) (NativeFormatImporter) -> (artifact id: '1aea0d301c4a7a971f6ee091eea6729e') in 0.0014647 seconds
Refreshing native plugins compatible for Editor in 0.16 ms, found 0 plugins.
Preloading 0 native plugins for Editor in 0.00 ms.
Asset Pipeline Refresh (id=53dd5a29c2ff09a499eba5221f95cf80): Total: 0.012 seconds - Initiated by StopAssetImportingV2(NoUpdateAssetOptions)
Start importing Assets/Editor/Tests/Fixtures/CanonicalBattlefieldMap/GeneratedPublicationSmoke.asset using Guid(530fd74943c63af45889f3d8b37caf96) (NativeFormatImporter) -> (artifact id: '1aea0d301c4a7a971f6ee091eea6729e') in 0.0014165 seconds
Refreshing native plugins compatible for Editor in 0.15 ms, found 0 plugins.
Preloading 0 native plugins for Editor in 0.00 ms.
Asset Pipeline Refresh (id=8259d0d21788fc74ea496aec04f3f81a): Total: 0.010 seconds - Initiated by StopAssetImportingV2(NoUpdateAssetOptions)
Start importing Assets/Editor/Tests/Fixtures/CanonicalBattlefieldMap/GeneratedPublicationSmoke.asset using Guid(530fd74943c63af45889f3d8b37caf96) (NativeFormatImporter) -> (artifact id: '1aea0d301c4a7a971f6ee091eea6729e') in 0.0014273 seconds
Refreshing native plugins compatible for Editor in 0.16 ms, found 0 plugins.
Preloading 0 native plugins for Editor in 0.00 ms.
Asset Pipeline Refresh (id=94913c80cde2f274f86ecda0b4cf83c5): Total: 0.010 seconds - Initiated by StopAssetImportingV2(NoUpdateAssetOptions)
Start importing Assets/Editor/Tests/Fixtures/CanonicalBattlefieldMap/GeneratedPublicationSmoke.asset using Guid(530fd74943c63af45889f3d8b37caf96) (NativeFormatImporter) -> (artifact id: '1aea0d301c4a7a971f6ee091eea6729e') in 0.0014574 seconds
Refreshing native plugins compatible for Editor in 0.15 ms, found 0 plugins.
Preloading 0 native plugins for Editor in 0.00 ms.
Asset Pipeline Refresh (id=0fe318df4af407b45be69ebe493be26a): Total: 0.010 seconds - Initiated by StopAssetImportingV2(NoUpdateAssetOptions)
Start importing Assets/Editor/Tests/Fixtures/CanonicalBattlefieldMap/GeneratedPublicationSmoke.asset using Guid(530fd74943c63af45889f3d8b37caf96) (NativeFormatImporter) -> (artifact id: '4266fb3074f8cc9d43ee307e1b28ecc3') in 0.0015413 seconds
Refreshing native plugins compatible for Editor in 0.15 ms, found 0 plugins.
Preloading 0 native plugins for Editor in 0.00 ms.
Asset Pipeline Refresh (id=fdbe327c6da9ce74fa86795748708352): Total: 0.011 seconds - Initiated by StopAssetImportingV2(NoUpdateAssetOptions)
Start importing Assets/Editor/Tests/Fixtures/CanonicalBattlefieldMap/GeneratedPublicationSmoke.asset using Guid(530fd74943c63af45889f3d8b37caf96) (NativeFormatImporter) -> (artifact id: '4266fb3074f8cc9d43ee307e1b28ecc3') in 0.0015784 seconds
Refreshing native plugins compatible for Editor in 0.28 ms, found 0 plugins.
Preloading 0 native plugins for Editor in 0.00 ms.
Asset Pipeline Refresh (id=b067b0c651fb99649bfc89b2cd15f41e): Total: 0.010 seconds - Initiated by StopAssetImportingV2(NoUpdateAssetOptions)
Start importing Assets/Editor/Tests/Fixtures/CanonicalBattlefieldMap/GeneratedPublicationSmoke.asset using Guid(530fd74943c63af45889f3d8b37caf96) (NativeFormatImporter) -> (artifact id: 'ab5b1b4311cff845278fc1f10da2676c') in 0.0015076 seconds
Refreshing native plugins compatible for Editor in 0.16 ms, found 0 plugins.
Preloading 0 native plugins for Editor in 0.00 ms.
Asset Pipeline Refresh (id=664c804be6e06a44f823164e039b0f37): Total: 0.011 seconds - Initiated by StopAssetImportingV2(NoUpdateAssetOptions)
Start importing Assets/Editor/Tests/Fixtures/CanonicalBattlefieldMap/GeneratedPublicationSmoke.asset using Guid(530fd74943c63af45889f3d8b37caf96) (NativeFormatImporter) -> (artifact id: 'ab5b1b4311cff845278fc1f10da2676c') in 0.0017589 seconds
Refreshing native plugins compatible for Editor in 0.16 ms, found 0 plugins.
Preloading 0 native plugins for Editor in 0.00 ms.
Asset Pipeline Refresh (id=18584f5d0ad428a4692efb824993eaee): Total: 0.010 seconds - Initiated by StopAssetImportingV2(NoUpdateAssetOptions)
Start importing Assets/Editor/Tests/Fixtures/CanonicalBattlefieldMap/GeneratedPublicationSmoke.asset using Guid(530fd74943c63af45889f3d8b37caf96) (NativeFormatImporter) -> (artifact id: '1aea0d301c4a7a971f6ee091eea6729e') in 0.0015414 seconds
Refreshing native plugins compatible for Editor in 0.16 ms, found 0 plugins.
Preloading 0 native plugins for Editor in 0.00 ms.
Asset Pipeline Refresh (id=40410ff1a0a32404dbef73ef6f0b44ea): Total: 0.011 seconds - Initiated by StopAssetImportingV2(NoUpdateAssetOptions)
Start importing Assets/Editor/Tests/Fixtures/CanonicalBattlefieldMap/GeneratedPublicationSmoke.asset using Guid(530fd74943c63af45889f3d8b37caf96) (NativeFormatImporter) -> (artifact id: '1aea0d301c4a7a971f6ee091eea6729e') in 0.0016254 seconds
Refreshing native plugins compatible for Editor in 0.14 ms, found 0 plugins.
Preloading 0 native plugins for Editor in 0.00 ms.
Asset Pipeline Refresh (id=bd4a93a562c102847be7703345e2c654): Total: 0.010 seconds - Initiated by StopAssetImportingV2(NoUpdateAssetOptions)
Start importing Assets/Editor/Tests/Fixtures/CanonicalBattlefieldMap/GeneratedPublicationSmoke.asset using Guid(530fd74943c63af45889f3d8b37caf96) (NativeFormatImporter) -> (artifact id: '49a8a601a9ed185fb92ee75892ae7178') in 0.0016854 seconds
Refreshing native plugins compatible for Editor in 0.18 ms, found 0 plugins.
Preloading 0 native plugins for Editor in 0.00 ms.
Asset Pipeline Refresh (id=fc5a5e392a4012542bbc1a21af6329a1): Total: 0.011 seconds - Initiated by StopAssetImportingV2(NoUpdateAssetOptions)
Start importing Assets/Editor/Tests/Fixtures/CanonicalBattlefieldMap/GeneratedPublicationSmoke.asset using Guid(530fd74943c63af45889f3d8b37caf96) (NativeFormatImporter) -> (artifact id: '49a8a601a9ed185fb92ee75892ae7178') in 0.0014857 seconds
Refreshing native plugins compatible for Editor in 0.18 ms, found 0 plugins.
Preloading 0 native plugins for Editor in 0.00 ms.
Asset Pipeline Refresh (id=a2ab7d6431a852542a93fdbcc42d6a10): Total: 0.010 seconds - Initiated by StopAssetImportingV2(NoUpdateAssetOptions)
Start importing Assets/Editor/Tests/Fixtures/CanonicalBattlefieldMap/GeneratedPublicationSmoke.asset using Guid(530fd74943c63af45889f3d8b37caf96) (NativeFormatImporter) -> (artifact id: '49a8a601a9ed185fb92ee75892ae7178') in 0.0015537 seconds
Refreshing native plugins compatible for Editor in 0.15 ms, found 0 plugins.
Preloading 0 native plugins for Editor in 0.00 ms.
Asset Pipeline Refresh (id=259a3d2dc56a1c24b99265ad78a73086): Total: 0.010 seconds - Initiated by StopAssetImportingV2(NoUpdateAssetOptions)
Refreshing native plugins compatible for Editor in 0.17 ms, found 0 plugins.
Preloading 0 native plugins for Editor in 0.00 ms.
Asset Pipeline Refresh (id=a4b75b595c9bfb14593d6a4e70fa7354): Total: 0.010 seconds - Initiated by StopAssetImportingV2(NoUpdateAssetOptions)
Asset Pipeline Refresh (id=9d4319fc16e371f458048c0ba3ee0f1f): Total: 0.029 seconds - Initiated by RefreshV2(NoUpdateAssetOptions)
CANONICAL_BATTLEFIELD_MAP_PUBLICATION_SMOKE_OK
UnityEngine.Debug:ExtractStackTraceNoAlloc (byte*,int,string)
UnityEngine.StackTraceUtility:ExtractStackTrace ()
UnityEngine.DebugLogHandler:Internal_Log (UnityEngine.LogType,UnityEngine.LogOption,string,UnityEngine.Object)
UnityEngine.DebugLogHandler:LogFormat (UnityEngine.LogType,UnityEngine.Object,string,object[])
UnityEngine.Logger:Log (UnityEngine.LogType,object)
UnityEngine.Debug:Log (object)
FruitDefense.Editor.CanonicalBattlefieldMapPublicationSmoke:Validate () (at Assets/Editor/Tests/CanonicalBattlefieldMapPublicationSmoke.cs:30)
FruitDefense.Editor.ProjectSetup:SmokeValidate () (at Assets/Editor/Tools/ProjectSetup.cs:245)
FruitDefense.Editor.P0ValidationSuite:Run () (at Assets/Editor/Tests/P0ValidationSuite.cs:18)

(Filename: Assets/Editor/Tests/CanonicalBattlefieldMapPublicationSmoke.cs Line: 30)

Asset Pipeline Refresh (id=31a2be6179e8d3b488f3eba8e136fef5): Total: 0.000 seconds - Initiated by StopAssetImportingV2(NoUpdateAssetOptions)
Asset Pipeline Refresh (id=5f479750fd043ca4cb9e6e505bcc1013): Total: 0.008 seconds - Initiated by RefreshV2(NoUpdateAssetOptions)
FRUIT_DEFENSE_DUAL_GRID_PIXEL_ALL_PROFILES_OK count=2
UnityEngine.Debug:ExtractStackTraceNoAlloc (byte*,int,string)
UnityEngine.StackTraceUtility:ExtractStackTrace ()
UnityEngine.DebugLogHandler:Internal_Log (UnityEngine.LogType,UnityEngine.LogOption,string,UnityEngine.Object)
UnityEngine.DebugLogHandler:LogFormat (UnityEngine.LogType,UnityEngine.Object,string,object[])
UnityEngine.Logger:Log (UnityEngine.LogType,object)
UnityEngine.Debug:Log (object)
FruitDefense.Editor.DualGridPixelTileSetGenerator:ValidateGeneratedPixelTileSet () (at Assets/Editor/Tools/DualGridPixelTileSetGenerator.cs:346)
FruitDefense.Editor.DualGridTilemapSmoke:Validate () (at Assets/Editor/Tests/DualGridTilemapSmoke.cs:42)
FruitDefense.Editor.ProjectSetup:SmokeValidate () (at Assets/Editor/Tools/ProjectSetup.cs:246)
FruitDefense.Editor.P0ValidationSuite:Run () (at Assets/Editor/Tests/P0ValidationSuite.cs:18)

(Filename: Assets/Editor/Tools/DualGridPixelTileSetGenerator.cs Line: 346)

FRUIT_DEFENSE_DUAL_GRID_PIXEL_WIZARD_SMOKE_OK
UnityEngine.Debug:ExtractStackTraceNoAlloc (byte*,int,string)
UnityEngine.StackTraceUtility:ExtractStackTrace ()
UnityEngine.DebugLogHandler:Internal_Log (UnityEngine.LogType,UnityEngine.LogOption,string,UnityEngine.Object)
UnityEngine.DebugLogHandler:LogFormat (UnityEngine.LogType,UnityEngine.Object,string,object[])
UnityEngine.Logger:Log (UnityEngine.LogType,object)
UnityEngine.Debug:Log (object)
FruitDefense.Editor.DualGridPixelTerrainWizardSmoke:Validate () (at Assets/Editor/Tests/DualGridPixelTerrainWizardSmoke.cs:42)
FruitDefense.Editor.DualGridTilemapSmoke:Validate () (at Assets/Editor/Tests/DualGridTilemapSmoke.cs:43)
FruitDefense.Editor.ProjectSetup:SmokeValidate () (at Assets/Editor/Tools/ProjectSetup.cs:246)
FruitDefense.Editor.P0ValidationSuite:Run () (at Assets/Editor/Tests/P0ValidationSuite.cs:18)

(Filename: Assets/Editor/Tests/DualGridPixelTerrainWizardSmoke.cs Line: 42)

FRUIT_DEFENSE_DUAL_GRID_SMOKE_OK
UnityEngine.Debug:ExtractStackTraceNoAlloc (byte*,int,string)
UnityEngine.StackTraceUtility:ExtractStackTrace ()
UnityEngine.DebugLogHandler:Internal_Log (UnityEngine.LogType,UnityEngine.LogOption,string,UnityEngine.Object)
UnityEngine.DebugLogHandler:LogFormat (UnityEngine.LogType,UnityEngine.Object,string,object[])
UnityEngine.Logger:Log (UnityEngine.LogType,object)
UnityEngine.Debug:Log (object)
FruitDefense.Editor.DualGridTilemapSmoke:Validate () (at Assets/Editor/Tests/DualGridTilemapSmoke.cs:45)
FruitDefense.Editor.ProjectSetup:SmokeValidate () (at Assets/Editor/Tools/ProjectSetup.cs:246)
FruitDefense.Editor.P0ValidationSuite:Run () (at Assets/Editor/Tests/P0ValidationSuite.cs:18)

(Filename: Assets/Editor/Tests/DualGridTilemapSmoke.cs Line: 45)

Asset Pipeline Refresh (id=e3e7fdea97f55df459f1e45097c8752d): Total: 0.003 seconds - Initiated by RefreshV2(NoUpdateAssetOptions)
Asset Pipeline Refresh (id=ab8453e4533cfd24ca7309090517f712): Total: 0.026 seconds - Initiated by RefreshV2(NoUpdateAssetOptions)
Square contour topology guide generated: Assets/LayeredTerrain/GrassSoil/Square/Topology/SquareContourTopologyGuide.png
UnityEngine.Debug:ExtractStackTraceNoAlloc (byte*,int,string)
UnityEngine.StackTraceUtility:ExtractStackTrace ()
UnityEngine.DebugLogHandler:Internal_Log (UnityEngine.LogType,UnityEngine.LogOption,string,UnityEngine.Object)
UnityEngine.DebugLogHandler:LogFormat (UnityEngine.LogType,UnityEngine.Object,string,object[])
UnityEngine.Logger:Log (UnityEngine.LogType,object)
UnityEngine.Debug:Log (object)
FruitDefense.Editor.SquareTerrainArtGenerator:GenerateTopologyGuide () (at Assets/Editor/Tools/SquareTerrainArtGenerator.cs:42)
FruitDefense.Editor.SquareTerrainArtGenerator:GenerateAvailableSquareAssets () (at Assets/Editor/Tools/SquareTerrainArtGenerator.cs:133)
FruitDefense.Editor.LayeredTerrainArtSetup:EnsurePaletteAssets () (at Assets/Editor/Tools/LayeredTerrainArtSetup.cs:62)
FruitDefense.Editor.LayeredTerrainTilemapSmoke:Validate () (at Assets/Editor/Tests/LayeredTerrainTilemapSmoke.cs:14)
FruitDefense.Editor.ProjectSetup:SmokeValidate () (at Assets/Editor/Tools/ProjectSetup.cs:247)
FruitDefense.Editor.P0ValidationSuite:Run () (at Assets/Editor/Tests/P0ValidationSuite.cs:18)

(Filename: Assets/Editor/Tools/SquareTerrainArtGenerator.cs Line: 42)

Asset Pipeline Refresh (id=2ca56aefa97ad7f4789324e2e6c1a4f6): Total: 0.036 seconds - Initiated by RefreshV2(NoUpdateAssetOptions)
Asset Pipeline Refresh (id=ddb664ab436c035419478ce24aca6764): Total: 0.039 seconds - Initiated by RefreshV2(NoUpdateAssetOptions)
Asset Pipeline Refresh (id=6b22ded147d897e4a8f6dd7acd7473a5): Total: 0.040 seconds - Initiated by RefreshV2(NoUpdateAssetOptions)
Start importing Assets/LayeredTerrain/GrassSoil/Square/LandformStoneRoad/Mask-07.asset using Guid(b02fd980a2abc6b41974d859a777fb1d) (NativeFormatImporter) -> (artifact id: '09027e8d963d8fd928277d96f7735e27') in 0.0015593 seconds
Start importing Assets/LayeredTerrain/GrassSoil/Square/LandformGrass/Mask-05.asset using Guid(d04330ef8020b8a41b9e4589cb202101) (NativeFormatImporter) -> (artifact id: '4e5972f1b6c2ded32e8e48532b67135b') in 0.0013617 seconds
Start importing Assets/LayeredTerrain/GrassSoil/Square/LandformGrass/Mask-12.asset using Guid(d00b41817e9bc0741ad148ea3e94519a) (NativeFormatImporter) -> (artifact id: '9d0a3a48e4156b96b3c76ca702bf7bff') in 0.0013209 seconds
Start importing Assets/LayeredTerrain/GrassSoil/Square/LandformStoneRoad/Mask-13.asset using Guid(116a8c3b6ac195a4ebb8e3c7a9989ddc) (NativeFormatImporter) -> (artifact id: '871e193410b26687800828802aef7920') in 0.0012373 seconds
Start importing Assets/LayeredTerrain/GrassSoil/Square/LandformGrass/Mask-02.asset using Guid(315648227c153724090125e98f4cba15) (NativeFormatImporter) -> (artifact id: 'd08b86b0e86b5ac26e9107766d5008d1') in 0.001232 seconds
Start importing Assets/LayeredTerrain/GrassSoil/Square/LandformStoneRoad/Mask-11.asset using Guid(519050a0a5a9f5847b095ee0b83437a0) (NativeFormatImporter) -> (artifact id: 'ae100c2ae270a66d81134616e885003c') in 0.0012091 seconds
Start importing Assets/LayeredTerrain/GrassSoil/Square/LandformGrass/Mask-14.asset using Guid(81815b76ad7c06c47bf1bc7b65624ffd) (NativeFormatImporter) -> (artifact id: 'e00c4c5ecbd51682bc3c65bf8d862a23') in 0.0011993 seconds
Start importing Assets/LayeredTerrain/GrassSoil/Square/LandformSoil/Mask-03.asset using Guid(b1c5384b4651e4a4a82d483cc64aae79) (NativeFormatImporter) -> (artifact id: '45c12fb41048b850cd7cb0f3e535436a') in 0.0014666 seconds
Start importing Assets/LayeredTerrain/GrassSoil/Square/LandformGrass/Mask-15.asset using Guid(027119ab30d86a546a5d935d6e9ec608) (NativeFormatImporter) -> (artifact id: '7e821f282e19a2a4d5825e548df9693a') in 0.0013965 seconds
Start importing Assets/LayeredTerrain/GrassSoil/Square/LandformGrass/Mask-00.asset using Guid(13f70a46e499e0146bffd256e7c14483) (NativeFormatImporter) -> (artifact id: '2a9713a59b72231d0d554c49e274b85a') in 0.0012364 seconds
Start importing Assets/LayeredTerrain/GrassSoil/Square/LandformSoil/Mask-00.asset using Guid(8303f71f8469fd7459473d47391ab0b3) (NativeFormatImporter) -> (artifact id: '1442dfc314550b70b27dde3dada60cc7') in 0.0012126 seconds
Start importing Assets/LayeredTerrain/GrassSoil/Square/LandformSoil/Mask-01.asset using Guid(d33072ada9e1bb749adcc5938680d51a) (NativeFormatImporter) -> (artifact id: '7a8f58bad24b64f744799cb0b0b9228f') in 0.0012256 seconds
Start importing Assets/LayeredTerrain/GrassSoil/Square/LandformStoneRoad/Mask-09.asset using Guid(d30b19c2c64338a4fa9211b305cf65b1) (NativeFormatImporter) -> (artifact id: '59211e6be04f7e5724ec1a1b38221d71') in 0.0011789 seconds
Start importing Assets/LayeredTerrain/GrassSoil/Square/LandformSoil/Mask-13.asset using Guid(548b829df136ae948902efdc96ee70bb) (NativeFormatImporter) -> (artifact id: 'd770f2a72e8453a69c8ff146ee623ca5') in 0.0012689 seconds
Start importing Assets/LayeredTerrain/GrassSoil/Square/LandformStoneRoad/Mask-00.asset using Guid(74d1d4b679c3aec43af1bd30b6c4aea1) (NativeFormatImporter) -> (artifact id: '4c60ffb732228db343f89511449fce3b') in 0.0012288 seconds
Start importing Assets/LayeredTerrain/GrassSoil/Square/LandformGrass/Mask-01.asset using Guid(35cbc7e6bd8f2f84d9c7965779c9b2eb) (NativeFormatImporter) -> (artifact id: '7cd6fe12f157cd0a0b2a210183323c21') in 0.001204 seconds
Start importing Assets/LayeredTerrain/GrassSoil/Square/LandformGrass/Mask-10.asset using Guid(5728d44dd2630ff40849746ce5d849d7) (NativeFormatImporter) -> (artifact id: '57d0e56c944d10ea9c02adfa74800a28') in 0.0012271 seconds
Start importing Assets/LayeredTerrain/GrassSoil/Square/LandformSoil/Mask-09.asset using Guid(67347eef4df492941b15d16b687e2cb7) (NativeFormatImporter) -> (artifact id: '0b3fee03fb07b35a5fbe9374ec056b4b') in 0.0012199 seconds
Start importing Assets/LayeredTerrain/GrassSoil/Square/LandformGrass/Mask-04.asset using Guid(87737865bdb87ec43864ad3d997d7626) (NativeFormatImporter) -> (artifact id: '83b9f8cc1d095defdc009bd1839b690f') in 0.0015599 seconds
Start importing Assets/LayeredTerrain/GrassSoil/Square/LandformSoil/Mask-02.asset using Guid(87e33da937f65d34fb027eebfd8c1343) (NativeFormatImporter) -> (artifact id: '031756e6cc2b3a5ef2ddcaf8740ee21f') in 0.0012163 seconds
Start importing Assets/LayeredTerrain/GrassSoil/Square/LandformGrass/Mask-08.asset using Guid(b781c12832a4cd84392ab7d35a405505) (NativeFormatImporter) -> (artifact id: 'c734ab3f59a9e28ca19de35691f15a63') in 0.0012555 seconds
Start importing Assets/LayeredTerrain/GrassSoil/Square/LandformStoneRoad/Mask-04.asset using Guid(f70ec30b59552144a97e4da8fea5520c) (NativeFormatImporter) -> (artifact id: '67ab708a109917ddbe110252083911c2') in 0.001244 seconds
Start importing Assets/LayeredTerrain/GrassSoil/Square/LandformStoneRoad/Mask-05.asset using Guid(08c7afe6a1108a84b9f8ac99c7fa610e) (NativeFormatImporter) -> (artifact id: 'a8026e8f0c10f4b634f0c477d7f79ba5') in 0.0012324 seconds
Start importing Assets/LayeredTerrain/GrassSoil/Square/LandformStoneRoad/Mask-14.asset using Guid(39202684bd500f14184c5131ac46a6dd) (NativeFormatImporter) -> (artifact id: 'b43c0e8abc2951d26427ba0ee51e7ebb') in 0.0011903 seconds
Start importing Assets/LayeredTerrain/GrassSoil/Square/LandformSoil/SoilSquareLandformTileSet.asset using Guid(897d878e9497c6e4d935ea42058d6001) (NativeFormatImporter) -> (artifact id: '17e85a477bcdc5aaf3c7a2ca1f1f5d8e') in 0.0012415 seconds
Start importing Assets/LayeredTerrain/GrassSoil/Square/LandformStoneRoad/StoneRoadSquareLandformTileSet.asset using Guid(0a6730ef0e26d5b49b9ae3129ee21909) (NativeFormatImporter) -> (artifact id: '48456893df0f467254b3256235820444') in 0.0012312 seconds
Start importing Assets/LayeredTerrain/GrassSoil/Square/LandformStoneRoad/Mask-10.asset using Guid(caa578d738fb0414e820ab1e3541b03f) (NativeFormatImporter) -> (artifact id: 'be4dcdbbc4fe728152242b70b5e9bb78') in 0.0011877 seconds
Start importing Assets/LayeredTerrain/GrassSoil/Square/LandformSoil/Mask-07.asset using Guid(2ce20b5da48d1ae43956c41d22ecd92e) (NativeFormatImporter) -> (artifact id: '7c41af1778c9689fc8cf1f4e4fcccd2c') in 0.0012023 seconds
Start importing Assets/LayeredTerrain/GrassSoil/Square/LandformSoil/Mask-11.asset using Guid(2c6bd62321830da498ea7724ae626857) (NativeFormatImporter) -> (artifact id: 'b1033fab3dddb68d369a244413a84ab3') in 0.0011952 seconds
Start importing Assets/LayeredTerrain/GrassSoil/Square/LandformStoneRoad/Mask-15.asset using Guid(5cbc1f25709453b4a90de7054d0ce9b7) (NativeFormatImporter) -> (artifact id: 'ca75aea14a03badd729ba37b57fc7710') in 0.0012987 seconds
Start importing Assets/LayeredTerrain/GrassSoil/Square/LandformGrass/Mask-09.asset using Guid(8c5fb632240287d48a17621f58d3a651) (NativeFormatImporter) -> (artifact id: '77c6cf5113d6c96189dbf6818d84fd5f') in 0.0012471 seconds
Start importing Assets/LayeredTerrain/GrassSoil/Square/LandformSoil/Mask-12.asset using Guid(bc85f424c35a6c845b2186949136a828) (NativeFormatImporter) -> (artifact id: '08c355397adee775c3834a7a7a0bf465') in 0.0012144 seconds
Start importing Assets/LayeredTerrain/GrassSoil/Square/LandformSoil/Mask-10.asset using Guid(0dfe2c0efe3330c4d9570f0061d459b9) (NativeFormatImporter) -> (artifact id: '88decb540b9e036a0400c2d34dbc707c') in 0.0011949 seconds
Start importing Assets/LayeredTerrain/GrassSoil/Square/LandformGrass/Mask-03.asset using Guid(1db706b3e9547554e9081663c6442ba0) (NativeFormatImporter) -> (artifact id: 'fdfbe87044d88284093ccc42787947e0') in 0.0011982 seconds
Start importing Assets/LayeredTerrain/GrassSoil/Square/LandformStoneRoad/Mask-02.asset using Guid(1d9b71389b4697e4586703b25f185da7) (NativeFormatImporter) -> (artifact id: 'dbb50fa57ab28462356bbd1a8ebab835') in 0.0011702 seconds
Start importing Assets/LayeredTerrain/GrassSoil/Square/LandformSoil/Mask-05.asset using Guid(2de42da45e48f974e9a74a6970e6e643) (NativeFormatImporter) -> (artifact id: '6e739e360d22b33fd378e6acefe9d800') in 0.0012415 seconds
Start importing Assets/LayeredTerrain/GrassSoil/Square/LandformGrass/Mask-11.asset using Guid(5d253dc28016ae64db4653758ac0af88) (NativeFormatImporter) -> (artifact id: '4dbb166b77c04b10385ee89749d834d3') in 0.0012104 seconds
Start importing Assets/LayeredTerrain/GrassSoil/Square/LandformSoil/Mask-04.asset using Guid(5d4806f722710eb40b1cf937cc6498b6) (NativeFormatImporter) -> (artifact id: 'a825e4a02be2364dca6cd5d251c2a1af') in 0.0011788 seconds
Start importing Assets/LayeredTerrain/GrassSoil/Square/LandformStoneRoad/Mask-01.asset using Guid(add98a42caf91414387900c1b29b92c6) (NativeFormatImporter) -> (artifact id: 'a1a43dffdd1f7cdd6311169ade464c57') in 0.0011908 seconds
Start importing Assets/LayeredTerrain/GrassSoil/Square/LandformGrass/Mask-06.asset using Guid(cd0f4d7279da9f84caa8c319e7ab29f9) (NativeFormatImporter) -> (artifact id: '52937737c65259daea7bed84aa0a8a04') in 0.0012059 seconds
Start importing Assets/LayeredTerrain/GrassSoil/Square/LandformGrass/Mask-07.asset using Guid(4e65cf042fab2c1448282809779edb8a) (NativeFormatImporter) -> (artifact id: '8cc68977b954eb6d618706e748b65e8b') in 0.0014413 seconds
Start importing Assets/LayeredTerrain/GrassSoil/Square/LandformGrass/Mask-13.asset using Guid(7e2014d33d57f294f97dea5ed30b730c) (NativeFormatImporter) -> (artifact id: '93ec9328dc52bc61493ece4ef09f812b') in 0.0012743 seconds
Start importing Assets/LayeredTerrain/GrassSoil/Square/LandformSoil/Mask-14.asset using Guid(ae949dd8d7965fa41b1d3481d8bf8e30) (NativeFormatImporter) -> (artifact id: '13d3e8fadf25938fb6084c9eacdc285d') in 0.0012074 seconds
Start importing Assets/LayeredTerrain/GrassSoil/Square/LandformStoneRoad/Mask-08.asset using Guid(aecab5b9f537b5349adcff0900809717) (NativeFormatImporter) -> (artifact id: '6723e7d6eab214144e2a993643460ee5') in 0.0012639 seconds
Start importing Assets/LayeredTerrain/GrassSoil/Square/LandformSoil/Mask-15.asset using Guid(ce833c44287e15a44945e738038eb1c3) (NativeFormatImporter) -> (artifact id: '7c1ac2f82e318d432012af6c6509f07a') in 0.0013603 seconds
Start importing Assets/LayeredTerrain/GrassSoil/Square/LandformSoil/Mask-08.asset using Guid(ee6f4f16a4085914dbcb15919c60654c) (NativeFormatImporter) -> (artifact id: '2a403aad88716c1a9d6ee321599dc86f') in 0.0014666 seconds
Start importing Assets/LayeredTerrain/GrassSoil/Square/LandformStoneRoad/Mask-12.asset using Guid(2f49f6b2d05a8804097e79c69e515dc3) (NativeFormatImporter) -> (artifact id: '3512849ba8746b3929337e37047f52c2') in 0.0011701 seconds
Start importing Assets/LayeredTerrain/GrassSoil/Square/LandformSoil/Mask-06.asset using Guid(3ff6ff5cd14cc7441a6a84cdde5ff745) (NativeFormatImporter) -> (artifact id: 'c47a955bf9dc32d5bb761f8069ffd421') in 0.0011808 seconds
Start importing Assets/LayeredTerrain/GrassSoil/Square/LandformStoneRoad/Mask-06.asset using Guid(df46002ea561b404889b370e84a77f83) (NativeFormatImporter) -> (artifact id: 'c73fed30de3e790341265e9a3306482c') in 0.0011536 seconds
Start importing Assets/LayeredTerrain/GrassSoil/Square/LandformStoneRoad/Mask-03.asset using Guid(df1e863caf3bc5441a0d4c507b76c311) (NativeFormatImporter) -> (artifact id: 'a9a2fb8e8c6cb1c0cdbe880f9de699ac') in 0.0012567 seconds
Start importing Assets/LayeredTerrain/GrassSoil/Square/LandformGrass/GrassSquareLandformTileSet.asset using Guid(ef399dc10411dd84ab6a276f72e506ea) (NativeFormatImporter) -> (artifact id: '3f3f806b6373e60abb62a5adaf65a9f7') in 0.0012478 seconds
Refreshing native plugins compatible for Editor in 0.16 ms, found 0 plugins.
Preloading 0 native plugins for Editor in 0.00 ms.
Asset Pipeline Refresh (id=9c48fe11616ae814788f03fb5d4bf9d4): Total: 0.088 seconds - Initiated by StopAssetImportingV2(NoUpdateAssetOptions)
Native 256 px square grass, soil and stone-road landforms generated.
UnityEngine.Debug:ExtractStackTraceNoAlloc (byte*,int,string)
UnityEngine.StackTraceUtility:ExtractStackTrace ()
UnityEngine.DebugLogHandler:Internal_Log (UnityEngine.LogType,UnityEngine.LogOption,string,UnityEngine.Object)
UnityEngine.DebugLogHandler:LogFormat (UnityEngine.LogType,UnityEngine.Object,string,object[])
UnityEngine.Logger:Log (UnityEngine.LogType,object)
UnityEngine.Debug:Log (object)
FruitDefense.Editor.SquareTerrainArtGenerator:GenerateDeterministicLandforms () (at Assets/Editor/Tools/SquareTerrainArtGenerator.cs:87)
FruitDefense.Editor.SquareTerrainArtGenerator:GenerateAvailableSquareAssets () (at Assets/Editor/Tools/SquareTerrainArtGenerator.cs:134)
FruitDefense.Editor.LayeredTerrainArtSetup:EnsurePaletteAssets () (at Assets/Editor/Tools/LayeredTerrainArtSetup.cs:62)
FruitDefense.Editor.LayeredTerrainTilemapSmoke:Validate () (at Assets/Editor/Tests/LayeredTerrainTilemapSmoke.cs:14)
FruitDefense.Editor.ProjectSetup:SmokeValidate () (at Assets/Editor/Tools/ProjectSetup.cs:247)
FruitDefense.Editor.P0ValidationSuite:Run () (at Assets/Editor/Tests/P0ValidationSuite.cs:18)

(Filename: Assets/Editor/Tools/SquareTerrainArtGenerator.cs Line: 87)

Asset Pipeline Refresh (id=5be278c6746741e429c0187ca5c58d6f): Total: 0.036 seconds - Initiated by RefreshV2(NoUpdateAssetOptions)
Start importing Assets/LayeredTerrain/GrassSoil/Square/EdgeGrassOnSoilPainted/Mask-15.asset using Guid(a17969b175ec3354c8fe533c48257f94) (NativeFormatImporter) -> (artifact id: '99f211a0ff210a0c86467a3e625714fe') in 0.0016377 seconds
Start importing Assets/LayeredTerrain/GrassSoil/Square/EdgeGrassOnSoilPainted/Mask-04.asset using Guid(e2449efc0c1116648a5b9cbfe33d8e81) (NativeFormatImporter) -> (artifact id: '18145ed9e628d5f8340c44824db6c8be') in 0.00145 seconds
Start importing Assets/LayeredTerrain/GrassSoil/Square/EdgeGrassOnSoilPainted/Mask-14.asset using Guid(4328f421ed4ea34439d6e4e50990e24a) (NativeFormatImporter) -> (artifact id: '6bbe4451c7dca2d4de869403308041cf') in 0.0013679 seconds
Start importing Assets/LayeredTerrain/GrassSoil/Square/EdgeGrassOnSoilPainted/Mask-11.asset using Guid(04aab987cd98a4440b66bb727667d8db) (NativeFormatImporter) -> (artifact id: 'eb6fb6ecd423e575e0946462aa243d66') in 0.0016205 seconds
Start importing Assets/LayeredTerrain/GrassSoil/Square/EdgeGrassOnSoilPainted/Mask-13.asset using Guid(75f61e4d96323eb4e906226b1dd8a16a) (NativeFormatImporter) -> (artifact id: '7952dc870547efbd422b012b46d2b17a') in 0.0013839 seconds
Start importing Assets/LayeredTerrain/GrassSoil/Square/EdgeGrassOnSoilPainted/Mask-08.asset using Guid(062a9acbc752b0342becc47471c8dad4) (NativeFormatImporter) -> (artifact id: 'ee86fce3dc4587f247fc6e398cfff9cd') in 0.0013176 seconds
Start importing Assets/LayeredTerrain/GrassSoil/Square/EdgeGrassOnSoilPainted/Mask-12.asset using Guid(17347530ba5655e4cb59ff249a976ea1) (NativeFormatImporter) -> (artifact id: '27e6bc4eabc1e74cb23636389ffd9263') in 0.0012861 seconds
Start importing Assets/LayeredTerrain/GrassSoil/Square/EdgeGrassOnSoilPainted/Mask-00.asset using Guid(676ca911d7a7bbf408a30856d7cc6990) (NativeFormatImporter) -> (artifact id: '557d3d98682769dd5e96ded56f4299cf') in 0.0013371 seconds
Start importing Assets/LayeredTerrain/GrassSoil/Square/EdgeGrassOnSoilPainted/Mask-10.asset using Guid(e75c1031ec799e0448fd29d3082006b4) (NativeFormatImporter) -> (artifact id: 'c8e41218e8984dd46c91b31d7703de4f') in 0.0012957 seconds
Start importing Assets/LayeredTerrain/GrassSoil/Square/EdgeGrassOnSoilPainted/Mask-09.asset using Guid(a8a7730f3a6dd484198f1b19fed8a24f) (NativeFormatImporter) -> (artifact id: '5597baddb442bf8a928e37d39723d50b') in 0.0014077 seconds
Start importing Assets/LayeredTerrain/GrassSoil/Square/EdgeGrassOnSoilPainted/Mask-07.asset using Guid(f8b2f90201834fa478634d3f30f6af16) (NativeFormatImporter) -> (artifact id: 'a306cb5e617a8648a67a81dc94516e9e') in 0.0013463 seconds
Start importing Assets/LayeredTerrain/GrassSoil/Square/EdgeGrassOnSoilPainted/Mask-06.asset using Guid(19882d23e028ac94e8abd02f91624ba8) (NativeFormatImporter) -> (artifact id: '54900e8224e5828f7c6a4f69fec6db72') in 0.0014101 seconds
Start importing Assets/LayeredTerrain/GrassSoil/Square/EdgeGrassOnSoilPainted/Mask-01.asset using Guid(b94d4b2cd03a1b04b83a81974d966227) (NativeFormatImporter) -> (artifact id: '7caf427609fab688c51f9caa2ce6a79f') in 0.0018409 seconds
Start importing Assets/LayeredTerrain/GrassSoil/Square/EdgeGrassOnSoilPainted/Mask-03.asset using Guid(1a4a3cc4af69bbc4aaabde52016c4f95) (NativeFormatImporter) -> (artifact id: 'af45f85c0f45a239757e36be7c184f6c') in 0.0015188 seconds
Start importing Assets/LayeredTerrain/GrassSoil/Square/EdgeGrassOnSoilPainted/Mask-05.asset using Guid(bacdc75efb95eda42aa6803845d196c4) (NativeFormatImporter) -> (artifact id: '6d469253745d86e884993bfadfef01d0') in 0.0012377 seconds
Start importing Assets/LayeredTerrain/GrassSoil/Square/EdgeGrassOnSoilPainted/GrassOnSoilSquarePaintedTileSet.asset using Guid(1b984e39e61f8734d8c54b032e84c3a3) (NativeFormatImporter) -> (artifact id: '612bda68ec02f7c1be620eb4ba627873') in 0.0013241 seconds
Start importing Assets/LayeredTerrain/GrassSoil/Square/EdgeGrassOnSoilPainted/Mask-02.asset using Guid(8d6a7e51f29762f4796204a57546e522) (NativeFormatImporter) -> (artifact id: '504e9a251c8e415c78cba5f93910b005') in 0.0011992 seconds
Refreshing native plugins compatible for Editor in 0.16 ms, found 0 plugins.
Preloading 0 native plugins for Editor in 0.00 ms.
Asset Pipeline Refresh (id=9b3290d4d1a8d0d4495838a05bfdc13c): Total: 0.040 seconds - Initiated by StopAssetImportingV2(NoUpdateAssetOptions)
Accepted ribbon lip profile packaged as a top-down grass feather with base-grass RGB, guide-owned topology and no soil wall or outline.
UnityEngine.Debug:ExtractStackTraceNoAlloc (byte*,int,string)
UnityEngine.StackTraceUtility:ExtractStackTrace ()
UnityEngine.DebugLogHandler:Internal_Log (UnityEngine.LogType,UnityEngine.LogOption,string,UnityEngine.Object)
UnityEngine.DebugLogHandler:LogFormat (UnityEngine.LogType,UnityEngine.Object,string,object[])
UnityEngine.Logger:Log (UnityEngine.LogType,object)
UnityEngine.Debug:Log (object)
FruitDefense.Editor.SquareTerrainArtGenerator:PackageAcceptedGrassOnSoilCandidate () (at Assets/Editor/Tools/SquareTerrainArtGenerator.cs:126)
FruitDefense.Editor.SquareTerrainArtGenerator:GenerateAvailableSquareAssets () (at Assets/Editor/Tools/SquareTerrainArtGenerator.cs:138)
FruitDefense.Editor.LayeredTerrainArtSetup:EnsurePaletteAssets () (at Assets/Editor/Tools/LayeredTerrainArtSetup.cs:62)
FruitDefense.Editor.LayeredTerrainTilemapSmoke:Validate () (at Assets/Editor/Tests/LayeredTerrainTilemapSmoke.cs:14)
FruitDefense.Editor.ProjectSetup:SmokeValidate () (at Assets/Editor/Tools/ProjectSetup.cs:247)
FruitDefense.Editor.P0ValidationSuite:Run () (at Assets/Editor/Tests/P0ValidationSuite.cs:18)

(Filename: Assets/Editor/Tools/SquareTerrainArtGenerator.cs Line: 126)

Start importing Assets/LayeredTerrain/GrassSoil/LandformSoil/Mask-07.asset using Guid(40244693c163e6541baff892b129cb00) (NativeFormatImporter) -> (artifact id: 'e65830c68ae7e03467001a0296ab0069') in 0.0016705 seconds
Start importing Assets/LayeredTerrain/GrassSoil/EdgeGrassOnSoilRefined/Mask-07.asset using Guid(418e9fec0ca97b64ab0f4c86dc0fd006) (NativeFormatImporter) -> (artifact id: 'cd9c2cf18fdd38f609098f7d0cc15714') in 0.0017015 seconds
Start importing Assets/LayeredTerrain/CompositeBrushes/OriginalGrassSoil/OriginalGrassSoilReverseLandformTileSet.asset using Guid(813c3f8ce1d51a24093ce2c5ed1547fa) (NativeFormatImporter) -> (artifact id: 'b5291246265ecb7af0dd8a3a19f371a0') in 0.0015312 seconds
Start importing Assets/LayeredTerrain/GrassSoil/Authoring/SoilBase.asset using Guid(a158e7b4dd9e7c448b398f9b22a9f9c2) (NativeFormatImporter) -> (artifact id: '1d93f5ffd6651520cc292a513066cccb') in 0.0012934 seconds
Start importing Assets/LayeredTerrain/GrassSoil/EdgeGrassOnSoilRefined/Mask-05.asset using Guid(f15a3346efbbefb40babba4ef8f6ffa7) (NativeFormatImporter) -> (artifact id: '0325b05872f53d4d8922d91b29b864f9') in 0.0015858 seconds
Start importing Assets/LayeredTerrain/GrassSoil/LandformSoil/Mask-04.asset using Guid(f1fab5de0afca5445ba4970fcd52bbbe) (NativeFormatImporter) -> (artifact id: '09085b923c9ce06113de808e0225d25b') in 0.0015892 seconds
Start importing Assets/LayeredTerrain/GrassSoil/EdgeGrassOnSoilRefined/Mask-14.asset using Guid(1292b21714ab41b4197a410a29053ee2) (NativeFormatImporter) -> (artifact id: '113ba810aee874d1280699a85e7183b6') in 0.0013976 seconds
Start importing Assets/LayeredTerrain/GrassSoil/LandformGrass/Mask-08.asset using Guid(52e1998e35a61a047bd24dd910b6bb8c) (NativeFormatImporter) -> (artifact id: '675f77c88e6e0d975abaaae9f510d95d') in 0.0015766 seconds
Start importing Assets/LayeredTerrain/GrassSoil/EdgeGrassOnSoilRefined/Mask-15.asset using Guid(a2ee8cf7722d54542bb6934c3c7acca3) (NativeFormatImporter) -> (artifact id: '6edcf8d7d3f26ee03919cdd607084ab1') in 0.0013058 seconds
Start importing Assets/LayeredTerrain/GrassSoil/EdgeGrassOnSoilRefined/Mask-11.asset using Guid(c29b700cc6f883f4d8d20d2a190eee05) (NativeFormatImporter) -> (artifact id: 'f51c180f858faa73b198142b42927cfc') in 0.0012954 seconds
Start importing Assets/LayeredTerrain/GrassSoil/LandformGrass/Mask-07.asset using Guid(d285b7a144ce1134ba6f4b02b003db14) (NativeFormatImporter) -> (artifact id: '0038d19d51d9c42dea9465db3b105f39') in 0.0012498 seconds
Start importing Assets/LayeredTerrain/GrassSoil/LandformSoil/Mask-01.asset using Guid(030d3f064f313fe4aa4dd2ab0ae33f07) (NativeFormatImporter) -> (artifact id: '3fd5251983b6578fd68bf6bc3bb3b4e3') in 0.0012699 seconds
Start importing Assets/LayeredTerrain/GrassSoil/EdgeGrassOnSoilRefined/Mask-10.asset using Guid(c32eb2f88b196e04f96b1b2b04ea7efe) (NativeFormatImporter) -> (artifact id: '2d01cd9893dc47967ba87373e479eb7e') in 0.0016168 seconds
Start importing Assets/LayeredTerrain/GrassSoil/LandformSoil/Mask-13.asset using Guid(04bdecbe02f95ef46986c7056c2b7c3b) (NativeFormatImporter) -> (artifact id: '15f31c02a38b8c10ecc25938dd45d64e') in 0.0015232 seconds
Start importing Assets/LayeredTerrain/GrassSoil/EdgeGrassOnSoilRefined/Mask-00.asset using Guid(e4a3c845026f4254892939518018693f) (NativeFormatImporter) -> (artifact id: '3a031e969e7d12b8ad7d8420c2b35c82') in 0.001284 seconds
Start importing Assets/LayeredTerrain/GrassSoil/LandformSoil/Mask-03.asset using Guid(15a3542839f831f41a0a24e5e9e2f22c) (NativeFormatImporter) -> (artifact id: '6e77d59b695c8200cb85f17fa75a4b54') in 0.001233 seconds
Start importing Assets/LayeredTerrain/GrassSoil/LandformSoil/Mask-02.asset using Guid(f587922c248637745a6249f84c52611e) (NativeFormatImporter) -> (artifact id: '75844366cc32f023f1e40453bee8aa54') in 0.0012545 seconds
Start importing Assets/LayeredTerrain/GrassSoil/LandformGrass/Mask-09.asset using Guid(165dc20b52db7d14488b55217f6ac108) (NativeFormatImporter) -> (artifact id: '72e38899c33e0e3ced6ed6d0356b17dc') in 0.001238 seconds
Start importing Assets/LayeredTerrain/GrassSoil/LandformSoil/Mask-11.asset using Guid(86718e5a68b1dcc47854d71bba5a1c17) (NativeFormatImporter) -> (artifact id: '04f57e67d298deb7839321669f6f5937') in 0.0012811 seconds
Start importing Assets/LayeredTerrain/GrassSoil/EdgeGrassOnSoilRefined/Mask-09.asset using Guid(86c349d56e9db3e4e849d6749cdfbfbe) (NativeFormatImporter) -> (artifact id: 'a3a3937713e26dae2d17075614e230de') in 0.001295 seconds
Start importing Assets/LayeredTerrain/CompositeBrushes/GrassSoil/GrassSoilReverseLandformTileSet.asset using Guid(17ff6febab517824eb695d29e0459a1f) (NativeFormatImporter) -> (artifact id: '3aac16350dc78571bdc4c034dd153e34') in 0.0013015 seconds
Start importing Assets/LayeredTerrain/GrassSoil/LandformSoil/Mask-09.asset using Guid(478b7d64a48c32541abd22cde03a7210) (NativeFormatImporter) -> (artifact id: 'df61b4f661f9c0aded60f089bd901d4a') in 0.0013953 seconds
Start importing Assets/LayeredTerrain/GrassSoil/LandformSoil/Mask-05.asset using Guid(878e7bb9dfa805f47b4b88fef4623c4b) (NativeFormatImporter) -> (artifact id: '6433cd5ece3fc29e9694b9c40d1cce7b') in 0.0014155 seconds
Start importing Assets/LayeredTerrain/CompositeBrushes/StoneWater/StoneWaterReverseLandformTileSet.asset using Guid(97ffcbb8c3ab6264e80693ccaf0c43de) (NativeFormatImporter) -> (artifact id: '098d79a46ae44df4e4eabca0ead85233') in 0.0016806 seconds
Start importing Assets/LayeredTerrain/GrassSoil/LandformSoil/Mask-14.asset using Guid(a7806afe4f019d445bbf552f9eece05e) (NativeFormatImporter) -> (artifact id: 'e86c3f661d3698b3e540fda453881940') in 0.0015325 seconds
Start importing Assets/LayeredTerrain/GrassSoil/EdgeGrassOnSoilRefined/Mask-13.asset using Guid(a7d1a82699efeae47a6ca0a5bb112ae7) (NativeFormatImporter) -> (artifact id: 'a78e3ab795bab51c2fb8875ea81a3142') in 0.0015309 seconds
Start importing Assets/LayeredTerrain/GrassSoil/EdgeGrassOnSoilRefined/GrassOnSoilRefinedTileSet.asset using Guid(b75665e5083dab441a2805aa7b5e1562) (NativeFormatImporter) -> (artifact id: '9a378045af94549dd04c416ddd049034') in 0.0013708 seconds
Start importing Assets/LayeredTerrain/GrassSoil/LandformGrass/Mask-14.asset using Guid(c7287b8c949516949b483b111ceb39a0) (NativeFormatImporter) -> (artifact id: '742a261e597b802d91fa4c4b50193514') in 0.0012046 seconds
Start importing Assets/LayeredTerrain/GrassSoil/LandformSoil/Mask-00.asset using Guid(88d5b3d83381240419fa7d0a9d6c2c63) (NativeFormatImporter) -> (artifact id: 'ec59939a8b52efe47b329a71ceccb6a9') in 0.0012044 seconds
Start importing Assets/LayeredTerrain/GrassSoil/LandformGrass/Mask-13.asset using Guid(e80621ea42744c243ac2ec385c32b338) (NativeFormatImporter) -> (artifact id: 'c073a20a8e0628f7baf4a55a699ae105') in 0.0012316 seconds
Start importing Assets/LayeredTerrain/GrassSoil/LandformGrass/Mask-00.asset using Guid(c92ffc9e81d587840892eb05cf844fbf) (NativeFormatImporter) -> (artifact id: '6de21ee1cddad2dc5dc822438a8f4094') in 0.001213 seconds
Start importing Assets/LayeredTerrain/GrassSoil/LandformSoil/Mask-08.asset using Guid(d98e1448816e2f443a1e4e6b40e7cc25) (NativeFormatImporter) -> (artifact id: '8c84979613e06175002d882607152e4e') in 0.0013537 seconds
Start importing Assets/LayeredTerrain/GrassSoil/LandformSoil/Mask-15.asset using Guid(e95509ac4ec30484ab37daa221658805) (NativeFormatImporter) -> (artifact id: 'f96248f32c56c962dfe506862d5fb21b') in 0.0014261 seconds
Start importing Assets/LayeredTerrain/GrassSoil/EdgeGrassOnSoilRefined/Mask-06.asset using Guid(e9ac41d989ad93f4ca1a691487107c16) (NativeFormatImporter) -> (artifact id: 'e9daccbac2653977ee343c02f273f598') in 0.0016325 seconds
Start importing Assets/LayeredTerrain/GrassSoil/LandformSoil/Mask-10.asset using Guid(f95d6c7578efacd4cb1f12c63e1d8ff8) (NativeFormatImporter) -> (artifact id: '90d43f8749769d1781298dd6bba5d61f') in 0.0012854 seconds
Start importing Assets/LayeredTerrain/GrassSoil/LandformGrass/Mask-10.asset using Guid(0a64b675a1f765c409b8f9deea1eb208) (NativeFormatImporter) -> (artifact id: '09c03947b8c465db650824308fe637f1') in 0.0012022 seconds
Start importing Assets/LayeredTerrain/GrassSoil/EdgeGrassOnSoilRefined/Mask-12.asset using Guid(3a09b8d94e4515f4fa39c4292c8052a7) (NativeFormatImporter) -> (artifact id: 'af83cf963396621d9d3bad458f6ed2a9') in 0.0012401 seconds
Start importing Assets/LayeredTerrain/GrassSoil/LandformSoil/Mask-06.asset using Guid(4ab46eb735954bf45977209e4a936a01) (NativeFormatImporter) -> (artifact id: '8450f37df15f7709b95c5c346493f1fd') in 0.0012432 seconds
Start importing Assets/LayeredTerrain/GrassSoil/LandformGrass/Mask-15.asset using Guid(7a5208b63b1d6284285e932c3708e65d) (NativeFormatImporter) -> (artifact id: '67ddae65d0c7a750e13eb34b9baf8365') in 0.0012606 seconds
Start importing Assets/LayeredTerrain/GrassSoil/LandformGrass/Mask-05.asset using Guid(3b4a2864fb45c5b4fae56fc1f697bbdd) (NativeFormatImporter) -> (artifact id: 'cf3f476c92289c5b074cb8ea3198ce61') in 0.0012611 seconds
Start importing Assets/LayeredTerrain/GrassSoil/EdgeGrassOnSoilRefined/Mask-08.asset using Guid(9b3d0613b51d86146bf5ea0994b42ddd) (NativeFormatImporter) -> (artifact id: '4e302c1a03e18f66e6c41c139ec180d3') in 0.0012145 seconds
Start importing Assets/LayeredTerrain/GrassSoil/LandformGrass/Mask-11.asset using Guid(bb6bc251a6bbcf54480e7f80f2181f2a) (NativeFormatImporter) -> (artifact id: '857582d6d96bb87d66880447573db021') in 0.0013137 seconds
Start importing Assets/LayeredTerrain/GrassSoil/LandformSoil/Mask-12.asset using Guid(3cfb4949c07b1bf43bc66661515525d7) (NativeFormatImporter) -> (artifact id: '3a6ea6ab140b5d680c9d80d68e71cee7') in 0.0014175 seconds
Start importing Assets/LayeredTerrain/GrassSoil/EdgeGrassOnSoilRefined/Mask-04.asset using Guid(6cca3f06a711ab34992417d66eeec087) (NativeFormatImporter) -> (artifact id: 'be2a2aeb01573b6be77d3a2b070fef25') in 0.0013583 seconds
Start importing Assets/LayeredTerrain/GrassSoil/Authoring/GrassBase.asset using Guid(3d71b1ea4e270714eb43b3b4541cda21) (NativeFormatImporter) -> (artifact id: '3f5ae16e96393bccc7f5f4d3650a3ce6') in 0.0015706 seconds
Start importing Assets/LayeredTerrain/GrassSoil/LandformGrass/Mask-06.asset using Guid(5d15d49b3c156ae479bd995b33107c67) (NativeFormatImporter) -> (artifact id: '05abb2ca9d5f1492af0ec896fb864d4e') in 0.0015082 seconds
Start importing Assets/LayeredTerrain/GrassSoil/LandformGrass/Mask-01.asset using Guid(7d609e3f17078a44f9a89e21b68ae180) (NativeFormatImporter) -> (artifact id: 'a1ebd9002be9baca60bb274969bc4dc2') in 0.0015055 seconds
Start importing Assets/LayeredTerrain/GrassSoil/LandformGrass/Mask-04.asset using Guid(ede22ab8e9b7bcc4da28aa41887e8614) (NativeFormatImporter) -> (artifact id: '42c1c0d805e7b323f147012ab0eb20fb') in 0.0014402 seconds
Start importing Assets/LayeredTerrain/GrassSoil/LandformSoil/SoilLandformTileSet.asset using Guid(3e1155418d0567f44af4b96697c9dd09) (NativeFormatImporter) -> (artifact id: 'df15b8c45196950bc4219bee97aafc82') in 0.001379 seconds
Start importing Assets/LayeredTerrain/GrassSoil/EdgeGrassOnSoilRefined/Mask-02.asset using Guid(6ef5433501c908740932ed7d05777790) (NativeFormatImporter) -> (artifact id: '25936841c896ee6e32acaadabe2f5ad9') in 0.0015386 seconds
Start importing Assets/LayeredTerrain/GrassSoil/EdgeGrassOnSoilRefined/Mask-01.asset using Guid(8e0671f07975b7c43b734d81c5ff11bc) (NativeFormatImporter) -> (artifact id: 'c6f3c5aa165967eeb465f4156418931b') in 0.0015904 seconds
Start importing Assets/LayeredTerrain/GrassSoil/EdgeGrassOnSoilRefined/Mask-03.asset using Guid(de5135a77f40df84b9a7170011242e63) (NativeFormatImporter) -> (artifact id: 'c4b8007304dbcd55f4ed04fb4957f5a6') in 0.0015894 seconds
Start importing Assets/LayeredTerrain/GrassSoil/LandformGrass/GrassLandformTileSet.asset using Guid(2fc47b69529dfb541a089c835adb5ce8) (NativeFormatImporter) -> (artifact id: '7d9b947ceee84338616124256f8ad829') in 0.0013993 seconds
Start importing Assets/LayeredTerrain/GrassSoil/LandformGrass/Mask-12.asset using Guid(bfcde0f6045b297478b7cca21b2bd212) (NativeFormatImporter) -> (artifact id: 'fcc2d08d622fb7725cf22421d7d46e31') in 0.0013678 seconds
Start importing Assets/LayeredTerrain/GrassSoil/LandformGrass/Mask-02.asset using Guid(cfb8b16aec24e064ba3c8b202f110c99) (NativeFormatImporter) -> (artifact id: '918a9e9785ac5cd4f4174f2fe29d6d53') in 0.001379 seconds
Start importing Assets/LayeredTerrain/GrassSoil/LandformGrass/Mask-03.asset using Guid(cf797356fdd5ba54fb021059b4e0c786) (NativeFormatImporter) -> (artifact id: '297c0fc42e401c9d7fd0a377a3b5b28e') in 0.0013037 seconds
Refreshing native plugins compatible for Editor in 0.16 ms, found 0 plugins.
Preloading 0 native plugins for Editor in 0.00 ms.
Asset Pipeline Refresh (id=d725ad038b4ed304095e983b724b1d6f): Total: 0.111 seconds - Initiated by StopAssetImportingV2(NoUpdateAssetOptions)
Start importing Assets/LayeredTerrain/CompositeBrushes/OriginalGrassSoil/OriginalGrassSoilBrush.asset using Guid(21a71232d6e654e4b8c7960242ff7182) (NativeFormatImporter) -> (artifact id: '3547d87e50bc075e0e2036afaef240e2') in 0.0015082 seconds
Start importing Assets/LayeredTerrain/CompositeBrushes/OriginalGrassSoil/OriginalGrassSoilReverseLandformTileSet.asset using Guid(813c3f8ce1d51a24093ce2c5ed1547fa) (NativeFormatImporter) -> (artifact id: 'b5291246265ecb7af0dd8a3a19f371a0') in 0.0013323 seconds
Refreshing native plugins compatible for Editor in 0.17 ms, found 0 plugins.
Preloading 0 native plugins for Editor in 0.00 ms.
Asset Pipeline Refresh (id=1cef58b5f8f3b884b8fdec939a347c54): Total: 0.013 seconds - Initiated by StopAssetImportingV2(NoUpdateAssetOptions)
Start importing Assets/Battlefield/Terrain/OrchardDefaultTerrainPalette.asset using Guid(8f09d513b82ee0048abd5a50378dbb0c) (NativeFormatImporter) -> (artifact id: 'af117db4ea5f59db66e2603074e05e44') in 0.0020483 seconds
Refreshing native plugins compatible for Editor in 0.17 ms, found 0 plugins.
Preloading 0 native plugins for Editor in 0.00 ms.
Asset Pipeline Refresh (id=17899ee6642bb1a4f891edee6722ee20): Total: 0.012 seconds - Initiated by StopAssetImportingV2(NoUpdateAssetOptions)
FRUIT_DEFENSE_LAYERED_TERRAIN_TILEMAP_OK
UnityEngine.Debug:ExtractStackTraceNoAlloc (byte*,int,string)
UnityEngine.StackTraceUtility:ExtractStackTrace ()
UnityEngine.DebugLogHandler:Internal_Log (UnityEngine.LogType,UnityEngine.LogOption,string,UnityEngine.Object)
UnityEngine.DebugLogHandler:LogFormat (UnityEngine.LogType,UnityEngine.Object,string,object[])
UnityEngine.Logger:Log (UnityEngine.LogType,object)
UnityEngine.Debug:Log (object)
FruitDefense.Editor.LayeredTerrainTilemapSmoke:Validate () (at Assets/Editor/Tests/LayeredTerrainTilemapSmoke.cs:153)
FruitDefense.Editor.ProjectSetup:SmokeValidate () (at Assets/Editor/Tools/ProjectSetup.cs:247)
FruitDefense.Editor.P0ValidationSuite:Run () (at Assets/Editor/Tests/P0ValidationSuite.cs:18)

(Filename: Assets/Editor/Tests/LayeredTerrainTilemapSmoke.cs Line: 153)

Asset Pipeline Refresh (id=c972f24cf8a191d45b1f7ad6807f2c7b): Total: 0.013 seconds - Initiated by RefreshV2(NoUpdateAssetOptions)
Asset Pipeline Refresh (id=0ed98ce0f07f8a84a882e9505ce4010e): Total: 0.035 seconds - Initiated by RefreshV2(NoUpdateAssetOptions)
Square contour topology guide generated: Assets/LayeredTerrain/GrassSoil/Square/Topology/SquareContourTopologyGuide.png
UnityEngine.Debug:ExtractStackTraceNoAlloc (byte*,int,string)
UnityEngine.StackTraceUtility:ExtractStackTrace ()
UnityEngine.DebugLogHandler:Internal_Log (UnityEngine.LogType,UnityEngine.LogOption,string,UnityEngine.Object)
UnityEngine.DebugLogHandler:LogFormat (UnityEngine.LogType,UnityEngine.Object,string,object[])
UnityEngine.Logger:Log (UnityEngine.LogType,object)
UnityEngine.Debug:Log (object)
FruitDefense.Editor.SquareTerrainArtGenerator:GenerateTopologyGuide () (at Assets/Editor/Tools/SquareTerrainArtGenerator.cs:42)
FruitDefense.Editor.SquareTerrainArtGenerator:GenerateAvailableSquareAssets () (at Assets/Editor/Tools/SquareTerrainArtGenerator.cs:133)
FruitDefense.Editor.LayeredTerrainArtSetup:EnsurePaletteAssets () (at Assets/Editor/Tools/LayeredTerrainArtSetup.cs:62)
FruitDefense.Editor.LayeredTerrainPainterSmoke:Validate () (at Assets/Editor/Tests/LayeredTerrainPainterSmoke.cs:18)
FruitDefense.Editor.ProjectSetup:SmokeValidate () (at Assets/Editor/Tools/ProjectSetup.cs:248)
FruitDefense.Editor.P0ValidationSuite:Run () (at Assets/Editor/Tests/P0ValidationSuite.cs:18)

(Filename: Assets/Editor/Tools/SquareTerrainArtGenerator.cs Line: 42)

Asset Pipeline Refresh (id=6dae73c4d91a53045aabf19d26da9840): Total: 0.036 seconds - Initiated by RefreshV2(NoUpdateAssetOptions)
Asset Pipeline Refresh (id=4199feffec4b0b845a7b19f11bc4e087): Total: 0.027 seconds - Initiated by RefreshV2(NoUpdateAssetOptions)
Asset Pipeline Refresh (id=f667130898a260d4481295f9d37a772f): Total: 0.037 seconds - Initiated by RefreshV2(NoUpdateAssetOptions)
Start importing Assets/LayeredTerrain/GrassSoil/Square/LandformStoneRoad/Mask-07.asset using Guid(b02fd980a2abc6b41974d859a777fb1d) (NativeFormatImporter) -> (artifact id: '09027e8d963d8fd928277d96f7735e27') in 0.0015632 seconds
Start importing Assets/LayeredTerrain/GrassSoil/Square/LandformGrass/Mask-05.asset using Guid(d04330ef8020b8a41b9e4589cb202101) (NativeFormatImporter) -> (artifact id: '4e5972f1b6c2ded32e8e48532b67135b') in 0.0013808 seconds
Start importing Assets/LayeredTerrain/GrassSoil/Square/LandformGrass/Mask-12.asset using Guid(d00b41817e9bc0741ad148ea3e94519a) (NativeFormatImporter) -> (artifact id: '9d0a3a48e4156b96b3c76ca702bf7bff') in 0.0013204 seconds
Start importing Assets/LayeredTerrain/GrassSoil/Square/LandformStoneRoad/Mask-13.asset using Guid(116a8c3b6ac195a4ebb8e3c7a9989ddc) (NativeFormatImporter) -> (artifact id: '871e193410b26687800828802aef7920') in 0.0014977 seconds
Start importing Assets/LayeredTerrain/GrassSoil/Square/LandformGrass/Mask-02.asset using Guid(315648227c153724090125e98f4cba15) (NativeFormatImporter) -> (artifact id: 'd08b86b0e86b5ac26e9107766d5008d1') in 0.0013292 seconds
Start importing Assets/LayeredTerrain/GrassSoil/Square/LandformStoneRoad/Mask-11.asset using Guid(519050a0a5a9f5847b095ee0b83437a0) (NativeFormatImporter) -> (artifact id: 'ae100c2ae270a66d81134616e885003c') in 0.0014358 seconds
Start importing Assets/LayeredTerrain/GrassSoil/Square/LandformGrass/Mask-14.asset using Guid(81815b76ad7c06c47bf1bc7b65624ffd) (NativeFormatImporter) -> (artifact id: 'e00c4c5ecbd51682bc3c65bf8d862a23') in 0.0017332 seconds
Start importing Assets/LayeredTerrain/GrassSoil/Square/LandformSoil/Mask-03.asset using Guid(b1c5384b4651e4a4a82d483cc64aae79) (NativeFormatImporter) -> (artifact id: '45c12fb41048b850cd7cb0f3e535436a') in 0.0015658 seconds
Start importing Assets/LayeredTerrain/GrassSoil/Square/LandformGrass/Mask-15.asset using Guid(027119ab30d86a546a5d935d6e9ec608) (NativeFormatImporter) -> (artifact id: '7e821f282e19a2a4d5825e548df9693a') in 0.0013792 seconds
Start importing Assets/LayeredTerrain/GrassSoil/Square/LandformGrass/Mask-00.asset using Guid(13f70a46e499e0146bffd256e7c14483) (NativeFormatImporter) -> (artifact id: '2a9713a59b72231d0d554c49e274b85a') in 0.0012623 seconds
Start importing Assets/LayeredTerrain/GrassSoil/Square/LandformSoil/Mask-00.asset using Guid(8303f71f8469fd7459473d47391ab0b3) (NativeFormatImporter) -> (artifact id: '1442dfc314550b70b27dde3dada60cc7') in 0.0014563 seconds
Start importing Assets/LayeredTerrain/GrassSoil/Square/LandformSoil/Mask-01.asset using Guid(d33072ada9e1bb749adcc5938680d51a) (NativeFormatImporter) -> (artifact id: '7a8f58bad24b64f744799cb0b0b9228f') in 0.0013182 seconds
Start importing Assets/LayeredTerrain/GrassSoil/Square/LandformStoneRoad/Mask-09.asset using Guid(d30b19c2c64338a4fa9211b305cf65b1) (NativeFormatImporter) -> (artifact id: '59211e6be04f7e5724ec1a1b38221d71') in 0.0012739 seconds
Start importing Assets/LayeredTerrain/GrassSoil/Square/LandformSoil/Mask-13.asset using Guid(548b829df136ae948902efdc96ee70bb) (NativeFormatImporter) -> (artifact id: 'd770f2a72e8453a69c8ff146ee623ca5') in 0.0015021 seconds
Start importing Assets/LayeredTerrain/GrassSoil/Square/LandformStoneRoad/Mask-00.asset using Guid(74d1d4b679c3aec43af1bd30b6c4aea1) (NativeFormatImporter) -> (artifact id: '4c60ffb732228db343f89511449fce3b') in 0.0014358 seconds
Start importing Assets/LayeredTerrain/GrassSoil/Square/LandformGrass/Mask-01.asset using Guid(35cbc7e6bd8f2f84d9c7965779c9b2eb) (NativeFormatImporter) -> (artifact id: '7cd6fe12f157cd0a0b2a210183323c21') in 0.001538 seconds
Start importing Assets/LayeredTerrain/GrassSoil/Square/LandformGrass/Mask-10.asset using Guid(5728d44dd2630ff40849746ce5d849d7) (NativeFormatImporter) -> (artifact id: '57d0e56c944d10ea9c02adfa74800a28') in 0.0012838 seconds
Start importing Assets/LayeredTerrain/GrassSoil/Square/LandformSoil/Mask-09.asset using Guid(67347eef4df492941b15d16b687e2cb7) (NativeFormatImporter) -> (artifact id: '0b3fee03fb07b35a5fbe9374ec056b4b') in 0.0012899 seconds
Start importing Assets/LayeredTerrain/GrassSoil/Square/LandformGrass/Mask-04.asset using Guid(87737865bdb87ec43864ad3d997d7626) (NativeFormatImporter) -> (artifact id: '83b9f8cc1d095defdc009bd1839b690f') in 0.0014006 seconds
Start importing Assets/LayeredTerrain/GrassSoil/Square/LandformSoil/Mask-02.asset using Guid(87e33da937f65d34fb027eebfd8c1343) (NativeFormatImporter) -> (artifact id: '031756e6cc2b3a5ef2ddcaf8740ee21f') in 0.0013603 seconds
Start importing Assets/LayeredTerrain/GrassSoil/Square/LandformGrass/Mask-08.asset using Guid(b781c12832a4cd84392ab7d35a405505) (NativeFormatImporter) -> (artifact id: 'c734ab3f59a9e28ca19de35691f15a63') in 0.0013108 seconds
Start importing Assets/LayeredTerrain/GrassSoil/Square/LandformStoneRoad/Mask-04.asset using Guid(f70ec30b59552144a97e4da8fea5520c) (NativeFormatImporter) -> (artifact id: '67ab708a109917ddbe110252083911c2') in 0.0012457 seconds
Start importing Assets/LayeredTerrain/GrassSoil/Square/LandformStoneRoad/Mask-05.asset using Guid(08c7afe6a1108a84b9f8ac99c7fa610e) (NativeFormatImporter) -> (artifact id: 'a8026e8f0c10f4b634f0c477d7f79ba5') in 0.0012275 seconds
Start importing Assets/LayeredTerrain/GrassSoil/Square/LandformStoneRoad/Mask-14.asset using Guid(39202684bd500f14184c5131ac46a6dd) (NativeFormatImporter) -> (artifact id: 'b43c0e8abc2951d26427ba0ee51e7ebb') in 0.001296 seconds
Start importing Assets/LayeredTerrain/GrassSoil/Square/LandformSoil/SoilSquareLandformTileSet.asset using Guid(897d878e9497c6e4d935ea42058d6001) (NativeFormatImporter) -> (artifact id: '17e85a477bcdc5aaf3c7a2ca1f1f5d8e') in 0.0012826 seconds
Start importing Assets/LayeredTerrain/GrassSoil/Square/LandformStoneRoad/StoneRoadSquareLandformTileSet.asset using Guid(0a6730ef0e26d5b49b9ae3129ee21909) (NativeFormatImporter) -> (artifact id: '48456893df0f467254b3256235820444') in 0.001416 seconds
Start importing Assets/LayeredTerrain/GrassSoil/Square/LandformStoneRoad/Mask-10.asset using Guid(caa578d738fb0414e820ab1e3541b03f) (NativeFormatImporter) -> (artifact id: 'be4dcdbbc4fe728152242b70b5e9bb78') in 0.0015223 seconds
Start importing Assets/LayeredTerrain/GrassSoil/Square/LandformSoil/Mask-07.asset using Guid(2ce20b5da48d1ae43956c41d22ecd92e) (NativeFormatImporter) -> (artifact id: '7c41af1778c9689fc8cf1f4e4fcccd2c') in 0.0012644 seconds
Start importing Assets/LayeredTerrain/GrassSoil/Square/LandformSoil/Mask-11.asset using Guid(2c6bd62321830da498ea7724ae626857) (NativeFormatImporter) -> (artifact id: 'b1033fab3dddb68d369a244413a84ab3') in 0.0012113 seconds
Start importing Assets/LayeredTerrain/GrassSoil/Square/LandformStoneRoad/Mask-15.asset using Guid(5cbc1f25709453b4a90de7054d0ce9b7) (NativeFormatImporter) -> (artifact id: 'ca75aea14a03badd729ba37b57fc7710') in 0.0013561 seconds
Start importing Assets/LayeredTerrain/GrassSoil/Square/LandformGrass/Mask-09.asset using Guid(8c5fb632240287d48a17621f58d3a651) (NativeFormatImporter) -> (artifact id: '77c6cf5113d6c96189dbf6818d84fd5f') in 0.0012375 seconds
Start importing Assets/LayeredTerrain/GrassSoil/Square/LandformSoil/Mask-12.asset using Guid(bc85f424c35a6c845b2186949136a828) (NativeFormatImporter) -> (artifact id: '08c355397adee775c3834a7a7a0bf465') in 0.0012746 seconds
Start importing Assets/LayeredTerrain/GrassSoil/Square/LandformSoil/Mask-10.asset using Guid(0dfe2c0efe3330c4d9570f0061d459b9) (NativeFormatImporter) -> (artifact id: '88decb540b9e036a0400c2d34dbc707c') in 0.0014208 seconds
Start importing Assets/LayeredTerrain/GrassSoil/Square/LandformGrass/Mask-03.asset using Guid(1db706b3e9547554e9081663c6442ba0) (NativeFormatImporter) -> (artifact id: 'fdfbe87044d88284093ccc42787947e0') in 0.0012381 seconds
Start importing Assets/LayeredTerrain/GrassSoil/Square/LandformStoneRoad/Mask-02.asset using Guid(1d9b71389b4697e4586703b25f185da7) (NativeFormatImporter) -> (artifact id: 'dbb50fa57ab28462356bbd1a8ebab835') in 0.0015788 seconds
Start importing Assets/LayeredTerrain/GrassSoil/Square/LandformSoil/Mask-05.asset using Guid(2de42da45e48f974e9a74a6970e6e643) (NativeFormatImporter) -> (artifact id: '6e739e360d22b33fd378e6acefe9d800') in 0.0013088 seconds
Start importing Assets/LayeredTerrain/GrassSoil/Square/LandformGrass/Mask-11.asset using Guid(5d253dc28016ae64db4653758ac0af88) (NativeFormatImporter) -> (artifact id: '4dbb166b77c04b10385ee89749d834d3') in 0.0013901 seconds
Start importing Assets/LayeredTerrain/GrassSoil/Square/LandformSoil/Mask-04.asset using Guid(5d4806f722710eb40b1cf937cc6498b6) (NativeFormatImporter) -> (artifact id: 'a825e4a02be2364dca6cd5d251c2a1af') in 0.0015367 seconds
Start importing Assets/LayeredTerrain/GrassSoil/Square/LandformStoneRoad/Mask-01.asset using Guid(add98a42caf91414387900c1b29b92c6) (NativeFormatImporter) -> (artifact id: 'a1a43dffdd1f7cdd6311169ade464c57') in 0.0013541 seconds
Start importing Assets/LayeredTerrain/GrassSoil/Square/LandformGrass/Mask-06.asset using Guid(cd0f4d7279da9f84caa8c319e7ab29f9) (NativeFormatImporter) -> (artifact id: '52937737c65259daea7bed84aa0a8a04') in 0.0012637 seconds
Start importing Assets/LayeredTerrain/GrassSoil/Square/LandformGrass/Mask-07.asset using Guid(4e65cf042fab2c1448282809779edb8a) (NativeFormatImporter) -> (artifact id: '8cc68977b954eb6d618706e748b65e8b') in 0.0012842 seconds
Start importing Assets/LayeredTerrain/GrassSoil/Square/LandformGrass/Mask-13.asset using Guid(7e2014d33d57f294f97dea5ed30b730c) (NativeFormatImporter) -> (artifact id: '93ec9328dc52bc61493ece4ef09f812b') in 0.0012758 seconds
Start importing Assets/LayeredTerrain/GrassSoil/Square/LandformSoil/Mask-14.asset using Guid(ae949dd8d7965fa41b1d3481d8bf8e30) (NativeFormatImporter) -> (artifact id: '13d3e8fadf25938fb6084c9eacdc285d') in 0.0012295 seconds
Start importing Assets/LayeredTerrain/GrassSoil/Square/LandformStoneRoad/Mask-08.asset using Guid(aecab5b9f537b5349adcff0900809717) (NativeFormatImporter) -> (artifact id: '6723e7d6eab214144e2a993643460ee5') in 0.0012202 seconds
Start importing Assets/LayeredTerrain/GrassSoil/Square/LandformSoil/Mask-15.asset using Guid(ce833c44287e15a44945e738038eb1c3) (NativeFormatImporter) -> (artifact id: '7c1ac2f82e318d432012af6c6509f07a') in 0.0013137 seconds
Start importing Assets/LayeredTerrain/GrassSoil/Square/LandformSoil/Mask-08.asset using Guid(ee6f4f16a4085914dbcb15919c60654c) (NativeFormatImporter) -> (artifact id: '2a403aad88716c1a9d6ee321599dc86f') in 0.0013158 seconds
Start importing Assets/LayeredTerrain/GrassSoil/Square/LandformStoneRoad/Mask-12.asset using Guid(2f49f6b2d05a8804097e79c69e515dc3) (NativeFormatImporter) -> (artifact id: '3512849ba8746b3929337e37047f52c2') in 0.0012692 seconds
Start importing Assets/LayeredTerrain/GrassSoil/Square/LandformSoil/Mask-06.asset using Guid(3ff6ff5cd14cc7441a6a84cdde5ff745) (NativeFormatImporter) -> (artifact id: 'c47a955bf9dc32d5bb761f8069ffd421') in 0.0012478 seconds
Start importing Assets/LayeredTerrain/GrassSoil/Square/LandformStoneRoad/Mask-06.asset using Guid(df46002ea561b404889b370e84a77f83) (NativeFormatImporter) -> (artifact id: 'c73fed30de3e790341265e9a3306482c') in 0.0011889 seconds
Start importing Assets/LayeredTerrain/GrassSoil/Square/LandformStoneRoad/Mask-03.asset using Guid(df1e863caf3bc5441a0d4c507b76c311) (NativeFormatImporter) -> (artifact id: 'a9a2fb8e8c6cb1c0cdbe880f9de699ac') in 0.0012178 seconds
Start importing Assets/LayeredTerrain/GrassSoil/Square/LandformGrass/GrassSquareLandformTileSet.asset using Guid(ef399dc10411dd84ab6a276f72e506ea) (NativeFormatImporter) -> (artifact id: '3f3f806b6373e60abb62a5adaf65a9f7') in 0.0012755 seconds
Refreshing native plugins compatible for Editor in 0.16 ms, found 0 plugins.
Preloading 0 native plugins for Editor in 0.00 ms.
Asset Pipeline Refresh (id=d386edb6a212cbc44af322bd318ae338): Total: 0.094 seconds - Initiated by StopAssetImportingV2(NoUpdateAssetOptions)
Native 256 px square grass, soil and stone-road landforms generated.
UnityEngine.Debug:ExtractStackTraceNoAlloc (byte*,int,string)
UnityEngine.StackTraceUtility:ExtractStackTrace ()
UnityEngine.DebugLogHandler:Internal_Log (UnityEngine.LogType,UnityEngine.LogOption,string,UnityEngine.Object)
UnityEngine.DebugLogHandler:LogFormat (UnityEngine.LogType,UnityEngine.Object,string,object[])
UnityEngine.Logger:Log (UnityEngine.LogType,object)
UnityEngine.Debug:Log (object)
FruitDefense.Editor.SquareTerrainArtGenerator:GenerateDeterministicLandforms () (at Assets/Editor/Tools/SquareTerrainArtGenerator.cs:87)
FruitDefense.Editor.SquareTerrainArtGenerator:GenerateAvailableSquareAssets () (at Assets/Editor/Tools/SquareTerrainArtGenerator.cs:134)
FruitDefense.Editor.LayeredTerrainArtSetup:EnsurePaletteAssets () (at Assets/Editor/Tools/LayeredTerrainArtSetup.cs:62)
FruitDefense.Editor.LayeredTerrainPainterSmoke:Validate () (at Assets/Editor/Tests/LayeredTerrainPainterSmoke.cs:18)
FruitDefense.Editor.ProjectSetup:SmokeValidate () (at Assets/Editor/Tools/ProjectSetup.cs:248)
FruitDefense.Editor.P0ValidationSuite:Run () (at Assets/Editor/Tests/P0ValidationSuite.cs:18)

(Filename: Assets/Editor/Tools/SquareTerrainArtGenerator.cs Line: 87)

Asset Pipeline Refresh (id=2e445064c178b5b458d17147f0b1f4a1): Total: 0.033 seconds - Initiated by RefreshV2(NoUpdateAssetOptions)
Start importing Assets/LayeredTerrain/GrassSoil/Square/EdgeGrassOnSoilPainted/Mask-15.asset using Guid(a17969b175ec3354c8fe533c48257f94) (NativeFormatImporter) -> (artifact id: '99f211a0ff210a0c86467a3e625714fe') in 0.001657 seconds
Start importing Assets/LayeredTerrain/GrassSoil/Square/EdgeGrassOnSoilPainted/Mask-04.asset using Guid(e2449efc0c1116648a5b9cbfe33d8e81) (NativeFormatImporter) -> (artifact id: '18145ed9e628d5f8340c44824db6c8be') in 0.0013804 seconds
Start importing Assets/LayeredTerrain/GrassSoil/Square/EdgeGrassOnSoilPainted/Mask-14.asset using Guid(4328f421ed4ea34439d6e4e50990e24a) (NativeFormatImporter) -> (artifact id: '6bbe4451c7dca2d4de869403308041cf') in 0.0015237 seconds
Start importing Assets/LayeredTerrain/GrassSoil/Square/EdgeGrassOnSoilPainted/Mask-11.asset using Guid(04aab987cd98a4440b66bb727667d8db) (NativeFormatImporter) -> (artifact id: 'eb6fb6ecd423e575e0946462aa243d66') in 0.0013582 seconds
Start importing Assets/LayeredTerrain/GrassSoil/Square/EdgeGrassOnSoilPainted/Mask-13.asset using Guid(75f61e4d96323eb4e906226b1dd8a16a) (NativeFormatImporter) -> (artifact id: '7952dc870547efbd422b012b46d2b17a') in 0.0017203 seconds
Start importing Assets/LayeredTerrain/GrassSoil/Square/EdgeGrassOnSoilPainted/Mask-08.asset using Guid(062a9acbc752b0342becc47471c8dad4) (NativeFormatImporter) -> (artifact id: 'ee86fce3dc4587f247fc6e398cfff9cd') in 0.0013845 seconds
Start importing Assets/LayeredTerrain/GrassSoil/Square/EdgeGrassOnSoilPainted/Mask-12.asset using Guid(17347530ba5655e4cb59ff249a976ea1) (NativeFormatImporter) -> (artifact id: '27e6bc4eabc1e74cb23636389ffd9263') in 0.0012741 seconds
Start importing Assets/LayeredTerrain/GrassSoil/Square/EdgeGrassOnSoilPainted/Mask-00.asset using Guid(676ca911d7a7bbf408a30856d7cc6990) (NativeFormatImporter) -> (artifact id: '557d3d98682769dd5e96ded56f4299cf') in 0.0013177 seconds
Start importing Assets/LayeredTerrain/GrassSoil/Square/EdgeGrassOnSoilPainted/Mask-10.asset using Guid(e75c1031ec799e0448fd29d3082006b4) (NativeFormatImporter) -> (artifact id: 'c8e41218e8984dd46c91b31d7703de4f') in 0.0012423 seconds
Start importing Assets/LayeredTerrain/GrassSoil/Square/EdgeGrassOnSoilPainted/Mask-09.asset using Guid(a8a7730f3a6dd484198f1b19fed8a24f) (NativeFormatImporter) -> (artifact id: '5597baddb442bf8a928e37d39723d50b') in 0.0013213 seconds
Start importing Assets/LayeredTerrain/GrassSoil/Square/EdgeGrassOnSoilPainted/Mask-07.asset using Guid(f8b2f90201834fa478634d3f30f6af16) (NativeFormatImporter) -> (artifact id: 'a306cb5e617a8648a67a81dc94516e9e') in 0.0012595 seconds
Start importing Assets/LayeredTerrain/GrassSoil/Square/EdgeGrassOnSoilPainted/Mask-06.asset using Guid(19882d23e028ac94e8abd02f91624ba8) (NativeFormatImporter) -> (artifact id: '54900e8224e5828f7c6a4f69fec6db72') in 0.0012032 seconds
Start importing Assets/LayeredTerrain/GrassSoil/Square/EdgeGrassOnSoilPainted/Mask-01.asset using Guid(b94d4b2cd03a1b04b83a81974d966227) (NativeFormatImporter) -> (artifact id: '7caf427609fab688c51f9caa2ce6a79f') in 0.0014905 seconds
Start importing Assets/LayeredTerrain/GrassSoil/Square/EdgeGrassOnSoilPainted/Mask-03.asset using Guid(1a4a3cc4af69bbc4aaabde52016c4f95) (NativeFormatImporter) -> (artifact id: 'af45f85c0f45a239757e36be7c184f6c') in 0.0012093 seconds
Start importing Assets/LayeredTerrain/GrassSoil/Square/EdgeGrassOnSoilPainted/Mask-05.asset using Guid(bacdc75efb95eda42aa6803845d196c4) (NativeFormatImporter) -> (artifact id: '6d469253745d86e884993bfadfef01d0') in 0.0014492 seconds
Start importing Assets/LayeredTerrain/GrassSoil/Square/EdgeGrassOnSoilPainted/GrassOnSoilSquarePaintedTileSet.asset using Guid(1b984e39e61f8734d8c54b032e84c3a3) (NativeFormatImporter) -> (artifact id: '612bda68ec02f7c1be620eb4ba627873') in 0.0014857 seconds
Start importing Assets/LayeredTerrain/GrassSoil/Square/EdgeGrassOnSoilPainted/Mask-02.asset using Guid(8d6a7e51f29762f4796204a57546e522) (NativeFormatImporter) -> (artifact id: '504e9a251c8e415c78cba5f93910b005') in 0.0014336 seconds
Refreshing native plugins compatible for Editor in 0.17 ms, found 0 plugins.
Preloading 0 native plugins for Editor in 0.00 ms.
Asset Pipeline Refresh (id=abec435e52a36f847a6a934f4229497d): Total: 0.039 seconds - Initiated by StopAssetImportingV2(NoUpdateAssetOptions)
Accepted ribbon lip profile packaged as a top-down grass feather with base-grass RGB, guide-owned topology and no soil wall or outline.
UnityEngine.Debug:ExtractStackTraceNoAlloc (byte*,int,string)
UnityEngine.StackTraceUtility:ExtractStackTrace ()
UnityEngine.DebugLogHandler:Internal_Log (UnityEngine.LogType,UnityEngine.LogOption,string,UnityEngine.Object)
UnityEngine.DebugLogHandler:LogFormat (UnityEngine.LogType,UnityEngine.Object,string,object[])
UnityEngine.Logger:Log (UnityEngine.LogType,object)
UnityEngine.Debug:Log (object)
FruitDefense.Editor.SquareTerrainArtGenerator:PackageAcceptedGrassOnSoilCandidate () (at Assets/Editor/Tools/SquareTerrainArtGenerator.cs:126)
FruitDefense.Editor.SquareTerrainArtGenerator:GenerateAvailableSquareAssets () (at Assets/Editor/Tools/SquareTerrainArtGenerator.cs:138)
FruitDefense.Editor.LayeredTerrainArtSetup:EnsurePaletteAssets () (at Assets/Editor/Tools/LayeredTerrainArtSetup.cs:62)
FruitDefense.Editor.LayeredTerrainPainterSmoke:Validate () (at Assets/Editor/Tests/LayeredTerrainPainterSmoke.cs:18)
FruitDefense.Editor.ProjectSetup:SmokeValidate () (at Assets/Editor/Tools/ProjectSetup.cs:248)
FruitDefense.Editor.P0ValidationSuite:Run () (at Assets/Editor/Tests/P0ValidationSuite.cs:18)

(Filename: Assets/Editor/Tools/SquareTerrainArtGenerator.cs Line: 126)

Start importing Assets/LayeredTerrain/GrassSoil/LandformSoil/Mask-07.asset using Guid(40244693c163e6541baff892b129cb00) (NativeFormatImporter) -> (artifact id: 'e65830c68ae7e03467001a0296ab0069') in 0.0014912 seconds
Start importing Assets/LayeredTerrain/GrassSoil/EdgeGrassOnSoilRefined/Mask-07.asset using Guid(418e9fec0ca97b64ab0f4c86dc0fd006) (NativeFormatImporter) -> (artifact id: 'cd9c2cf18fdd38f609098f7d0cc15714') in 0.0013132 seconds
Start importing Assets/LayeredTerrain/CompositeBrushes/OriginalGrassSoil/OriginalGrassSoilReverseLandformTileSet.asset using Guid(813c3f8ce1d51a24093ce2c5ed1547fa) (NativeFormatImporter) -> (artifact id: 'b5291246265ecb7af0dd8a3a19f371a0') in 0.0013459 seconds
Start importing Assets/LayeredTerrain/GrassSoil/Authoring/SoilBase.asset using Guid(a158e7b4dd9e7c448b398f9b22a9f9c2) (NativeFormatImporter) -> (artifact id: '1d93f5ffd6651520cc292a513066cccb') in 0.0012727 seconds
Start importing Assets/LayeredTerrain/GrassSoil/EdgeGrassOnSoilRefined/Mask-05.asset using Guid(f15a3346efbbefb40babba4ef8f6ffa7) (NativeFormatImporter) -> (artifact id: '0325b05872f53d4d8922d91b29b864f9') in 0.0014172 seconds
Start importing Assets/LayeredTerrain/GrassSoil/LandformSoil/Mask-04.asset using Guid(f1fab5de0afca5445ba4970fcd52bbbe) (NativeFormatImporter) -> (artifact id: '09085b923c9ce06113de808e0225d25b') in 0.0016907 seconds
Start importing Assets/LayeredTerrain/GrassSoil/EdgeGrassOnSoilRefined/Mask-14.asset using Guid(1292b21714ab41b4197a410a29053ee2) (NativeFormatImporter) -> (artifact id: '113ba810aee874d1280699a85e7183b6') in 0.0014012 seconds
Start importing Assets/LayeredTerrain/GrassSoil/LandformGrass/Mask-08.asset using Guid(52e1998e35a61a047bd24dd910b6bb8c) (NativeFormatImporter) -> (artifact id: '675f77c88e6e0d975abaaae9f510d95d') in 0.0015191 seconds
Start importing Assets/LayeredTerrain/GrassSoil/EdgeGrassOnSoilRefined/Mask-15.asset using Guid(a2ee8cf7722d54542bb6934c3c7acca3) (NativeFormatImporter) -> (artifact id: '6edcf8d7d3f26ee03919cdd607084ab1') in 0.0013465 seconds
Start importing Assets/LayeredTerrain/GrassSoil/EdgeGrassOnSoilRefined/Mask-11.asset using Guid(c29b700cc6f883f4d8d20d2a190eee05) (NativeFormatImporter) -> (artifact id: 'f51c180f858faa73b198142b42927cfc') in 0.0012752 seconds
Start importing Assets/LayeredTerrain/GrassSoil/LandformGrass/Mask-07.asset using Guid(d285b7a144ce1134ba6f4b02b003db14) (NativeFormatImporter) -> (artifact id: '0038d19d51d9c42dea9465db3b105f39') in 0.0012992 seconds
Start importing Assets/LayeredTerrain/GrassSoil/LandformSoil/Mask-01.asset using Guid(030d3f064f313fe4aa4dd2ab0ae33f07) (NativeFormatImporter) -> (artifact id: '3fd5251983b6578fd68bf6bc3bb3b4e3') in 0.0012321 seconds
Start importing Assets/LayeredTerrain/GrassSoil/EdgeGrassOnSoilRefined/Mask-10.asset using Guid(c32eb2f88b196e04f96b1b2b04ea7efe) (NativeFormatImporter) -> (artifact id: '2d01cd9893dc47967ba87373e479eb7e') in 0.0012274 seconds
Start importing Assets/LayeredTerrain/GrassSoil/LandformSoil/Mask-13.asset using Guid(04bdecbe02f95ef46986c7056c2b7c3b) (NativeFormatImporter) -> (artifact id: '15f31c02a38b8c10ecc25938dd45d64e') in 0.0013474 seconds
Start importing Assets/LayeredTerrain/GrassSoil/EdgeGrassOnSoilRefined/Mask-00.asset using Guid(e4a3c845026f4254892939518018693f) (NativeFormatImporter) -> (artifact id: '3a031e969e7d12b8ad7d8420c2b35c82') in 0.0013 seconds
Start importing Assets/LayeredTerrain/GrassSoil/LandformSoil/Mask-03.asset using Guid(15a3542839f831f41a0a24e5e9e2f22c) (NativeFormatImporter) -> (artifact id: '6e77d59b695c8200cb85f17fa75a4b54') in 0.0013066 seconds
Start importing Assets/LayeredTerrain/GrassSoil/LandformSoil/Mask-02.asset using Guid(f587922c248637745a6249f84c52611e) (NativeFormatImporter) -> (artifact id: '75844366cc32f023f1e40453bee8aa54') in 0.0014016 seconds
Start importing Assets/LayeredTerrain/GrassSoil/LandformGrass/Mask-09.asset using Guid(165dc20b52db7d14488b55217f6ac108) (NativeFormatImporter) -> (artifact id: '72e38899c33e0e3ced6ed6d0356b17dc') in 0.0018674 seconds
Start importing Assets/LayeredTerrain/GrassSoil/LandformSoil/Mask-11.asset using Guid(86718e5a68b1dcc47854d71bba5a1c17) (NativeFormatImporter) -> (artifact id: '04f57e67d298deb7839321669f6f5937') in 0.0021149 seconds
Start importing Assets/LayeredTerrain/GrassSoil/EdgeGrassOnSoilRefined/Mask-09.asset using Guid(86c349d56e9db3e4e849d6749cdfbfbe) (NativeFormatImporter) -> (artifact id: 'a3a3937713e26dae2d17075614e230de') in 0.0023622 seconds
Start importing Assets/LayeredTerrain/CompositeBrushes/GrassSoil/GrassSoilReverseLandformTileSet.asset using Guid(17ff6febab517824eb695d29e0459a1f) (NativeFormatImporter) -> (artifact id: '3aac16350dc78571bdc4c034dd153e34') in 0.001564 seconds
Start importing Assets/LayeredTerrain/GrassSoil/LandformSoil/Mask-09.asset using Guid(478b7d64a48c32541abd22cde03a7210) (NativeFormatImporter) -> (artifact id: 'df61b4f661f9c0aded60f089bd901d4a') in 0.0012606 seconds
Start importing Assets/LayeredTerrain/GrassSoil/LandformSoil/Mask-05.asset using Guid(878e7bb9dfa805f47b4b88fef4623c4b) (NativeFormatImporter) -> (artifact id: '6433cd5ece3fc29e9694b9c40d1cce7b') in 0.0012666 seconds
Start importing Assets/LayeredTerrain/CompositeBrushes/StoneWater/StoneWaterReverseLandformTileSet.asset using Guid(97ffcbb8c3ab6264e80693ccaf0c43de) (NativeFormatImporter) -> (artifact id: '098d79a46ae44df4e4eabca0ead85233') in 0.0012258 seconds
Start importing Assets/LayeredTerrain/GrassSoil/LandformSoil/Mask-14.asset using Guid(a7806afe4f019d445bbf552f9eece05e) (NativeFormatImporter) -> (artifact id: 'e86c3f661d3698b3e540fda453881940') in 0.0013538 seconds
Start importing Assets/LayeredTerrain/GrassSoil/EdgeGrassOnSoilRefined/Mask-13.asset using Guid(a7d1a82699efeae47a6ca0a5bb112ae7) (NativeFormatImporter) -> (artifact id: 'a78e3ab795bab51c2fb8875ea81a3142') in 0.0015901 seconds
Start importing Assets/LayeredTerrain/GrassSoil/EdgeGrassOnSoilRefined/GrassOnSoilRefinedTileSet.asset using Guid(b75665e5083dab441a2805aa7b5e1562) (NativeFormatImporter) -> (artifact id: '9a378045af94549dd04c416ddd049034') in 0.0013354 seconds
Start importing Assets/LayeredTerrain/GrassSoil/LandformGrass/Mask-14.asset using Guid(c7287b8c949516949b483b111ceb39a0) (NativeFormatImporter) -> (artifact id: '742a261e597b802d91fa4c4b50193514') in 0.0013817 seconds
Start importing Assets/LayeredTerrain/GrassSoil/LandformSoil/Mask-00.asset using Guid(88d5b3d83381240419fa7d0a9d6c2c63) (NativeFormatImporter) -> (artifact id: 'ec59939a8b52efe47b329a71ceccb6a9') in 0.0013112 seconds
Start importing Assets/LayeredTerrain/GrassSoil/LandformGrass/Mask-13.asset using Guid(e80621ea42744c243ac2ec385c32b338) (NativeFormatImporter) -> (artifact id: 'c073a20a8e0628f7baf4a55a699ae105') in 0.0012985 seconds
Start importing Assets/LayeredTerrain/GrassSoil/LandformGrass/Mask-00.asset using Guid(c92ffc9e81d587840892eb05cf844fbf) (NativeFormatImporter) -> (artifact id: '6de21ee1cddad2dc5dc822438a8f4094') in 0.0014912 seconds
Start importing Assets/LayeredTerrain/GrassSoil/LandformSoil/Mask-08.asset using Guid(d98e1448816e2f443a1e4e6b40e7cc25) (NativeFormatImporter) -> (artifact id: '8c84979613e06175002d882607152e4e') in 0.0013395 seconds
Start importing Assets/LayeredTerrain/GrassSoil/LandformSoil/Mask-15.asset using Guid(e95509ac4ec30484ab37daa221658805) (NativeFormatImporter) -> (artifact id: 'f96248f32c56c962dfe506862d5fb21b') in 0.0012691 seconds
Start importing Assets/LayeredTerrain/GrassSoil/EdgeGrassOnSoilRefined/Mask-06.asset using Guid(e9ac41d989ad93f4ca1a691487107c16) (NativeFormatImporter) -> (artifact id: 'e9daccbac2653977ee343c02f273f598') in 0.001269 seconds
Start importing Assets/LayeredTerrain/GrassSoil/LandformSoil/Mask-10.asset using Guid(f95d6c7578efacd4cb1f12c63e1d8ff8) (NativeFormatImporter) -> (artifact id: '90d43f8749769d1781298dd6bba5d61f') in 0.0012831 seconds
Start importing Assets/LayeredTerrain/GrassSoil/LandformGrass/Mask-10.asset using Guid(0a64b675a1f765c409b8f9deea1eb208) (NativeFormatImporter) -> (artifact id: '09c03947b8c465db650824308fe637f1') in 0.0014235 seconds
Start importing Assets/LayeredTerrain/GrassSoil/EdgeGrassOnSoilRefined/Mask-12.asset using Guid(3a09b8d94e4515f4fa39c4292c8052a7) (NativeFormatImporter) -> (artifact id: 'af83cf963396621d9d3bad458f6ed2a9') in 0.0012647 seconds
Start importing Assets/LayeredTerrain/GrassSoil/LandformSoil/Mask-06.asset using Guid(4ab46eb735954bf45977209e4a936a01) (NativeFormatImporter) -> (artifact id: '8450f37df15f7709b95c5c346493f1fd') in 0.0012387 seconds
Start importing Assets/LayeredTerrain/GrassSoil/LandformGrass/Mask-15.asset using Guid(7a5208b63b1d6284285e932c3708e65d) (NativeFormatImporter) -> (artifact id: '67ddae65d0c7a750e13eb34b9baf8365') in 0.0012228 seconds
Start importing Assets/LayeredTerrain/GrassSoil/LandformGrass/Mask-05.asset using Guid(3b4a2864fb45c5b4fae56fc1f697bbdd) (NativeFormatImporter) -> (artifact id: 'cf3f476c92289c5b074cb8ea3198ce61') in 0.0013081 seconds
Start importing Assets/LayeredTerrain/GrassSoil/EdgeGrassOnSoilRefined/Mask-08.asset using Guid(9b3d0613b51d86146bf5ea0994b42ddd) (NativeFormatImporter) -> (artifact id: '4e302c1a03e18f66e6c41c139ec180d3') in 0.0012428 seconds
Start importing Assets/LayeredTerrain/GrassSoil/LandformGrass/Mask-11.asset using Guid(bb6bc251a6bbcf54480e7f80f2181f2a) (NativeFormatImporter) -> (artifact id: '857582d6d96bb87d66880447573db021') in 0.0012094 seconds
Start importing Assets/LayeredTerrain/GrassSoil/LandformSoil/Mask-12.asset using Guid(3cfb4949c07b1bf43bc66661515525d7) (NativeFormatImporter) -> (artifact id: '3a6ea6ab140b5d680c9d80d68e71cee7') in 0.0012225 seconds
Start importing Assets/LayeredTerrain/GrassSoil/EdgeGrassOnSoilRefined/Mask-04.asset using Guid(6cca3f06a711ab34992417d66eeec087) (NativeFormatImporter) -> (artifact id: 'be2a2aeb01573b6be77d3a2b070fef25') in 0.0012548 seconds
Start importing Assets/LayeredTerrain/GrassSoil/Authoring/GrassBase.asset using Guid(3d71b1ea4e270714eb43b3b4541cda21) (NativeFormatImporter) -> (artifact id: '3f5ae16e96393bccc7f5f4d3650a3ce6') in 0.0015116 seconds
Start importing Assets/LayeredTerrain/GrassSoil/LandformGrass/Mask-06.asset using Guid(5d15d49b3c156ae479bd995b33107c67) (NativeFormatImporter) -> (artifact id: '05abb2ca9d5f1492af0ec896fb864d4e') in 0.0012068 seconds
Start importing Assets/LayeredTerrain/GrassSoil/LandformGrass/Mask-01.asset using Guid(7d609e3f17078a44f9a89e21b68ae180) (NativeFormatImporter) -> (artifact id: 'a1ebd9002be9baca60bb274969bc4dc2') in 0.0012081 seconds
Start importing Assets/LayeredTerrain/GrassSoil/LandformGrass/Mask-04.asset using Guid(ede22ab8e9b7bcc4da28aa41887e8614) (NativeFormatImporter) -> (artifact id: '42c1c0d805e7b323f147012ab0eb20fb') in 0.001233 seconds
Start importing Assets/LayeredTerrain/GrassSoil/LandformSoil/SoilLandformTileSet.asset using Guid(3e1155418d0567f44af4b96697c9dd09) (NativeFormatImporter) -> (artifact id: 'df15b8c45196950bc4219bee97aafc82') in 0.0013931 seconds
Start importing Assets/LayeredTerrain/GrassSoil/EdgeGrassOnSoilRefined/Mask-02.asset using Guid(6ef5433501c908740932ed7d05777790) (NativeFormatImporter) -> (artifact id: '25936841c896ee6e32acaadabe2f5ad9') in 0.0011909 seconds
Start importing Assets/LayeredTerrain/GrassSoil/EdgeGrassOnSoilRefined/Mask-01.asset using Guid(8e0671f07975b7c43b734d81c5ff11bc) (NativeFormatImporter) -> (artifact id: 'c6f3c5aa165967eeb465f4156418931b') in 0.0012363 seconds
Start importing Assets/LayeredTerrain/GrassSoil/EdgeGrassOnSoilRefined/Mask-03.asset using Guid(de5135a77f40df84b9a7170011242e63) (NativeFormatImporter) -> (artifact id: 'c4b8007304dbcd55f4ed04fb4957f5a6') in 0.0012147 seconds
Start importing Assets/LayeredTerrain/GrassSoil/LandformGrass/GrassLandformTileSet.asset using Guid(2fc47b69529dfb541a089c835adb5ce8) (NativeFormatImporter) -> (artifact id: '7d9b947ceee84338616124256f8ad829') in 0.0012349 seconds
Start importing Assets/LayeredTerrain/GrassSoil/LandformGrass/Mask-12.asset using Guid(bfcde0f6045b297478b7cca21b2bd212) (NativeFormatImporter) -> (artifact id: 'fcc2d08d622fb7725cf22421d7d46e31') in 0.0012681 seconds
Start importing Assets/LayeredTerrain/GrassSoil/LandformGrass/Mask-02.asset using Guid(cfb8b16aec24e064ba3c8b202f110c99) (NativeFormatImporter) -> (artifact id: '918a9e9785ac5cd4f4174f2fe29d6d53') in 0.0012566 seconds
Start importing Assets/LayeredTerrain/GrassSoil/LandformGrass/Mask-03.asset using Guid(cf797356fdd5ba54fb021059b4e0c786) (NativeFormatImporter) -> (artifact id: '297c0fc42e401c9d7fd0a377a3b5b28e') in 0.0016737 seconds
Refreshing native plugins compatible for Editor in 0.16 ms, found 0 plugins.
Preloading 0 native plugins for Editor in 0.00 ms.
Asset Pipeline Refresh (id=448cc5911d538d14bbab1a12fc4d0262): Total: 0.104 seconds - Initiated by StopAssetImportingV2(NoUpdateAssetOptions)
Start importing Assets/LayeredTerrain/CompositeBrushes/OriginalGrassSoil/OriginalGrassSoilBrush.asset using Guid(21a71232d6e654e4b8c7960242ff7182) (NativeFormatImporter) -> (artifact id: '3547d87e50bc075e0e2036afaef240e2') in 0.0017831 seconds
Start importing Assets/LayeredTerrain/CompositeBrushes/OriginalGrassSoil/OriginalGrassSoilReverseLandformTileSet.asset using Guid(813c3f8ce1d51a24093ce2c5ed1547fa) (NativeFormatImporter) -> (artifact id: 'b5291246265ecb7af0dd8a3a19f371a0') in 0.0013571 seconds
Refreshing native plugins compatible for Editor in 0.15 ms, found 0 plugins.
Preloading 0 native plugins for Editor in 0.00 ms.
Asset Pipeline Refresh (id=4b85d59c882b1fe48948c0fa36fefbd2): Total: 0.013 seconds - Initiated by StopAssetImportingV2(NoUpdateAssetOptions)
Start importing Assets/Battlefield/Terrain/OrchardDefaultTerrainPalette.asset using Guid(8f09d513b82ee0048abd5a50378dbb0c) (NativeFormatImporter) -> (artifact id: 'af117db4ea5f59db66e2603074e05e44') in 0.0016553 seconds
Refreshing native plugins compatible for Editor in 0.14 ms, found 0 plugins.
Preloading 0 native plugins for Editor in 0.00 ms.
Asset Pipeline Refresh (id=89da1a171c1ab154187d9886adbf589e): Total: 0.010 seconds - Initiated by StopAssetImportingV2(NoUpdateAssetOptions)
Asset Pipeline Refresh (id=c45cf461c54422d419755806b44fd1cb): Total: 0.011 seconds - Initiated by RefreshV2(NoUpdateAssetOptions)
Asset Pipeline Refresh (id=7524afbd6088c4644816ff491ec2b285): Total: 0.037 seconds - Initiated by RefreshV2(NoUpdateAssetOptions)
Square contour topology guide generated: Assets/LayeredTerrain/GrassSoil/Square/Topology/SquareContourTopologyGuide.png
UnityEngine.Debug:ExtractStackTraceNoAlloc (byte*,int,string)
UnityEngine.StackTraceUtility:ExtractStackTrace ()
UnityEngine.DebugLogHandler:Internal_Log (UnityEngine.LogType,UnityEngine.LogOption,string,UnityEngine.Object)
UnityEngine.DebugLogHandler:LogFormat (UnityEngine.LogType,UnityEngine.Object,string,object[])
UnityEngine.Logger:Log (UnityEngine.LogType,object)
UnityEngine.Debug:Log (object)
FruitDefense.Editor.SquareTerrainArtGenerator:GenerateTopologyGuide () (at Assets/Editor/Tools/SquareTerrainArtGenerator.cs:42)
FruitDefense.Editor.SquareTerrainArtGenerator:GenerateAvailableSquareAssets () (at Assets/Editor/Tools/SquareTerrainArtGenerator.cs:133)
FruitDefense.Editor.LayeredTerrainArtSetup:EnsurePaletteAssets () (at Assets/Editor/Tools/LayeredTerrainArtSetup.cs:62)
FruitDefense.Editor.LayeredTerrainPainterSmoke:ValidateRegisteredBrushApplication () (at Assets/Editor/Tests/LayeredTerrainPainterSmoke.cs:99)
FruitDefense.Editor.LayeredTerrainPainterSmoke:Validate () (at Assets/Editor/Tests/LayeredTerrainPainterSmoke.cs:26)
FruitDefense.Editor.ProjectSetup:SmokeValidate () (at Assets/Editor/Tools/ProjectSetup.cs:248)
FruitDefense.Editor.P0ValidationSuite:Run () (at Assets/Editor/Tests/P0ValidationSuite.cs:18)

(Filename: Assets/Editor/Tools/SquareTerrainArtGenerator.cs Line: 42)

Asset Pipeline Refresh (id=6b48fa1886548e44fb6551e1352738ba): Total: 0.035 seconds - Initiated by RefreshV2(NoUpdateAssetOptions)
Asset Pipeline Refresh (id=0e3327e45bee3ec40b1df68404ffa4fa): Total: 0.034 seconds - Initiated by RefreshV2(NoUpdateAssetOptions)
Asset Pipeline Refresh (id=88e55ae10c22c5845b7671d00c333c5f): Total: 0.040 seconds - Initiated by RefreshV2(NoUpdateAssetOptions)
Start importing Assets/LayeredTerrain/GrassSoil/Square/LandformStoneRoad/Mask-07.asset using Guid(b02fd980a2abc6b41974d859a777fb1d) (NativeFormatImporter) -> (artifact id: '09027e8d963d8fd928277d96f7735e27') in 0.0015259 seconds
Start importing Assets/LayeredTerrain/GrassSoil/Square/LandformGrass/Mask-05.asset using Guid(d04330ef8020b8a41b9e4589cb202101) (NativeFormatImporter) -> (artifact id: '4e5972f1b6c2ded32e8e48532b67135b') in 0.0012952 seconds
Start importing Assets/LayeredTerrain/GrassSoil/Square/LandformGrass/Mask-12.asset using Guid(d00b41817e9bc0741ad148ea3e94519a) (NativeFormatImporter) -> (artifact id: '9d0a3a48e4156b96b3c76ca702bf7bff') in 0.0013617 seconds
Start importing Assets/LayeredTerrain/GrassSoil/Square/LandformStoneRoad/Mask-13.asset using Guid(116a8c3b6ac195a4ebb8e3c7a9989ddc) (NativeFormatImporter) -> (artifact id: '871e193410b26687800828802aef7920') in 0.0012358 seconds
Start importing Assets/LayeredTerrain/GrassSoil/Square/LandformGrass/Mask-02.asset using Guid(315648227c153724090125e98f4cba15) (NativeFormatImporter) -> (artifact id: 'd08b86b0e86b5ac26e9107766d5008d1') in 0.0012868 seconds
Start importing Assets/LayeredTerrain/GrassSoil/Square/LandformStoneRoad/Mask-11.asset using Guid(519050a0a5a9f5847b095ee0b83437a0) (NativeFormatImporter) -> (artifact id: 'ae100c2ae270a66d81134616e885003c') in 0.0011814 seconds
Start importing Assets/LayeredTerrain/GrassSoil/Square/LandformGrass/Mask-14.asset using Guid(81815b76ad7c06c47bf1bc7b65624ffd) (NativeFormatImporter) -> (artifact id: 'e00c4c5ecbd51682bc3c65bf8d862a23') in 0.0012337 seconds
Start importing Assets/LayeredTerrain/GrassSoil/Square/LandformSoil/Mask-03.asset using Guid(b1c5384b4651e4a4a82d483cc64aae79) (NativeFormatImporter) -> (artifact id: '45c12fb41048b850cd7cb0f3e535436a') in 0.0012329 seconds
Start importing Assets/LayeredTerrain/GrassSoil/Square/LandformGrass/Mask-15.asset using Guid(027119ab30d86a546a5d935d6e9ec608) (NativeFormatImporter) -> (artifact id: '7e821f282e19a2a4d5825e548df9693a') in 0.0012231 seconds
Start importing Assets/LayeredTerrain/GrassSoil/Square/LandformGrass/Mask-00.asset using Guid(13f70a46e499e0146bffd256e7c14483) (NativeFormatImporter) -> (artifact id: '2a9713a59b72231d0d554c49e274b85a') in 0.0012348 seconds
Start importing Assets/LayeredTerrain/GrassSoil/Square/LandformSoil/Mask-00.asset using Guid(8303f71f8469fd7459473d47391ab0b3) (NativeFormatImporter) -> (artifact id: '1442dfc314550b70b27dde3dada60cc7') in 0.0012109 seconds
Start importing Assets/LayeredTerrain/GrassSoil/Square/LandformSoil/Mask-01.asset using Guid(d33072ada9e1bb749adcc5938680d51a) (NativeFormatImporter) -> (artifact id: '7a8f58bad24b64f744799cb0b0b9228f') in 0.0012575 seconds
Start importing Assets/LayeredTerrain/GrassSoil/Square/LandformStoneRoad/Mask-09.asset using Guid(d30b19c2c64338a4fa9211b305cf65b1) (NativeFormatImporter) -> (artifact id: '59211e6be04f7e5724ec1a1b38221d71') in 0.0012509 seconds
Start importing Assets/LayeredTerrain/GrassSoil/Square/LandformSoil/Mask-13.asset using Guid(548b829df136ae948902efdc96ee70bb) (NativeFormatImporter) -> (artifact id: 'd770f2a72e8453a69c8ff146ee623ca5') in 0.0013492 seconds
Start importing Assets/LayeredTerrain/GrassSoil/Square/LandformStoneRoad/Mask-00.asset using Guid(74d1d4b679c3aec43af1bd30b6c4aea1) (NativeFormatImporter) -> (artifact id: '4c60ffb732228db343f89511449fce3b') in 0.0013521 seconds
Start importing Assets/LayeredTerrain/GrassSoil/Square/LandformGrass/Mask-01.asset using Guid(35cbc7e6bd8f2f84d9c7965779c9b2eb) (NativeFormatImporter) -> (artifact id: '7cd6fe12f157cd0a0b2a210183323c21') in 0.0013214 seconds
Start importing Assets/LayeredTerrain/GrassSoil/Square/LandformGrass/Mask-10.asset using Guid(5728d44dd2630ff40849746ce5d849d7) (NativeFormatImporter) -> (artifact id: '57d0e56c944d10ea9c02adfa74800a28') in 0.0012467 seconds
Start importing Assets/LayeredTerrain/GrassSoil/Square/LandformSoil/Mask-09.asset using Guid(67347eef4df492941b15d16b687e2cb7) (NativeFormatImporter) -> (artifact id: '0b3fee03fb07b35a5fbe9374ec056b4b') in 0.0012138 seconds
Start importing Assets/LayeredTerrain/GrassSoil/Square/LandformGrass/Mask-04.asset using Guid(87737865bdb87ec43864ad3d997d7626) (NativeFormatImporter) -> (artifact id: '83b9f8cc1d095defdc009bd1839b690f') in 0.0011894 seconds
Start importing Assets/LayeredTerrain/GrassSoil/Square/LandformSoil/Mask-02.asset using Guid(87e33da937f65d34fb027eebfd8c1343) (NativeFormatImporter) -> (artifact id: '031756e6cc2b3a5ef2ddcaf8740ee21f') in 0.0011974 seconds
Start importing Assets/LayeredTerrain/GrassSoil/Square/LandformGrass/Mask-08.asset using Guid(b781c12832a4cd84392ab7d35a405505) (NativeFormatImporter) -> (artifact id: 'c734ab3f59a9e28ca19de35691f15a63') in 0.0013312 seconds
Start importing Assets/LayeredTerrain/GrassSoil/Square/LandformStoneRoad/Mask-04.asset using Guid(f70ec30b59552144a97e4da8fea5520c) (NativeFormatImporter) -> (artifact id: '67ab708a109917ddbe110252083911c2') in 0.0015229 seconds
Start importing Assets/LayeredTerrain/GrassSoil/Square/LandformStoneRoad/Mask-05.asset using Guid(08c7afe6a1108a84b9f8ac99c7fa610e) (NativeFormatImporter) -> (artifact id: 'a8026e8f0c10f4b634f0c477d7f79ba5') in 0.0012456 seconds
Start importing Assets/LayeredTerrain/GrassSoil/Square/LandformStoneRoad/Mask-14.asset using Guid(39202684bd500f14184c5131ac46a6dd) (NativeFormatImporter) -> (artifact id: 'b43c0e8abc2951d26427ba0ee51e7ebb') in 0.0012367 seconds
Start importing Assets/LayeredTerrain/GrassSoil/Square/LandformSoil/SoilSquareLandformTileSet.asset using Guid(897d878e9497c6e4d935ea42058d6001) (NativeFormatImporter) -> (artifact id: '17e85a477bcdc5aaf3c7a2ca1f1f5d8e') in 0.0012524 seconds
Start importing Assets/LayeredTerrain/GrassSoil/Square/LandformStoneRoad/StoneRoadSquareLandformTileSet.asset using Guid(0a6730ef0e26d5b49b9ae3129ee21909) (NativeFormatImporter) -> (artifact id: '48456893df0f467254b3256235820444') in 0.0012577 seconds
Start importing Assets/LayeredTerrain/GrassSoil/Square/LandformStoneRoad/Mask-10.asset using Guid(caa578d738fb0414e820ab1e3541b03f) (NativeFormatImporter) -> (artifact id: 'be4dcdbbc4fe728152242b70b5e9bb78') in 0.0012265 seconds
Start importing Assets/LayeredTerrain/GrassSoil/Square/LandformSoil/Mask-07.asset using Guid(2ce20b5da48d1ae43956c41d22ecd92e) (NativeFormatImporter) -> (artifact id: '7c41af1778c9689fc8cf1f4e4fcccd2c') in 0.0012639 seconds
Start importing Assets/LayeredTerrain/GrassSoil/Square/LandformSoil/Mask-11.asset using Guid(2c6bd62321830da498ea7724ae626857) (NativeFormatImporter) -> (artifact id: 'b1033fab3dddb68d369a244413a84ab3') in 0.0015214 seconds
Start importing Assets/LayeredTerrain/GrassSoil/Square/LandformStoneRoad/Mask-15.asset using Guid(5cbc1f25709453b4a90de7054d0ce9b7) (NativeFormatImporter) -> (artifact id: 'ca75aea14a03badd729ba37b57fc7710') in 0.0012825 seconds
Start importing Assets/LayeredTerrain/GrassSoil/Square/LandformGrass/Mask-09.asset using Guid(8c5fb632240287d48a17621f58d3a651) (NativeFormatImporter) -> (artifact id: '77c6cf5113d6c96189dbf6818d84fd5f') in 0.0016003 seconds
Start importing Assets/LayeredTerrain/GrassSoil/Square/LandformSoil/Mask-12.asset using Guid(bc85f424c35a6c845b2186949136a828) (NativeFormatImporter) -> (artifact id: '08c355397adee775c3834a7a7a0bf465') in 0.0017324 seconds
Start importing Assets/LayeredTerrain/GrassSoil/Square/LandformSoil/Mask-10.asset using Guid(0dfe2c0efe3330c4d9570f0061d459b9) (NativeFormatImporter) -> (artifact id: '88decb540b9e036a0400c2d34dbc707c') in 0.0013556 seconds
Start importing Assets/LayeredTerrain/GrassSoil/Square/LandformGrass/Mask-03.asset using Guid(1db706b3e9547554e9081663c6442ba0) (NativeFormatImporter) -> (artifact id: 'fdfbe87044d88284093ccc42787947e0') in 0.0012509 seconds
Start importing Assets/LayeredTerrain/GrassSoil/Square/LandformStoneRoad/Mask-02.asset using Guid(1d9b71389b4697e4586703b25f185da7) (NativeFormatImporter) -> (artifact id: 'dbb50fa57ab28462356bbd1a8ebab835') in 0.0012451 seconds
Start importing Assets/LayeredTerrain/GrassSoil/Square/LandformSoil/Mask-05.asset using Guid(2de42da45e48f974e9a74a6970e6e643) (NativeFormatImporter) -> (artifact id: '6e739e360d22b33fd378e6acefe9d800') in 0.0013086 seconds
Start importing Assets/LayeredTerrain/GrassSoil/Square/LandformGrass/Mask-11.asset using Guid(5d253dc28016ae64db4653758ac0af88) (NativeFormatImporter) -> (artifact id: '4dbb166b77c04b10385ee89749d834d3') in 0.0012613 seconds
Start importing Assets/LayeredTerrain/GrassSoil/Square/LandformSoil/Mask-04.asset using Guid(5d4806f722710eb40b1cf937cc6498b6) (NativeFormatImporter) -> (artifact id: 'a825e4a02be2364dca6cd5d251c2a1af') in 0.0012588 seconds
Start importing Assets/LayeredTerrain/GrassSoil/Square/LandformStoneRoad/Mask-01.asset using Guid(add98a42caf91414387900c1b29b92c6) (NativeFormatImporter) -> (artifact id: 'a1a43dffdd1f7cdd6311169ade464c57') in 0.0012516 seconds
Start importing Assets/LayeredTerrain/GrassSoil/Square/LandformGrass/Mask-06.asset using Guid(cd0f4d7279da9f84caa8c319e7ab29f9) (NativeFormatImporter) -> (artifact id: '52937737c65259daea7bed84aa0a8a04') in 0.0013731 seconds
Start importing Assets/LayeredTerrain/GrassSoil/Square/LandformGrass/Mask-07.asset using Guid(4e65cf042fab2c1448282809779edb8a) (NativeFormatImporter) -> (artifact id: '8cc68977b954eb6d618706e748b65e8b') in 0.001308 seconds
Start importing Assets/LayeredTerrain/GrassSoil/Square/LandformGrass/Mask-13.asset using Guid(7e2014d33d57f294f97dea5ed30b730c) (NativeFormatImporter) -> (artifact id: '93ec9328dc52bc61493ece4ef09f812b') in 0.0012288 seconds
Start importing Assets/LayeredTerrain/GrassSoil/Square/LandformSoil/Mask-14.asset using Guid(ae949dd8d7965fa41b1d3481d8bf8e30) (NativeFormatImporter) -> (artifact id: '13d3e8fadf25938fb6084c9eacdc285d') in 0.0012504 seconds
Start importing Assets/LayeredTerrain/GrassSoil/Square/LandformStoneRoad/Mask-08.asset using Guid(aecab5b9f537b5349adcff0900809717) (NativeFormatImporter) -> (artifact id: '6723e7d6eab214144e2a993643460ee5') in 0.0012279 seconds
Start importing Assets/LayeredTerrain/GrassSoil/Square/LandformSoil/Mask-15.asset using Guid(ce833c44287e15a44945e738038eb1c3) (NativeFormatImporter) -> (artifact id: '7c1ac2f82e318d432012af6c6509f07a') in 0.0012339 seconds
Start importing Assets/LayeredTerrain/GrassSoil/Square/LandformSoil/Mask-08.asset using Guid(ee6f4f16a4085914dbcb15919c60654c) (NativeFormatImporter) -> (artifact id: '2a403aad88716c1a9d6ee321599dc86f') in 0.0012042 seconds
Start importing Assets/LayeredTerrain/GrassSoil/Square/LandformStoneRoad/Mask-12.asset using Guid(2f49f6b2d05a8804097e79c69e515dc3) (NativeFormatImporter) -> (artifact id: '3512849ba8746b3929337e37047f52c2') in 0.0012259 seconds
Start importing Assets/LayeredTerrain/GrassSoil/Square/LandformSoil/Mask-06.asset using Guid(3ff6ff5cd14cc7441a6a84cdde5ff745) (NativeFormatImporter) -> (artifact id: 'c47a955bf9dc32d5bb761f8069ffd421') in 0.0012529 seconds
Start importing Assets/LayeredTerrain/GrassSoil/Square/LandformStoneRoad/Mask-06.asset using Guid(df46002ea561b404889b370e84a77f83) (NativeFormatImporter) -> (artifact id: 'c73fed30de3e790341265e9a3306482c') in 0.0012507 seconds
Start importing Assets/LayeredTerrain/GrassSoil/Square/LandformStoneRoad/Mask-03.asset using Guid(df1e863caf3bc5441a0d4c507b76c311) (NativeFormatImporter) -> (artifact id: 'a9a2fb8e8c6cb1c0cdbe880f9de699ac') in 0.0012204 seconds
Start importing Assets/LayeredTerrain/GrassSoil/Square/LandformGrass/GrassSquareLandformTileSet.asset using Guid(ef399dc10411dd84ab6a276f72e506ea) (NativeFormatImporter) -> (artifact id: '3f3f806b6373e60abb62a5adaf65a9f7') in 0.0013649 seconds
Refreshing native plugins compatible for Editor in 0.16 ms, found 0 plugins.
Preloading 0 native plugins for Editor in 0.00 ms.
Asset Pipeline Refresh (id=340dd81934bd70c40905fd8a25b5b482): Total: 0.091 seconds - Initiated by StopAssetImportingV2(NoUpdateAssetOptions)
Native 256 px square grass, soil and stone-road landforms generated.
UnityEngine.Debug:ExtractStackTraceNoAlloc (byte*,int,string)
UnityEngine.StackTraceUtility:ExtractStackTrace ()
UnityEngine.DebugLogHandler:Internal_Log (UnityEngine.LogType,UnityEngine.LogOption,string,UnityEngine.Object)
UnityEngine.DebugLogHandler:LogFormat (UnityEngine.LogType,UnityEngine.Object,string,object[])
UnityEngine.Logger:Log (UnityEngine.LogType,object)
UnityEngine.Debug:Log (object)
FruitDefense.Editor.SquareTerrainArtGenerator:GenerateDeterministicLandforms () (at Assets/Editor/Tools/SquareTerrainArtGenerator.cs:87)
FruitDefense.Editor.SquareTerrainArtGenerator:GenerateAvailableSquareAssets () (at Assets/Editor/Tools/SquareTerrainArtGenerator.cs:134)
FruitDefense.Editor.LayeredTerrainArtSetup:EnsurePaletteAssets () (at Assets/Editor/Tools/LayeredTerrainArtSetup.cs:62)
FruitDefense.Editor.LayeredTerrainPainterSmoke:ValidateRegisteredBrushApplication () (at Assets/Editor/Tests/LayeredTerrainPainterSmoke.cs:99)
FruitDefense.Editor.LayeredTerrainPainterSmoke:Validate () (at Assets/Editor/Tests/LayeredTerrainPainterSmoke.cs:26)
FruitDefense.Editor.ProjectSetup:SmokeValidate () (at Assets/Editor/Tools/ProjectSetup.cs:248)
FruitDefense.Editor.P0ValidationSuite:Run () (at Assets/Editor/Tests/P0ValidationSuite.cs:18)

(Filename: Assets/Editor/Tools/SquareTerrainArtGenerator.cs Line: 87)

Asset Pipeline Refresh (id=fba84e89ef41e204ead0cbd99f9c24a4): Total: 0.040 seconds - Initiated by RefreshV2(NoUpdateAssetOptions)
Start importing Assets/LayeredTerrain/GrassSoil/Square/EdgeGrassOnSoilPainted/Mask-15.asset using Guid(a17969b175ec3354c8fe533c48257f94) (NativeFormatImporter) -> (artifact id: '99f211a0ff210a0c86467a3e625714fe') in 0.0015906 seconds
Start importing Assets/LayeredTerrain/GrassSoil/Square/EdgeGrassOnSoilPainted/Mask-04.asset using Guid(e2449efc0c1116648a5b9cbfe33d8e81) (NativeFormatImporter) -> (artifact id: '18145ed9e628d5f8340c44824db6c8be') in 0.0013871 seconds
Start importing Assets/LayeredTerrain/GrassSoil/Square/EdgeGrassOnSoilPainted/Mask-14.asset using Guid(4328f421ed4ea34439d6e4e50990e24a) (NativeFormatImporter) -> (artifact id: '6bbe4451c7dca2d4de869403308041cf') in 0.0014629 seconds
Start importing Assets/LayeredTerrain/GrassSoil/Square/EdgeGrassOnSoilPainted/Mask-11.asset using Guid(04aab987cd98a4440b66bb727667d8db) (NativeFormatImporter) -> (artifact id: 'eb6fb6ecd423e575e0946462aa243d66') in 0.0013384 seconds
Start importing Assets/LayeredTerrain/GrassSoil/Square/EdgeGrassOnSoilPainted/Mask-13.asset using Guid(75f61e4d96323eb4e906226b1dd8a16a) (NativeFormatImporter) -> (artifact id: '7952dc870547efbd422b012b46d2b17a') in 0.0012785 seconds
Start importing Assets/LayeredTerrain/GrassSoil/Square/EdgeGrassOnSoilPainted/Mask-08.asset using Guid(062a9acbc752b0342becc47471c8dad4) (NativeFormatImporter) -> (artifact id: 'ee86fce3dc4587f247fc6e398cfff9cd') in 0.0013103 seconds
Start importing Assets/LayeredTerrain/GrassSoil/Square/EdgeGrassOnSoilPainted/Mask-12.asset using Guid(17347530ba5655e4cb59ff249a976ea1) (NativeFormatImporter) -> (artifact id: '27e6bc4eabc1e74cb23636389ffd9263') in 0.0013135 seconds
Start importing Assets/LayeredTerrain/GrassSoil/Square/EdgeGrassOnSoilPainted/Mask-00.asset using Guid(676ca911d7a7bbf408a30856d7cc6990) (NativeFormatImporter) -> (artifact id: '557d3d98682769dd5e96ded56f4299cf') in 0.0011955 seconds
Start importing Assets/LayeredTerrain/GrassSoil/Square/EdgeGrassOnSoilPainted/Mask-10.asset using Guid(e75c1031ec799e0448fd29d3082006b4) (NativeFormatImporter) -> (artifact id: 'c8e41218e8984dd46c91b31d7703de4f') in 0.0011921 seconds
Start importing Assets/LayeredTerrain/GrassSoil/Square/EdgeGrassOnSoilPainted/Mask-09.asset using Guid(a8a7730f3a6dd484198f1b19fed8a24f) (NativeFormatImporter) -> (artifact id: '5597baddb442bf8a928e37d39723d50b') in 0.0012839 seconds
Start importing Assets/LayeredTerrain/GrassSoil/Square/EdgeGrassOnSoilPainted/Mask-07.asset using Guid(f8b2f90201834fa478634d3f30f6af16) (NativeFormatImporter) -> (artifact id: 'a306cb5e617a8648a67a81dc94516e9e') in 0.0013453 seconds
Start importing Assets/LayeredTerrain/GrassSoil/Square/EdgeGrassOnSoilPainted/Mask-06.asset using Guid(19882d23e028ac94e8abd02f91624ba8) (NativeFormatImporter) -> (artifact id: '54900e8224e5828f7c6a4f69fec6db72') in 0.001206 seconds
Start importing Assets/LayeredTerrain/GrassSoil/Square/EdgeGrassOnSoilPainted/Mask-01.asset using Guid(b94d4b2cd03a1b04b83a81974d966227) (NativeFormatImporter) -> (artifact id: '7caf427609fab688c51f9caa2ce6a79f') in 0.0012571 seconds
Start importing Assets/LayeredTerrain/GrassSoil/Square/EdgeGrassOnSoilPainted/Mask-03.asset using Guid(1a4a3cc4af69bbc4aaabde52016c4f95) (NativeFormatImporter) -> (artifact id: 'af45f85c0f45a239757e36be7c184f6c') in 0.0013115 seconds
Start importing Assets/LayeredTerrain/GrassSoil/Square/EdgeGrassOnSoilPainted/Mask-05.asset using Guid(bacdc75efb95eda42aa6803845d196c4) (NativeFormatImporter) -> (artifact id: '6d469253745d86e884993bfadfef01d0') in 0.0012094 seconds
Start importing Assets/LayeredTerrain/GrassSoil/Square/EdgeGrassOnSoilPainted/GrassOnSoilSquarePaintedTileSet.asset using Guid(1b984e39e61f8734d8c54b032e84c3a3) (NativeFormatImporter) -> (artifact id: '612bda68ec02f7c1be620eb4ba627873') in 0.00124 seconds
Start importing Assets/LayeredTerrain/GrassSoil/Square/EdgeGrassOnSoilPainted/Mask-02.asset using Guid(8d6a7e51f29762f4796204a57546e522) (NativeFormatImporter) -> (artifact id: '504e9a251c8e415c78cba5f93910b005') in 0.0012057 seconds
Refreshing native plugins compatible for Editor in 0.16 ms, found 0 plugins.
Preloading 0 native plugins for Editor in 0.00 ms.
Asset Pipeline Refresh (id=d4f95c98ea62f9f46bb6a10c30345733): Total: 0.036 seconds - Initiated by StopAssetImportingV2(NoUpdateAssetOptions)
Accepted ribbon lip profile packaged as a top-down grass feather with base-grass RGB, guide-owned topology and no soil wall or outline.
UnityEngine.Debug:ExtractStackTraceNoAlloc (byte*,int,string)
UnityEngine.StackTraceUtility:ExtractStackTrace ()
UnityEngine.DebugLogHandler:Internal_Log (UnityEngine.LogType,UnityEngine.LogOption,string,UnityEngine.Object)
UnityEngine.DebugLogHandler:LogFormat (UnityEngine.LogType,UnityEngine.Object,string,object[])
UnityEngine.Logger:Log (UnityEngine.LogType,object)
UnityEngine.Debug:Log (object)
FruitDefense.Editor.SquareTerrainArtGenerator:PackageAcceptedGrassOnSoilCandidate () (at Assets/Editor/Tools/SquareTerrainArtGenerator.cs:126)
FruitDefense.Editor.SquareTerrainArtGenerator:GenerateAvailableSquareAssets () (at Assets/Editor/Tools/SquareTerrainArtGenerator.cs:138)
FruitDefense.Editor.LayeredTerrainArtSetup:EnsurePaletteAssets () (at Assets/Editor/Tools/LayeredTerrainArtSetup.cs:62)
FruitDefense.Editor.LayeredTerrainPainterSmoke:ValidateRegisteredBrushApplication () (at Assets/Editor/Tests/LayeredTerrainPainterSmoke.cs:99)
FruitDefense.Editor.LayeredTerrainPainterSmoke:Validate () (at Assets/Editor/Tests/LayeredTerrainPainterSmoke.cs:26)
FruitDefense.Editor.ProjectSetup:SmokeValidate () (at Assets/Editor/Tools/ProjectSetup.cs:248)
FruitDefense.Editor.P0ValidationSuite:Run () (at Assets/Editor/Tests/P0ValidationSuite.cs:18)

(Filename: Assets/Editor/Tools/SquareTerrainArtGenerator.cs Line: 126)

Start importing Assets/LayeredTerrain/GrassSoil/LandformSoil/Mask-07.asset using Guid(40244693c163e6541baff892b129cb00) (NativeFormatImporter) -> (artifact id: 'e65830c68ae7e03467001a0296ab0069') in 0.0015846 seconds
Start importing Assets/LayeredTerrain/GrassSoil/EdgeGrassOnSoilRefined/Mask-07.asset using Guid(418e9fec0ca97b64ab0f4c86dc0fd006) (NativeFormatImporter) -> (artifact id: 'cd9c2cf18fdd38f609098f7d0cc15714') in 0.0013112 seconds
Start importing Assets/LayeredTerrain/CompositeBrushes/OriginalGrassSoil/OriginalGrassSoilReverseLandformTileSet.asset using Guid(813c3f8ce1d51a24093ce2c5ed1547fa) (NativeFormatImporter) -> (artifact id: 'b5291246265ecb7af0dd8a3a19f371a0') in 0.0012615 seconds
Start importing Assets/LayeredTerrain/GrassSoil/Authoring/SoilBase.asset using Guid(a158e7b4dd9e7c448b398f9b22a9f9c2) (NativeFormatImporter) -> (artifact id: '1d93f5ffd6651520cc292a513066cccb') in 0.0012597 seconds
Start importing Assets/LayeredTerrain/GrassSoil/EdgeGrassOnSoilRefined/Mask-05.asset using Guid(f15a3346efbbefb40babba4ef8f6ffa7) (NativeFormatImporter) -> (artifact id: '0325b05872f53d4d8922d91b29b864f9') in 0.0012439 seconds
Start importing Assets/LayeredTerrain/GrassSoil/LandformSoil/Mask-04.asset using Guid(f1fab5de0afca5445ba4970fcd52bbbe) (NativeFormatImporter) -> (artifact id: '09085b923c9ce06113de808e0225d25b') in 0.001162 seconds
Start importing Assets/LayeredTerrain/GrassSoil/EdgeGrassOnSoilRefined/Mask-14.asset using Guid(1292b21714ab41b4197a410a29053ee2) (NativeFormatImporter) -> (artifact id: '113ba810aee874d1280699a85e7183b6') in 0.0011979 seconds
Start importing Assets/LayeredTerrain/GrassSoil/LandformGrass/Mask-08.asset using Guid(52e1998e35a61a047bd24dd910b6bb8c) (NativeFormatImporter) -> (artifact id: '675f77c88e6e0d975abaaae9f510d95d') in 0.0011769 seconds
Start importing Assets/LayeredTerrain/GrassSoil/EdgeGrassOnSoilRefined/Mask-15.asset using Guid(a2ee8cf7722d54542bb6934c3c7acca3) (NativeFormatImporter) -> (artifact id: '6edcf8d7d3f26ee03919cdd607084ab1') in 0.0012522 seconds
Start importing Assets/LayeredTerrain/GrassSoil/EdgeGrassOnSoilRefined/Mask-11.asset using Guid(c29b700cc6f883f4d8d20d2a190eee05) (NativeFormatImporter) -> (artifact id: 'f51c180f858faa73b198142b42927cfc') in 0.00125 seconds
Start importing Assets/LayeredTerrain/GrassSoil/LandformGrass/Mask-07.asset using Guid(d285b7a144ce1134ba6f4b02b003db14) (NativeFormatImporter) -> (artifact id: '0038d19d51d9c42dea9465db3b105f39') in 0.0012426 seconds
Start importing Assets/LayeredTerrain/GrassSoil/LandformSoil/Mask-01.asset using Guid(030d3f064f313fe4aa4dd2ab0ae33f07) (NativeFormatImporter) -> (artifact id: '3fd5251983b6578fd68bf6bc3bb3b4e3') in 0.0013094 seconds
Start importing Assets/LayeredTerrain/GrassSoil/EdgeGrassOnSoilRefined/Mask-10.asset using Guid(c32eb2f88b196e04f96b1b2b04ea7efe) (NativeFormatImporter) -> (artifact id: '2d01cd9893dc47967ba87373e479eb7e') in 0.0011715 seconds
Start importing Assets/LayeredTerrain/GrassSoil/LandformSoil/Mask-13.asset using Guid(04bdecbe02f95ef46986c7056c2b7c3b) (NativeFormatImporter) -> (artifact id: '15f31c02a38b8c10ecc25938dd45d64e') in 0.0011934 seconds
Start importing Assets/LayeredTerrain/GrassSoil/EdgeGrassOnSoilRefined/Mask-00.asset using Guid(e4a3c845026f4254892939518018693f) (NativeFormatImporter) -> (artifact id: '3a031e969e7d12b8ad7d8420c2b35c82') in 0.0012261 seconds
Start importing Assets/LayeredTerrain/GrassSoil/LandformSoil/Mask-03.asset using Guid(15a3542839f831f41a0a24e5e9e2f22c) (NativeFormatImporter) -> (artifact id: '6e77d59b695c8200cb85f17fa75a4b54') in 0.0012147 seconds
Start importing Assets/LayeredTerrain/GrassSoil/LandformSoil/Mask-02.asset using Guid(f587922c248637745a6249f84c52611e) (NativeFormatImporter) -> (artifact id: '75844366cc32f023f1e40453bee8aa54') in 0.0011848 seconds
Start importing Assets/LayeredTerrain/GrassSoil/LandformGrass/Mask-09.asset using Guid(165dc20b52db7d14488b55217f6ac108) (NativeFormatImporter) -> (artifact id: '72e38899c33e0e3ced6ed6d0356b17dc') in 0.0011553 seconds
Start importing Assets/LayeredTerrain/GrassSoil/LandformSoil/Mask-11.asset using Guid(86718e5a68b1dcc47854d71bba5a1c17) (NativeFormatImporter) -> (artifact id: '04f57e67d298deb7839321669f6f5937') in 0.0012024 seconds
Start importing Assets/LayeredTerrain/GrassSoil/EdgeGrassOnSoilRefined/Mask-09.asset using Guid(86c349d56e9db3e4e849d6749cdfbfbe) (NativeFormatImporter) -> (artifact id: 'a3a3937713e26dae2d17075614e230de') in 0.0011762 seconds
Start importing Assets/LayeredTerrain/CompositeBrushes/GrassSoil/GrassSoilReverseLandformTileSet.asset using Guid(17ff6febab517824eb695d29e0459a1f) (NativeFormatImporter) -> (artifact id: '3aac16350dc78571bdc4c034dd153e34') in 0.001229 seconds
Start importing Assets/LayeredTerrain/GrassSoil/LandformSoil/Mask-09.asset using Guid(478b7d64a48c32541abd22cde03a7210) (NativeFormatImporter) -> (artifact id: 'df61b4f661f9c0aded60f089bd901d4a') in 0.0011769 seconds
Start importing Assets/LayeredTerrain/GrassSoil/LandformSoil/Mask-05.asset using Guid(878e7bb9dfa805f47b4b88fef4623c4b) (NativeFormatImporter) -> (artifact id: '6433cd5ece3fc29e9694b9c40d1cce7b') in 0.0012129 seconds
Start importing Assets/LayeredTerrain/CompositeBrushes/StoneWater/StoneWaterReverseLandformTileSet.asset using Guid(97ffcbb8c3ab6264e80693ccaf0c43de) (NativeFormatImporter) -> (artifact id: '098d79a46ae44df4e4eabca0ead85233') in 0.0014728 seconds
Start importing Assets/LayeredTerrain/GrassSoil/LandformSoil/Mask-14.asset using Guid(a7806afe4f019d445bbf552f9eece05e) (NativeFormatImporter) -> (artifact id: 'e86c3f661d3698b3e540fda453881940') in 0.00124 seconds
Start importing Assets/LayeredTerrain/GrassSoil/EdgeGrassOnSoilRefined/Mask-13.asset using Guid(a7d1a82699efeae47a6ca0a5bb112ae7) (NativeFormatImporter) -> (artifact id: 'a78e3ab795bab51c2fb8875ea81a3142') in 0.0016322 seconds
Start importing Assets/LayeredTerrain/GrassSoil/EdgeGrassOnSoilRefined/GrassOnSoilRefinedTileSet.asset using Guid(b75665e5083dab441a2805aa7b5e1562) (NativeFormatImporter) -> (artifact id: '9a378045af94549dd04c416ddd049034') in 0.0012837 seconds
Start importing Assets/LayeredTerrain/GrassSoil/LandformGrass/Mask-14.asset using Guid(c7287b8c949516949b483b111ceb39a0) (NativeFormatImporter) -> (artifact id: '742a261e597b802d91fa4c4b50193514') in 0.0012163 seconds
Start importing Assets/LayeredTerrain/GrassSoil/LandformSoil/Mask-00.asset using Guid(88d5b3d83381240419fa7d0a9d6c2c63) (NativeFormatImporter) -> (artifact id: 'ec59939a8b52efe47b329a71ceccb6a9') in 0.0012056 seconds
Start importing Assets/LayeredTerrain/GrassSoil/LandformGrass/Mask-13.asset using Guid(e80621ea42744c243ac2ec385c32b338) (NativeFormatImporter) -> (artifact id: 'c073a20a8e0628f7baf4a55a699ae105') in 0.0012123 seconds
Start importing Assets/LayeredTerrain/GrassSoil/LandformGrass/Mask-00.asset using Guid(c92ffc9e81d587840892eb05cf844fbf) (NativeFormatImporter) -> (artifact id: '6de21ee1cddad2dc5dc822438a8f4094') in 0.0012133 seconds
Start importing Assets/LayeredTerrain/GrassSoil/LandformSoil/Mask-08.asset using Guid(d98e1448816e2f443a1e4e6b40e7cc25) (NativeFormatImporter) -> (artifact id: '8c84979613e06175002d882607152e4e') in 0.0012324 seconds
Start importing Assets/LayeredTerrain/GrassSoil/LandformSoil/Mask-15.asset using Guid(e95509ac4ec30484ab37daa221658805) (NativeFormatImporter) -> (artifact id: 'f96248f32c56c962dfe506862d5fb21b') in 0.0012047 seconds
Start importing Assets/LayeredTerrain/GrassSoil/EdgeGrassOnSoilRefined/Mask-06.asset using Guid(e9ac41d989ad93f4ca1a691487107c16) (NativeFormatImporter) -> (artifact id: 'e9daccbac2653977ee343c02f273f598') in 0.0012014 seconds
Start importing Assets/LayeredTerrain/GrassSoil/LandformSoil/Mask-10.asset using Guid(f95d6c7578efacd4cb1f12c63e1d8ff8) (NativeFormatImporter) -> (artifact id: '90d43f8749769d1781298dd6bba5d61f') in 0.0011658 seconds
Start importing Assets/LayeredTerrain/GrassSoil/LandformGrass/Mask-10.asset using Guid(0a64b675a1f765c409b8f9deea1eb208) (NativeFormatImporter) -> (artifact id: '09c03947b8c465db650824308fe637f1') in 0.001398 seconds
Start importing Assets/LayeredTerrain/GrassSoil/EdgeGrassOnSoilRefined/Mask-12.asset using Guid(3a09b8d94e4515f4fa39c4292c8052a7) (NativeFormatImporter) -> (artifact id: 'af83cf963396621d9d3bad458f6ed2a9') in 0.0012245 seconds
Start importing Assets/LayeredTerrain/GrassSoil/LandformSoil/Mask-06.asset using Guid(4ab46eb735954bf45977209e4a936a01) (NativeFormatImporter) -> (artifact id: '8450f37df15f7709b95c5c346493f1fd') in 0.0012288 seconds
Start importing Assets/LayeredTerrain/GrassSoil/LandformGrass/Mask-15.asset using Guid(7a5208b63b1d6284285e932c3708e65d) (NativeFormatImporter) -> (artifact id: '67ddae65d0c7a750e13eb34b9baf8365') in 0.0014347 seconds
Start importing Assets/LayeredTerrain/GrassSoil/LandformGrass/Mask-05.asset using Guid(3b4a2864fb45c5b4fae56fc1f697bbdd) (NativeFormatImporter) -> (artifact id: 'cf3f476c92289c5b074cb8ea3198ce61') in 0.0012168 seconds
Start importing Assets/LayeredTerrain/GrassSoil/EdgeGrassOnSoilRefined/Mask-08.asset using Guid(9b3d0613b51d86146bf5ea0994b42ddd) (NativeFormatImporter) -> (artifact id: '4e302c1a03e18f66e6c41c139ec180d3') in 0.0012477 seconds
Start importing Assets/LayeredTerrain/GrassSoil/LandformGrass/Mask-11.asset using Guid(bb6bc251a6bbcf54480e7f80f2181f2a) (NativeFormatImporter) -> (artifact id: '857582d6d96bb87d66880447573db021') in 0.0012135 seconds
Start importing Assets/LayeredTerrain/GrassSoil/LandformSoil/Mask-12.asset using Guid(3cfb4949c07b1bf43bc66661515525d7) (NativeFormatImporter) -> (artifact id: '3a6ea6ab140b5d680c9d80d68e71cee7') in 0.0011799 seconds
Start importing Assets/LayeredTerrain/GrassSoil/EdgeGrassOnSoilRefined/Mask-04.asset using Guid(6cca3f06a711ab34992417d66eeec087) (NativeFormatImporter) -> (artifact id: 'be2a2aeb01573b6be77d3a2b070fef25') in 0.0011944 seconds
Start importing Assets/LayeredTerrain/GrassSoil/Authoring/GrassBase.asset using Guid(3d71b1ea4e270714eb43b3b4541cda21) (NativeFormatImporter) -> (artifact id: '3f5ae16e96393bccc7f5f4d3650a3ce6') in 0.00122 seconds
Start importing Assets/LayeredTerrain/GrassSoil/LandformGrass/Mask-06.asset using Guid(5d15d49b3c156ae479bd995b33107c67) (NativeFormatImporter) -> (artifact id: '05abb2ca9d5f1492af0ec896fb864d4e') in 0.0012583 seconds
Start importing Assets/LayeredTerrain/GrassSoil/LandformGrass/Mask-01.asset using Guid(7d609e3f17078a44f9a89e21b68ae180) (NativeFormatImporter) -> (artifact id: 'a1ebd9002be9baca60bb274969bc4dc2') in 0.0012114 seconds
Start importing Assets/LayeredTerrain/GrassSoil/LandformGrass/Mask-04.asset using Guid(ede22ab8e9b7bcc4da28aa41887e8614) (NativeFormatImporter) -> (artifact id: '42c1c0d805e7b323f147012ab0eb20fb') in 0.0012028 seconds
Start importing Assets/LayeredTerrain/GrassSoil/LandformSoil/SoilLandformTileSet.asset using Guid(3e1155418d0567f44af4b96697c9dd09) (NativeFormatImporter) -> (artifact id: 'df15b8c45196950bc4219bee97aafc82') in 0.0012597 seconds
Start importing Assets/LayeredTerrain/GrassSoil/EdgeGrassOnSoilRefined/Mask-02.asset using Guid(6ef5433501c908740932ed7d05777790) (NativeFormatImporter) -> (artifact id: '25936841c896ee6e32acaadabe2f5ad9') in 0.0012546 seconds
Start importing Assets/LayeredTerrain/GrassSoil/EdgeGrassOnSoilRefined/Mask-01.asset using Guid(8e0671f07975b7c43b734d81c5ff11bc) (NativeFormatImporter) -> (artifact id: 'c6f3c5aa165967eeb465f4156418931b') in 0.0012904 seconds
Start importing Assets/LayeredTerrain/GrassSoil/EdgeGrassOnSoilRefined/Mask-03.asset using Guid(de5135a77f40df84b9a7170011242e63) (NativeFormatImporter) -> (artifact id: 'c4b8007304dbcd55f4ed04fb4957f5a6') in 0.0012348 seconds
Start importing Assets/LayeredTerrain/GrassSoil/LandformGrass/GrassLandformTileSet.asset using Guid(2fc47b69529dfb541a089c835adb5ce8) (NativeFormatImporter) -> (artifact id: '7d9b947ceee84338616124256f8ad829') in 0.0012078 seconds
Start importing Assets/LayeredTerrain/GrassSoil/LandformGrass/Mask-12.asset using Guid(bfcde0f6045b297478b7cca21b2bd212) (NativeFormatImporter) -> (artifact id: 'fcc2d08d622fb7725cf22421d7d46e31') in 0.0012741 seconds
Start importing Assets/LayeredTerrain/GrassSoil/LandformGrass/Mask-02.asset using Guid(cfb8b16aec24e064ba3c8b202f110c99) (NativeFormatImporter) -> (artifact id: '918a9e9785ac5cd4f4174f2fe29d6d53') in 0.0011677 seconds
Start importing Assets/LayeredTerrain/GrassSoil/LandformGrass/Mask-03.asset using Guid(cf797356fdd5ba54fb021059b4e0c786) (NativeFormatImporter) -> (artifact id: '297c0fc42e401c9d7fd0a377a3b5b28e') in 0.0013235 seconds
Refreshing native plugins compatible for Editor in 0.16 ms, found 0 plugins.
Preloading 0 native plugins for Editor in 0.00 ms.
Asset Pipeline Refresh (id=e5df722ff555995479448b5de6daf692): Total: 0.097 seconds - Initiated by StopAssetImportingV2(NoUpdateAssetOptions)
Start importing Assets/LayeredTerrain/CompositeBrushes/OriginalGrassSoil/OriginalGrassSoilBrush.asset using Guid(21a71232d6e654e4b8c7960242ff7182) (NativeFormatImporter) -> (artifact id: '3547d87e50bc075e0e2036afaef240e2') in 0.0014703 seconds
Start importing Assets/LayeredTerrain/CompositeBrushes/OriginalGrassSoil/OriginalGrassSoilReverseLandformTileSet.asset using Guid(813c3f8ce1d51a24093ce2c5ed1547fa) (NativeFormatImporter) -> (artifact id: 'b5291246265ecb7af0dd8a3a19f371a0') in 0.0013335 seconds
Refreshing native plugins compatible for Editor in 0.17 ms, found 0 plugins.
Preloading 0 native plugins for Editor in 0.00 ms.
Asset Pipeline Refresh (id=6ca1c4d835031f645b4da65469897e2f): Total: 0.012 seconds - Initiated by StopAssetImportingV2(NoUpdateAssetOptions)
Start importing Assets/Battlefield/Terrain/OrchardDefaultTerrainPalette.asset using Guid(8f09d513b82ee0048abd5a50378dbb0c) (NativeFormatImporter) -> (artifact id: 'af117db4ea5f59db66e2603074e05e44') in 0.0016668 seconds
Refreshing native plugins compatible for Editor in 0.19 ms, found 0 plugins.
Preloading 0 native plugins for Editor in 0.00 ms.
Asset Pipeline Refresh (id=4aa6994b4b2df5543aa3eea6870ac31a): Total: 0.010 seconds - Initiated by StopAssetImportingV2(NoUpdateAssetOptions)
Opening scene 'Assets/Scenes/LayeredTerrainDemo.unity additively'
Loaded scene 'Assets/Scenes/LayeredTerrainDemo.unity'
	Deserialize:            3.582 ms
	Integration:            0.765 ms
	Integration of assets:  0.002 ms
	Thread Wait Time:       0.007 ms
	Total Operation Time:   4.356 ms
FRUIT_DEFENSE_LAYERED_TERRAIN_PAINTER_OK
UnityEngine.Debug:ExtractStackTraceNoAlloc (byte*,int,string)
UnityEngine.StackTraceUtility:ExtractStackTrace ()
UnityEngine.DebugLogHandler:Internal_Log (UnityEngine.LogType,UnityEngine.LogOption,string,UnityEngine.Object)
UnityEngine.DebugLogHandler:LogFormat (UnityEngine.LogType,UnityEngine.Object,string,object[])
UnityEngine.Logger:Log (UnityEngine.LogType,object)
UnityEngine.Debug:Log (object)
FruitDefense.Editor.LayeredTerrainPainterSmoke:Validate () (at Assets/Editor/Tests/LayeredTerrainPainterSmoke.cs:35)
FruitDefense.Editor.ProjectSetup:SmokeValidate () (at Assets/Editor/Tools/ProjectSetup.cs:248)
FruitDefense.Editor.P0ValidationSuite:Run () (at Assets/Editor/Tests/P0ValidationSuite.cs:18)

(Filename: Assets/Editor/Tests/LayeredTerrainPainterSmoke.cs Line: 35)

Asset Pipeline Refresh (id=0fe8e96733290e745b89c957b8032ad8): Total: 0.017 seconds - Initiated by RefreshV2(NoUpdateAssetOptions)
Asset Pipeline Refresh (id=f3e26d5d42ebd8648b07932a87bcb84c): Total: 0.041 seconds - Initiated by RefreshV2(NoUpdateAssetOptions)
Square contour topology guide generated: Assets/LayeredTerrain/GrassSoil/Square/Topology/SquareContourTopologyGuide.png
UnityEngine.Debug:ExtractStackTraceNoAlloc (byte*,int,string)
UnityEngine.StackTraceUtility:ExtractStackTrace ()
UnityEngine.DebugLogHandler:Internal_Log (UnityEngine.LogType,UnityEngine.LogOption,string,UnityEngine.Object)
UnityEngine.DebugLogHandler:LogFormat (UnityEngine.LogType,UnityEngine.Object,string,object[])
UnityEngine.Logger:Log (UnityEngine.LogType,object)
UnityEngine.Debug:Log (object)
FruitDefense.Editor.SquareTerrainArtGenerator:GenerateTopologyGuide () (at Assets/Editor/Tools/SquareTerrainArtGenerator.cs:42)
FruitDefense.Editor.SquareTerrainArtGenerator:GenerateAvailableSquareAssets () (at Assets/Editor/Tools/SquareTerrainArtGenerator.cs:133)
FruitDefense.Editor.LayeredTerrainArtSetup:EnsurePaletteAssets () (at Assets/Editor/Tools/LayeredTerrainArtSetup.cs:62)
FruitDefense.Editor.TerrainBrushRegistrySmoke:Validate () (at Assets/Editor/Tests/TerrainBrushRegistrySmoke.cs:14)
FruitDefense.Editor.ProjectSetup:SmokeValidate () (at Assets/Editor/Tools/ProjectSetup.cs:249)
FruitDefense.Editor.P0ValidationSuite:Run () (at Assets/Editor/Tests/P0ValidationSuite.cs:18)

(Filename: Assets/Editor/Tools/SquareTerrainArtGenerator.cs Line: 42)

Asset Pipeline Refresh (id=51b8bfbe7c8b1b345b6f4557da0f0ceb): Total: 0.033 seconds - Initiated by RefreshV2(NoUpdateAssetOptions)
Asset Pipeline Refresh (id=ae65241022accdd4dbc03f0a874ff90f): Total: 0.039 seconds - Initiated by RefreshV2(NoUpdateAssetOptions)
Asset Pipeline Refresh (id=75df8505919fa9544b0b9cf3d7beb27a): Total: 0.037 seconds - Initiated by RefreshV2(NoUpdateAssetOptions)
Start importing Assets/LayeredTerrain/GrassSoil/Square/LandformStoneRoad/Mask-07.asset using Guid(b02fd980a2abc6b41974d859a777fb1d) (NativeFormatImporter) -> (artifact id: '09027e8d963d8fd928277d96f7735e27') in 0.0017077 seconds
Start importing Assets/LayeredTerrain/GrassSoil/Square/LandformGrass/Mask-05.asset using Guid(d04330ef8020b8a41b9e4589cb202101) (NativeFormatImporter) -> (artifact id: '4e5972f1b6c2ded32e8e48532b67135b') in 0.001406 seconds
Start importing Assets/LayeredTerrain/GrassSoil/Square/LandformGrass/Mask-12.asset using Guid(d00b41817e9bc0741ad148ea3e94519a) (NativeFormatImporter) -> (artifact id: '9d0a3a48e4156b96b3c76ca702bf7bff') in 0.0013491 seconds
Start importing Assets/LayeredTerrain/GrassSoil/Square/LandformStoneRoad/Mask-13.asset using Guid(116a8c3b6ac195a4ebb8e3c7a9989ddc) (NativeFormatImporter) -> (artifact id: '871e193410b26687800828802aef7920') in 0.001279 seconds
Start importing Assets/LayeredTerrain/GrassSoil/Square/LandformGrass/Mask-02.asset using Guid(315648227c153724090125e98f4cba15) (NativeFormatImporter) -> (artifact id: 'd08b86b0e86b5ac26e9107766d5008d1') in 0.0012233 seconds
Start importing Assets/LayeredTerrain/GrassSoil/Square/LandformStoneRoad/Mask-11.asset using Guid(519050a0a5a9f5847b095ee0b83437a0) (NativeFormatImporter) -> (artifact id: 'ae100c2ae270a66d81134616e885003c') in 0.0012721 seconds
Start importing Assets/LayeredTerrain/GrassSoil/Square/LandformGrass/Mask-14.asset using Guid(81815b76ad7c06c47bf1bc7b65624ffd) (NativeFormatImporter) -> (artifact id: 'e00c4c5ecbd51682bc3c65bf8d862a23') in 0.0014694 seconds
Start importing Assets/LayeredTerrain/GrassSoil/Square/LandformSoil/Mask-03.asset using Guid(b1c5384b4651e4a4a82d483cc64aae79) (NativeFormatImporter) -> (artifact id: '45c12fb41048b850cd7cb0f3e535436a') in 0.0012246 seconds
Start importing Assets/LayeredTerrain/GrassSoil/Square/LandformGrass/Mask-15.asset using Guid(027119ab30d86a546a5d935d6e9ec608) (NativeFormatImporter) -> (artifact id: '7e821f282e19a2a4d5825e548df9693a') in 0.0012037 seconds
Start importing Assets/LayeredTerrain/GrassSoil/Square/LandformGrass/Mask-00.asset using Guid(13f70a46e499e0146bffd256e7c14483) (NativeFormatImporter) -> (artifact id: '2a9713a59b72231d0d554c49e274b85a') in 0.0013016 seconds
Start importing Assets/LayeredTerrain/GrassSoil/Square/LandformSoil/Mask-00.asset using Guid(8303f71f8469fd7459473d47391ab0b3) (NativeFormatImporter) -> (artifact id: '1442dfc314550b70b27dde3dada60cc7') in 0.0014813 seconds
Start importing Assets/LayeredTerrain/GrassSoil/Square/LandformSoil/Mask-01.asset using Guid(d33072ada9e1bb749adcc5938680d51a) (NativeFormatImporter) -> (artifact id: '7a8f58bad24b64f744799cb0b0b9228f') in 0.0012906 seconds
Start importing Assets/LayeredTerrain/GrassSoil/Square/LandformStoneRoad/Mask-09.asset using Guid(d30b19c2c64338a4fa9211b305cf65b1) (NativeFormatImporter) -> (artifact id: '59211e6be04f7e5724ec1a1b38221d71') in 0.0012089 seconds
Start importing Assets/LayeredTerrain/GrassSoil/Square/LandformSoil/Mask-13.asset using Guid(548b829df136ae948902efdc96ee70bb) (NativeFormatImporter) -> (artifact id: 'd770f2a72e8453a69c8ff146ee623ca5') in 0.001206 seconds
Start importing Assets/LayeredTerrain/GrassSoil/Square/LandformStoneRoad/Mask-00.asset using Guid(74d1d4b679c3aec43af1bd30b6c4aea1) (NativeFormatImporter) -> (artifact id: '4c60ffb732228db343f89511449fce3b') in 0.0012201 seconds
Start importing Assets/LayeredTerrain/GrassSoil/Square/LandformGrass/Mask-01.asset using Guid(35cbc7e6bd8f2f84d9c7965779c9b2eb) (NativeFormatImporter) -> (artifact id: '7cd6fe12f157cd0a0b2a210183323c21') in 0.0012414 seconds
Start importing Assets/LayeredTerrain/GrassSoil/Square/LandformGrass/Mask-10.asset using Guid(5728d44dd2630ff40849746ce5d849d7) (NativeFormatImporter) -> (artifact id: '57d0e56c944d10ea9c02adfa74800a28') in 0.001214 seconds
Start importing Assets/LayeredTerrain/GrassSoil/Square/LandformSoil/Mask-09.asset using Guid(67347eef4df492941b15d16b687e2cb7) (NativeFormatImporter) -> (artifact id: '0b3fee03fb07b35a5fbe9374ec056b4b') in 0.0011915 seconds
Start importing Assets/LayeredTerrain/GrassSoil/Square/LandformGrass/Mask-04.asset using Guid(87737865bdb87ec43864ad3d997d7626) (NativeFormatImporter) -> (artifact id: '83b9f8cc1d095defdc009bd1839b690f') in 0.0011824 seconds
Start importing Assets/LayeredTerrain/GrassSoil/Square/LandformSoil/Mask-02.asset using Guid(87e33da937f65d34fb027eebfd8c1343) (NativeFormatImporter) -> (artifact id: '031756e6cc2b3a5ef2ddcaf8740ee21f') in 0.0011865 seconds
Start importing Assets/LayeredTerrain/GrassSoil/Square/LandformGrass/Mask-08.asset using Guid(b781c12832a4cd84392ab7d35a405505) (NativeFormatImporter) -> (artifact id: 'c734ab3f59a9e28ca19de35691f15a63') in 0.0014214 seconds
Start importing Assets/LayeredTerrain/GrassSoil/Square/LandformStoneRoad/Mask-04.asset using Guid(f70ec30b59552144a97e4da8fea5520c) (NativeFormatImporter) -> (artifact id: '67ab708a109917ddbe110252083911c2') in 0.0014603 seconds
Start importing Assets/LayeredTerrain/GrassSoil/Square/LandformStoneRoad/Mask-05.asset using Guid(08c7afe6a1108a84b9f8ac99c7fa610e) (NativeFormatImporter) -> (artifact id: 'a8026e8f0c10f4b634f0c477d7f79ba5') in 0.0011961 seconds
Start importing Assets/LayeredTerrain/GrassSoil/Square/LandformStoneRoad/Mask-14.asset using Guid(39202684bd500f14184c5131ac46a6dd) (NativeFormatImporter) -> (artifact id: 'b43c0e8abc2951d26427ba0ee51e7ebb') in 0.0012354 seconds
Start importing Assets/LayeredTerrain/GrassSoil/Square/LandformSoil/SoilSquareLandformTileSet.asset using Guid(897d878e9497c6e4d935ea42058d6001) (NativeFormatImporter) -> (artifact id: '17e85a477bcdc5aaf3c7a2ca1f1f5d8e') in 0.0012801 seconds
Start importing Assets/LayeredTerrain/GrassSoil/Square/LandformStoneRoad/StoneRoadSquareLandformTileSet.asset using Guid(0a6730ef0e26d5b49b9ae3129ee21909) (NativeFormatImporter) -> (artifact id: '48456893df0f467254b3256235820444') in 0.0012498 seconds
Start importing Assets/LayeredTerrain/GrassSoil/Square/LandformStoneRoad/Mask-10.asset using Guid(caa578d738fb0414e820ab1e3541b03f) (NativeFormatImporter) -> (artifact id: 'be4dcdbbc4fe728152242b70b5e9bb78') in 0.0012316 seconds
Start importing Assets/LayeredTerrain/GrassSoil/Square/LandformSoil/Mask-07.asset using Guid(2ce20b5da48d1ae43956c41d22ecd92e) (NativeFormatImporter) -> (artifact id: '7c41af1778c9689fc8cf1f4e4fcccd2c') in 0.0011958 seconds
Start importing Assets/LayeredTerrain/GrassSoil/Square/LandformSoil/Mask-11.asset using Guid(2c6bd62321830da498ea7724ae626857) (NativeFormatImporter) -> (artifact id: 'b1033fab3dddb68d369a244413a84ab3') in 0.0012084 seconds
Start importing Assets/LayeredTerrain/GrassSoil/Square/LandformStoneRoad/Mask-15.asset using Guid(5cbc1f25709453b4a90de7054d0ce9b7) (NativeFormatImporter) -> (artifact id: 'ca75aea14a03badd729ba37b57fc7710') in 0.0013207 seconds
Start importing Assets/LayeredTerrain/GrassSoil/Square/LandformGrass/Mask-09.asset using Guid(8c5fb632240287d48a17621f58d3a651) (NativeFormatImporter) -> (artifact id: '77c6cf5113d6c96189dbf6818d84fd5f') in 0.0016057 seconds
Start importing Assets/LayeredTerrain/GrassSoil/Square/LandformSoil/Mask-12.asset using Guid(bc85f424c35a6c845b2186949136a828) (NativeFormatImporter) -> (artifact id: '08c355397adee775c3834a7a7a0bf465') in 0.0013043 seconds
Start importing Assets/LayeredTerrain/GrassSoil/Square/LandformSoil/Mask-10.asset using Guid(0dfe2c0efe3330c4d9570f0061d459b9) (NativeFormatImporter) -> (artifact id: '88decb540b9e036a0400c2d34dbc707c') in 0.0014322 seconds
Start importing Assets/LayeredTerrain/GrassSoil/Square/LandformGrass/Mask-03.asset using Guid(1db706b3e9547554e9081663c6442ba0) (NativeFormatImporter) -> (artifact id: 'fdfbe87044d88284093ccc42787947e0') in 0.0014867 seconds
Start importing Assets/LayeredTerrain/GrassSoil/Square/LandformStoneRoad/Mask-02.asset using Guid(1d9b71389b4697e4586703b25f185da7) (NativeFormatImporter) -> (artifact id: 'dbb50fa57ab28462356bbd1a8ebab835') in 0.0013118 seconds
Start importing Assets/LayeredTerrain/GrassSoil/Square/LandformSoil/Mask-05.asset using Guid(2de42da45e48f974e9a74a6970e6e643) (NativeFormatImporter) -> (artifact id: '6e739e360d22b33fd378e6acefe9d800') in 0.0012014 seconds
Start importing Assets/LayeredTerrain/GrassSoil/Square/LandformGrass/Mask-11.asset using Guid(5d253dc28016ae64db4653758ac0af88) (NativeFormatImporter) -> (artifact id: '4dbb166b77c04b10385ee89749d834d3') in 0.001263 seconds
Start importing Assets/LayeredTerrain/GrassSoil/Square/LandformSoil/Mask-04.asset using Guid(5d4806f722710eb40b1cf937cc6498b6) (NativeFormatImporter) -> (artifact id: 'a825e4a02be2364dca6cd5d251c2a1af') in 0.0013622 seconds
Start importing Assets/LayeredTerrain/GrassSoil/Square/LandformStoneRoad/Mask-01.asset using Guid(add98a42caf91414387900c1b29b92c6) (NativeFormatImporter) -> (artifact id: 'a1a43dffdd1f7cdd6311169ade464c57') in 0.0012456 seconds
Start importing Assets/LayeredTerrain/GrassSoil/Square/LandformGrass/Mask-06.asset using Guid(cd0f4d7279da9f84caa8c319e7ab29f9) (NativeFormatImporter) -> (artifact id: '52937737c65259daea7bed84aa0a8a04') in 0.0014891 seconds
Start importing Assets/LayeredTerrain/GrassSoil/Square/LandformGrass/Mask-07.asset using Guid(4e65cf042fab2c1448282809779edb8a) (NativeFormatImporter) -> (artifact id: '8cc68977b954eb6d618706e748b65e8b') in 0.001284 seconds
Start importing Assets/LayeredTerrain/GrassSoil/Square/LandformGrass/Mask-13.asset using Guid(7e2014d33d57f294f97dea5ed30b730c) (NativeFormatImporter) -> (artifact id: '93ec9328dc52bc61493ece4ef09f812b') in 0.0012169 seconds
Start importing Assets/LayeredTerrain/GrassSoil/Square/LandformSoil/Mask-14.asset using Guid(ae949dd8d7965fa41b1d3481d8bf8e30) (NativeFormatImporter) -> (artifact id: '13d3e8fadf25938fb6084c9eacdc285d') in 0.0012485 seconds
Start importing Assets/LayeredTerrain/GrassSoil/Square/LandformStoneRoad/Mask-08.asset using Guid(aecab5b9f537b5349adcff0900809717) (NativeFormatImporter) -> (artifact id: '6723e7d6eab214144e2a993643460ee5') in 0.0014151 seconds
Start importing Assets/LayeredTerrain/GrassSoil/Square/LandformSoil/Mask-15.asset using Guid(ce833c44287e15a44945e738038eb1c3) (NativeFormatImporter) -> (artifact id: '7c1ac2f82e318d432012af6c6509f07a') in 0.0012002 seconds
Start importing Assets/LayeredTerrain/GrassSoil/Square/LandformSoil/Mask-08.asset using Guid(ee6f4f16a4085914dbcb15919c60654c) (NativeFormatImporter) -> (artifact id: '2a403aad88716c1a9d6ee321599dc86f') in 0.0011966 seconds
Start importing Assets/LayeredTerrain/GrassSoil/Square/LandformStoneRoad/Mask-12.asset using Guid(2f49f6b2d05a8804097e79c69e515dc3) (NativeFormatImporter) -> (artifact id: '3512849ba8746b3929337e37047f52c2') in 0.0012039 seconds
Start importing Assets/LayeredTerrain/GrassSoil/Square/LandformSoil/Mask-06.asset using Guid(3ff6ff5cd14cc7441a6a84cdde5ff745) (NativeFormatImporter) -> (artifact id: 'c47a955bf9dc32d5bb761f8069ffd421') in 0.0012202 seconds
Start importing Assets/LayeredTerrain/GrassSoil/Square/LandformStoneRoad/Mask-06.asset using Guid(df46002ea561b404889b370e84a77f83) (NativeFormatImporter) -> (artifact id: 'c73fed30de3e790341265e9a3306482c') in 0.0012437 seconds
Start importing Assets/LayeredTerrain/GrassSoil/Square/LandformStoneRoad/Mask-03.asset using Guid(df1e863caf3bc5441a0d4c507b76c311) (NativeFormatImporter) -> (artifact id: 'a9a2fb8e8c6cb1c0cdbe880f9de699ac') in 0.0012529 seconds
Start importing Assets/LayeredTerrain/GrassSoil/Square/LandformGrass/GrassSquareLandformTileSet.asset using Guid(ef399dc10411dd84ab6a276f72e506ea) (NativeFormatImporter) -> (artifact id: '3f3f806b6373e60abb62a5adaf65a9f7') in 0.0012537 seconds
Refreshing native plugins compatible for Editor in 0.16 ms, found 0 plugins.
Preloading 0 native plugins for Editor in 0.00 ms.
Asset Pipeline Refresh (id=067b23ba2a424d342948a8cbf27f0efe): Total: 0.092 seconds - Initiated by StopAssetImportingV2(NoUpdateAssetOptions)
Native 256 px square grass, soil and stone-road landforms generated.
UnityEngine.Debug:ExtractStackTraceNoAlloc (byte*,int,string)
UnityEngine.StackTraceUtility:ExtractStackTrace ()
UnityEngine.DebugLogHandler:Internal_Log (UnityEngine.LogType,UnityEngine.LogOption,string,UnityEngine.Object)
UnityEngine.DebugLogHandler:LogFormat (UnityEngine.LogType,UnityEngine.Object,string,object[])
UnityEngine.Logger:Log (UnityEngine.LogType,object)
UnityEngine.Debug:Log (object)
FruitDefense.Editor.SquareTerrainArtGenerator:GenerateDeterministicLandforms () (at Assets/Editor/Tools/SquareTerrainArtGenerator.cs:87)
FruitDefense.Editor.SquareTerrainArtGenerator:GenerateAvailableSquareAssets () (at Assets/Editor/Tools/SquareTerrainArtGenerator.cs:134)
FruitDefense.Editor.LayeredTerrainArtSetup:EnsurePaletteAssets () (at Assets/Editor/Tools/LayeredTerrainArtSetup.cs:62)
FruitDefense.Editor.TerrainBrushRegistrySmoke:Validate () (at Assets/Editor/Tests/TerrainBrushRegistrySmoke.cs:14)
FruitDefense.Editor.ProjectSetup:SmokeValidate () (at Assets/Editor/Tools/ProjectSetup.cs:249)
FruitDefense.Editor.P0ValidationSuite:Run () (at Assets/Editor/Tests/P0ValidationSuite.cs:18)

(Filename: Assets/Editor/Tools/SquareTerrainArtGenerator.cs Line: 87)

Asset Pipeline Refresh (id=8dc71afd6c67b97449aead1a9804b4b2): Total: 0.039 seconds - Initiated by RefreshV2(NoUpdateAssetOptions)
Start importing Assets/LayeredTerrain/GrassSoil/Square/EdgeGrassOnSoilPainted/Mask-15.asset using Guid(a17969b175ec3354c8fe533c48257f94) (NativeFormatImporter) -> (artifact id: '99f211a0ff210a0c86467a3e625714fe') in 0.0018094 seconds
Start importing Assets/LayeredTerrain/GrassSoil/Square/EdgeGrassOnSoilPainted/Mask-04.asset using Guid(e2449efc0c1116648a5b9cbfe33d8e81) (NativeFormatImporter) -> (artifact id: '18145ed9e628d5f8340c44824db6c8be') in 0.0013345 seconds
Start importing Assets/LayeredTerrain/GrassSoil/Square/EdgeGrassOnSoilPainted/Mask-14.asset using Guid(4328f421ed4ea34439d6e4e50990e24a) (NativeFormatImporter) -> (artifact id: '6bbe4451c7dca2d4de869403308041cf') in 0.0015181 seconds
Start importing Assets/LayeredTerrain/GrassSoil/Square/EdgeGrassOnSoilPainted/Mask-11.asset using Guid(04aab987cd98a4440b66bb727667d8db) (NativeFormatImporter) -> (artifact id: 'eb6fb6ecd423e575e0946462aa243d66') in 0.00127 seconds
Start importing Assets/LayeredTerrain/GrassSoil/Square/EdgeGrassOnSoilPainted/Mask-13.asset using Guid(75f61e4d96323eb4e906226b1dd8a16a) (NativeFormatImporter) -> (artifact id: '7952dc870547efbd422b012b46d2b17a') in 0.0012953 seconds
Start importing Assets/LayeredTerrain/GrassSoil/Square/EdgeGrassOnSoilPainted/Mask-08.asset using Guid(062a9acbc752b0342becc47471c8dad4) (NativeFormatImporter) -> (artifact id: 'ee86fce3dc4587f247fc6e398cfff9cd') in 0.001278 seconds
Start importing Assets/LayeredTerrain/GrassSoil/Square/EdgeGrassOnSoilPainted/Mask-12.asset using Guid(17347530ba5655e4cb59ff249a976ea1) (NativeFormatImporter) -> (artifact id: '27e6bc4eabc1e74cb23636389ffd9263') in 0.0012777 seconds
Start importing Assets/LayeredTerrain/GrassSoil/Square/EdgeGrassOnSoilPainted/Mask-00.asset using Guid(676ca911d7a7bbf408a30856d7cc6990) (NativeFormatImporter) -> (artifact id: '557d3d98682769dd5e96ded56f4299cf') in 0.0014749 seconds
Start importing Assets/LayeredTerrain/GrassSoil/Square/EdgeGrassOnSoilPainted/Mask-10.asset using Guid(e75c1031ec799e0448fd29d3082006b4) (NativeFormatImporter) -> (artifact id: 'c8e41218e8984dd46c91b31d7703de4f') in 0.0014089 seconds
Start importing Assets/LayeredTerrain/GrassSoil/Square/EdgeGrassOnSoilPainted/Mask-09.asset using Guid(a8a7730f3a6dd484198f1b19fed8a24f) (NativeFormatImporter) -> (artifact id: '5597baddb442bf8a928e37d39723d50b') in 0.0014943 seconds
Start importing Assets/LayeredTerrain/GrassSoil/Square/EdgeGrassOnSoilPainted/Mask-07.asset using Guid(f8b2f90201834fa478634d3f30f6af16) (NativeFormatImporter) -> (artifact id: 'a306cb5e617a8648a67a81dc94516e9e') in 0.0013304 seconds
Start importing Assets/LayeredTerrain/GrassSoil/Square/EdgeGrassOnSoilPainted/Mask-06.asset using Guid(19882d23e028ac94e8abd02f91624ba8) (NativeFormatImporter) -> (artifact id: '54900e8224e5828f7c6a4f69fec6db72') in 0.0013065 seconds
Start importing Assets/LayeredTerrain/GrassSoil/Square/EdgeGrassOnSoilPainted/Mask-01.asset using Guid(b94d4b2cd03a1b04b83a81974d966227) (NativeFormatImporter) -> (artifact id: '7caf427609fab688c51f9caa2ce6a79f') in 0.0012375 seconds
Start importing Assets/LayeredTerrain/GrassSoil/Square/EdgeGrassOnSoilPainted/Mask-03.asset using Guid(1a4a3cc4af69bbc4aaabde52016c4f95) (NativeFormatImporter) -> (artifact id: 'af45f85c0f45a239757e36be7c184f6c') in 0.0012667 seconds
Start importing Assets/LayeredTerrain/GrassSoil/Square/EdgeGrassOnSoilPainted/Mask-05.asset using Guid(bacdc75efb95eda42aa6803845d196c4) (NativeFormatImporter) -> (artifact id: '6d469253745d86e884993bfadfef01d0') in 0.0012109 seconds
Start importing Assets/LayeredTerrain/GrassSoil/Square/EdgeGrassOnSoilPainted/GrassOnSoilSquarePaintedTileSet.asset using Guid(1b984e39e61f8734d8c54b032e84c3a3) (NativeFormatImporter) -> (artifact id: '612bda68ec02f7c1be620eb4ba627873') in 0.0012817 seconds
Start importing Assets/LayeredTerrain/GrassSoil/Square/EdgeGrassOnSoilPainted/Mask-02.asset using Guid(8d6a7e51f29762f4796204a57546e522) (NativeFormatImporter) -> (artifact id: '504e9a251c8e415c78cba5f93910b005') in 0.0012639 seconds
Refreshing native plugins compatible for Editor in 0.15 ms, found 0 plugins.
Preloading 0 native plugins for Editor in 0.00 ms.
Asset Pipeline Refresh (id=195e80048c539644aba663ae8ba4d488): Total: 0.038 seconds - Initiated by StopAssetImportingV2(NoUpdateAssetOptions)
Accepted ribbon lip profile packaged as a top-down grass feather with base-grass RGB, guide-owned topology and no soil wall or outline.
UnityEngine.Debug:ExtractStackTraceNoAlloc (byte*,int,string)
UnityEngine.StackTraceUtility:ExtractStackTrace ()
UnityEngine.DebugLogHandler:Internal_Log (UnityEngine.LogType,UnityEngine.LogOption,string,UnityEngine.Object)
UnityEngine.DebugLogHandler:LogFormat (UnityEngine.LogType,UnityEngine.Object,string,object[])
UnityEngine.Logger:Log (UnityEngine.LogType,object)
UnityEngine.Debug:Log (object)
FruitDefense.Editor.SquareTerrainArtGenerator:PackageAcceptedGrassOnSoilCandidate () (at Assets/Editor/Tools/SquareTerrainArtGenerator.cs:126)
FruitDefense.Editor.SquareTerrainArtGenerator:GenerateAvailableSquareAssets () (at Assets/Editor/Tools/SquareTerrainArtGenerator.cs:138)
FruitDefense.Editor.LayeredTerrainArtSetup:EnsurePaletteAssets () (at Assets/Editor/Tools/LayeredTerrainArtSetup.cs:62)
FruitDefense.Editor.TerrainBrushRegistrySmoke:Validate () (at Assets/Editor/Tests/TerrainBrushRegistrySmoke.cs:14)
FruitDefense.Editor.ProjectSetup:SmokeValidate () (at Assets/Editor/Tools/ProjectSetup.cs:249)
FruitDefense.Editor.P0ValidationSuite:Run () (at Assets/Editor/Tests/P0ValidationSuite.cs:18)

(Filename: Assets/Editor/Tools/SquareTerrainArtGenerator.cs Line: 126)

Start importing Assets/LayeredTerrain/GrassSoil/LandformSoil/Mask-07.asset using Guid(40244693c163e6541baff892b129cb00) (NativeFormatImporter) -> (artifact id: 'e65830c68ae7e03467001a0296ab0069') in 0.0017889 seconds
Start importing Assets/LayeredTerrain/GrassSoil/EdgeGrassOnSoilRefined/Mask-07.asset using Guid(418e9fec0ca97b64ab0f4c86dc0fd006) (NativeFormatImporter) -> (artifact id: 'cd9c2cf18fdd38f609098f7d0cc15714') in 0.0015894 seconds
Start importing Assets/LayeredTerrain/CompositeBrushes/OriginalGrassSoil/OriginalGrassSoilReverseLandformTileSet.asset using Guid(813c3f8ce1d51a24093ce2c5ed1547fa) (NativeFormatImporter) -> (artifact id: 'b5291246265ecb7af0dd8a3a19f371a0') in 0.0015001 seconds
Start importing Assets/LayeredTerrain/GrassSoil/Authoring/SoilBase.asset using Guid(a158e7b4dd9e7c448b398f9b22a9f9c2) (NativeFormatImporter) -> (artifact id: '1d93f5ffd6651520cc292a513066cccb') in 0.0012951 seconds
Start importing Assets/LayeredTerrain/GrassSoil/EdgeGrassOnSoilRefined/Mask-05.asset using Guid(f15a3346efbbefb40babba4ef8f6ffa7) (NativeFormatImporter) -> (artifact id: '0325b05872f53d4d8922d91b29b864f9') in 0.0013897 seconds
Start importing Assets/LayeredTerrain/GrassSoil/LandformSoil/Mask-04.asset using Guid(f1fab5de0afca5445ba4970fcd52bbbe) (NativeFormatImporter) -> (artifact id: '09085b923c9ce06113de808e0225d25b') in 0.0013047 seconds
Start importing Assets/LayeredTerrain/GrassSoil/EdgeGrassOnSoilRefined/Mask-14.asset using Guid(1292b21714ab41b4197a410a29053ee2) (NativeFormatImporter) -> (artifact id: '113ba810aee874d1280699a85e7183b6') in 0.0012817 seconds
Start importing Assets/LayeredTerrain/GrassSoil/LandformGrass/Mask-08.asset using Guid(52e1998e35a61a047bd24dd910b6bb8c) (NativeFormatImporter) -> (artifact id: '675f77c88e6e0d975abaaae9f510d95d') in 0.0013 seconds
Start importing Assets/LayeredTerrain/GrassSoil/EdgeGrassOnSoilRefined/Mask-15.asset using Guid(a2ee8cf7722d54542bb6934c3c7acca3) (NativeFormatImporter) -> (artifact id: '6edcf8d7d3f26ee03919cdd607084ab1') in 0.0016066 seconds
Start importing Assets/LayeredTerrain/GrassSoil/EdgeGrassOnSoilRefined/Mask-11.asset using Guid(c29b700cc6f883f4d8d20d2a190eee05) (NativeFormatImporter) -> (artifact id: 'f51c180f858faa73b198142b42927cfc') in 0.0015275 seconds
Start importing Assets/LayeredTerrain/GrassSoil/LandformGrass/Mask-07.asset using Guid(d285b7a144ce1134ba6f4b02b003db14) (NativeFormatImporter) -> (artifact id: '0038d19d51d9c42dea9465db3b105f39') in 0.0012683 seconds
Start importing Assets/LayeredTerrain/GrassSoil/LandformSoil/Mask-01.asset using Guid(030d3f064f313fe4aa4dd2ab0ae33f07) (NativeFormatImporter) -> (artifact id: '3fd5251983b6578fd68bf6bc3bb3b4e3') in 0.0013376 seconds
Start importing Assets/LayeredTerrain/GrassSoil/EdgeGrassOnSoilRefined/Mask-10.asset using Guid(c32eb2f88b196e04f96b1b2b04ea7efe) (NativeFormatImporter) -> (artifact id: '2d01cd9893dc47967ba87373e479eb7e') in 0.0014866 seconds
Start importing Assets/LayeredTerrain/GrassSoil/LandformSoil/Mask-13.asset using Guid(04bdecbe02f95ef46986c7056c2b7c3b) (NativeFormatImporter) -> (artifact id: '15f31c02a38b8c10ecc25938dd45d64e') in 0.0012624 seconds
Start importing Assets/LayeredTerrain/GrassSoil/EdgeGrassOnSoilRefined/Mask-00.asset using Guid(e4a3c845026f4254892939518018693f) (NativeFormatImporter) -> (artifact id: '3a031e969e7d12b8ad7d8420c2b35c82') in 0.001207 seconds
Start importing Assets/LayeredTerrain/GrassSoil/LandformSoil/Mask-03.asset using Guid(15a3542839f831f41a0a24e5e9e2f22c) (NativeFormatImporter) -> (artifact id: '6e77d59b695c8200cb85f17fa75a4b54') in 0.0012409 seconds
Start importing Assets/LayeredTerrain/GrassSoil/LandformSoil/Mask-02.asset using Guid(f587922c248637745a6249f84c52611e) (NativeFormatImporter) -> (artifact id: '75844366cc32f023f1e40453bee8aa54') in 0.0012579 seconds
Start importing Assets/LayeredTerrain/GrassSoil/LandformGrass/Mask-09.asset using Guid(165dc20b52db7d14488b55217f6ac108) (NativeFormatImporter) -> (artifact id: '72e38899c33e0e3ced6ed6d0356b17dc') in 0.0014413 seconds
Start importing Assets/LayeredTerrain/GrassSoil/LandformSoil/Mask-11.asset using Guid(86718e5a68b1dcc47854d71bba5a1c17) (NativeFormatImporter) -> (artifact id: '04f57e67d298deb7839321669f6f5937') in 0.001363 seconds
Start importing Assets/LayeredTerrain/GrassSoil/EdgeGrassOnSoilRefined/Mask-09.asset using Guid(86c349d56e9db3e4e849d6749cdfbfbe) (NativeFormatImporter) -> (artifact id: 'a3a3937713e26dae2d17075614e230de') in 0.0012512 seconds
Start importing Assets/LayeredTerrain/CompositeBrushes/GrassSoil/GrassSoilReverseLandformTileSet.asset using Guid(17ff6febab517824eb695d29e0459a1f) (NativeFormatImporter) -> (artifact id: '3aac16350dc78571bdc4c034dd153e34') in 0.0012957 seconds
Start importing Assets/LayeredTerrain/GrassSoil/LandformSoil/Mask-09.asset using Guid(478b7d64a48c32541abd22cde03a7210) (NativeFormatImporter) -> (artifact id: 'df61b4f661f9c0aded60f089bd901d4a') in 0.0012267 seconds
Start importing Assets/LayeredTerrain/GrassSoil/LandformSoil/Mask-05.asset using Guid(878e7bb9dfa805f47b4b88fef4623c4b) (NativeFormatImporter) -> (artifact id: '6433cd5ece3fc29e9694b9c40d1cce7b') in 0.0012113 seconds
Start importing Assets/LayeredTerrain/CompositeBrushes/StoneWater/StoneWaterReverseLandformTileSet.asset using Guid(97ffcbb8c3ab6264e80693ccaf0c43de) (NativeFormatImporter) -> (artifact id: '098d79a46ae44df4e4eabca0ead85233') in 0.0013548 seconds
Start importing Assets/LayeredTerrain/GrassSoil/LandformSoil/Mask-14.asset using Guid(a7806afe4f019d445bbf552f9eece05e) (NativeFormatImporter) -> (artifact id: 'e86c3f661d3698b3e540fda453881940') in 0.0011569 seconds
Start importing Assets/LayeredTerrain/GrassSoil/EdgeGrassOnSoilRefined/Mask-13.asset using Guid(a7d1a82699efeae47a6ca0a5bb112ae7) (NativeFormatImporter) -> (artifact id: 'a78e3ab795bab51c2fb8875ea81a3142') in 0.0012445 seconds
Start importing Assets/LayeredTerrain/GrassSoil/EdgeGrassOnSoilRefined/GrassOnSoilRefinedTileSet.asset using Guid(b75665e5083dab441a2805aa7b5e1562) (NativeFormatImporter) -> (artifact id: '9a378045af94549dd04c416ddd049034') in 0.0014707 seconds
Start importing Assets/LayeredTerrain/GrassSoil/LandformGrass/Mask-14.asset using Guid(c7287b8c949516949b483b111ceb39a0) (NativeFormatImporter) -> (artifact id: '742a261e597b802d91fa4c4b50193514') in 0.0013469 seconds
Start importing Assets/LayeredTerrain/GrassSoil/LandformSoil/Mask-00.asset using Guid(88d5b3d83381240419fa7d0a9d6c2c63) (NativeFormatImporter) -> (artifact id: 'ec59939a8b52efe47b329a71ceccb6a9') in 0.0012893 seconds
Start importing Assets/LayeredTerrain/GrassSoil/LandformGrass/Mask-13.asset using Guid(e80621ea42744c243ac2ec385c32b338) (NativeFormatImporter) -> (artifact id: 'c073a20a8e0628f7baf4a55a699ae105') in 0.0012339 seconds
Start importing Assets/LayeredTerrain/GrassSoil/LandformGrass/Mask-00.asset using Guid(c92ffc9e81d587840892eb05cf844fbf) (NativeFormatImporter) -> (artifact id: '6de21ee1cddad2dc5dc822438a8f4094') in 0.001264 seconds
Start importing Assets/LayeredTerrain/GrassSoil/LandformSoil/Mask-08.asset using Guid(d98e1448816e2f443a1e4e6b40e7cc25) (NativeFormatImporter) -> (artifact id: '8c84979613e06175002d882607152e4e') in 0.0013335 seconds
Start importing Assets/LayeredTerrain/GrassSoil/LandformSoil/Mask-15.asset using Guid(e95509ac4ec30484ab37daa221658805) (NativeFormatImporter) -> (artifact id: 'f96248f32c56c962dfe506862d5fb21b') in 0.0012175 seconds
Start importing Assets/LayeredTerrain/GrassSoil/EdgeGrassOnSoilRefined/Mask-06.asset using Guid(e9ac41d989ad93f4ca1a691487107c16) (NativeFormatImporter) -> (artifact id: 'e9daccbac2653977ee343c02f273f598') in 0.0012598 seconds
Start importing Assets/LayeredTerrain/GrassSoil/LandformSoil/Mask-10.asset using Guid(f95d6c7578efacd4cb1f12c63e1d8ff8) (NativeFormatImporter) -> (artifact id: '90d43f8749769d1781298dd6bba5d61f') in 0.0014438 seconds
Start importing Assets/LayeredTerrain/GrassSoil/LandformGrass/Mask-10.asset using Guid(0a64b675a1f765c409b8f9deea1eb208) (NativeFormatImporter) -> (artifact id: '09c03947b8c465db650824308fe637f1') in 0.0012449 seconds
Start importing Assets/LayeredTerrain/GrassSoil/EdgeGrassOnSoilRefined/Mask-12.asset using Guid(3a09b8d94e4515f4fa39c4292c8052a7) (NativeFormatImporter) -> (artifact id: 'af83cf963396621d9d3bad458f6ed2a9') in 0.0014122 seconds
Start importing Assets/LayeredTerrain/GrassSoil/LandformSoil/Mask-06.asset using Guid(4ab46eb735954bf45977209e4a936a01) (NativeFormatImporter) -> (artifact id: '8450f37df15f7709b95c5c346493f1fd') in 0.0013651 seconds
Start importing Assets/LayeredTerrain/GrassSoil/LandformGrass/Mask-15.asset using Guid(7a5208b63b1d6284285e932c3708e65d) (NativeFormatImporter) -> (artifact id: '67ddae65d0c7a750e13eb34b9baf8365') in 0.0013574 seconds
Start importing Assets/LayeredTerrain/GrassSoil/LandformGrass/Mask-05.asset using Guid(3b4a2864fb45c5b4fae56fc1f697bbdd) (NativeFormatImporter) -> (artifact id: 'cf3f476c92289c5b074cb8ea3198ce61') in 0.0012414 seconds
Start importing Assets/LayeredTerrain/GrassSoil/EdgeGrassOnSoilRefined/Mask-08.asset using Guid(9b3d0613b51d86146bf5ea0994b42ddd) (NativeFormatImporter) -> (artifact id: '4e302c1a03e18f66e6c41c139ec180d3') in 0.0011881 seconds
Start importing Assets/LayeredTerrain/GrassSoil/LandformGrass/Mask-11.asset using Guid(bb6bc251a6bbcf54480e7f80f2181f2a) (NativeFormatImporter) -> (artifact id: '857582d6d96bb87d66880447573db021') in 0.0012382 seconds
Start importing Assets/LayeredTerrain/GrassSoil/LandformSoil/Mask-12.asset using Guid(3cfb4949c07b1bf43bc66661515525d7) (NativeFormatImporter) -> (artifact id: '3a6ea6ab140b5d680c9d80d68e71cee7') in 0.0012944 seconds
Start importing Assets/LayeredTerrain/GrassSoil/EdgeGrassOnSoilRefined/Mask-04.asset using Guid(6cca3f06a711ab34992417d66eeec087) (NativeFormatImporter) -> (artifact id: 'be2a2aeb01573b6be77d3a2b070fef25') in 0.00122 seconds
Start importing Assets/LayeredTerrain/GrassSoil/Authoring/GrassBase.asset using Guid(3d71b1ea4e270714eb43b3b4541cda21) (NativeFormatImporter) -> (artifact id: '3f5ae16e96393bccc7f5f4d3650a3ce6') in 0.0013809 seconds
Start importing Assets/LayeredTerrain/GrassSoil/LandformGrass/Mask-06.asset using Guid(5d15d49b3c156ae479bd995b33107c67) (NativeFormatImporter) -> (artifact id: '05abb2ca9d5f1492af0ec896fb864d4e') in 0.0012619 seconds
Start importing Assets/LayeredTerrain/GrassSoil/LandformGrass/Mask-01.asset using Guid(7d609e3f17078a44f9a89e21b68ae180) (NativeFormatImporter) -> (artifact id: 'a1ebd9002be9baca60bb274969bc4dc2') in 0.0012212 seconds
Start importing Assets/LayeredTerrain/GrassSoil/LandformGrass/Mask-04.asset using Guid(ede22ab8e9b7bcc4da28aa41887e8614) (NativeFormatImporter) -> (artifact id: '42c1c0d805e7b323f147012ab0eb20fb') in 0.0012104 seconds
Start importing Assets/LayeredTerrain/GrassSoil/LandformSoil/SoilLandformTileSet.asset using Guid(3e1155418d0567f44af4b96697c9dd09) (NativeFormatImporter) -> (artifact id: 'df15b8c45196950bc4219bee97aafc82') in 0.001403 seconds
Start importing Assets/LayeredTerrain/GrassSoil/EdgeGrassOnSoilRefined/Mask-02.asset using Guid(6ef5433501c908740932ed7d05777790) (NativeFormatImporter) -> (artifact id: '25936841c896ee6e32acaadabe2f5ad9') in 0.0012527 seconds
Start importing Assets/LayeredTerrain/GrassSoil/EdgeGrassOnSoilRefined/Mask-01.asset using Guid(8e0671f07975b7c43b734d81c5ff11bc) (NativeFormatImporter) -> (artifact id: 'c6f3c5aa165967eeb465f4156418931b') in 0.0012449 seconds
Start importing Assets/LayeredTerrain/GrassSoil/EdgeGrassOnSoilRefined/Mask-03.asset using Guid(de5135a77f40df84b9a7170011242e63) (NativeFormatImporter) -> (artifact id: 'c4b8007304dbcd55f4ed04fb4957f5a6') in 0.0013193 seconds
Start importing Assets/LayeredTerrain/GrassSoil/LandformGrass/GrassLandformTileSet.asset using Guid(2fc47b69529dfb541a089c835adb5ce8) (NativeFormatImporter) -> (artifact id: '7d9b947ceee84338616124256f8ad829') in 0.0013352 seconds
Start importing Assets/LayeredTerrain/GrassSoil/LandformGrass/Mask-12.asset using Guid(bfcde0f6045b297478b7cca21b2bd212) (NativeFormatImporter) -> (artifact id: 'fcc2d08d622fb7725cf22421d7d46e31') in 0.0012691 seconds
Start importing Assets/LayeredTerrain/GrassSoil/LandformGrass/Mask-02.asset using Guid(cfb8b16aec24e064ba3c8b202f110c99) (NativeFormatImporter) -> (artifact id: '918a9e9785ac5cd4f4174f2fe29d6d53') in 0.0012906 seconds
Start importing Assets/LayeredTerrain/GrassSoil/LandformGrass/Mask-03.asset using Guid(cf797356fdd5ba54fb021059b4e0c786) (NativeFormatImporter) -> (artifact id: '297c0fc42e401c9d7fd0a377a3b5b28e') in 0.001218 seconds
Refreshing native plugins compatible for Editor in 0.18 ms, found 0 plugins.
Preloading 0 native plugins for Editor in 0.00 ms.
Asset Pipeline Refresh (id=046d6f6d750bc5d43954075d24d5b92e): Total: 0.101 seconds - Initiated by StopAssetImportingV2(NoUpdateAssetOptions)
Start importing Assets/LayeredTerrain/CompositeBrushes/OriginalGrassSoil/OriginalGrassSoilBrush.asset using Guid(21a71232d6e654e4b8c7960242ff7182) (NativeFormatImporter) -> (artifact id: '3547d87e50bc075e0e2036afaef240e2') in 0.0014868 seconds
Start importing Assets/LayeredTerrain/CompositeBrushes/OriginalGrassSoil/OriginalGrassSoilReverseLandformTileSet.asset using Guid(813c3f8ce1d51a24093ce2c5ed1547fa) (NativeFormatImporter) -> (artifact id: 'b5291246265ecb7af0dd8a3a19f371a0') in 0.0013473 seconds
Refreshing native plugins compatible for Editor in 0.16 ms, found 0 plugins.
Preloading 0 native plugins for Editor in 0.00 ms.
Asset Pipeline Refresh (id=665739025417d6d44a3ec2ce4ce95ff0): Total: 0.012 seconds - Initiated by StopAssetImportingV2(NoUpdateAssetOptions)
Start importing Assets/Battlefield/Terrain/OrchardDefaultTerrainPalette.asset using Guid(8f09d513b82ee0048abd5a50378dbb0c) (NativeFormatImporter) -> (artifact id: 'af117db4ea5f59db66e2603074e05e44') in 0.0014364 seconds
Refreshing native plugins compatible for Editor in 0.15 ms, found 0 plugins.
Preloading 0 native plugins for Editor in 0.00 ms.
Asset Pipeline Refresh (id=1d739822554426241a407338bd80ee0c): Total: 0.010 seconds - Initiated by StopAssetImportingV2(NoUpdateAssetOptions)
FRUIT_DEFENSE_TERRAIN_BRUSH_REGISTRY_OK count=3
UnityEngine.Debug:ExtractStackTraceNoAlloc (byte*,int,string)
UnityEngine.StackTraceUtility:ExtractStackTrace ()
UnityEngine.DebugLogHandler:Internal_Log (UnityEngine.LogType,UnityEngine.LogOption,string,UnityEngine.Object)
UnityEngine.DebugLogHandler:LogFormat (UnityEngine.LogType,UnityEngine.Object,string,object[])
UnityEngine.Logger:Log (UnityEngine.LogType,object)
UnityEngine.Debug:Log (object)
FruitDefense.Editor.TerrainBrushRegistrySmoke:Validate () (at Assets/Editor/Tests/TerrainBrushRegistrySmoke.cs:93)
FruitDefense.Editor.ProjectSetup:SmokeValidate () (at Assets/Editor/Tools/ProjectSetup.cs:249)
FruitDefense.Editor.P0ValidationSuite:Run () (at Assets/Editor/Tests/P0ValidationSuite.cs:18)

(Filename: Assets/Editor/Tests/TerrainBrushRegistrySmoke.cs Line: 93)

Battlefield terrain presentation stopped: Terrain palette 'palette.orchard.default' has no landform binding for surface 'surface.grass' with contour 'contour.square' at visual cell 8.
UnityEngine.Debug:ExtractStackTraceNoAlloc (byte*,int,string)
UnityEngine.StackTraceUtility:ExtractStackTrace ()
UnityEngine.DebugLogHandler:Internal_Log (UnityEngine.LogType,UnityEngine.LogOption,string,UnityEngine.Object)
UnityEngine.DebugLogHandler:LogFormat (UnityEngine.LogType,UnityEngine.Object,string,object[])
UnityEngine.Logger:Log (UnityEngine.LogType,object,UnityEngine.Object)
UnityEngine.Debug:LogWarning (object,UnityEngine.Object)
FruitDefense.FruitDefenseGame:SetTerrainPresentationError (string) (at Assets/Scripts/FruitDefenseGame.cs:1640)
FruitDefense.FruitDefenseGame:RefreshTerrainPresentationStatus () (at Assets/Scripts/FruitDefenseGame.cs:1629)
FruitDefense.FruitDefenseGame:CompleteInitialization (FruitDefense.Battle.BattleLaunchRequest,FruitDefense.App.IAppNavigator,FruitDefense.Battle.IBattleResultSink,FruitDefense.UI.RuntimeUiTheme,FruitDefense.Core.GameSimulation) (at Assets/Scripts/FruitDefenseGame.cs:769)
FruitDefense.FruitDefenseGame:Initialize (FruitDefense.Battle.BattleLaunchRequest,FruitDefense.App.IAppNavigator,FruitDefense.Battle.IBattleResultSink,FruitDefense.UI.RuntimeUiTheme,FruitDefense.Content.ResolvedLevelDefinition) (at Assets/Scripts/FruitDefenseGame.cs:698)
FruitDefense.Editor.BattlefieldDualGridTerrainSmoke:ValidateRuntimeTerrainFailurePolicy (FruitDefense.Tilemaps.BattlefieldTerrainPalette) (at Assets/Editor/Tests/BattlefieldDualGridTerrainSmoke.cs:285)
FruitDefense.Editor.BattlefieldDualGridTerrainSmoke:Validate () (at Assets/Editor/Tests/BattlefieldDualGridTerrainSmoke.cs:46)
FruitDefense.Editor.ProjectSetup:SmokeValidate () (at Assets/Editor/Tools/ProjectSetup.cs:250)
FruitDefense.Editor.P0ValidationSuite:Run () (at Assets/Editor/Tests/P0ValidationSuite.cs:18)

(Filename: Assets/Scripts/FruitDefenseGame.cs Line: 1640)

Asset Pipeline Refresh (id=d7f82a2e52a40c442917996e37bafad3): Total: 0.013 seconds - Initiated by RefreshV2(NoUpdateAssetOptions)
Asset Pipeline Refresh (id=6722243068d32754db01fe0bc49f8753): Total: 0.032 seconds - Initiated by RefreshV2(NoUpdateAssetOptions)
Square contour topology guide generated: Assets/LayeredTerrain/GrassSoil/Square/Topology/SquareContourTopologyGuide.png
UnityEngine.Debug:ExtractStackTraceNoAlloc (byte*,int,string)
UnityEngine.StackTraceUtility:ExtractStackTrace ()
UnityEngine.DebugLogHandler:Internal_Log (UnityEngine.LogType,UnityEngine.LogOption,string,UnityEngine.Object)
UnityEngine.DebugLogHandler:LogFormat (UnityEngine.LogType,UnityEngine.Object,string,object[])
UnityEngine.Logger:Log (UnityEngine.LogType,object)
UnityEngine.Debug:Log (object)
FruitDefense.Editor.SquareTerrainArtGenerator:GenerateTopologyGuide () (at Assets/Editor/Tools/SquareTerrainArtGenerator.cs:42)
FruitDefense.Editor.SquareTerrainArtGenerator:GenerateAvailableSquareAssets () (at Assets/Editor/Tools/SquareTerrainArtGenerator.cs:133)
FruitDefense.Editor.LayeredTerrainArtSetup:EnsurePaletteAssets () (at Assets/Editor/Tools/LayeredTerrainArtSetup.cs:62)
FruitDefense.Editor.ProjectSetup:ConfigureBattlefieldTerrain (FruitDefense.FruitDefenseGame) (at Assets/Editor/Tools/ProjectSetup.cs:217)
FruitDefense.Editor.BattlefieldDualGridTerrainSmoke:ValidateSetupBinding (FruitDefense.Tilemaps.BattlefieldTerrainPalette,FruitDefense.Tilemaps.DualGridTileSet,FruitDefense.Tilemaps.DualGridTileSet,UnityEngine.Texture2D) (at Assets/Editor/Tests/BattlefieldDualGridTerrainSmoke.cs:489)
FruitDefense.Editor.BattlefieldDualGridTerrainSmoke:Validate () (at Assets/Editor/Tests/BattlefieldDualGridTerrainSmoke.cs:92)
FruitDefense.Editor.ProjectSetup:SmokeValidate () (at Assets/Editor/Tools/ProjectSetup.cs:250)
FruitDefense.Editor.P0ValidationSuite:Run () (at Assets/Editor/Tests/P0ValidationSuite.cs:18)

(Filename: Assets/Editor/Tools/SquareTerrainArtGenerator.cs Line: 42)

Asset Pipeline Refresh (id=90e340a7ddcc6754ba50c3934178b5e9): Total: 0.032 seconds - Initiated by RefreshV2(NoUpdateAssetOptions)
Asset Pipeline Refresh (id=0a02e7e3bed871b45961a1563a176cc5): Total: 0.040 seconds - Initiated by RefreshV2(NoUpdateAssetOptions)
Asset Pipeline Refresh (id=96fed086949e4844b9354989a4b501c2): Total: 0.039 seconds - Initiated by RefreshV2(NoUpdateAssetOptions)
Start importing Assets/LayeredTerrain/GrassSoil/Square/LandformStoneRoad/Mask-07.asset using Guid(b02fd980a2abc6b41974d859a777fb1d) (NativeFormatImporter) -> (artifact id: '09027e8d963d8fd928277d96f7735e27') in 0.0018332 seconds
Start importing Assets/LayeredTerrain/GrassSoil/Square/LandformGrass/Mask-05.asset using Guid(d04330ef8020b8a41b9e4589cb202101) (NativeFormatImporter) -> (artifact id: '4e5972f1b6c2ded32e8e48532b67135b') in 0.001448 seconds
Start importing Assets/LayeredTerrain/GrassSoil/Square/LandformGrass/Mask-12.asset using Guid(d00b41817e9bc0741ad148ea3e94519a) (NativeFormatImporter) -> (artifact id: '9d0a3a48e4156b96b3c76ca702bf7bff') in 0.0015264 seconds
Start importing Assets/LayeredTerrain/GrassSoil/Square/LandformStoneRoad/Mask-13.asset using Guid(116a8c3b6ac195a4ebb8e3c7a9989ddc) (NativeFormatImporter) -> (artifact id: '871e193410b26687800828802aef7920') in 0.0014615 seconds
Start importing Assets/LayeredTerrain/GrassSoil/Square/LandformGrass/Mask-02.asset using Guid(315648227c153724090125e98f4cba15) (NativeFormatImporter) -> (artifact id: 'd08b86b0e86b5ac26e9107766d5008d1') in 0.0013908 seconds
Start importing Assets/LayeredTerrain/GrassSoil/Square/LandformStoneRoad/Mask-11.asset using Guid(519050a0a5a9f5847b095ee0b83437a0) (NativeFormatImporter) -> (artifact id: 'ae100c2ae270a66d81134616e885003c') in 0.001291 seconds
Start importing Assets/LayeredTerrain/GrassSoil/Square/LandformGrass/Mask-14.asset using Guid(81815b76ad7c06c47bf1bc7b65624ffd) (NativeFormatImporter) -> (artifact id: 'e00c4c5ecbd51682bc3c65bf8d862a23') in 0.0012499 seconds
Start importing Assets/LayeredTerrain/GrassSoil/Square/LandformSoil/Mask-03.asset using Guid(b1c5384b4651e4a4a82d483cc64aae79) (NativeFormatImporter) -> (artifact id: '45c12fb41048b850cd7cb0f3e535436a') in 0.0014122 seconds
Start importing Assets/LayeredTerrain/GrassSoil/Square/LandformGrass/Mask-15.asset using Guid(027119ab30d86a546a5d935d6e9ec608) (NativeFormatImporter) -> (artifact id: '7e821f282e19a2a4d5825e548df9693a') in 0.0012345 seconds
Start importing Assets/LayeredTerrain/GrassSoil/Square/LandformGrass/Mask-00.asset using Guid(13f70a46e499e0146bffd256e7c14483) (NativeFormatImporter) -> (artifact id: '2a9713a59b72231d0d554c49e274b85a') in 0.0012134 seconds
Start importing Assets/LayeredTerrain/GrassSoil/Square/LandformSoil/Mask-00.asset using Guid(8303f71f8469fd7459473d47391ab0b3) (NativeFormatImporter) -> (artifact id: '1442dfc314550b70b27dde3dada60cc7') in 0.0012121 seconds
Start importing Assets/LayeredTerrain/GrassSoil/Square/LandformSoil/Mask-01.asset using Guid(d33072ada9e1bb749adcc5938680d51a) (NativeFormatImporter) -> (artifact id: '7a8f58bad24b64f744799cb0b0b9228f') in 0.001244 seconds
Start importing Assets/LayeredTerrain/GrassSoil/Square/LandformStoneRoad/Mask-09.asset using Guid(d30b19c2c64338a4fa9211b305cf65b1) (NativeFormatImporter) -> (artifact id: '59211e6be04f7e5724ec1a1b38221d71') in 0.0014782 seconds
Start importing Assets/LayeredTerrain/GrassSoil/Square/LandformSoil/Mask-13.asset using Guid(548b829df136ae948902efdc96ee70bb) (NativeFormatImporter) -> (artifact id: 'd770f2a72e8453a69c8ff146ee623ca5') in 0.0013007 seconds
Start importing Assets/LayeredTerrain/GrassSoil/Square/LandformStoneRoad/Mask-00.asset using Guid(74d1d4b679c3aec43af1bd30b6c4aea1) (NativeFormatImporter) -> (artifact id: '4c60ffb732228db343f89511449fce3b') in 0.0012495 seconds
Start importing Assets/LayeredTerrain/GrassSoil/Square/LandformGrass/Mask-01.asset using Guid(35cbc7e6bd8f2f84d9c7965779c9b2eb) (NativeFormatImporter) -> (artifact id: '7cd6fe12f157cd0a0b2a210183323c21') in 0.0013121 seconds
Start importing Assets/LayeredTerrain/GrassSoil/Square/LandformGrass/Mask-10.asset using Guid(5728d44dd2630ff40849746ce5d849d7) (NativeFormatImporter) -> (artifact id: '57d0e56c944d10ea9c02adfa74800a28') in 0.0013407 seconds
Start importing Assets/LayeredTerrain/GrassSoil/Square/LandformSoil/Mask-09.asset using Guid(67347eef4df492941b15d16b687e2cb7) (NativeFormatImporter) -> (artifact id: '0b3fee03fb07b35a5fbe9374ec056b4b') in 0.0013482 seconds
Start importing Assets/LayeredTerrain/GrassSoil/Square/LandformGrass/Mask-04.asset using Guid(87737865bdb87ec43864ad3d997d7626) (NativeFormatImporter) -> (artifact id: '83b9f8cc1d095defdc009bd1839b690f') in 0.0013589 seconds
Start importing Assets/LayeredTerrain/GrassSoil/Square/LandformSoil/Mask-02.asset using Guid(87e33da937f65d34fb027eebfd8c1343) (NativeFormatImporter) -> (artifact id: '031756e6cc2b3a5ef2ddcaf8740ee21f') in 0.0012775 seconds
Start importing Assets/LayeredTerrain/GrassSoil/Square/LandformGrass/Mask-08.asset using Guid(b781c12832a4cd84392ab7d35a405505) (NativeFormatImporter) -> (artifact id: 'c734ab3f59a9e28ca19de35691f15a63') in 0.0014172 seconds
Start importing Assets/LayeredTerrain/GrassSoil/Square/LandformStoneRoad/Mask-04.asset using Guid(f70ec30b59552144a97e4da8fea5520c) (NativeFormatImporter) -> (artifact id: '67ab708a109917ddbe110252083911c2') in 0.001413 seconds
Start importing Assets/LayeredTerrain/GrassSoil/Square/LandformStoneRoad/Mask-05.asset using Guid(08c7afe6a1108a84b9f8ac99c7fa610e) (NativeFormatImporter) -> (artifact id: 'a8026e8f0c10f4b634f0c477d7f79ba5') in 0.0014792 seconds
Start importing Assets/LayeredTerrain/GrassSoil/Square/LandformStoneRoad/Mask-14.asset using Guid(39202684bd500f14184c5131ac46a6dd) (NativeFormatImporter) -> (artifact id: 'b43c0e8abc2951d26427ba0ee51e7ebb') in 0.0013166 seconds
Start importing Assets/LayeredTerrain/GrassSoil/Square/LandformSoil/SoilSquareLandformTileSet.asset using Guid(897d878e9497c6e4d935ea42058d6001) (NativeFormatImporter) -> (artifact id: '17e85a477bcdc5aaf3c7a2ca1f1f5d8e') in 0.0013191 seconds
Start importing Assets/LayeredTerrain/GrassSoil/Square/LandformStoneRoad/StoneRoadSquareLandformTileSet.asset using Guid(0a6730ef0e26d5b49b9ae3129ee21909) (NativeFormatImporter) -> (artifact id: '48456893df0f467254b3256235820444') in 0.0012729 seconds
Start importing Assets/LayeredTerrain/GrassSoil/Square/LandformStoneRoad/Mask-10.asset using Guid(caa578d738fb0414e820ab1e3541b03f) (NativeFormatImporter) -> (artifact id: 'be4dcdbbc4fe728152242b70b5e9bb78') in 0.0012671 seconds
Start importing Assets/LayeredTerrain/GrassSoil/Square/LandformSoil/Mask-07.asset using Guid(2ce20b5da48d1ae43956c41d22ecd92e) (NativeFormatImporter) -> (artifact id: '7c41af1778c9689fc8cf1f4e4fcccd2c') in 0.0012414 seconds
Start importing Assets/LayeredTerrain/GrassSoil/Square/LandformSoil/Mask-11.asset using Guid(2c6bd62321830da498ea7724ae626857) (NativeFormatImporter) -> (artifact id: 'b1033fab3dddb68d369a244413a84ab3') in 0.0011932 seconds
Start importing Assets/LayeredTerrain/GrassSoil/Square/LandformStoneRoad/Mask-15.asset using Guid(5cbc1f25709453b4a90de7054d0ce9b7) (NativeFormatImporter) -> (artifact id: 'ca75aea14a03badd729ba37b57fc7710') in 0.0012618 seconds
Start importing Assets/LayeredTerrain/GrassSoil/Square/LandformGrass/Mask-09.asset using Guid(8c5fb632240287d48a17621f58d3a651) (NativeFormatImporter) -> (artifact id: '77c6cf5113d6c96189dbf6818d84fd5f') in 0.0012173 seconds
Start importing Assets/LayeredTerrain/GrassSoil/Square/LandformSoil/Mask-12.asset using Guid(bc85f424c35a6c845b2186949136a828) (NativeFormatImporter) -> (artifact id: '08c355397adee775c3834a7a7a0bf465') in 0.0012822 seconds
Start importing Assets/LayeredTerrain/GrassSoil/Square/LandformSoil/Mask-10.asset using Guid(0dfe2c0efe3330c4d9570f0061d459b9) (NativeFormatImporter) -> (artifact id: '88decb540b9e036a0400c2d34dbc707c') in 0.0015735 seconds
Start importing Assets/LayeredTerrain/GrassSoil/Square/LandformGrass/Mask-03.asset using Guid(1db706b3e9547554e9081663c6442ba0) (NativeFormatImporter) -> (artifact id: 'fdfbe87044d88284093ccc42787947e0') in 0.0013374 seconds
Start importing Assets/LayeredTerrain/GrassSoil/Square/LandformStoneRoad/Mask-02.asset using Guid(1d9b71389b4697e4586703b25f185da7) (NativeFormatImporter) -> (artifact id: 'dbb50fa57ab28462356bbd1a8ebab835') in 0.0013617 seconds
Start importing Assets/LayeredTerrain/GrassSoil/Square/LandformSoil/Mask-05.asset using Guid(2de42da45e48f974e9a74a6970e6e643) (NativeFormatImporter) -> (artifact id: '6e739e360d22b33fd378e6acefe9d800') in 0.0014745 seconds
Start importing Assets/LayeredTerrain/GrassSoil/Square/LandformGrass/Mask-11.asset using Guid(5d253dc28016ae64db4653758ac0af88) (NativeFormatImporter) -> (artifact id: '4dbb166b77c04b10385ee89749d834d3') in 0.0013363 seconds
Start importing Assets/LayeredTerrain/GrassSoil/Square/LandformSoil/Mask-04.asset using Guid(5d4806f722710eb40b1cf937cc6498b6) (NativeFormatImporter) -> (artifact id: 'a825e4a02be2364dca6cd5d251c2a1af') in 0.001277 seconds
Start importing Assets/LayeredTerrain/GrassSoil/Square/LandformStoneRoad/Mask-01.asset using Guid(add98a42caf91414387900c1b29b92c6) (NativeFormatImporter) -> (artifact id: 'a1a43dffdd1f7cdd6311169ade464c57') in 0.0015356 seconds
Start importing Assets/LayeredTerrain/GrassSoil/Square/LandformGrass/Mask-06.asset using Guid(cd0f4d7279da9f84caa8c319e7ab29f9) (NativeFormatImporter) -> (artifact id: '52937737c65259daea7bed84aa0a8a04') in 0.0013032 seconds
Start importing Assets/LayeredTerrain/GrassSoil/Square/LandformGrass/Mask-07.asset using Guid(4e65cf042fab2c1448282809779edb8a) (NativeFormatImporter) -> (artifact id: '8cc68977b954eb6d618706e748b65e8b') in 0.0012947 seconds
Start importing Assets/LayeredTerrain/GrassSoil/Square/LandformGrass/Mask-13.asset using Guid(7e2014d33d57f294f97dea5ed30b730c) (NativeFormatImporter) -> (artifact id: '93ec9328dc52bc61493ece4ef09f812b') in 0.00129 seconds
Start importing Assets/LayeredTerrain/GrassSoil/Square/LandformSoil/Mask-14.asset using Guid(ae949dd8d7965fa41b1d3481d8bf8e30) (NativeFormatImporter) -> (artifact id: '13d3e8fadf25938fb6084c9eacdc285d') in 0.0015956 seconds
Start importing Assets/LayeredTerrain/GrassSoil/Square/LandformStoneRoad/Mask-08.asset using Guid(aecab5b9f537b5349adcff0900809717) (NativeFormatImporter) -> (artifact id: '6723e7d6eab214144e2a993643460ee5') in 0.0014841 seconds
Start importing Assets/LayeredTerrain/GrassSoil/Square/LandformSoil/Mask-15.asset using Guid(ce833c44287e15a44945e738038eb1c3) (NativeFormatImporter) -> (artifact id: '7c1ac2f82e318d432012af6c6509f07a') in 0.0012507 seconds
Start importing Assets/LayeredTerrain/GrassSoil/Square/LandformSoil/Mask-08.asset using Guid(ee6f4f16a4085914dbcb15919c60654c) (NativeFormatImporter) -> (artifact id: '2a403aad88716c1a9d6ee321599dc86f') in 0.0013558 seconds
Start importing Assets/LayeredTerrain/GrassSoil/Square/LandformStoneRoad/Mask-12.asset using Guid(2f49f6b2d05a8804097e79c69e515dc3) (NativeFormatImporter) -> (artifact id: '3512849ba8746b3929337e37047f52c2') in 0.0012843 seconds
Start importing Assets/LayeredTerrain/GrassSoil/Square/LandformSoil/Mask-06.asset using Guid(3ff6ff5cd14cc7441a6a84cdde5ff745) (NativeFormatImporter) -> (artifact id: 'c47a955bf9dc32d5bb761f8069ffd421') in 0.0011768 seconds
Start importing Assets/LayeredTerrain/GrassSoil/Square/LandformStoneRoad/Mask-06.asset using Guid(df46002ea561b404889b370e84a77f83) (NativeFormatImporter) -> (artifact id: 'c73fed30de3e790341265e9a3306482c') in 0.0013149 seconds
Start importing Assets/LayeredTerrain/GrassSoil/Square/LandformStoneRoad/Mask-03.asset using Guid(df1e863caf3bc5441a0d4c507b76c311) (NativeFormatImporter) -> (artifact id: 'a9a2fb8e8c6cb1c0cdbe880f9de699ac') in 0.0013323 seconds
Start importing Assets/LayeredTerrain/GrassSoil/Square/LandformGrass/GrassSquareLandformTileSet.asset using Guid(ef399dc10411dd84ab6a276f72e506ea) (NativeFormatImporter) -> (artifact id: '3f3f806b6373e60abb62a5adaf65a9f7') in 0.0013754 seconds
Refreshing native plugins compatible for Editor in 0.25 ms, found 0 plugins.
Preloading 0 native plugins for Editor in 0.00 ms.
Asset Pipeline Refresh (id=a140bbdbcc7ee1f4d95d0dc827452fcf): Total: 0.094 seconds - Initiated by StopAssetImportingV2(NoUpdateAssetOptions)
Native 256 px square grass, soil and stone-road landforms generated.
UnityEngine.Debug:ExtractStackTraceNoAlloc (byte*,int,string)
UnityEngine.StackTraceUtility:ExtractStackTrace ()
UnityEngine.DebugLogHandler:Internal_Log (UnityEngine.LogType,UnityEngine.LogOption,string,UnityEngine.Object)
UnityEngine.DebugLogHandler:LogFormat (UnityEngine.LogType,UnityEngine.Object,string,object[])
UnityEngine.Logger:Log (UnityEngine.LogType,object)
UnityEngine.Debug:Log (object)
FruitDefense.Editor.SquareTerrainArtGenerator:GenerateDeterministicLandforms () (at Assets/Editor/Tools/SquareTerrainArtGenerator.cs:87)
FruitDefense.Editor.SquareTerrainArtGenerator:GenerateAvailableSquareAssets () (at Assets/Editor/Tools/SquareTerrainArtGenerator.cs:134)
FruitDefense.Editor.LayeredTerrainArtSetup:EnsurePaletteAssets () (at Assets/Editor/Tools/LayeredTerrainArtSetup.cs:62)
FruitDefense.Editor.ProjectSetup:ConfigureBattlefieldTerrain (FruitDefense.FruitDefenseGame) (at Assets/Editor/Tools/ProjectSetup.cs:217)
FruitDefense.Editor.BattlefieldDualGridTerrainSmoke:ValidateSetupBinding (FruitDefense.Tilemaps.BattlefieldTerrainPalette,FruitDefense.Tilemaps.DualGridTileSet,FruitDefense.Tilemaps.DualGridTileSet,UnityEngine.Texture2D) (at Assets/Editor/Tests/BattlefieldDualGridTerrainSmoke.cs:489)
FruitDefense.Editor.BattlefieldDualGridTerrainSmoke:Validate () (at Assets/Editor/Tests/BattlefieldDualGridTerrainSmoke.cs:92)
FruitDefense.Editor.ProjectSetup:SmokeValidate () (at Assets/Editor/Tools/ProjectSetup.cs:250)
FruitDefense.Editor.P0ValidationSuite:Run () (at Assets/Editor/Tests/P0ValidationSuite.cs:18)

(Filename: Assets/Editor/Tools/SquareTerrainArtGenerator.cs Line: 87)

Asset Pipeline Refresh (id=b24cbf85ac8410c4da728fe44047c959): Total: 0.043 seconds - Initiated by RefreshV2(NoUpdateAssetOptions)
Start importing Assets/LayeredTerrain/GrassSoil/Square/EdgeGrassOnSoilPainted/Mask-15.asset using Guid(a17969b175ec3354c8fe533c48257f94) (NativeFormatImporter) -> (artifact id: '99f211a0ff210a0c86467a3e625714fe') in 0.0018233 seconds
Start importing Assets/LayeredTerrain/GrassSoil/Square/EdgeGrassOnSoilPainted/Mask-04.asset using Guid(e2449efc0c1116648a5b9cbfe33d8e81) (NativeFormatImporter) -> (artifact id: '18145ed9e628d5f8340c44824db6c8be') in 0.0017696 seconds
Start importing Assets/LayeredTerrain/GrassSoil/Square/EdgeGrassOnSoilPainted/Mask-14.asset using Guid(4328f421ed4ea34439d6e4e50990e24a) (NativeFormatImporter) -> (artifact id: '6bbe4451c7dca2d4de869403308041cf') in 0.0015688 seconds
Start importing Assets/LayeredTerrain/GrassSoil/Square/EdgeGrassOnSoilPainted/Mask-11.asset using Guid(04aab987cd98a4440b66bb727667d8db) (NativeFormatImporter) -> (artifact id: 'eb6fb6ecd423e575e0946462aa243d66') in 0.0014325 seconds
Start importing Assets/LayeredTerrain/GrassSoil/Square/EdgeGrassOnSoilPainted/Mask-13.asset using Guid(75f61e4d96323eb4e906226b1dd8a16a) (NativeFormatImporter) -> (artifact id: '7952dc870547efbd422b012b46d2b17a') in 0.0015728 seconds
Start importing Assets/LayeredTerrain/GrassSoil/Square/EdgeGrassOnSoilPainted/Mask-08.asset using Guid(062a9acbc752b0342becc47471c8dad4) (NativeFormatImporter) -> (artifact id: 'ee86fce3dc4587f247fc6e398cfff9cd') in 0.0013057 seconds
Start importing Assets/LayeredTerrain/GrassSoil/Square/EdgeGrassOnSoilPainted/Mask-12.asset using Guid(17347530ba5655e4cb59ff249a976ea1) (NativeFormatImporter) -> (artifact id: '27e6bc4eabc1e74cb23636389ffd9263') in 0.0012724 seconds
Start importing Assets/LayeredTerrain/GrassSoil/Square/EdgeGrassOnSoilPainted/Mask-00.asset using Guid(676ca911d7a7bbf408a30856d7cc6990) (NativeFormatImporter) -> (artifact id: '557d3d98682769dd5e96ded56f4299cf') in 0.0013056 seconds
Start importing Assets/LayeredTerrain/GrassSoil/Square/EdgeGrassOnSoilPainted/Mask-10.asset using Guid(e75c1031ec799e0448fd29d3082006b4) (NativeFormatImporter) -> (artifact id: 'c8e41218e8984dd46c91b31d7703de4f') in 0.0012511 seconds
Start importing Assets/LayeredTerrain/GrassSoil/Square/EdgeGrassOnSoilPainted/Mask-09.asset using Guid(a8a7730f3a6dd484198f1b19fed8a24f) (NativeFormatImporter) -> (artifact id: '5597baddb442bf8a928e37d39723d50b') in 0.0014045 seconds
Start importing Assets/LayeredTerrain/GrassSoil/Square/EdgeGrassOnSoilPainted/Mask-07.asset using Guid(f8b2f90201834fa478634d3f30f6af16) (NativeFormatImporter) -> (artifact id: 'a306cb5e617a8648a67a81dc94516e9e') in 0.0012918 seconds
Start importing Assets/LayeredTerrain/GrassSoil/Square/EdgeGrassOnSoilPainted/Mask-06.asset using Guid(19882d23e028ac94e8abd02f91624ba8) (NativeFormatImporter) -> (artifact id: '54900e8224e5828f7c6a4f69fec6db72') in 0.0013432 seconds
Start importing Assets/LayeredTerrain/GrassSoil/Square/EdgeGrassOnSoilPainted/Mask-01.asset using Guid(b94d4b2cd03a1b04b83a81974d966227) (NativeFormatImporter) -> (artifact id: '7caf427609fab688c51f9caa2ce6a79f') in 0.0015123 seconds
Start importing Assets/LayeredTerrain/GrassSoil/Square/EdgeGrassOnSoilPainted/Mask-03.asset using Guid(1a4a3cc4af69bbc4aaabde52016c4f95) (NativeFormatImporter) -> (artifact id: 'af45f85c0f45a239757e36be7c184f6c') in 0.0017773 seconds
Start importing Assets/LayeredTerrain/GrassSoil/Square/EdgeGrassOnSoilPainted/Mask-05.asset using Guid(bacdc75efb95eda42aa6803845d196c4) (NativeFormatImporter) -> (artifact id: '6d469253745d86e884993bfadfef01d0') in 0.0013085 seconds
Start importing Assets/LayeredTerrain/GrassSoil/Square/EdgeGrassOnSoilPainted/GrassOnSoilSquarePaintedTileSet.asset using Guid(1b984e39e61f8734d8c54b032e84c3a3) (NativeFormatImporter) -> (artifact id: '612bda68ec02f7c1be620eb4ba627873') in 0.0013002 seconds
Start importing Assets/LayeredTerrain/GrassSoil/Square/EdgeGrassOnSoilPainted/Mask-02.asset using Guid(8d6a7e51f29762f4796204a57546e522) (NativeFormatImporter) -> (artifact id: '504e9a251c8e415c78cba5f93910b005') in 0.0014736 seconds
Refreshing native plugins compatible for Editor in 0.16 ms, found 0 plugins.
Preloading 0 native plugins for Editor in 0.00 ms.
Asset Pipeline Refresh (id=b0f42685f141da84a92f817e3f50a7cc): Total: 0.040 seconds - Initiated by StopAssetImportingV2(NoUpdateAssetOptions)
Accepted ribbon lip profile packaged as a top-down grass feather with base-grass RGB, guide-owned topology and no soil wall or outline.
UnityEngine.Debug:ExtractStackTraceNoAlloc (byte*,int,string)
UnityEngine.StackTraceUtility:ExtractStackTrace ()
UnityEngine.DebugLogHandler:Internal_Log (UnityEngine.LogType,UnityEngine.LogOption,string,UnityEngine.Object)
UnityEngine.DebugLogHandler:LogFormat (UnityEngine.LogType,UnityEngine.Object,string,object[])
UnityEngine.Logger:Log (UnityEngine.LogType,object)
UnityEngine.Debug:Log (object)
FruitDefense.Editor.SquareTerrainArtGenerator:PackageAcceptedGrassOnSoilCandidate () (at Assets/Editor/Tools/SquareTerrainArtGenerator.cs:126)
FruitDefense.Editor.SquareTerrainArtGenerator:GenerateAvailableSquareAssets () (at Assets/Editor/Tools/SquareTerrainArtGenerator.cs:138)
FruitDefense.Editor.LayeredTerrainArtSetup:EnsurePaletteAssets () (at Assets/Editor/Tools/LayeredTerrainArtSetup.cs:62)
FruitDefense.Editor.ProjectSetup:ConfigureBattlefieldTerrain (FruitDefense.FruitDefenseGame) (at Assets/Editor/Tools/ProjectSetup.cs:217)
FruitDefense.Editor.BattlefieldDualGridTerrainSmoke:ValidateSetupBinding (FruitDefense.Tilemaps.BattlefieldTerrainPalette,FruitDefense.Tilemaps.DualGridTileSet,FruitDefense.Tilemaps.DualGridTileSet,UnityEngine.Texture2D) (at Assets/Editor/Tests/BattlefieldDualGridTerrainSmoke.cs:489)
FruitDefense.Editor.BattlefieldDualGridTerrainSmoke:Validate () (at Assets/Editor/Tests/BattlefieldDualGridTerrainSmoke.cs:92)
FruitDefense.Editor.ProjectSetup:SmokeValidate () (at Assets/Editor/Tools/ProjectSetup.cs:250)
FruitDefense.Editor.P0ValidationSuite:Run () (at Assets/Editor/Tests/P0ValidationSuite.cs:18)

(Filename: Assets/Editor/Tools/SquareTerrainArtGenerator.cs Line: 126)

Start importing Assets/LayeredTerrain/GrassSoil/LandformSoil/Mask-07.asset using Guid(40244693c163e6541baff892b129cb00) (NativeFormatImporter) -> (artifact id: 'e65830c68ae7e03467001a0296ab0069') in 0.001841 seconds
Start importing Assets/LayeredTerrain/GrassSoil/EdgeGrassOnSoilRefined/Mask-07.asset using Guid(418e9fec0ca97b64ab0f4c86dc0fd006) (NativeFormatImporter) -> (artifact id: 'cd9c2cf18fdd38f609098f7d0cc15714') in 0.0015527 seconds
Start importing Assets/LayeredTerrain/CompositeBrushes/OriginalGrassSoil/OriginalGrassSoilReverseLandformTileSet.asset using Guid(813c3f8ce1d51a24093ce2c5ed1547fa) (NativeFormatImporter) -> (artifact id: 'b5291246265ecb7af0dd8a3a19f371a0') in 0.0016279 seconds
Start importing Assets/LayeredTerrain/GrassSoil/Authoring/SoilBase.asset using Guid(a158e7b4dd9e7c448b398f9b22a9f9c2) (NativeFormatImporter) -> (artifact id: '1d93f5ffd6651520cc292a513066cccb') in 0.0014763 seconds
Start importing Assets/LayeredTerrain/GrassSoil/EdgeGrassOnSoilRefined/Mask-05.asset using Guid(f15a3346efbbefb40babba4ef8f6ffa7) (NativeFormatImporter) -> (artifact id: '0325b05872f53d4d8922d91b29b864f9') in 0.0012314 seconds
Start importing Assets/LayeredTerrain/GrassSoil/LandformSoil/Mask-04.asset using Guid(f1fab5de0afca5445ba4970fcd52bbbe) (NativeFormatImporter) -> (artifact id: '09085b923c9ce06113de808e0225d25b') in 0.0013113 seconds
Start importing Assets/LayeredTerrain/GrassSoil/EdgeGrassOnSoilRefined/Mask-14.asset using Guid(1292b21714ab41b4197a410a29053ee2) (NativeFormatImporter) -> (artifact id: '113ba810aee874d1280699a85e7183b6') in 0.0014405 seconds
Start importing Assets/LayeredTerrain/GrassSoil/LandformGrass/Mask-08.asset using Guid(52e1998e35a61a047bd24dd910b6bb8c) (NativeFormatImporter) -> (artifact id: '675f77c88e6e0d975abaaae9f510d95d') in 0.0012373 seconds
Start importing Assets/LayeredTerrain/GrassSoil/EdgeGrassOnSoilRefined/Mask-15.asset using Guid(a2ee8cf7722d54542bb6934c3c7acca3) (NativeFormatImporter) -> (artifact id: '6edcf8d7d3f26ee03919cdd607084ab1') in 0.0015067 seconds
Start importing Assets/LayeredTerrain/GrassSoil/EdgeGrassOnSoilRefined/Mask-11.asset using Guid(c29b700cc6f883f4d8d20d2a190eee05) (NativeFormatImporter) -> (artifact id: 'f51c180f858faa73b198142b42927cfc') in 0.0012672 seconds
Start importing Assets/LayeredTerrain/GrassSoil/LandformGrass/Mask-07.asset using Guid(d285b7a144ce1134ba6f4b02b003db14) (NativeFormatImporter) -> (artifact id: '0038d19d51d9c42dea9465db3b105f39') in 0.0014009 seconds
Start importing Assets/LayeredTerrain/GrassSoil/LandformSoil/Mask-01.asset using Guid(030d3f064f313fe4aa4dd2ab0ae33f07) (NativeFormatImporter) -> (artifact id: '3fd5251983b6578fd68bf6bc3bb3b4e3') in 0.0012337 seconds
Start importing Assets/LayeredTerrain/GrassSoil/EdgeGrassOnSoilRefined/Mask-10.asset using Guid(c32eb2f88b196e04f96b1b2b04ea7efe) (NativeFormatImporter) -> (artifact id: '2d01cd9893dc47967ba87373e479eb7e') in 0.0012708 seconds
Start importing Assets/LayeredTerrain/GrassSoil/LandformSoil/Mask-13.asset using Guid(04bdecbe02f95ef46986c7056c2b7c3b) (NativeFormatImporter) -> (artifact id: '15f31c02a38b8c10ecc25938dd45d64e') in 0.0012121 seconds
Start importing Assets/LayeredTerrain/GrassSoil/EdgeGrassOnSoilRefined/Mask-00.asset using Guid(e4a3c845026f4254892939518018693f) (NativeFormatImporter) -> (artifact id: '3a031e969e7d12b8ad7d8420c2b35c82') in 0.0011956 seconds
Start importing Assets/LayeredTerrain/GrassSoil/LandformSoil/Mask-03.asset using Guid(15a3542839f831f41a0a24e5e9e2f22c) (NativeFormatImporter) -> (artifact id: '6e77d59b695c8200cb85f17fa75a4b54') in 0.0012003 seconds
Start importing Assets/LayeredTerrain/GrassSoil/LandformSoil/Mask-02.asset using Guid(f587922c248637745a6249f84c52611e) (NativeFormatImporter) -> (artifact id: '75844366cc32f023f1e40453bee8aa54') in 0.0012383 seconds
Start importing Assets/LayeredTerrain/GrassSoil/LandformGrass/Mask-09.asset using Guid(165dc20b52db7d14488b55217f6ac108) (NativeFormatImporter) -> (artifact id: '72e38899c33e0e3ced6ed6d0356b17dc') in 0.0012202 seconds
Start importing Assets/LayeredTerrain/GrassSoil/LandformSoil/Mask-11.asset using Guid(86718e5a68b1dcc47854d71bba5a1c17) (NativeFormatImporter) -> (artifact id: '04f57e67d298deb7839321669f6f5937') in 0.001371 seconds
Start importing Assets/LayeredTerrain/GrassSoil/EdgeGrassOnSoilRefined/Mask-09.asset using Guid(86c349d56e9db3e4e849d6749cdfbfbe) (NativeFormatImporter) -> (artifact id: 'a3a3937713e26dae2d17075614e230de') in 0.0016176 seconds
Start importing Assets/LayeredTerrain/CompositeBrushes/GrassSoil/GrassSoilReverseLandformTileSet.asset using Guid(17ff6febab517824eb695d29e0459a1f) (NativeFormatImporter) -> (artifact id: '3aac16350dc78571bdc4c034dd153e34') in 0.0013761 seconds
Start importing Assets/LayeredTerrain/GrassSoil/LandformSoil/Mask-09.asset using Guid(478b7d64a48c32541abd22cde03a7210) (NativeFormatImporter) -> (artifact id: 'df61b4f661f9c0aded60f089bd901d4a') in 0.001296 seconds
Start importing Assets/LayeredTerrain/GrassSoil/LandformSoil/Mask-05.asset using Guid(878e7bb9dfa805f47b4b88fef4623c4b) (NativeFormatImporter) -> (artifact id: '6433cd5ece3fc29e9694b9c40d1cce7b') in 0.0012356 seconds
Start importing Assets/LayeredTerrain/CompositeBrushes/StoneWater/StoneWaterReverseLandformTileSet.asset using Guid(97ffcbb8c3ab6264e80693ccaf0c43de) (NativeFormatImporter) -> (artifact id: '098d79a46ae44df4e4eabca0ead85233') in 0.0012506 seconds
Start importing Assets/LayeredTerrain/GrassSoil/LandformSoil/Mask-14.asset using Guid(a7806afe4f019d445bbf552f9eece05e) (NativeFormatImporter) -> (artifact id: 'e86c3f661d3698b3e540fda453881940') in 0.0012649 seconds
Start importing Assets/LayeredTerrain/GrassSoil/EdgeGrassOnSoilRefined/Mask-13.asset using Guid(a7d1a82699efeae47a6ca0a5bb112ae7) (NativeFormatImporter) -> (artifact id: 'a78e3ab795bab51c2fb8875ea81a3142') in 0.0012882 seconds
Start importing Assets/LayeredTerrain/GrassSoil/EdgeGrassOnSoilRefined/GrassOnSoilRefinedTileSet.asset using Guid(b75665e5083dab441a2805aa7b5e1562) (NativeFormatImporter) -> (artifact id: '9a378045af94549dd04c416ddd049034') in 0.001421 seconds
Start importing Assets/LayeredTerrain/GrassSoil/LandformGrass/Mask-14.asset using Guid(c7287b8c949516949b483b111ceb39a0) (NativeFormatImporter) -> (artifact id: '742a261e597b802d91fa4c4b50193514') in 0.0012363 seconds
Start importing Assets/LayeredTerrain/GrassSoil/LandformSoil/Mask-00.asset using Guid(88d5b3d83381240419fa7d0a9d6c2c63) (NativeFormatImporter) -> (artifact id: 'ec59939a8b52efe47b329a71ceccb6a9') in 0.0012825 seconds
Start importing Assets/LayeredTerrain/GrassSoil/LandformGrass/Mask-13.asset using Guid(e80621ea42744c243ac2ec385c32b338) (NativeFormatImporter) -> (artifact id: 'c073a20a8e0628f7baf4a55a699ae105') in 0.0012188 seconds
Start importing Assets/LayeredTerrain/GrassSoil/LandformGrass/Mask-00.asset using Guid(c92ffc9e81d587840892eb05cf844fbf) (NativeFormatImporter) -> (artifact id: '6de21ee1cddad2dc5dc822438a8f4094') in 0.0012542 seconds
Start importing Assets/LayeredTerrain/GrassSoil/LandformSoil/Mask-08.asset using Guid(d98e1448816e2f443a1e4e6b40e7cc25) (NativeFormatImporter) -> (artifact id: '8c84979613e06175002d882607152e4e') in 0.0014752 seconds
Start importing Assets/LayeredTerrain/GrassSoil/LandformSoil/Mask-15.asset using Guid(e95509ac4ec30484ab37daa221658805) (NativeFormatImporter) -> (artifact id: 'f96248f32c56c962dfe506862d5fb21b') in 0.001281 seconds
Start importing Assets/LayeredTerrain/GrassSoil/EdgeGrassOnSoilRefined/Mask-06.asset using Guid(e9ac41d989ad93f4ca1a691487107c16) (NativeFormatImporter) -> (artifact id: 'e9daccbac2653977ee343c02f273f598') in 0.0013977 seconds
Start importing Assets/LayeredTerrain/GrassSoil/LandformSoil/Mask-10.asset using Guid(f95d6c7578efacd4cb1f12c63e1d8ff8) (NativeFormatImporter) -> (artifact id: '90d43f8749769d1781298dd6bba5d61f') in 0.0012301 seconds
Start importing Assets/LayeredTerrain/GrassSoil/LandformGrass/Mask-10.asset using Guid(0a64b675a1f765c409b8f9deea1eb208) (NativeFormatImporter) -> (artifact id: '09c03947b8c465db650824308fe637f1') in 0.0014173 seconds
Start importing Assets/LayeredTerrain/GrassSoil/EdgeGrassOnSoilRefined/Mask-12.asset using Guid(3a09b8d94e4515f4fa39c4292c8052a7) (NativeFormatImporter) -> (artifact id: 'af83cf963396621d9d3bad458f6ed2a9') in 0.0012573 seconds
Start importing Assets/LayeredTerrain/GrassSoil/LandformSoil/Mask-06.asset using Guid(4ab46eb735954bf45977209e4a936a01) (NativeFormatImporter) -> (artifact id: '8450f37df15f7709b95c5c346493f1fd') in 0.0012043 seconds
Start importing Assets/LayeredTerrain/GrassSoil/LandformGrass/Mask-15.asset using Guid(7a5208b63b1d6284285e932c3708e65d) (NativeFormatImporter) -> (artifact id: '67ddae65d0c7a750e13eb34b9baf8365') in 0.0011966 seconds
Start importing Assets/LayeredTerrain/GrassSoil/LandformGrass/Mask-05.asset using Guid(3b4a2864fb45c5b4fae56fc1f697bbdd) (NativeFormatImporter) -> (artifact id: 'cf3f476c92289c5b074cb8ea3198ce61') in 0.0012636 seconds
Start importing Assets/LayeredTerrain/GrassSoil/EdgeGrassOnSoilRefined/Mask-08.asset using Guid(9b3d0613b51d86146bf5ea0994b42ddd) (NativeFormatImporter) -> (artifact id: '4e302c1a03e18f66e6c41c139ec180d3') in 0.0013175 seconds
Start importing Assets/LayeredTerrain/GrassSoil/LandformGrass/Mask-11.asset using Guid(bb6bc251a6bbcf54480e7f80f2181f2a) (NativeFormatImporter) -> (artifact id: '857582d6d96bb87d66880447573db021') in 0.0012127 seconds
Start importing Assets/LayeredTerrain/GrassSoil/LandformSoil/Mask-12.asset using Guid(3cfb4949c07b1bf43bc66661515525d7) (NativeFormatImporter) -> (artifact id: '3a6ea6ab140b5d680c9d80d68e71cee7') in 0.0011874 seconds
Start importing Assets/LayeredTerrain/GrassSoil/EdgeGrassOnSoilRefined/Mask-04.asset using Guid(6cca3f06a711ab34992417d66eeec087) (NativeFormatImporter) -> (artifact id: 'be2a2aeb01573b6be77d3a2b070fef25') in 0.0011785 seconds
Start importing Assets/LayeredTerrain/GrassSoil/Authoring/GrassBase.asset using Guid(3d71b1ea4e270714eb43b3b4541cda21) (NativeFormatImporter) -> (artifact id: '3f5ae16e96393bccc7f5f4d3650a3ce6') in 0.0012606 seconds
Start importing Assets/LayeredTerrain/GrassSoil/LandformGrass/Mask-06.asset using Guid(5d15d49b3c156ae479bd995b33107c67) (NativeFormatImporter) -> (artifact id: '05abb2ca9d5f1492af0ec896fb864d4e') in 0.0012017 seconds
Start importing Assets/LayeredTerrain/GrassSoil/LandformGrass/Mask-01.asset using Guid(7d609e3f17078a44f9a89e21b68ae180) (NativeFormatImporter) -> (artifact id: 'a1ebd9002be9baca60bb274969bc4dc2') in 0.0012389 seconds
Start importing Assets/LayeredTerrain/GrassSoil/LandformGrass/Mask-04.asset using Guid(ede22ab8e9b7bcc4da28aa41887e8614) (NativeFormatImporter) -> (artifact id: '42c1c0d805e7b323f147012ab0eb20fb') in 0.0012024 seconds
Start importing Assets/LayeredTerrain/GrassSoil/LandformSoil/SoilLandformTileSet.asset using Guid(3e1155418d0567f44af4b96697c9dd09) (NativeFormatImporter) -> (artifact id: 'df15b8c45196950bc4219bee97aafc82') in 0.0012408 seconds
Start importing Assets/LayeredTerrain/GrassSoil/EdgeGrassOnSoilRefined/Mask-02.asset using Guid(6ef5433501c908740932ed7d05777790) (NativeFormatImporter) -> (artifact id: '25936841c896ee6e32acaadabe2f5ad9') in 0.001255 seconds
Start importing Assets/LayeredTerrain/GrassSoil/EdgeGrassOnSoilRefined/Mask-01.asset using Guid(8e0671f07975b7c43b734d81c5ff11bc) (NativeFormatImporter) -> (artifact id: 'c6f3c5aa165967eeb465f4156418931b') in 0.0017156 seconds
Start importing Assets/LayeredTerrain/GrassSoil/EdgeGrassOnSoilRefined/Mask-03.asset using Guid(de5135a77f40df84b9a7170011242e63) (NativeFormatImporter) -> (artifact id: 'c4b8007304dbcd55f4ed04fb4957f5a6') in 0.0012922 seconds
Start importing Assets/LayeredTerrain/GrassSoil/LandformGrass/GrassLandformTileSet.asset using Guid(2fc47b69529dfb541a089c835adb5ce8) (NativeFormatImporter) -> (artifact id: '7d9b947ceee84338616124256f8ad829') in 0.0013167 seconds
Start importing Assets/LayeredTerrain/GrassSoil/LandformGrass/Mask-12.asset using Guid(bfcde0f6045b297478b7cca21b2bd212) (NativeFormatImporter) -> (artifact id: 'fcc2d08d622fb7725cf22421d7d46e31') in 0.001298 seconds
Start importing Assets/LayeredTerrain/GrassSoil/LandformGrass/Mask-02.asset using Guid(cfb8b16aec24e064ba3c8b202f110c99) (NativeFormatImporter) -> (artifact id: '918a9e9785ac5cd4f4174f2fe29d6d53') in 0.0012646 seconds
Start importing Assets/LayeredTerrain/GrassSoil/LandformGrass/Mask-03.asset using Guid(cf797356fdd5ba54fb021059b4e0c786) (NativeFormatImporter) -> (artifact id: '297c0fc42e401c9d7fd0a377a3b5b28e') in 0.001368 seconds
Refreshing native plugins compatible for Editor in 0.16 ms, found 0 plugins.
Preloading 0 native plugins for Editor in 0.00 ms.
Asset Pipeline Refresh (id=cc11ff0dd0809494fa669dc3d9dd13d0): Total: 0.100 seconds - Initiated by StopAssetImportingV2(NoUpdateAssetOptions)
Start importing Assets/LayeredTerrain/CompositeBrushes/OriginalGrassSoil/OriginalGrassSoilBrush.asset using Guid(21a71232d6e654e4b8c7960242ff7182) (NativeFormatImporter) -> (artifact id: '3547d87e50bc075e0e2036afaef240e2') in 0.001384 seconds
Start importing Assets/LayeredTerrain/CompositeBrushes/OriginalGrassSoil/OriginalGrassSoilReverseLandformTileSet.asset using Guid(813c3f8ce1d51a24093ce2c5ed1547fa) (NativeFormatImporter) -> (artifact id: 'b5291246265ecb7af0dd8a3a19f371a0') in 0.0013148 seconds
Refreshing native plugins compatible for Editor in 0.14 ms, found 0 plugins.
Preloading 0 native plugins for Editor in 0.00 ms.
Asset Pipeline Refresh (id=a8c3771e2a7a06541941d088001b51a4): Total: 0.012 seconds - Initiated by StopAssetImportingV2(NoUpdateAssetOptions)
Start importing Assets/Battlefield/Terrain/OrchardDefaultTerrainPalette.asset using Guid(8f09d513b82ee0048abd5a50378dbb0c) (NativeFormatImporter) -> (artifact id: 'af117db4ea5f59db66e2603074e05e44') in 0.0015191 seconds
Refreshing native plugins compatible for Editor in 0.16 ms, found 0 plugins.
Preloading 0 native plugins for Editor in 0.00 ms.
Asset Pipeline Refresh (id=7d6d6d8e23ffbcb40a43be8539e7ae66): Total: 0.010 seconds - Initiated by StopAssetImportingV2(NoUpdateAssetOptions)
Opening scene 'Assets/Scenes/Battle.unity additively'
Loaded scene 'Assets/Scenes/Battle.unity'
	Deserialize:            0.442 ms
	Integration:            0.080 ms
	Integration of assets:  0.001 ms
	Thread Wait Time:       0.007 ms
	Total Operation Time:   0.530 ms
FRUIT_DEFENSE_BATTLEFIELD_DUAL_GRID_TERRAIN_OK productionMaps=3 acceptanceFixtures=1
UnityEngine.Debug:ExtractStackTraceNoAlloc (byte*,int,string)
UnityEngine.StackTraceUtility:ExtractStackTrace ()
UnityEngine.DebugLogHandler:Internal_Log (UnityEngine.LogType,UnityEngine.LogOption,string,UnityEngine.Object)
UnityEngine.DebugLogHandler:LogFormat (UnityEngine.LogType,UnityEngine.Object,string,object[])
UnityEngine.Logger:Log (UnityEngine.LogType,object)
UnityEngine.Debug:Log (object)
FruitDefense.Editor.BattlefieldDualGridTerrainSmoke:Validate () (at Assets/Editor/Tests/BattlefieldDualGridTerrainSmoke.cs:94)
FruitDefense.Editor.ProjectSetup:SmokeValidate () (at Assets/Editor/Tools/ProjectSetup.cs:250)
FruitDefense.Editor.P0ValidationSuite:Run () (at Assets/Editor/Tests/P0ValidationSuite.cs:18)

(Filename: Assets/Editor/Tests/BattlefieldDualGridTerrainSmoke.cs Line: 94)

FRUIT_DEFENSE_PLANT_INTERACTION_PRESENTATION_OK
UnityEngine.Debug:ExtractStackTraceNoAlloc (byte*,int,string)
UnityEngine.StackTraceUtility:ExtractStackTrace ()
UnityEngine.DebugLogHandler:Internal_Log (UnityEngine.LogType,UnityEngine.LogOption,string,UnityEngine.Object)
UnityEngine.DebugLogHandler:LogFormat (UnityEngine.LogType,UnityEngine.Object,string,object[])
UnityEngine.Logger:Log (UnityEngine.LogType,object)
UnityEngine.Debug:Log (object)
FruitDefense.Editor.PlantInteractionPresentationSmoke:Run () (at Assets/Editor/Tests/PlantInteractionPresentationSmoke.cs:15)
FruitDefense.Editor.ProjectSetup:SmokeValidate () (at Assets/Editor/Tools/ProjectSetup.cs:251)
FruitDefense.Editor.P0ValidationSuite:Run () (at Assets/Editor/Tests/P0ValidationSuite.cs:18)

(Filename: Assets/Editor/Tests/PlantInteractionPresentationSmoke.cs Line: 15)

FRUIT_DEFENSE_COMBAT_FRAMEWORK_OK
UnityEngine.Debug:ExtractStackTraceNoAlloc (byte*,int,string)
UnityEngine.StackTraceUtility:ExtractStackTrace ()
UnityEngine.DebugLogHandler:Internal_Log (UnityEngine.LogType,UnityEngine.LogOption,string,UnityEngine.Object)
UnityEngine.DebugLogHandler:LogFormat (UnityEngine.LogType,UnityEngine.Object,string,object[])
UnityEngine.Logger:Log (UnityEngine.LogType,object)
UnityEngine.Debug:Log (object)
FruitDefense.Editor.CombatFrameworkSmoke:Run () (at Assets/Editor/Tests/CombatFrameworkSmoke.cs:23)
FruitDefense.Editor.ProjectSetup:SmokeValidate () (at Assets/Editor/Tools/ProjectSetup.cs:303)
FruitDefense.Editor.P0ValidationSuite:Run () (at Assets/Editor/Tests/P0ValidationSuite.cs:18)

(Filename: Assets/Editor/Tests/CombatFrameworkSmoke.cs Line: 23)

FRUIT_DEFENSE_LEVEL_MAP_CATALOG_OK
UnityEngine.Debug:ExtractStackTraceNoAlloc (byte*,int,string)
UnityEngine.StackTraceUtility:ExtractStackTrace ()
UnityEngine.DebugLogHandler:Internal_Log (UnityEngine.LogType,UnityEngine.LogOption,string,UnityEngine.Object)
UnityEngine.DebugLogHandler:LogFormat (UnityEngine.LogType,UnityEngine.Object,string,object[])
UnityEngine.Logger:Log (UnityEngine.LogType,object)
UnityEngine.Debug:Log (object)
FruitDefense.Editor.LevelMapCatalogSmoke:Run () (at Assets/Editor/Tests/LevelMapCatalogSmoke.cs:27)
FruitDefense.Editor.ProjectSetup:ValidateP1LevelCatalogPath () (at Assets/Editor/Tools/ProjectSetup.cs:346)
FruitDefense.Editor.ProjectSetup:SmokeValidate () (at Assets/Editor/Tools/ProjectSetup.cs:335)
FruitDefense.Editor.P0ValidationSuite:Run () (at Assets/Editor/Tests/P0ValidationSuite.cs:18)

(Filename: Assets/Editor/Tests/LevelMapCatalogSmoke.cs Line: 27)

FRUIT_DEFENSE_MULTI_LEVEL_SIMULATION_OK
UnityEngine.Debug:ExtractStackTraceNoAlloc (byte*,int,string)
UnityEngine.StackTraceUtility:ExtractStackTrace ()
UnityEngine.DebugLogHandler:Internal_Log (UnityEngine.LogType,UnityEngine.LogOption,string,UnityEngine.Object)
UnityEngine.DebugLogHandler:LogFormat (UnityEngine.LogType,UnityEngine.Object,string,object[])
UnityEngine.Logger:Log (UnityEngine.LogType,object)
UnityEngine.Debug:Log (object)
FruitDefense.Editor.MultiLevelSimulationSmoke:Run () (at Assets/Editor/Tests/MultiLevelSimulationSmoke.cs:29)
FruitDefense.Editor.ProjectSetup:ValidateP1LevelCatalogPath () (at Assets/Editor/Tools/ProjectSetup.cs:347)
FruitDefense.Editor.ProjectSetup:SmokeValidate () (at Assets/Editor/Tools/ProjectSetup.cs:335)
FruitDefense.Editor.P0ValidationSuite:Run () (at Assets/Editor/Tests/P0ValidationSuite.cs:18)

(Filename: Assets/Editor/Tests/MultiLevelSimulationSmoke.cs Line: 29)

FRUIT_DEFENSE_BATTLE_SNAPSHOT_V2_OK
UnityEngine.Debug:ExtractStackTraceNoAlloc (byte*,int,string)
UnityEngine.StackTraceUtility:ExtractStackTrace ()
UnityEngine.DebugLogHandler:Internal_Log (UnityEngine.LogType,UnityEngine.LogOption,string,UnityEngine.Object)
UnityEngine.DebugLogHandler:LogFormat (UnityEngine.LogType,UnityEngine.Object,string,object[])
UnityEngine.Logger:Log (UnityEngine.LogType,object)
UnityEngine.Debug:Log (object)
FruitDefense.Editor.BattleSnapshotV2Smoke:Run () (at Assets/Editor/Tests/BattleSnapshotV2Smoke.cs:20)
FruitDefense.Editor.ProjectSetup:ValidateP1LevelCatalogPath () (at Assets/Editor/Tools/ProjectSetup.cs:348)
FruitDefense.Editor.ProjectSetup:SmokeValidate () (at Assets/Editor/Tools/ProjectSetup.cs:335)
FruitDefense.Editor.P0ValidationSuite:Run () (at Assets/Editor/Tests/P0ValidationSuite.cs:18)

(Filename: Assets/Editor/Tests/BattleSnapshotV2Smoke.cs Line: 20)

Battlefield terrain presentation stopped: The active battle theme has no terrain palette identity.
UnityEngine.Debug:ExtractStackTraceNoAlloc (byte*,int,string)
UnityEngine.StackTraceUtility:ExtractStackTrace ()
UnityEngine.DebugLogHandler:Internal_Log (UnityEngine.LogType,UnityEngine.LogOption,string,UnityEngine.Object)
UnityEngine.DebugLogHandler:LogFormat (UnityEngine.LogType,UnityEngine.Object,string,object[])
UnityEngine.Logger:Log (UnityEngine.LogType,object,UnityEngine.Object)
UnityEngine.Debug:LogWarning (object,UnityEngine.Object)
FruitDefense.FruitDefenseGame:SetTerrainPresentationError (string) (at Assets/Scripts/FruitDefenseGame.cs:1640)
FruitDefense.FruitDefenseGame:RefreshTerrainPresentationStatus () (at Assets/Scripts/FruitDefenseGame.cs:1629)
FruitDefense.FruitDefenseGame:CompleteInitialization (FruitDefense.Battle.BattleLaunchRequest,FruitDefense.App.IAppNavigator,FruitDefense.Battle.IBattleResultSink,FruitDefense.UI.RuntimeUiTheme,FruitDefense.Core.GameSimulation) (at Assets/Scripts/FruitDefenseGame.cs:769)
FruitDefense.FruitDefenseGame:Initialize (FruitDefense.Battle.BattleLaunchRequest,FruitDefense.App.IAppNavigator,FruitDefense.Battle.IBattleResultSink,FruitDefense.UI.RuntimeUiTheme,FruitDefense.Core.BattlefieldMapDefinition) (at Assets/Scripts/FruitDefenseGame.cs:659)
FruitDefense.Editor.BattleSessionHostSmoke:ValidateInitializationAndLifecycle (FruitDefense.UI.RuntimeUiTheme) (at Assets/Editor/Tests/BattleSessionHostSmoke.cs:90)
FruitDefense.Editor.BattleSessionHostSmoke:Run () (at Assets/Editor/Tests/BattleSessionHostSmoke.cs:19)
FruitDefense.Editor.ProjectSetup:ValidateP1LevelCatalogPath () (at Assets/Editor/Tools/ProjectSetup.cs:349)
FruitDefense.Editor.ProjectSetup:SmokeValidate () (at Assets/Editor/Tools/ProjectSetup.cs:335)
FruitDefense.Editor.P0ValidationSuite:Run () (at Assets/Editor/Tests/P0ValidationSuite.cs:18)

(Filename: Assets/Scripts/FruitDefenseGame.cs Line: 1640)

Battlefield terrain presentation stopped: The active battle theme has no terrain palette identity.
UnityEngine.Debug:ExtractStackTraceNoAlloc (byte*,int,string)
UnityEngine.StackTraceUtility:ExtractStackTrace ()
UnityEngine.DebugLogHandler:Internal_Log (UnityEngine.LogType,UnityEngine.LogOption,string,UnityEngine.Object)
UnityEngine.DebugLogHandler:LogFormat (UnityEngine.LogType,UnityEngine.Object,string,object[])
UnityEngine.Logger:Log (UnityEngine.LogType,object,UnityEngine.Object)
UnityEngine.Debug:LogWarning (object,UnityEngine.Object)
FruitDefense.FruitDefenseGame:SetTerrainPresentationError (string) (at Assets/Scripts/FruitDefenseGame.cs:1640)
FruitDefense.FruitDefenseGame:RefreshTerrainPresentationStatus () (at Assets/Scripts/FruitDefenseGame.cs:1629)
FruitDefense.FruitDefenseGame:CompleteInitialization (FruitDefense.Battle.BattleLaunchRequest,FruitDefense.App.IAppNavigator,FruitDefense.Battle.IBattleResultSink,FruitDefense.UI.RuntimeUiTheme,FruitDefense.Core.GameSimulation) (at Assets/Scripts/FruitDefenseGame.cs:769)
FruitDefense.FruitDefenseGame:Initialize (FruitDefense.Battle.BattleLaunchRequest,FruitDefense.App.IAppNavigator,FruitDefense.Battle.IBattleResultSink,FruitDefense.UI.RuntimeUiTheme,FruitDefense.Core.BattlefieldMapDefinition) (at Assets/Scripts/FruitDefenseGame.cs:659)
FruitDefense.Editor.BattleSessionHostSmoke:ValidateDefeatResult (FruitDefense.UI.RuntimeUiTheme) (at Assets/Editor/Tests/BattleSessionHostSmoke.cs:175)
FruitDefense.Editor.BattleSessionHostSmoke:Run () (at Assets/Editor/Tests/BattleSessionHostSmoke.cs:20)
FruitDefense.Editor.ProjectSetup:ValidateP1LevelCatalogPath () (at Assets/Editor/Tools/ProjectSetup.cs:349)
FruitDefense.Editor.ProjectSetup:SmokeValidate () (at Assets/Editor/Tools/ProjectSetup.cs:335)
FruitDefense.Editor.P0ValidationSuite:Run () (at Assets/Editor/Tests/P0ValidationSuite.cs:18)

(Filename: Assets/Scripts/FruitDefenseGame.cs Line: 1640)

Battlefield terrain presentation stopped: The active battle theme has no terrain palette identity.
UnityEngine.Debug:ExtractStackTraceNoAlloc (byte*,int,string)
UnityEngine.StackTraceUtility:ExtractStackTrace ()
UnityEngine.DebugLogHandler:Internal_Log (UnityEngine.LogType,UnityEngine.LogOption,string,UnityEngine.Object)
UnityEngine.DebugLogHandler:LogFormat (UnityEngine.LogType,UnityEngine.Object,string,object[])
UnityEngine.Logger:Log (UnityEngine.LogType,object,UnityEngine.Object)
UnityEngine.Debug:LogWarning (object,UnityEngine.Object)
FruitDefense.FruitDefenseGame:SetTerrainPresentationError (string) (at Assets/Scripts/FruitDefenseGame.cs:1640)
FruitDefense.FruitDefenseGame:RefreshTerrainPresentationStatus () (at Assets/Scripts/FruitDefenseGame.cs:1629)
FruitDefense.FruitDefenseGame:CompleteInitialization (FruitDefense.Battle.BattleLaunchRequest,FruitDefense.App.IAppNavigator,FruitDefense.Battle.IBattleResultSink,FruitDefense.UI.RuntimeUiTheme,FruitDefense.Core.GameSimulation) (at Assets/Scripts/FruitDefenseGame.cs:769)
FruitDefense.FruitDefenseGame:Initialize (FruitDefense.Battle.BattleLaunchRequest,FruitDefense.App.IAppNavigator,FruitDefense.Battle.IBattleResultSink,FruitDefense.UI.RuntimeUiTheme,FruitDefense.Core.BattlefieldMapDefinition) (at Assets/Scripts/FruitDefenseGame.cs:659)
FruitDefense.Editor.BattleSessionHostSmoke:ValidateAcceptanceTerminalPreview (FruitDefense.UI.RuntimeUiTheme) (at Assets/Editor/Tests/BattleSessionHostSmoke.cs:204)
FruitDefense.Editor.BattleSessionHostSmoke:Run () (at Assets/Editor/Tests/BattleSessionHostSmoke.cs:21)
FruitDefense.Editor.ProjectSetup:ValidateP1LevelCatalogPath () (at Assets/Editor/Tools/ProjectSetup.cs:349)
FruitDefense.Editor.ProjectSetup:SmokeValidate () (at Assets/Editor/Tools/ProjectSetup.cs:335)
FruitDefense.Editor.P0ValidationSuite:Run () (at Assets/Editor/Tests/P0ValidationSuite.cs:18)

(Filename: Assets/Scripts/FruitDefenseGame.cs Line: 1640)

Fruit Defense battle session host validation passed.
UnityEngine.Debug:ExtractStackTraceNoAlloc (byte*,int,string)
UnityEngine.StackTraceUtility:ExtractStackTrace ()
UnityEngine.DebugLogHandler:Internal_Log (UnityEngine.LogType,UnityEngine.LogOption,string,UnityEngine.Object)
UnityEngine.DebugLogHandler:LogFormat (UnityEngine.LogType,UnityEngine.Object,string,object[])
UnityEngine.Logger:Log (UnityEngine.LogType,object)
UnityEngine.Debug:Log (object)
FruitDefense.Editor.BattleSessionHostSmoke:Run () (at Assets/Editor/Tests/BattleSessionHostSmoke.cs:22)
FruitDefense.Editor.ProjectSetup:ValidateP1LevelCatalogPath () (at Assets/Editor/Tools/ProjectSetup.cs:349)
FruitDefense.Editor.ProjectSetup:SmokeValidate () (at Assets/Editor/Tools/ProjectSetup.cs:335)
FruitDefense.Editor.P0ValidationSuite:Run () (at Assets/Editor/Tests/P0ValidationSuite.cs:18)

(Filename: Assets/Editor/Tests/BattleSessionHostSmoke.cs Line: 22)

FRUIT_DEFENSE_SHELL_OK
UnityEngine.Debug:ExtractStackTraceNoAlloc (byte*,int,string)
UnityEngine.StackTraceUtility:ExtractStackTrace ()
UnityEngine.DebugLogHandler:Internal_Log (UnityEngine.LogType,UnityEngine.LogOption,string,UnityEngine.Object)
UnityEngine.DebugLogHandler:LogFormat (UnityEngine.LogType,UnityEngine.Object,string,object[])
UnityEngine.Logger:Log (UnityEngine.LogType,object)
UnityEngine.Debug:Log (object)
FruitDefense.Shell.ShellFlowValidation:SmokeValidate (FruitDefense.UI.RuntimeUiTheme) (at Assets/Scripts/Shell/ShellFlowValidation.cs:15)
FruitDefense.Editor.ProjectSetup:ValidateP1LevelCatalogPath () (at Assets/Editor/Tools/ProjectSetup.cs:350)
FruitDefense.Editor.ProjectSetup:SmokeValidate () (at Assets/Editor/Tools/ProjectSetup.cs:335)
FruitDefense.Editor.P0ValidationSuite:Run () (at Assets/Editor/Tests/P0ValidationSuite.cs:18)

(Filename: Assets/Scripts/Shell/ShellFlowValidation.cs Line: 15)

Opening scene 'Assets/Scenes/Bootstrap.unity additively'
Loaded scene 'Assets/Scenes/Bootstrap.unity'
	Deserialize:            0.596 ms
	Integration:            0.103 ms
	Integration of assets:  0.001 ms
	Thread Wait Time:       0.005 ms
	Total Operation Time:   0.706 ms
FRUIT_DEFENSE_BATTLE_UI_LAYOUT_OK
UnityEngine.Debug:ExtractStackTraceNoAlloc (byte*,int,string)
UnityEngine.StackTraceUtility:ExtractStackTrace ()
UnityEngine.DebugLogHandler:Internal_Log (UnityEngine.LogType,UnityEngine.LogOption,string,UnityEngine.Object)
UnityEngine.DebugLogHandler:LogFormat (UnityEngine.LogType,UnityEngine.Object,string,object[])
UnityEngine.Logger:Log (UnityEngine.LogType,object)
UnityEngine.Debug:Log (object)
FruitDefense.Editor.BattleUiLayoutSmoke:Run () (at Assets/Editor/Tests/BattleUiLayoutSmoke.cs:23)
FruitDefense.Editor.ProjectSetup:SmokeValidate () (at Assets/Editor/Tools/ProjectSetup.cs:338)
FruitDefense.Editor.P0ValidationSuite:Run () (at Assets/Editor/Tests/P0ValidationSuite.cs:18)

(Filename: Assets/Editor/Tests/BattleUiLayoutSmoke.cs Line: 23)

Opening scene 'Assets/Scenes/Bootstrap.unity additively'
Loaded scene 'Assets/Scenes/Bootstrap.unity'
	Deserialize:            0.520 ms
	Integration:            0.102 ms
	Integration of assets:  0.001 ms
	Thread Wait Time:       0.005 ms
	Total Operation Time:   0.629 ms
Opening scene 'Assets/Scenes/Lobby.unity additively'
Loaded scene 'Assets/Scenes/Lobby.unity'
	Deserialize:            0.400 ms
	Integration:            0.077 ms
	Integration of assets:  0.001 ms
	Thread Wait Time:       0.006 ms
	Total Operation Time:   0.483 ms
Opening scene 'Assets/Scenes/Battle.unity additively'
Loaded scene 'Assets/Scenes/Battle.unity'
	Deserialize:            0.461 ms
	Integration:            0.102 ms
	Integration of assets:  0.001 ms
	Thread Wait Time:       0.006 ms
	Total Operation Time:   0.569 ms
Opening scene 'Assets/Scenes/Settlement.unity additively'
Loaded scene 'Assets/Scenes/Settlement.unity'
	Deserialize:            0.316 ms
	Integration:            0.078 ms
	Integration of assets:  0.001 ms
	Thread Wait Time:       0.011 ms
	Total Operation Time:   0.407 ms
Runtime UI visual system validation passed. Valid (0 warning(s)).
UnityEngine.Debug:ExtractStackTraceNoAlloc (byte*,int,string)
UnityEngine.StackTraceUtility:ExtractStackTrace ()
UnityEngine.DebugLogHandler:Internal_Log (UnityEngine.LogType,UnityEngine.LogOption,string,UnityEngine.Object)
UnityEngine.DebugLogHandler:LogFormat (UnityEngine.LogType,UnityEngine.Object,string,object[])
UnityEngine.Logger:Log (UnityEngine.LogType,object)
UnityEngine.Debug:Log (object)
FruitDefense.Editor.RuntimeUiVisualSystemValidator:ValidateReleaseOrThrow () (at Assets/Editor/Tools/RuntimeUiVisualSystemValidator.cs:179)
FruitDefense.Editor.ProjectSetup:SmokeValidate () (at Assets/Editor/Tools/ProjectSetup.cs:339)
FruitDefense.Editor.P0ValidationSuite:Run () (at Assets/Editor/Tests/P0ValidationSuite.cs:18)

(Filename: Assets/Editor/Tools/RuntimeUiVisualSystemValidator.cs Line: 179)

RUNTIME_UI_NINE_SLICE_PARTITION_OK matrices=9 x35=covered
UnityEngine.Debug:ExtractStackTraceNoAlloc (byte*,int,string)
UnityEngine.StackTraceUtility:ExtractStackTrace ()
UnityEngine.DebugLogHandler:Internal_Log (UnityEngine.LogType,UnityEngine.LogOption,string,UnityEngine.Object)
UnityEngine.DebugLogHandler:LogFormat (UnityEngine.LogType,UnityEngine.Object,string,object[])
UnityEngine.Logger:Log (UnityEngine.LogType,object)
UnityEngine.Debug:Log (object)
FruitDefense.Editor.RuntimeUiVisualSystemSmoke:ValidateNineSliceDevicePixelCoverage () (at Assets/Editor/Tests/RuntimeUiVisualSystemSmoke.cs:96)
FruitDefense.Editor.RuntimeUiVisualSystemSmoke:Run () (at Assets/Editor/Tests/RuntimeUiVisualSystemSmoke.cs:23)
FruitDefense.Editor.ProjectSetup:SmokeValidate () (at Assets/Editor/Tools/ProjectSetup.cs:340)
FruitDefense.Editor.P0ValidationSuite:Run () (at Assets/Editor/Tests/P0ValidationSuite.cs:18)

(Filename: Assets/Editor/Tests/RuntimeUiVisualSystemSmoke.cs Line: 96)

RUNTIME_UI_NINE_SLICE_SOURCE_UV_OK bindings=30
UnityEngine.Debug:ExtractStackTraceNoAlloc (byte*,int,string)
UnityEngine.StackTraceUtility:ExtractStackTrace ()
UnityEngine.DebugLogHandler:Internal_Log (UnityEngine.LogType,UnityEngine.LogOption,string,UnityEngine.Object)
UnityEngine.DebugLogHandler:LogFormat (UnityEngine.LogType,UnityEngine.Object,string,object[])
UnityEngine.Logger:Log (UnityEngine.LogType,object)
UnityEngine.Debug:Log (object)
FruitDefense.Editor.RuntimeUiVisualSystemSmoke:ValidateNineSliceSourceUvContract () (at Assets/Editor/Tests/RuntimeUiVisualSystemSmoke.cs:248)
FruitDefense.Editor.RuntimeUiVisualSystemSmoke:Run () (at Assets/Editor/Tests/RuntimeUiVisualSystemSmoke.cs:26)
FruitDefense.Editor.ProjectSetup:SmokeValidate () (at Assets/Editor/Tools/ProjectSetup.cs:340)
FruitDefense.Editor.P0ValidationSuite:Run () (at Assets/Editor/Tests/P0ValidationSuite.cs:18)

(Filename: Assets/Editor/Tests/RuntimeUiVisualSystemSmoke.cs Line: 248)

RUNTIME_UI_LOADING_PRIMARY_CONTRAST_OK ratio=3.2156
UnityEngine.Debug:ExtractStackTraceNoAlloc (byte*,int,string)
UnityEngine.StackTraceUtility:ExtractStackTrace ()
UnityEngine.DebugLogHandler:Internal_Log (UnityEngine.LogType,UnityEngine.LogOption,string,UnityEngine.Object)
UnityEngine.DebugLogHandler:LogFormat (UnityEngine.LogType,UnityEngine.Object,string,object[])
UnityEngine.Logger:Log (UnityEngine.LogType,object)
UnityEngine.Debug:Log (object)
FruitDefense.Editor.RuntimeUiVisualSystemSmoke:ValidateLoadingPrimaryContrast (FruitDefense.UI.RuntimeUiTheme) (at Assets/Editor/Tests/RuntimeUiVisualSystemSmoke.cs:327)
FruitDefense.Editor.RuntimeUiVisualSystemSmoke:Run () (at Assets/Editor/Tests/RuntimeUiVisualSystemSmoke.cs:27)
FruitDefense.Editor.ProjectSetup:SmokeValidate () (at Assets/Editor/Tools/ProjectSetup.cs:340)
FruitDefense.Editor.P0ValidationSuite:Run () (at Assets/Editor/Tests/P0ValidationSuite.cs:18)

(Filename: Assets/Editor/Tests/RuntimeUiVisualSystemSmoke.cs Line: 327)

RUNTIME_UI_SEMANTIC_STATE_CONTRAST_OK status-success=5.0910 status-warning=5.0910 status-error=5.0910 status-selected=3.6334 modal-title=5.2719
UnityEngine.Debug:ExtractStackTraceNoAlloc (byte*,int,string)
UnityEngine.StackTraceUtility:ExtractStackTrace ()
UnityEngine.DebugLogHandler:Internal_Log (UnityEngine.LogType,UnityEngine.LogOption,string,UnityEngine.Object)
UnityEngine.DebugLogHandler:LogFormat (UnityEngine.LogType,UnityEngine.Object,string,object[])
UnityEngine.Logger:Log (UnityEngine.LogType,object)
UnityEngine.Debug:Log (object)
FruitDefense.Editor.RuntimeUiVisualSystemSmoke:ValidateSemanticStateContrast (FruitDefense.UI.RuntimeUiTheme) (at Assets/Editor/Tests/RuntimeUiVisualSystemSmoke.cs:461)
FruitDefense.Editor.RuntimeUiVisualSystemSmoke:Run () (at Assets/Editor/Tests/RuntimeUiVisualSystemSmoke.cs:28)
FruitDefense.Editor.ProjectSetup:SmokeValidate () (at Assets/Editor/Tools/ProjectSetup.cs:340)
FruitDefense.Editor.P0ValidationSuite:Run () (at Assets/Editor/Tests/P0ValidationSuite.cs:18)

(Filename: Assets/Editor/Tests/RuntimeUiVisualSystemSmoke.cs Line: 461)

Start importing Assets/Editor/Tests/Fixtures/RuntimeUi/GeneratedInvalidPathRuntimeUiArtSet.asset using Guid(13dc4be343f73914289e17dd2bb3e416) (NativeFormatImporter) -> (artifact id: '5c4d698453907a5a497da2678fcb6df2') in 0.0027902 seconds
Refreshing native plugins compatible for Editor in 0.23 ms, found 0 plugins.
Preloading 0 native plugins for Editor in 0.00 ms.
Asset Pipeline Refresh (id=20f6fdebab7c58e4abc3a4b4eec2dae7): Total: 0.021 seconds - Initiated by StopAssetImportingV2(NoUpdateAssetOptions)
Start importing Assets/Editor/Tests/Fixtures/RuntimeUi/GeneratedInvalidPathRuntimeUiArtSet.asset using Guid(13dc4be343f73914289e17dd2bb3e416) (NativeFormatImporter) -> (artifact id: '5c4d698453907a5a497da2678fcb6df2') in 0.0018466 seconds
Refreshing native plugins compatible for Editor in 0.15 ms, found 0 plugins.
Preloading 0 native plugins for Editor in 0.00 ms.
Asset Pipeline Refresh (id=84df756b18bb463438d97a8748451e42): Total: 0.012 seconds - Initiated by StopAssetImportingV2(NoUpdateAssetOptions)
Refreshing native plugins compatible for Editor in 0.22 ms, found 0 plugins.
Preloading 0 native plugins for Editor in 0.00 ms.
Asset Pipeline Refresh (id=3c428a66057d5ad46912b0152df6cf4c): Total: 0.010 seconds - Initiated by StopAssetImportingV2(NoUpdateAssetOptions)
Asset Pipeline Refresh (id=86bc57ee8b69f6c42819db20a349cca7): Total: 0.034 seconds - Initiated by RefreshV2(NoUpdateAssetOptions)
Start importing Assets/UI/Theme/ReleaseRuntimeUiTheme.asset using Guid(932a9783b6b3eee45970ab3ef84a4c39) (NativeFormatImporter) -> (artifact id: '59e7a32f2e620f38fa621becb49da557') in 0.0019216 seconds
Refreshing native plugins compatible for Editor in 0.19 ms, found 0 plugins.
Preloading 0 native plugins for Editor in 0.00 ms.
Asset Pipeline Refresh (id=e0f0cc31fc0d1c942b2ae38ea759233d): Total: 0.012 seconds - Initiated by StopAssetImportingV2(NoUpdateAssetOptions)
Asset Pipeline Refresh (id=85afcd9439d04f24299a92e36704e1a3): Total: 0.009 seconds - Initiated by RefreshV2(NoUpdateAssetOptions)
Start importing Assets/UI/Art/Runtime/sunny-orchard/surface-screen-background.png using Guid(81c25e15dd0bd2802865ef47410f7840) (TextureImporter) -> (artifact id: 'd85db326ea970164b088057a3e91d80a') in 0.0050289 seconds
Refreshing native plugins compatible for Editor in 0.16 ms, found 0 plugins.
Preloading 0 native plugins for Editor in 0.00 ms.
Asset Pipeline Refresh (id=5c3fc0ab06c03e9439d215d318938bbd): Total: 0.014 seconds - Initiated by StopAssetImportingV2(NoUpdateAssetOptions)
Start importing Assets/UI/Theme/ReleaseRuntimeUiTheme.asset using Guid(932a9783b6b3eee45970ab3ef84a4c39) (NativeFormatImporter) -> (artifact id: '59e7a32f2e620f38fa621becb49da557') in 0.0016552 seconds
Refreshing native plugins compatible for Editor in 0.19 ms, found 0 plugins.
Preloading 0 native plugins for Editor in 0.00 ms.
Asset Pipeline Refresh (id=15ab038a1dd874d4a82bd977b0549ade): Total: 0.011 seconds - Initiated by StopAssetImportingV2(NoUpdateAssetOptions)
Asset Pipeline Refresh (id=24fa75b265944ac45ba0e85858c2b748): Total: 0.011 seconds - Initiated by RefreshV2(NoUpdateAssetOptions)
RUNTIME_UI_VISUAL_SYSTEM_SMOKE_OK
UnityEngine.Debug:ExtractStackTraceNoAlloc (byte*,int,string)
UnityEngine.StackTraceUtility:ExtractStackTrace ()
UnityEngine.DebugLogHandler:Internal_Log (UnityEngine.LogType,UnityEngine.LogOption,string,UnityEngine.Object)
UnityEngine.DebugLogHandler:LogFormat (UnityEngine.LogType,UnityEngine.Object,string,object[])
UnityEngine.Logger:Log (UnityEngine.LogType,object)
UnityEngine.Debug:Log (object)
FruitDefense.Editor.RuntimeUiVisualSystemSmoke:Run () (at Assets/Editor/Tests/RuntimeUiVisualSystemSmoke.cs:71)
FruitDefense.Editor.ProjectSetup:SmokeValidate () (at Assets/Editor/Tools/ProjectSetup.cs:340)
FruitDefense.Editor.P0ValidationSuite:Run () (at Assets/Editor/Tests/P0ValidationSuite.cs:18)

(Filename: Assets/Editor/Tests/RuntimeUiVisualSystemSmoke.cs Line: 71)

FRUIT_DEFENSE_SMOKE_OK
UnityEngine.Debug:ExtractStackTraceNoAlloc (byte*,int,string)
UnityEngine.StackTraceUtility:ExtractStackTrace ()
UnityEngine.DebugLogHandler:Internal_Log (UnityEngine.LogType,UnityEngine.LogOption,string,UnityEngine.Object)
UnityEngine.DebugLogHandler:LogFormat (UnityEngine.LogType,UnityEngine.Object,string,object[])
UnityEngine.Logger:Log (UnityEngine.LogType,object)
UnityEngine.Debug:Log (object)
FruitDefense.Editor.ProjectSetup:SmokeValidate () (at Assets/Editor/Tools/ProjectSetup.cs:341)
FruitDefense.Editor.P0ValidationSuite:Run () (at Assets/Editor/Tests/P0ValidationSuite.cs:18)

(Filename: Assets/Editor/Tools/ProjectSetup.cs Line: 341)

FRUIT_DEFENSE_P0_RELEASE_GATE_OK
UnityEngine.Debug:ExtractStackTraceNoAlloc (byte*,int,string)
UnityEngine.StackTraceUtility:ExtractStackTrace ()
UnityEngine.DebugLogHandler:Internal_Log (UnityEngine.LogType,UnityEngine.LogOption,string,UnityEngine.Object)
UnityEngine.DebugLogHandler:LogFormat (UnityEngine.LogType,UnityEngine.Object,string,object[])
UnityEngine.Logger:Log (UnityEngine.LogType,object)
UnityEngine.Debug:Log (object)
FruitDefense.Editor.P0ValidationSuite:Run () (at Assets/Editor/Tests/P0ValidationSuite.cs:19)

(Filename: Assets/Editor/Tests/P0ValidationSuite.cs Line: 19)

Batchmode quit successfully invoked - shutting down!
[Physics::Module] Cleanup current backend.
[Physics::Module] Id: 0xf2b8ea05
Input System module state changed to: ShutdownInProgress.
Input System polling thread exited.
Input System module state changed to: Shutdown.
[Licensing::IpcConnector] LicenseClient-18163-notifications channel disconnected successfully.
[Licensing::IpcConnector] LicenseClient-18163 channel disconnected successfully.
AcceleratorClientConnectionCallback - disconnected - :0
Cleanup mono
Exiting batchmode successfully now!
Exiting without the bug reporter. Application will terminate with return code 0