[Licensing::Module] Trying to connect to existing licensing client channel...
Built from '6000.3/staging' branch; Version is '6000.3.19f1 (7689f4515d75) revision 7768564'; Using compiler version '194234433'; Build Type 'Release'
[Licensing::IpcConnector] Channel LicenseClient-18163 doesn't exist
OS: 'Windows 10  (10.0.19045) 64bit Professional' Language: 'zh' Physical Memory: 32679 MB
BatchMode: 1, IsHumanControllingUs: 0, StartBugReporterOnCrash: 0, Is64bit: 1
System  architecture: x64
Process architecture: x64
Date: 2026-08-18T19:37:11Z
[Licensing::Module] Successfully launched the LicensingClient (PId: 34572)

COMMAND LINE ARGUMENTS:
C:\Program Files\Unity\Hub\Editor\6000.3.19f1\Editor\Unity.exe
-batchmode
-nographics
-quit
-projectPath
E:\project\unity\furitDefense
-executeMethod
FruitDefense.Editor.P0ValidationSuite.Run
-logFile
E:\project\unity\furitDefense\openspec\changes\unify-runtime-ui-visual-system\evidence\4.6-battle\editor-smoke\selected-tool-p0.log
Successfully changed project path to: E:\project\unity\furitDefense
E:/project/unity/furitDefense
[UnityMemory] Configuration Parameters - Can be set up in boot.config
    "memorysetup-temp-allocator-size-nav-mesh-worker=65536"
    "memorysetup-temp-allocator-size-audio-worker=65536"
    "memorysetup-temp-allocator-size-gfx=262144"
    "memorysetup-allocator-temp-initial-block-size-main=262144"
    "memorysetup-allocator-temp-initial-block-size-worker=262144"
    "memorysetup-temp-allocator-size-background-worker=32768"
    "memorysetup-temp-allocator-size-job-worker=262144"
    "memorysetup-temp-allocator-size-preload-manager=33554432"
    "memorysetup-temp-allocator-size-gi-baking-worker=262144"
    "memorysetup-temp-allocator-size-gi-baking-worker=262144"
    "memorysetup-temp-allocator-size-gi-baking-worker=262144"
    "memorysetup-temp-allocator-size-gi-baking-worker=262144"
    "memorysetup-temp-allocator-size-gi-baking-worker=262144"
    "memorysetup-bucket-allocator-granularity=16"
    "memorysetup-bucket-allocator-bucket-count=8"
    "memorysetup-bucket-allocator-block-size=33554432"
    "memorysetup-bucket-allocator-block-count=8"
    "memorysetup-main-allocator-block-size=16777216"
    "memorysetup-thread-allocator-block-size=16777216"
    "memorysetup-gfx-main-allocator-block-size=16777216"
    "memorysetup-gfx-thread-allocator-block-size=16777216"
    "memorysetup-cache-allocator-block-size=4194304"
    "memorysetup-typetree-allocator-block-size=2097152"
    "memorysetup-profiler-bucket-allocator-granularity=16"
    "memorysetup-profiler-bucket-allocator-bucket-count=8"
    "memorysetup-profiler-bucket-allocator-block-size=33554432"
    "memorysetup-profiler-bucket-allocator-block-count=8"
    "memorysetup-profiler-allocator-block-size=16777216"
    "memorysetup-profiler-editor-allocator-block-size=1048576"
    "memorysetup-temp-allocator-size-main=16777216"
    "memorysetup-job-temp-allocator-block-size=2097152"
    "memorysetup-job-temp-allocator-block-size-background=1048576"
    "memorysetup-job-temp-allocator-reduction-small-platforms=262144"
    "memorysetup-temp-allocator-size-cloud-worker=32768"
Player connection [27964]  Target information:

Player connection [27964]  * "[IP] 192.168.3.10 [Port] 55504 [Flags] 2 [Guid] 2199592340 [EditorId] 2199592340 [Version] 1048832 [Id] WindowsEditor(7,DESKTOP-02DUQIQ) [Debug] 1 [PackageName] WindowsEditor [ProjectName] Editor" 

Player connection [27964]  * "[IP] 169.254.219.203 [Port] 55504 [Flags] 2 [Guid] 2199592340 [EditorId] 2199592340 [Version] 1048832 [Id] WindowsEditor(7,DESKTOP-02DUQIQ) [Debug] 1 [PackageName] WindowsEditor [ProjectName] Editor" 

Player connection [27964] Host joined multi-casting on [225.0.0.222:54997]...
Player connection [27964] Host joined alternative multi-casting on [225.0.0.222:34997]...
Input System module state changed to: Initialized.
[Physics::Module] Initialized fallback backend.
[Physics::Module] Id: 0xdecafbad
[Licensing::IpcConnector] Successfully connected to: "LicenseClient-18163" at "2026-08-18T19:37:11.8031114Z"
[Licensing::Client] Code 10 while verifying Licensing Client signature (process Id: 34572, path: "C:/Program Files/Unity/Hub/Editor/6000.3.19f1/Editor/Data/Resources/Licensing/Client/Unity.Licensing.Client.exe")
[Licensing::Module] LicensingClient has failed validation; ignoring
[Package Manager] Connected to IPC stream "Upm-31016" after 0.3 seconds.
[Licensing::Module] Licensing is not yet initialized.
[Licensing::Client] Handshaking with LicensingClient:
  Version:                 1.18.1+9fbee8e
  Session Id:              7423eddc70e44ce59fa3867dbe8f1244
  Correlation Id:          614929b005cff8a5a5be3bb903e9558e
  External correlation Id: 3120682808295979935
  Machine Id:              45/sxUmrq84w1DGaAIO3nlH4R54=
[Licensing::Module] Successfully connected to LicensingClient on channel: "LicenseClient-18163" (connect: 0.37s, validation: 0.14s, handshake: 0.04s)
[Licensing::IpcConnector] Successfully connected to: "LicenseClient-18163-notifications" at "2026-08-18T19:37:11.9859323Z"
[Licensing::Module] Connected to LicensingClient (PId: 34572, launch time: 0.01, total connection time: 0.56s)
[Licensing::Module] Error: Access token is unavailable; failed to update
[Licensing::Client] Successfully resolved entitlement details
[Licensing::Module] License group:
  Id: F4-PJMF-AXN2-R4YC-DCT2-XXXX
  Product: Unity Personal
  Type: ULF
  Expiration: 2026-08-28T20:36:55Z
[Licensing::Client] Successfully updated license, isAsync: True, time: 0.01
[Licensing::Client] Successfully resolved entitlement details
[Licensing::Module] Licensing Background thread has ended after 0.60s
[Licensing::Module] Licensing is initialized (took 0.13s).
[Licensing::Client] Successfully resolved entitlement details
Library Redirect Path: Library/
[Physics::Module] Selected backend.
[Physics::Module] Name: PhysX
[Physics::Module] Id: 0xf2b8ea05
[Physics::Module] SDK Version: 4.1.2
[Physics::Module] Integration Version: 1.0.0
[Physics::Module] Threading Mode: Multi-Threaded
Refreshing native plugins compatible for Editor in 0.17 ms, found 0 plugins.
Preloading 0 native plugins for Editor in 0.00 ms.
Initialize engine version: 6000.3.19f1 (7689f4515d75)
[Subsystems] Discovering subsystems at path C:/Program Files/Unity/Hub/Editor/6000.3.19f1/Editor/Data/Resources/UnitySubsystems
[Subsystems] Discovering subsystems at path E:/project/unity/furitDefense/Assets
Forcing GfxDevice: Null
GfxDevice: creating device client; kGfxThreadingModeNonThreaded
NullGfxDevice:
    Version:  NULL 1.0 [1.0]
    Renderer: Null Device
    Vendor:   Unity Technologies
Initialize mono
Mono path[0] = 'C:/Program Files/Unity/Hub/Editor/6000.3.19f1/Editor/Data/Managed'
Mono path[1] = 'C:/Program Files/Unity/Hub/Editor/6000.3.19f1/Editor/Data/MonoBleedingEdge/lib/mono/unityjit-win32'
Mono config path = 'C:/Program Files/Unity/Hub/Editor/6000.3.19f1/Editor/Data/MonoBleedingEdge/etc'
Using monoOptions --debugger-agent=transport=dt_socket,embedding=1,server=y,suspend=n,address=127.0.0.1:56016
Using cacheserver namespaces - metadata:defaultmetadata, artifacts:defaultartifacts
Using cacheserver namespaces - metadata:defaultmetadata, artifacts:defaultartifacts
ImportWorker Server TCP listen port: 0
AcceleratorClientConnectionCallback - disconnected - :0
Begin MonoManager ReloadAssembly
Registering precompiled unity dll's ...
Register platform support module: C:/Program Files/Unity/Hub/Editor/6000.3.19f1/Editor/Data/PlaybackEngines/WebGLSupport/UnityEditor.WebGL.Extensions.dll
Register platform support module: C:/Program Files/Unity/Hub/Editor/6000.3.19f1/Editor/Data/PlaybackEngines/WindowsStandaloneSupport/UnityEditor.WindowsStandalone.Extensions.dll
Registered in 0.002582 seconds.
- Loaded All Assemblies, in  0.394 seconds
Native extension for WindowsStandalone target not found
Native extension for WebGL target not found
Package Manager log level set to [2]
ScheduleIndexationOnStartup MainProcess:False IndexOnStartup:True
Mono: successfully reloaded assembly
- Finished resetting the current domain, in  0.342 seconds
Domain Reload Profiling: 733ms
	BeginReloadAssembly (148ms)
		ExecutionOrderSort (0ms)
		DisableScriptedObjects (0ms)
		BackupInstance (0ms)
		ReleaseScriptingObjects (0ms)
		CreateAndSetChildDomain (25ms)
	RebuildCommonClasses (32ms)
	RebuildNativeTypeToScriptingClass (10ms)
	initialDomainReloadingComplete (45ms)
	LoadAllAssembliesAndSetupDomain (156ms)
		LoadAssemblies (119ms)
		RebuildTransferFunctionScriptingTraits (0ms)
		AnalyzeDomain (152ms)
			TypeCache.Refresh (151ms)
				TypeCache.ScanAssembly (136ms)
			BuildScriptInfoCaches (0ms)
			ResolveRequiredComponents (0ms)
	FinalizeReload (342ms)
		ReleaseScriptCaches (0ms)
		RebuildScriptCaches (0ms)
		SetupLoadedEditorAssemblies (307ms)
			LogAssemblyErrors (0ms)
			InitializePlatformSupportModulesInManaged (49ms)
			SetLoadedEditorAssemblies (3ms)
			BeforeProcessingInitializeOnLoad (68ms)
			ProcessInitializeOnLoadAttributes (118ms)
			ProcessInitializeOnLoadMethodAttributes (68ms)
			AfterProcessingInitializeOnLoad (0ms)
			EditorAssembliesLoaded (0ms)
		ExecutionOrderSort2 (0ms)
		AwakeInstancesAfterBackupRestoration (0ms)
[Licensing::Client] Successfully resolved entitlement details
Application.AssetDatabase Initial Refresh Start
[Package Manager] Restoring resolved packages state from cache
[Licensing::Client] Successfully resolved entitlement details
[Package Manager] Registered 33 packages:
  Built-in packages:
    com.unity.modules.ai@1.0.0 (location: E:\project\unity\furitDefense\Library\PackageCache\com.unity.modules.ai)
    com.unity.modules.androidjni@1.0.0 (location: E:\project\unity\furitDefense\Library\PackageCache\com.unity.modules.androidjni)
    com.unity.modules.animation@1.0.0 (location: E:\project\unity\furitDefense\Library\PackageCache\com.unity.modules.animation)
    com.unity.modules.assetbundle@1.0.0 (location: E:\project\unity\furitDefense\Library\PackageCache\com.unity.modules.assetbundle)
    com.unity.modules.audio@1.0.0 (location: E:\project\unity\furitDefense\Library\PackageCache\com.unity.modules.audio)
    com.unity.modules.cloth@1.0.0 (location: E:\project\unity\furitDefense\Library\PackageCache\com.unity.modules.cloth)
    com.unity.modules.director@1.0.0 (location: E:\project\unity\furitDefense\Library\PackageCache\com.unity.modules.director)
    com.unity.modules.imageconversion@1.0.0 (location: E:\project\unity\furitDefense\Library\PackageCache\com.unity.modules.imageconversion)
    com.unity.modules.imgui@1.0.0 (location: E:\project\unity\furitDefense\Library\PackageCache\com.unity.modules.imgui)
    com.unity.modules.jsonserialize@1.0.0 (location: E:\project\unity\furitDefense\Library\PackageCache\com.unity.modules.jsonserialize)
    com.unity.modules.particlesystem@1.0.0 (location: E:\project\unity\furitDefense\Library\PackageCache\com.unity.modules.particlesystem)
    com.unity.modules.physics@1.0.0 (location: E:\project\unity\furitDefense\Library\PackageCache\com.unity.modules.physics)
    com.unity.modules.physics2d@1.0.0 (location: E:\project\unity\furitDefense\Library\PackageCache\com.unity.modules.physics2d)
    com.unity.modules.screencapture@1.0.0 (location: E:\project\unity\furitDefense\Library\PackageCache\com.unity.modules.screencapture)
    com.unity.modules.terrain@1.0.0 (location: E:\project\unity\furitDefense\Library\PackageCache\com.unity.modules.terrain)
    com.unity.modules.terrainphysics@1.0.0 (location: E:\project\unity\furitDefense\Library\PackageCache\com.unity.modules.terrainphysics)
    com.unity.modules.tilemap@1.0.0 (location: E:\project\unity\furitDefense\Library\PackageCache\com.unity.modules.tilemap)
    com.unity.modules.ui@1.0.0 (location: E:\project\unity\furitDefense\Library\PackageCache\com.unity.modules.ui)
    com.unity.modules.uielements@1.0.0 (location: E:\project\unity\furitDefense\Library\PackageCache\com.unity.modules.uielements)
    com.unity.modules.umbra@1.0.0 (location: E:\project\unity\furitDefense\Library\PackageCache\com.unity.modules.umbra)
    com.unity.modules.unityanalytics@1.0.0 (location: E:\project\unity\furitDefense\Library\PackageCache\com.unity.modules.unityanalytics)
    com.unity.modules.unitywebrequest@1.0.0 (location: E:\project\unity\furitDefense\Library\PackageCache\com.unity.modules.unitywebrequest)
    com.unity.modules.unitywebrequestassetbundle@1.0.0 (location: E:\project\unity\furitDefense\Library\PackageCache\com.unity.modules.unitywebrequestassetbundle)
    com.unity.modules.unitywebrequestaudio@1.0.0 (location: E:\project\unity\furitDefense\Library\PackageCache\com.unity.modules.unitywebrequestaudio)
    com.unity.modules.unitywebrequesttexture@1.0.0 (location: E:\project\unity\furitDefense\Library\PackageCache\com.unity.modules.unitywebrequesttexture)
    com.unity.modules.unitywebrequestwww@1.0.0 (location: E:\project\unity\furitDefense\Library\PackageCache\com.unity.modules.unitywebrequestwww)
    com.unity.modules.vehicles@1.0.0 (location: E:\project\unity\furitDefense\Library\PackageCache\com.unity.modules.vehicles)
    com.unity.modules.video@1.0.0 (location: E:\project\unity\furitDefense\Library\PackageCache\com.unity.modules.video)
    com.unity.modules.vr@1.0.0 (location: E:\project\unity\furitDefense\Library\PackageCache\com.unity.modules.vr)
    com.unity.modules.wind@1.0.0 (location: E:\project\unity\furitDefense\Library\PackageCache\com.unity.modules.wind)
    com.unity.modules.xr@1.0.0 (location: E:\project\unity\furitDefense\Library\PackageCache\com.unity.modules.xr)
    com.unity.modules.subsystems@1.0.0 (location: E:\project\unity\furitDefense\Library\PackageCache\com.unity.modules.subsystems)
    com.unity.modules.hierarchycore@1.0.0 (location: E:\project\unity\furitDefense\Library\PackageCache\com.unity.modules.hierarchycore)
[Subsystems] No new subsystems found in resolved package list.
[Package Manager] Done registering packages in 0.01 seconds
Starting: C:\Program Files\Unity\Hub\Editor\6000.3.19f1\Editor\Data\Tools\BuildPipeline\bee_backend.exe --ipc --defer-dag-verification --dagfile="Library/Bee/2000b0aE.dag" --continue-on-failure --profile="Library/Bee/backend1.traceevents" ScriptAssemblies
WorkingDir: E:/project/unity/furitDefense
DisplayProgressbar: Compiling Scripts
ExitCode: 0 Duration: 0s64ms
*** Tundra build success (0.03 seconds), 0 items updated, 157 evaluated
AssetDatabase: script compilation time: 0.381759s
Begin MonoManager ReloadAssembly
Total cache size 31377775
Total cache size after purge 31377775, took 00:00:00.0323945
- Loaded All Assemblies, in  0.326 seconds
Refreshing native plugins compatible for Editor in 0.15 ms, found 0 plugins.
Native extension for WindowsStandalone target not found
Native extension for WebGL target not found
ScheduleIndexationOnStartup MainProcess:True IndexOnStartup:True
Mono: successfully reloaded assembly
- Finished resetting the current domain, in  0.418 seconds
Domain Reload Profiling: 741ms
	BeginReloadAssembly (242ms)
		ExecutionOrderSort (0ms)
		DisableScriptedObjects (82ms)
		BackupInstance (0ms)
		ReleaseScriptingObjects (0ms)
		CreateAndSetChildDomain (35ms)
	RebuildCommonClasses (32ms)
	RebuildNativeTypeToScriptingClass (11ms)
	initialDomainReloadingComplete (22ms)
	LoadAllAssembliesAndSetupDomain (16ms)
		LoadAssemblies (101ms)
		RebuildTransferFunctionScriptingTraits (0ms)
		AnalyzeDomain (11ms)
			TypeCache.Refresh (7ms)
				TypeCache.ScanAssembly (3ms)
			BuildScriptInfoCaches (1ms)
			ResolveRequiredComponents (1ms)
	FinalizeReload (419ms)
		ReleaseScriptCaches (0ms)
		RebuildScriptCaches (0ms)
		SetupLoadedEditorAssemblies (262ms)
			LogAssemblyErrors (0ms)
			InitializePlatformSupportModulesInManaged (26ms)
			SetLoadedEditorAssemblies (3ms)
			BeforeProcessingInitializeOnLoad (90ms)
			ProcessInitializeOnLoadAttributes (100ms)
			ProcessInitializeOnLoadMethodAttributes (33ms)
			AfterProcessingInitializeOnLoad (9ms)
			EditorAssembliesLoaded (0ms)
		ExecutionOrderSort2 (0ms)
		AwakeInstancesAfterBackupRestoration (25ms)
Asset Pipeline Refresh (id=d8d57e49e613a0a468ee17c5bfb6f771): Total: 1.249 seconds - Initiated by InitialRefreshV2(ForceSynchronousImport)
	Summary:
		Imports: total=0 (actual=0, local cache=0, cache server=0)
		Asset DB Process Time: managed=0 ms, native=505 ms
		Asset DB Callback time: managed=12 ms, native=14 ms
		Scripting: domain reloads=1, domain reload time=326 ms, compile time=383 ms, other=8 ms
		Project Asset Count: scripts=163, non-scripts=755
		Asset File Changes: new=0, changed=0, moved=0, deleted=0
		Scan Filter Count: 0
	InvokeCustomDependenciesCallbacks: 0.002ms
	InvokePackagesCallback: 16.078ms
	ApplyChangesToAssetFolders: 0.320ms
	Scan: 21.707ms
	OnSourceAssetsModified: 0.003ms
	CategorizeAssetsWithTransientArtifact: 0.438ms
	ProcessAssetsWithTransientArtifactChanges: 2.307ms
	CategorizeAssets: 5.032ms
	ImportOutOfDateAssets: 420.229ms (36.519ms without children)
		CompileScripts: 383.305ms
		ReloadNativeAssets: 0.000ms
		UnloadImportedAssets: 0.104ms
		EnsureUptoDateAssetsAreRegisteredWithGuidPM: 0.075ms
		InitializingProgressBar: 0.000ms
		PostProcessAllAssetNotificationsAddChangedAssets: 0.000ms
		OnDemandSchedulerStart: 0.226ms
	PostProcessAllAssets: 12.191ms
	GatherAllCurrentPrimaryArtifactRevisions: 0.002ms
	UnloadStreamsBegin: 0.936ms
	PersistCurrentRevisions: 0.021ms
	UnloadStreamsEnd: 0.001ms
	GenerateScriptTypeHashes: 0.071ms
	Untracked: 769.999ms

Application.AssetDatabase Initial Refresh End
Scanning for USB devices : 12.905ms
Initializing Unity extensions:
[MODES] ModeService[none].Initialize
[MODES] ModeService[none].LoadModes
[MODES] Loading mode Default (0) for mode-current-id-水果塔防
Unloading 3 Unused Serialized files (Serialized files now loaded: 0)
Unloading 132 unused Assets / (509.9 KB). Loaded Objects now: 763.
Memory consumption went from 91.4 MB to 91.0 MB.
Total: 5.138500 ms (FindLiveObjects: 0.051100 ms CreateObjectMapping: 0.009000 ms MarkObjects: 4.777000 ms  DeleteObjects: 0.300300 ms)

Battle content validation passed: catalog.bundled.orchard@1.0.0
UnityEngine.Debug:ExtractStackTraceNoAlloc (byte*,int,string)
UnityEngine.StackTraceUtility:ExtractStackTrace ()
UnityEngine.DebugLogHandler:Internal_Log (UnityEngine.LogType,UnityEngine.LogOption,string,UnityEngine.Object)
UnityEngine.DebugLogHandler:LogFormat (UnityEngine.LogType,UnityEngine.Object,string,object[])
UnityEngine.Logger:Log (UnityEngine.LogType,object)
UnityEngine.Debug:Log (object)
FruitDefense.Editor.BattleContentCatalogEditor:ValidateBundledCatalog () (at Assets/Editor/Tools/BattleContentCatalogEditor.cs:56)
FruitDefense.Editor.P0ValidationSuite:Run () (at Assets/Editor/Tests/P0ValidationSuite.cs:12)

(Filename: Assets/Editor/Tools/BattleContentCatalogEditor.cs Line: 56)

FRUIT_DEFENSE_APP_FRAMEWORK_OK
UnityEngine.Debug:ExtractStackTraceNoAlloc (byte*,int,string)
UnityEngine.StackTraceUtility:ExtractStackTrace ()
UnityEngine.DebugLogHandler:Internal_Log (UnityEngine.LogType,UnityEngine.LogOption,string,UnityEngine.Object)
UnityEngine.DebugLogHandler:LogFormat (UnityEngine.LogType,UnityEngine.Object,string,object[])
UnityEngine.Logger:Log (UnityEngine.LogType,object)
UnityEngine.Debug:Log (object)
FruitDefense.App.AppFrameworkValidation:SmokeValidate () (at Assets/Scripts/App/AppFrameworkValidation.cs:14)
FruitDefense.Editor.P0ValidationSuite:Run () (at Assets/Editor/Tests/P0ValidationSuite.cs:13)

(Filename: Assets/Scripts/App/AppFrameworkValidation.cs Line: 14)

FRUIT_DEFENSE_LOCAL_SERVICES_OK
UnityEngine.Debug:ExtractStackTraceNoAlloc (byte*,int,string)
UnityEngine.StackTraceUtility:ExtractStackTrace ()
UnityEngine.DebugLogHandler:Internal_Log (UnityEngine.LogType,UnityEngine.LogOption,string,UnityEngine.Object)
UnityEngine.DebugLogHandler:LogFormat (UnityEngine.LogType,UnityEngine.Object,string,object[])
UnityEngine.Logger:Log (UnityEngine.LogType,object)
UnityEngine.Debug:Log (object)
FruitDefense.Editor.LocalServicePortsSmoke:Run () (at Assets/Editor/Tests/LocalServicePortsSmoke.cs:21)
FruitDefense.Editor.P0ValidationSuite:Run () (at Assets/Editor/Tests/P0ValidationSuite.cs:14)

(Filename: Assets/Editor/Tests/LocalServicePortsSmoke.cs Line: 21)

Fruit Defense deterministic simulation validation passed.
UnityEngine.Debug:ExtractStackTraceNoAlloc (byte*,int,string)
UnityEngine.StackTraceUtility:ExtractStackTrace ()
UnityEngine.DebugLogHandler:Internal_Log (UnityEngine.LogType,UnityEngine.LogOption,string,UnityEngine.Object)
UnityEngine.DebugLogHandler:LogFormat (UnityEngine.LogType,UnityEngine.Object,string,object[])
UnityEngine.Logger:Log (UnityEngine.LogType,object)
UnityEngine.Debug:Log (object)
FruitDefense.Editor.DeterministicSimulationSmoke:Run () (at Assets/Editor/Tests/DeterministicSimulationSmoke.cs:18)
FruitDefense.Editor.P0ValidationSuite:Run () (at Assets/Editor/Tests/P0ValidationSuite.cs:15)

(Filename: Assets/Editor/Tests/DeterministicSimulationSmoke.cs Line: 18)

FRUIT_DEFENSE_REPEATED_ATTACK_OK plant=plant.pea actions=13 damage=156
UnityEngine.Debug:ExtractStackTraceNoAlloc (byte*,int,string)
UnityEngine.StackTraceUtility:ExtractStackTrace ()
UnityEngine.DebugLogHandler:Internal_Log (UnityEngine.LogType,UnityEngine.LogOption,string,UnityEngine.Object)
UnityEngine.DebugLogHandler:LogFormat (UnityEngine.LogType,UnityEngine.Object,string,object[])
UnityEngine.Logger:Log (UnityEngine.LogType,object)
UnityEngine.Debug:Log (object)
FruitDefense.Editor.ComposableBattleSkillsSmoke:ValidateRepeatedBasicAttacks () (at Assets/Editor/Tests/ComposableBattleSkillsSmoke.cs:147)
FruitDefense.Editor.ComposableBattleSkillsSmoke:Run () (at Assets/Editor/Tests/ComposableBattleSkillsSmoke.cs:19)
FruitDefense.Editor.P0ValidationSuite:Run () (at Assets/Editor/Tests/P0ValidationSuite.cs:16)

(Filename: Assets/Editor/Tests/ComposableBattleSkillsSmoke.cs Line: 147)

FRUIT_DEFENSE_REPEATED_ATTACK_OK plant=plant.watermelon actions=6 damage=72
UnityEngine.Debug:ExtractStackTraceNoAlloc (byte*,int,string)
UnityEngine.StackTraceUtility:ExtractStackTrace ()
UnityEngine.DebugLogHandler:Internal_Log (UnityEngine.LogType,UnityEngine.LogOption,string,UnityEngine.Object)
UnityEngine.DebugLogHandler:LogFormat (UnityEngine.LogType,UnityEngine.Object,string,object[])
UnityEngine.Logger:Log (UnityEngine.LogType,object)
UnityEngine.Debug:Log (object)
FruitDefense.Editor.ComposableBattleSkillsSmoke:ValidateRepeatedBasicAttacks () (at Assets/Editor/Tests/ComposableBattleSkillsSmoke.cs:147)
FruitDefense.Editor.ComposableBattleSkillsSmoke:Run () (at Assets/Editor/Tests/ComposableBattleSkillsSmoke.cs:19)
FruitDefense.Editor.P0ValidationSuite:Run () (at Assets/Editor/Tests/P0ValidationSuite.cs:16)

(Filename: Assets/Editor/Tests/ComposableBattleSkillsSmoke.cs Line: 147)

FRUIT_DEFENSE_REPEATED_ATTACK_OK plant=plant.banana actions=8 damage=90
UnityEngine.Debug:ExtractStackTraceNoAlloc (byte*,int,string)
UnityEngine.StackTraceUtility:ExtractStackTrace ()
UnityEngine.DebugLogHandler:Internal_Log (UnityEngine.LogType,UnityEngine.LogOption,string,UnityEngine.Object)
UnityEngine.DebugLogHandler:LogFormat (UnityEngine.LogType,UnityEngine.Object,string,object[])
UnityEngine.Logger:Log (UnityEngine.LogType,object)
UnityEngine.Debug:Log (object)
FruitDefense.Editor.ComposableBattleSkillsSmoke:ValidateRepeatedBasicAttacks () (at Assets/Editor/Tests/ComposableBattleSkillsSmoke.cs:147)
FruitDefense.Editor.ComposableBattleSkillsSmoke:Run () (at Assets/Editor/Tests/ComposableBattleSkillsSmoke.cs:19)
FruitDefense.Editor.P0ValidationSuite:Run () (at Assets/Editor/Tests/P0ValidationSuite.cs:16)

(Filename: Assets/Editor/Tests/ComposableBattleSkillsSmoke.cs Line: 147)

FRUIT_DEFENSE_REPEATED_ATTACK_OK plant=plant.durian actions=8 damage=96
UnityEngine.Debug:ExtractStackTraceNoAlloc (byte*,int,string)
UnityEngine.StackTraceUtility:ExtractStackTrace ()
UnityEngine.DebugLogHandler:Internal_Log (UnityEngine.LogType,UnityEngine.LogOption,string,UnityEngine.Object)
UnityEngine.DebugLogHandler:LogFormat (UnityEngine.LogType,UnityEngine.Object,string,object[])
UnityEngine.Logger:Log (UnityEngine.LogType,object)
UnityEngine.Debug:Log (object)
FruitDefense.Editor.ComposableBattleSkillsSmoke:ValidateRepeatedBasicAttacks () (at Assets/Editor/Tests/ComposableBattleSkillsSmoke.cs:147)
FruitDefense.Editor.ComposableBattleSkillsSmoke:Run () (at Assets/Editor/Tests/ComposableBattleSkillsSmoke.cs:19)
FruitDefense.Editor.P0ValidationSuite:Run () (at Assets/Editor/Tests/P0ValidationSuite.cs:16)

(Filename: Assets/Editor/Tests/ComposableBattleSkillsSmoke.cs Line: 147)

FRUIT_DEFENSE_COMPOSABLE_SKILLS_OK
UnityEngine.Debug:ExtractStackTraceNoAlloc (byte*,int,string)
UnityEngine.StackTraceUtility:ExtractStackTrace ()
UnityEngine.DebugLogHandler:Internal_Log (UnityEngine.LogType,UnityEngine.LogOption,string,UnityEngine.Object)
UnityEngine.DebugLogHandler:LogFormat (UnityEngine.LogType,UnityEngine.Object,string,object[])
UnityEngine.Logger:Log (UnityEngine.LogType,object)
UnityEngine.Debug:Log (object)
FruitDefense.Editor.ComposableBattleSkillsSmoke:Run () (at Assets/Editor/Tests/ComposableBattleSkillsSmoke.cs:23)
FruitDefense.Editor.P0ValidationSuite:Run () (at Assets/Editor/Tests/P0ValidationSuite.cs:16)

(Filename: Assets/Editor/Tests/ComposableBattleSkillsSmoke.cs Line: 23)

FRUIT_DEFENSE_BATTLE_SNAPSHOT_V1_OK
UnityEngine.Debug:ExtractStackTraceNoAlloc (byte*,int,string)
UnityEngine.StackTraceUtility:ExtractStackTrace ()
UnityEngine.DebugLogHandler:Internal_Log (UnityEngine.LogType,UnityEngine.LogOption,string,UnityEngine.Object)
UnityEngine.DebugLogHandler:LogFormat (UnityEngine.LogType,UnityEngine.Object,string,object[])
UnityEngine.Logger:Log (UnityEngine.LogType,object)
UnityEngine.Debug:Log (object)
FruitDefense.Editor.BattleSnapshotV1Smoke:Run () (at Assets/Editor/Tests/BattleSnapshotV1Smoke.cs:22)
FruitDefense.Editor.P0ValidationSuite:Run () (at Assets/Editor/Tests/P0ValidationSuite.cs:17)

(Filename: Assets/Editor/Tests/BattleSnapshotV1Smoke.cs Line: 22)

Asset Pipeline Refresh (id=181a3f8c94b718141bf73a8640923023): Total: 0.049 seconds - Initiated by RefreshV2(NoUpdateAssetOptions)
Square contour topology guide generated: Assets/LayeredTerrain/GrassSoil/Square/Topology/SquareContourTopologyGuide.png
UnityEngine.Debug:ExtractStackTraceNoAlloc (byte*,int,string)
UnityEngine.StackTraceUtility:ExtractStackTrace ()
UnityEngine.DebugLogHandler:Internal_Log (UnityEngine.LogType,UnityEngine.LogOption,string,UnityEngine.Object)
UnityEngine.DebugLogHandler:LogFormat (UnityEngine.LogType,UnityEngine.Object,string,object[])
UnityEngine.Logger:Log (UnityEngine.LogType,object)
UnityEngine.Debug:Log (object)
FruitDefense.Editor.SquareTerrainArtGenerator:GenerateTopologyGuide () (at Assets/Editor/Tools/SquareTerrainArtGenerator.cs:42)
FruitDefense.Editor.SquareTerrainArtGenerator:GenerateAvailableSquareAssets () (at Assets/Editor/Tools/SquareTerrainArtGenerator.cs:133)
FruitDefense.Editor.SquareTerrainArtSmoke:Run () (at Assets/Editor/Tests/SquareTerrainArtSmoke.cs:18)
FruitDefense.Editor.ProjectSetup:SmokeValidate () (at Assets/Editor/Tools/ProjectSetup.cs:236)
FruitDefense.Editor.P0ValidationSuite:Run () (at Assets/Editor/Tests/P0ValidationSuite.cs:18)

(Filename: Assets/Editor/Tools/SquareTerrainArtGenerator.cs Line: 42)

Asset Pipeline Refresh (id=514135e64616fe7408c10fe616061ff7): Total: 0.040 seconds - Initiated by RefreshV2(NoUpdateAssetOptions)
Asset Pipeline Refresh (id=8f8a5c9fc5a81b84b8140f03450301d2): Total: 0.038 seconds - Initiated by RefreshV2(NoUpdateAssetOptions)
Asset Pipeline Refresh (id=50119f5472324cb40b4d2028945629ea): Total: 0.032 seconds - Initiated by RefreshV2(NoUpdateAssetOptions)
Start importing Assets/LayeredTerrain/GrassSoil/Square/LandformStoneRoad/Mask-07.asset using Guid(b02fd980a2abc6b41974d859a777fb1d) (NativeFormatImporter) -> (artifact id: '09027e8d963d8fd928277d96f7735e27') in 0.0055487 seconds
Start importing Assets/LayeredTerrain/GrassSoil/Square/LandformGrass/Mask-05.asset using Guid(d04330ef8020b8a41b9e4589cb202101) (NativeFormatImporter) -> (artifact id: '4e5972f1b6c2ded32e8e48532b67135b') in 0.0015902 seconds
Start importing Assets/LayeredTerrain/GrassSoil/Square/LandformGrass/Mask-12.asset using Guid(d00b41817e9bc0741ad148ea3e94519a) (NativeFormatImporter) -> (artifact id: '9d0a3a48e4156b96b3c76ca702bf7bff') in 0.0014096 seconds
Start importing Assets/LayeredTerrain/GrassSoil/Square/LandformStoneRoad/Mask-13.asset using Guid(116a8c3b6ac195a4ebb8e3c7a9989ddc) (NativeFormatImporter) -> (artifact id: '871e193410b26687800828802aef7920') in 0.0013 seconds
Start importing Assets/LayeredTerrain/GrassSoil/Square/LandformGrass/Mask-02.asset using Guid(315648227c153724090125e98f4cba15) (NativeFormatImporter) -> (artifact id: 'd08b86b0e86b5ac26e9107766d5008d1') in 0.0013359 seconds
Start importing Assets/LayeredTerrain/GrassSoil/Square/LandformStoneRoad/Mask-11.asset using Guid(519050a0a5a9f5847b095ee0b83437a0) (NativeFormatImporter) -> (artifact id: 'ae100c2ae270a66d81134616e885003c') in 0.0012916 seconds
Start importing Assets/LayeredTerrain/GrassSoil/Square/LandformGrass/Mask-14.asset using Guid(81815b76ad7c06c47bf1bc7b65624ffd) (NativeFormatImporter) -> (artifact id: 'e00c4c5ecbd51682bc3c65bf8d862a23') in 0.001253 seconds
Start importing Assets/LayeredTerrain/GrassSoil/Square/LandformSoil/Mask-03.asset using Guid(b1c5384b4651e4a4a82d483cc64aae79) (NativeFormatImporter) -> (artifact id: '45c12fb41048b850cd7cb0f3e535436a') in 0.0012632 seconds
Start importing Assets/LayeredTerrain/GrassSoil/Square/LandformGrass/Mask-15.asset using Guid(027119ab30d86a546a5d935d6e9ec608) (NativeFormatImporter) -> (artifact id: '7e821f282e19a2a4d5825e548df9693a') in 0.0013228 seconds
Start importing Assets/LayeredTerrain/GrassSoil/Square/LandformGrass/Mask-00.asset using Guid(13f70a46e499e0146bffd256e7c14483) (NativeFormatImporter) -> (artifact id: '2a9713a59b72231d0d554c49e274b85a') in 0.0015069 seconds
Start importing Assets/LayeredTerrain/GrassSoil/Square/LandformSoil/Mask-00.asset using Guid(8303f71f8469fd7459473d47391ab0b3) (NativeFormatImporter) -> (artifact id: '1442dfc314550b70b27dde3dada60cc7') in 0.0013324 seconds
Start importing Assets/LayeredTerrain/GrassSoil/Square/LandformSoil/Mask-01.asset using Guid(d33072ada9e1bb749adcc5938680d51a) (NativeFormatImporter) -> (artifact id: '7a8f58bad24b64f744799cb0b0b9228f') in 0.0011991 seconds
Start importing Assets/LayeredTerrain/GrassSoil/Square/LandformStoneRoad/Mask-09.asset using Guid(d30b19c2c64338a4fa9211b305cf65b1) (NativeFormatImporter) -> (artifact id: '59211e6be04f7e5724ec1a1b38221d71') in 0.0012342 seconds
Start importing Assets/LayeredTerrain/GrassSoil/Square/LandformSoil/Mask-13.asset using Guid(548b829df136ae948902efdc96ee70bb) (NativeFormatImporter) -> (artifact id: 'd770f2a72e8453a69c8ff146ee623ca5') in 0.0012279 seconds
Start importing Assets/LayeredTerrain/GrassSoil/Square/LandformStoneRoad/Mask-00.asset using Guid(74d1d4b679c3aec43af1bd30b6c4aea1) (NativeFormatImporter) -> (artifact id: '4c60ffb732228db343f89511449fce3b') in 0.0011967 seconds
Start importing Assets/LayeredTerrain/GrassSoil/Square/LandformGrass/Mask-01.asset using Guid(35cbc7e6bd8f2f84d9c7965779c9b2eb) (NativeFormatImporter) -> (artifact id: '7cd6fe12f157cd0a0b2a210183323c21') in 0.0012651 seconds
Start importing Assets/LayeredTerrain/GrassSoil/Square/LandformGrass/Mask-10.asset using Guid(5728d44dd2630ff40849746ce5d849d7) (NativeFormatImporter) -> (artifact id: '57d0e56c944d10ea9c02adfa74800a28') in 0.0012421 seconds
Start importing Assets/LayeredTerrain/GrassSoil/Square/LandformSoil/Mask-09.asset using Guid(67347eef4df492941b15d16b687e2cb7) (NativeFormatImporter) -> (artifact id: '0b3fee03fb07b35a5fbe9374ec056b4b') in 0.0014736 seconds
Start importing Assets/LayeredTerrain/GrassSoil/Square/LandformGrass/Mask-04.asset using Guid(87737865bdb87ec43864ad3d997d7626) (NativeFormatImporter) -> (artifact id: '83b9f8cc1d095defdc009bd1839b690f') in 0.0012363 seconds
Start importing Assets/LayeredTerrain/GrassSoil/Square/LandformSoil/Mask-02.asset using Guid(87e33da937f65d34fb027eebfd8c1343) (NativeFormatImporter) -> (artifact id: '031756e6cc2b3a5ef2ddcaf8740ee21f') in 0.0012889 seconds
Start importing Assets/LayeredTerrain/GrassSoil/Square/LandformGrass/Mask-08.asset using Guid(b781c12832a4cd84392ab7d35a405505) (NativeFormatImporter) -> (artifact id: 'c734ab3f59a9e28ca19de35691f15a63') in 0.0012521 seconds
Start importing Assets/LayeredTerrain/GrassSoil/Square/LandformStoneRoad/Mask-04.asset using Guid(f70ec30b59552144a97e4da8fea5520c) (NativeFormatImporter) -> (artifact id: '67ab708a109917ddbe110252083911c2') in 0.0012622 seconds
Start importing Assets/LayeredTerrain/GrassSoil/Square/LandformStoneRoad/Mask-05.asset using Guid(08c7afe6a1108a84b9f8ac99c7fa610e) (NativeFormatImporter) -> (artifact id: 'a8026e8f0c10f4b634f0c477d7f79ba5') in 0.0012733 seconds
Start importing Assets/LayeredTerrain/GrassSoil/Square/LandformStoneRoad/Mask-14.asset using Guid(39202684bd500f14184c5131ac46a6dd) (NativeFormatImporter) -> (artifact id: 'b43c0e8abc2951d26427ba0ee51e7ebb') in 0.0012389 seconds
Start importing Assets/LayeredTerrain/GrassSoil/Square/LandformSoil/SoilSquareLandformTileSet.asset using Guid(897d878e9497c6e4d935ea42058d6001) (NativeFormatImporter) -> (artifact id: '17e85a477bcdc5aaf3c7a2ca1f1f5d8e') in 0.0012182 seconds
Start importing Assets/LayeredTerrain/GrassSoil/Square/LandformStoneRoad/StoneRoadSquareLandformTileSet.asset using Guid(0a6730ef0e26d5b49b9ae3129ee21909) (NativeFormatImporter) -> (artifact id: '48456893df0f467254b3256235820444') in 0.00123 seconds
Start importing Assets/LayeredTerrain/GrassSoil/Square/LandformStoneRoad/Mask-10.asset using Guid(caa578d738fb0414e820ab1e3541b03f) (NativeFormatImporter) -> (artifact id: 'be4dcdbbc4fe728152242b70b5e9bb78') in 0.0013052 seconds
Start importing Assets/LayeredTerrain/GrassSoil/Square/LandformSoil/Mask-07.asset using Guid(2ce20b5da48d1ae43956c41d22ecd92e) (NativeFormatImporter) -> (artifact id: '7c41af1778c9689fc8cf1f4e4fcccd2c') in 0.0012215 seconds
Start importing Assets/LayeredTerrain/GrassSoil/Square/LandformSoil/Mask-11.asset using Guid(2c6bd62321830da498ea7724ae626857) (NativeFormatImporter) -> (artifact id: 'b1033fab3dddb68d369a244413a84ab3') in 0.0011551 seconds
Start importing Assets/LayeredTerrain/GrassSoil/Square/LandformStoneRoad/Mask-15.asset using Guid(5cbc1f25709453b4a90de7054d0ce9b7) (NativeFormatImporter) -> (artifact id: 'ca75aea14a03badd729ba37b57fc7710') in 0.001199 seconds
Start importing Assets/LayeredTerrain/GrassSoil/Square/LandformGrass/Mask-09.asset using Guid(8c5fb632240287d48a17621f58d3a651) (NativeFormatImporter) -> (artifact id: '77c6cf5113d6c96189dbf6818d84fd5f') in 0.0012709 seconds
Start importing Assets/LayeredTerrain/GrassSoil/Square/LandformSoil/Mask-12.asset using Guid(bc85f424c35a6c845b2186949136a828) (NativeFormatImporter) -> (artifact id: '08c355397adee775c3834a7a7a0bf465') in 0.0012057 seconds
Start importing Assets/LayeredTerrain/GrassSoil/Square/LandformSoil/Mask-10.asset using Guid(0dfe2c0efe3330c4d9570f0061d459b9) (NativeFormatImporter) -> (artifact id: '88decb540b9e036a0400c2d34dbc707c') in 0.0011858 seconds
Start importing Assets/LayeredTerrain/GrassSoil/Square/LandformGrass/Mask-03.asset using Guid(1db706b3e9547554e9081663c6442ba0) (NativeFormatImporter) -> (artifact id: 'fdfbe87044d88284093ccc42787947e0') in 0.0012868 seconds
Start importing Assets/LayeredTerrain/GrassSoil/Square/LandformStoneRoad/Mask-02.asset using Guid(1d9b71389b4697e4586703b25f185da7) (NativeFormatImporter) -> (artifact id: 'dbb50fa57ab28462356bbd1a8ebab835') in 0.0011902 seconds
Start importing Assets/LayeredTerrain/GrassSoil/Square/LandformSoil/Mask-05.asset using Guid(2de42da45e48f974e9a74a6970e6e643) (NativeFormatImporter) -> (artifact id: '6e739e360d22b33fd378e6acefe9d800') in 0.0013099 seconds
Start importing Assets/LayeredTerrain/GrassSoil/Square/LandformGrass/Mask-11.asset using Guid(5d253dc28016ae64db4653758ac0af88) (NativeFormatImporter) -> (artifact id: '4dbb166b77c04b10385ee89749d834d3') in 0.0012786 seconds
Start importing Assets/LayeredTerrain/GrassSoil/Square/LandformSoil/Mask-04.asset using Guid(5d4806f722710eb40b1cf937cc6498b6) (NativeFormatImporter) -> (artifact id: 'a825e4a02be2364dca6cd5d251c2a1af') in 0.0012391 seconds
Start importing Assets/LayeredTerrain/GrassSoil/Square/LandformStoneRoad/Mask-01.asset using Guid(add98a42caf91414387900c1b29b92c6) (NativeFormatImporter) -> (artifact id: 'a1a43dffdd1f7cdd6311169ade464c57') in 0.0012024 seconds
Start importing Assets/LayeredTerrain/GrassSoil/Square/LandformGrass/Mask-06.asset using Guid(cd0f4d7279da9f84caa8c319e7ab29f9) (NativeFormatImporter) -> (artifact id: '52937737c65259daea7bed84aa0a8a04') in 0.0011709 seconds
Start importing Assets/LayeredTerrain/GrassSoil/Square/LandformGrass/Mask-07.asset using Guid(4e65cf042fab2c1448282809779edb8a) (NativeFormatImporter) -> (artifact id: '8cc68977b954eb6d618706e748b65e8b') in 0.0011681 seconds
Start importing Assets/LayeredTerrain/GrassSoil/Square/LandformGrass/Mask-13.asset using Guid(7e2014d33d57f294f97dea5ed30b730c) (NativeFormatImporter) -> (artifact id: '93ec9328dc52bc61493ece4ef09f812b') in 0.0014247 seconds
Start importing Assets/LayeredTerrain/GrassSoil/Square/LandformSoil/Mask-14.asset using Guid(ae949dd8d7965fa41b1d3481d8bf8e30) (NativeFormatImporter) -> (artifact id: '13d3e8fadf25938fb6084c9eacdc285d') in 0.001212 seconds
Start importing Assets/LayeredTerrain/GrassSoil/Square/LandformStoneRoad/Mask-08.asset using Guid(aecab5b9f537b5349adcff0900809717) (NativeFormatImporter) -> (artifact id: '6723e7d6eab214144e2a993643460ee5') in 0.0012666 seconds
Start importing Assets/LayeredTerrain/GrassSoil/Square/LandformSoil/Mask-15.asset using Guid(ce833c44287e15a44945e738038eb1c3) (NativeFormatImporter) -> (artifact id: '7c1ac2f82e318d432012af6c6509f07a') in 0.0012125 seconds
Start importing Assets/LayeredTerrain/GrassSoil/Square/LandformSoil/Mask-08.asset using Guid(ee6f4f16a4085914dbcb15919c60654c) (NativeFormatImporter) -> (artifact id: '2a403aad88716c1a9d6ee321599dc86f') in 0.001239 seconds
Start importing Assets/LayeredTerrain/GrassSoil/Square/LandformStoneRoad/Mask-12.asset using Guid(2f49f6b2d05a8804097e79c69e515dc3) (NativeFormatImporter) -> (artifact id: '3512849ba8746b3929337e37047f52c2') in 0.001199 seconds
Start importing Assets/LayeredTerrain/GrassSoil/Square/LandformSoil/Mask-06.asset using Guid(3ff6ff5cd14cc7441a6a84cdde5ff745) (NativeFormatImporter) -> (artifact id: 'c47a955bf9dc32d5bb761f8069ffd421') in 0.0011895 seconds
Start importing Assets/LayeredTerrain/GrassSoil/Square/LandformStoneRoad/Mask-06.asset using Guid(df46002ea561b404889b370e84a77f83) (NativeFormatImporter) -> (artifact id: 'c73fed30de3e790341265e9a3306482c') in 0.001218 seconds
Start importing Assets/LayeredTerrain/GrassSoil/Square/LandformStoneRoad/Mask-03.asset using Guid(df1e863caf3bc5441a0d4c507b76c311) (NativeFormatImporter) -> (artifact id: 'a9a2fb8e8c6cb1c0cdbe880f9de699ac') in 0.0012072 seconds
Start importing Assets/LayeredTerrain/GrassSoil/Square/LandformGrass/GrassSquareLandformTileSet.asset using Guid(ef399dc10411dd84ab6a276f72e506ea) (NativeFormatImporter) -> (artifact id: '3f3f806b6373e60abb62a5adaf65a9f7') in 0.001265 seconds
Refreshing native plugins compatible for Editor in 0.19 ms, found 0 plugins.
Preloading 0 native plugins for Editor in 0.00 ms.
Asset Pipeline Refresh (id=b0135a034823cb34ca42d51fe8a854a3): Total: 0.129 seconds - Initiated by StopAssetImportingV2(NoUpdateAssetOptions)
Native 256 px square grass, soil and stone-road landforms generated.
UnityEngine.Debug:ExtractStackTraceNoAlloc (byte*,int,string)
UnityEngine.StackTraceUtility:ExtractStackTrace ()
UnityEngine.DebugLogHandler:Internal_Log (UnityEngine.LogType,UnityEngine.LogOption,string,UnityEngine.Object)
UnityEngine.DebugLogHandler:LogFormat (UnityEngine.LogType,UnityEngine.Object,string,object[])
UnityEngine.Logger:Log (UnityEngine.LogType,object)
UnityEngine.Debug:Log (object)
FruitDefense.Editor.SquareTerrainArtGenerator:GenerateDeterministicLandforms () (at Assets/Editor/Tools/SquareTerrainArtGenerator.cs:87)
FruitDefense.Editor.SquareTerrainArtGenerator:GenerateAvailableSquareAssets () (at Assets/Editor/Tools/SquareTerrainArtGenerator.cs:134)
FruitDefense.Editor.SquareTerrainArtSmoke:Run () (at Assets/Editor/Tests/SquareTerrainArtSmoke.cs:18)
FruitDefense.Editor.ProjectSetup:SmokeValidate () (at Assets/Editor/Tools/ProjectSetup.cs:236)
FruitDefense.Editor.P0ValidationSuite:Run () (at Assets/Editor/Tests/P0ValidationSuite.cs:18)

(Filename: Assets/Editor/Tools/SquareTerrainArtGenerator.cs Line: 87)

Asset Pipeline Refresh (id=c0e6ef1ae7f7b834d95f911d0f35cf33): Total: 0.028 seconds - Initiated by RefreshV2(NoUpdateAssetOptions)
Start importing Assets/LayeredTerrain/GrassSoil/Square/EdgeGrassOnSoilPainted/Mask-15.asset using Guid(a17969b175ec3354c8fe533c48257f94) (NativeFormatImporter) -> (artifact id: '99f211a0ff210a0c86467a3e625714fe') in 0.0017047 seconds
Start importing Assets/LayeredTerrain/GrassSoil/Square/EdgeGrassOnSoilPainted/Mask-04.asset using Guid(e2449efc0c1116648a5b9cbfe33d8e81) (NativeFormatImporter) -> (artifact id: '18145ed9e628d5f8340c44824db6c8be') in 0.0014158 seconds
Start importing Assets/LayeredTerrain/GrassSoil/Square/EdgeGrassOnSoilPainted/Mask-14.asset using Guid(4328f421ed4ea34439d6e4e50990e24a) (NativeFormatImporter) -> (artifact id: '6bbe4451c7dca2d4de869403308041cf') in 0.0013155 seconds
Start importing Assets/LayeredTerrain/GrassSoil/Square/EdgeGrassOnSoilPainted/Mask-11.asset using Guid(04aab987cd98a4440b66bb727667d8db) (NativeFormatImporter) -> (artifact id: 'eb6fb6ecd423e575e0946462aa243d66') in 0.0012506 seconds
Start importing Assets/LayeredTerrain/GrassSoil/Square/EdgeGrassOnSoilPainted/Mask-13.asset using Guid(75f61e4d96323eb4e906226b1dd8a16a) (NativeFormatImporter) -> (artifact id: '7952dc870547efbd422b012b46d2b17a') in 0.0014544 seconds
Start importing Assets/LayeredTerrain/GrassSoil/Square/EdgeGrassOnSoilPainted/Mask-08.asset using Guid(062a9acbc752b0342becc47471c8dad4) (NativeFormatImporter) -> (artifact id: 'ee86fce3dc4587f247fc6e398cfff9cd') in 0.0014744 seconds
Start importing Assets/LayeredTerrain/GrassSoil/Square/EdgeGrassOnSoilPainted/Mask-12.asset using Guid(17347530ba5655e4cb59ff249a976ea1) (NativeFormatImporter) -> (artifact id: '27e6bc4eabc1e74cb23636389ffd9263') in 0.0012886 seconds
Start importing Assets/LayeredTerrain/GrassSoil/Square/EdgeGrassOnSoilPainted/Mask-00.asset using Guid(676ca911d7a7bbf408a30856d7cc6990) (NativeFormatImporter) -> (artifact id: '557d3d98682769dd5e96ded56f4299cf') in 0.0012385 seconds
Start importing Assets/LayeredTerrain/GrassSoil/Square/EdgeGrassOnSoilPainted/Mask-10.asset using Guid(e75c1031ec799e0448fd29d3082006b4) (NativeFormatImporter) -> (artifact id: 'c8e41218e8984dd46c91b31d7703de4f') in 0.0012202 seconds
Start importing Assets/LayeredTerrain/GrassSoil/Square/EdgeGrassOnSoilPainted/Mask-09.asset using Guid(a8a7730f3a6dd484198f1b19fed8a24f) (NativeFormatImporter) -> (artifact id: '5597baddb442bf8a928e37d39723d50b') in 0.0012191 seconds
Start importing Assets/LayeredTerrain/GrassSoil/Square/EdgeGrassOnSoilPainted/Mask-07.asset using Guid(f8b2f90201834fa478634d3f30f6af16) (NativeFormatImporter) -> (artifact id: 'a306cb5e617a8648a67a81dc94516e9e') in 0.0012442 seconds
Start importing Assets/LayeredTerrain/GrassSoil/Square/EdgeGrassOnSoilPainted/Mask-06.asset using Guid(19882d23e028ac94e8abd02f91624ba8) (NativeFormatImporter) -> (artifact id: '54900e8224e5828f7c6a4f69fec6db72') in 0.001178 seconds
Start importing Assets/LayeredTerrain/GrassSoil/Square/EdgeGrassOnSoilPainted/Mask-01.asset using Guid(b94d4b2cd03a1b04b83a81974d966227) (NativeFormatImporter) -> (artifact id: '7caf427609fab688c51f9caa2ce6a79f') in 0.0011798 seconds
Start importing Assets/LayeredTerrain/GrassSoil/Square/EdgeGrassOnSoilPainted/Mask-03.asset using Guid(1a4a3cc4af69bbc4aaabde52016c4f95) (NativeFormatImporter) -> (artifact id: 'af45f85c0f45a239757e36be7c184f6c') in 0.0012149 seconds
Start importing Assets/LayeredTerrain/GrassSoil/Square/EdgeGrassOnSoilPainted/Mask-05.asset using Guid(bacdc75efb95eda42aa6803845d196c4) (NativeFormatImporter) -> (artifact id: '6d469253745d86e884993bfadfef01d0') in 0.0012874 seconds
Start importing Assets/LayeredTerrain/GrassSoil/Square/EdgeGrassOnSoilPainted/GrassOnSoilSquarePaintedTileSet.asset using Guid(1b984e39e61f8734d8c54b032e84c3a3) (NativeFormatImporter) -> (artifact id: '612bda68ec02f7c1be620eb4ba627873') in 0.001258 seconds
Start importing Assets/LayeredTerrain/GrassSoil/Square/EdgeGrassOnSoilPainted/Mask-02.asset using Guid(8d6a7e51f29762f4796204a57546e522) (NativeFormatImporter) -> (artifact id: '504e9a251c8e415c78cba5f93910b005') in 0.0012551 seconds
Refreshing native plugins compatible for Editor in 0.17 ms, found 0 plugins.
Preloading 0 native plugins for Editor in 0.00 ms.
Asset Pipeline Refresh (id=fd7a08e2b230dc742bfac10b3ee5be55): Total: 0.039 seconds - Initiated by StopAssetImportingV2(NoUpdateAssetOptions)
Accepted ribbon lip profile packaged as a top-down grass feather with base-grass RGB, guide-owned topology and no soil wall or outline.
UnityEngine.Debug:ExtractStackTraceNoAlloc (byte*,int,string)
UnityEngine.StackTraceUtility:ExtractStackTrace ()
UnityEngine.DebugLogHandler:Internal_Log (UnityEngine.LogType,UnityEngine.LogOption,string,UnityEngine.Object)
UnityEngine.DebugLogHandler:LogFormat (UnityEngine.LogType,UnityEngine.Object,string,object[])
UnityEngine.Logger:Log (UnityEngine.LogType,object)
UnityEngine.Debug:Log (object)
FruitDefense.Editor.SquareTerrainArtGenerator:PackageAcceptedGrassOnSoilCandidate () (at Assets/Editor/Tools/SquareTerrainArtGenerator.cs:126)
FruitDefense.Editor.SquareTerrainArtGenerator:GenerateAvailableSquareAssets () (at Assets/Editor/Tools/SquareTerrainArtGenerator.cs:138)
FruitDefense.Editor.SquareTerrainArtSmoke:Run () (at Assets/Editor/Tests/SquareTerrainArtSmoke.cs:18)
FruitDefense.Editor.ProjectSetup:SmokeValidate () (at Assets/Editor/Tools/ProjectSetup.cs:236)
FruitDefense.Editor.P0ValidationSuite:Run () (at Assets/Editor/Tests/P0ValidationSuite.cs:18)

(Filename: Assets/Editor/Tools/SquareTerrainArtGenerator.cs Line: 126)

Square, organic, coexistence and real Battle-scale boards rendered to Builds/Evidence/terrain-contours.
UnityEngine.Debug:ExtractStackTraceNoAlloc (byte*,int,string)
UnityEngine.StackTraceUtility:ExtractStackTrace ()
UnityEngine.DebugLogHandler:Internal_Log (UnityEngine.LogType,UnityEngine.LogOption,string,UnityEngine.Object)
UnityEngine.DebugLogHandler:LogFormat (UnityEngine.LogType,UnityEngine.Object,string,object[])
UnityEngine.Logger:Log (UnityEngine.LogType,object)
UnityEngine.Debug:Log (object)
FruitDefense.Editor.SquareTerrainEvidence:RenderReviewEvidence () (at Assets/Editor/Tests/SquareTerrainEvidence.cs:52)
FruitDefense.Editor.SquareTerrainArtSmoke:Run () (at Assets/Editor/Tests/SquareTerrainArtSmoke.cs:20)
FruitDefense.Editor.ProjectSetup:SmokeValidate () (at Assets/Editor/Tools/ProjectSetup.cs:236)
FruitDefense.Editor.P0ValidationSuite:Run () (at Assets/Editor/Tests/P0ValidationSuite.cs:18)

(Filename: Assets/Editor/Tests/SquareTerrainEvidence.cs Line: 52)

Square terrain art smoke passed: Builds/Evidence/terrain-contours/square-contour-smoke.log
UnityEngine.Debug:ExtractStackTraceNoAlloc (byte*,int,string)
UnityEngine.StackTraceUtility:ExtractStackTrace ()
UnityEngine.DebugLogHandler:Internal_Log (UnityEngine.LogType,UnityEngine.LogOption,string,UnityEngine.Object)
UnityEngine.DebugLogHandler:LogFormat (UnityEngine.LogType,UnityEngine.Object,string,object[])
UnityEngine.Logger:Log (UnityEngine.LogType,object)
UnityEngine.Debug:Log (object)
FruitDefense.Editor.SquareTerrainArtSmoke:Run () (at Assets/Editor/Tests/SquareTerrainArtSmoke.cs:86)
FruitDefense.Editor.ProjectSetup:SmokeValidate () (at Assets/Editor/Tools/ProjectSetup.cs:236)
FruitDefense.Editor.P0ValidationSuite:Run () (at Assets/Editor/Tests/P0ValidationSuite.cs:18)

(Filename: Assets/Editor/Tests/SquareTerrainArtSmoke.cs Line: 86)

FRUIT_DEFENSE_LAYERED_MAP_OK fixtures=3
UnityEngine.Debug:ExtractStackTraceNoAlloc (byte*,int,string)
UnityEngine.StackTraceUtility:ExtractStackTrace ()
UnityEngine.DebugLogHandler:Internal_Log (UnityEngine.LogType,UnityEngine.LogOption,string,UnityEngine.Object)
UnityEngine.DebugLogHandler:LogFormat (UnityEngine.LogType,UnityEngine.Object,string,object[])
UnityEngine.Logger:Log (UnityEngine.LogType,object)
UnityEngine.Debug:Log (object)
FruitDefense.Editor.BattlefieldLayeredMapSmoke:Validate () (at Assets/Editor/Tests/BattlefieldLayeredMapSmoke.cs:56)
FruitDefense.Editor.ProjectSetup:SmokeValidate () (at Assets/Editor/Tools/ProjectSetup.cs:242)
FruitDefense.Editor.P0ValidationSuite:Run () (at Assets/Editor/Tests/P0ValidationSuite.cs:18)

(Filename: Assets/Editor/Tests/BattlefieldLayeredMapSmoke.cs Line: 56)

Start importing Assets/Editor/Tests/Fixtures/CanonicalBattlefieldMap/RoundTripSmoke.asset using Guid(fd1864aeb5536f24da3ce7a771137ea3) (NativeFormatImporter) -> (artifact id: 'e0e796c1ecd7372cb460079f430a69b1') in 0.0016288 seconds
Refreshing native plugins compatible for Editor in 0.15 ms, found 0 plugins.
Preloading 0 native plugins for Editor in 0.00 ms.
Asset Pipeline Refresh (id=07fab5327d047e94db9e65ef113bb215): Total: 0.010 seconds - Initiated by StopAssetImportingV2(NoUpdateAssetOptions)
Start importing Assets/Editor/Tests/Fixtures/CanonicalBattlefieldMap/RoundTripSmoke.asset using Guid(fd1864aeb5536f24da3ce7a771137ea3) (NativeFormatImporter) -> (artifact id: 'e0e796c1ecd7372cb460079f430a69b1') in 0.0015244 seconds
Refreshing native plugins compatible for Editor in 0.15 ms, found 0 plugins.
Preloading 0 native plugins for Editor in 0.00 ms.
Asset Pipeline Refresh (id=e8a638c373bed584b8d6c5f40a2639e1): Total: 0.010 seconds - Initiated by StopAssetImportingV2(NoUpdateAssetOptions)
CANONICAL_BATTLEFIELD_MAP_AUTHORING_SMOKE_OK
UnityEngine.Debug:ExtractStackTraceNoAlloc (byte*,int,string)
UnityEngine.StackTraceUtility:ExtractStackTrace ()
UnityEngine.DebugLogHandler:Internal_Log (UnityEngine.LogType,UnityEngine.LogOption,string,UnityEngine.Object)
UnityEngine.DebugLogHandler:LogFormat (UnityEngine.LogType,UnityEngine.Object,string,object[])
UnityEngine.Logger:Log (UnityEngine.LogType,object)
UnityEngine.Debug:Log (object)
FruitDefense.Editor.CanonicalBattlefieldMapAuthoringSmoke:Validate () (at Assets/Editor/Tests/CanonicalBattlefieldMapAuthoringSmoke.cs:26)
FruitDefense.Editor.ProjectSetup:SmokeValidate () (at Assets/Editor/Tools/ProjectSetup.cs:243)
FruitDefense.Editor.P0ValidationSuite:Run () (at Assets/Editor/Tests/P0ValidationSuite.cs:18)

(Filename: Assets/Editor/Tests/CanonicalBattlefieldMapAuthoringSmoke.cs Line: 26)

Start importing Assets/Editor/Tests/Fixtures/CanonicalBattlefieldMap/EditorOperationsSmoke.asset using Guid(b96a6df669e584148be8256f6384ecee) (NativeFormatImporter) -> (artifact id: 'faaf6af78a9fbd5da4ba0265965427d8') in 0.0014069 seconds
Refreshing native plugins compatible for Editor in 0.15 ms, found 0 plugins.
Preloading 0 native plugins for Editor in 0.00 ms.
Asset Pipeline Refresh (id=f3f168e1c640c3f418f21222f1de3005): Total: 0.010 seconds - Initiated by StopAssetImportingV2(NoUpdateAssetOptions)
Start importing Assets/Editor/Tests/Fixtures/CanonicalBattlefieldMap/EditorOperationsSmoke.asset using Guid(b96a6df669e584148be8256f6384ecee) (NativeFormatImporter) -> (artifact id: 'faaf6af78a9fbd5da4ba0265965427d8') in 0.0016686 seconds
Refreshing native plugins compatible for Editor in 0.16 ms, found 0 plugins.
Preloading 0 native plugins for Editor in 0.00 ms.
Asset Pipeline Refresh (id=09ea366c138b2974392b422a33d7338a): Total: 0.011 seconds - Initiated by StopAssetImportingV2(NoUpdateAssetOptions)
Start importing Assets/Editor/Tests/Fixtures/CanonicalBattlefieldMap/EditorOperationsSmoke.asset using Guid(b96a6df669e584148be8256f6384ecee) (NativeFormatImporter) -> (artifact id: 'faaf6af78a9fbd5da4ba0265965427d8') in 0.0016482 seconds
Refreshing native plugins compatible for Editor in 0.17 ms, found 0 plugins.
Preloading 0 native plugins for Editor in 0.00 ms.
Asset Pipeline Refresh (id=a017c14f02f8cc640813abf9576a401c): Total: 0.010 seconds - Initiated by StopAssetImportingV2(NoUpdateAssetOptions)
Start importing Assets/Editor/Tests/Fixtures/CanonicalBattlefieldMap/EditorOperationsSmoke.asset using Guid(b96a6df669e584148be8256f6384ecee) (NativeFormatImporter) -> (artifact id: 'faaf6af78a9fbd5da4ba0265965427d8') in 0.0013503 seconds
Refreshing native plugins compatible for Editor in 0.14 ms, found 0 plugins.
Preloading 0 native plugins for Editor in 0.00 ms.
Asset Pipeline Refresh (id=559fb78f72c946d49bd96029c74fc890): Total: 0.009 seconds - Initiated by StopAssetImportingV2(NoUpdateAssetOptions)
Start importing Assets/Editor/Tests/Fixtures/CanonicalBattlefieldMap/EditorOperationsSmoke.asset using Guid(b96a6df669e584148be8256f6384ecee) (NativeFormatImporter) -> (artifact id: 'faaf6af78a9fbd5da4ba0265965427d8') in 0.0012813 seconds
Refreshing native plugins compatible for Editor in 0.13 ms, found 0 plugins.
Preloading 0 native plugins for Editor in 0.00 ms.
Asset Pipeline Refresh (id=088b56a6ecc118747b43d5abf03f3308): Total: 0.009 seconds - Initiated by StopAssetImportingV2(NoUpdateAssetOptions)
Start importing Assets/Editor/Tests/Fixtures/CanonicalBattlefieldMap/EditorOperationsSmoke.asset using Guid(b96a6df669e584148be8256f6384ecee) (NativeFormatImporter) -> (artifact id: 'b85afa424b8192abcf5b881ef91433ec') in 0.0012591 seconds
Refreshing native plugins compatible for Editor in 0.13 ms, found 0 plugins.
Preloading 0 native plugins for Editor in 0.00 ms.
Asset Pipeline Refresh (id=11f8249c60fffab4985df5f6f9d1731e): Total: 0.008 seconds - Initiated by StopAssetImportingV2(NoUpdateAssetOptions)
Asset Pipeline Refresh (id=c2d098e09bf94204cbe50d84d84974e3): Total: 0.008 seconds - Initiated by RefreshV2(NoUpdateAssetOptions)
Asset Pipeline Refresh (id=13b3df1f08bcf524294cf877945de2bc): Total: 0.027 seconds - Initiated by RefreshV2(NoUpdateAssetOptions)
Square contour topology guide generated: Assets/LayeredTerrain/GrassSoil/Square/Topology/SquareContourTopologyGuide.png
UnityEngine.Debug:ExtractStackTraceNoAlloc (byte*,int,string)
UnityEngine.StackTraceUtility:ExtractStackTrace ()
UnityEngine.DebugLogHandler:Internal_Log (UnityEngine.LogType,UnityEngine.LogOption,string,UnityEngine.Object)
UnityEngine.DebugLogHandler:LogFormat (UnityEngine.LogType,UnityEngine.Object,string,object[])
UnityEngine.Logger:Log (UnityEngine.LogType,object)
UnityEngine.Debug:Log (object)
FruitDefense.Editor.SquareTerrainArtGenerator:GenerateTopologyGuide () (at Assets/Editor/Tools/SquareTerrainArtGenerator.cs:42)
FruitDefense.Editor.SquareTerrainArtGenerator:GenerateAvailableSquareAssets () (at Assets/Editor/Tools/SquareTerrainArtGenerator.cs:133)
FruitDefense.Editor.LayeredTerrainArtSetup:EnsurePaletteAssets () (at Assets/Editor/Tools/LayeredTerrainArtSetup.cs:62)
FruitDefense.Editor.CanonicalBattlefieldMapEditorSmoke:LoadCurrentReleasePalette () (at Assets/Editor/Tests/CanonicalBattlefieldMapEditorSmoke.cs:77)
FruitDefense.Editor.CanonicalBattlefieldMapEditorSmoke:ValidateContourPopupAvailability () (at Assets/Editor/Tests/CanonicalBattlefieldMapEditorSmoke.cs:31)
FruitDefense.Editor.CanonicalBattlefieldMapEditorSmoke:Validate () (at Assets/Editor/Tests/CanonicalBattlefieldMapEditorSmoke.cs:24)
FruitDefense.Editor.ProjectSetup:SmokeValidate () (at Assets/Editor/Tools/ProjectSetup.cs:244)
FruitDefense.Editor.P0ValidationSuite:Run () (at Assets/Editor/Tests/P0ValidationSuite.cs:18)

(Filename: Assets/Editor/Tools/SquareTerrainArtGenerator.cs Line: 42)

Asset Pipeline Refresh (id=b6f5dc5593cfa4d4c84135695d025480): Total: 0.036 seconds - Initiated by RefreshV2(NoUpdateAssetOptions)
Asset Pipeline Refresh (id=1c98919107b453f4c88cc7b8967bdd66): Total: 0.038 seconds - Initiated by RefreshV2(NoUpdateAssetOptions)
Asset Pipeline Refresh (id=9acbca0f7a87ef54bacbe4ece30066f5): Total: 0.027 seconds - Initiated by RefreshV2(NoUpdateAssetOptions)
Start importing Assets/LayeredTerrain/GrassSoil/Square/LandformStoneRoad/Mask-07.asset using Guid(b02fd980a2abc6b41974d859a777fb1d) (NativeFormatImporter) -> (artifact id: '09027e8d963d8fd928277d96f7735e27') in 0.0016114 seconds
Start importing Assets/LayeredTerrain/GrassSoil/Square/LandformGrass/Mask-05.asset using Guid(d04330ef8020b8a41b9e4589cb202101) (NativeFormatImporter) -> (artifact id: '4e5972f1b6c2ded32e8e48532b67135b') in 0.0013509 seconds
Start importing Assets/LayeredTerrain/GrassSoil/Square/LandformGrass/Mask-12.asset using Guid(d00b41817e9bc0741ad148ea3e94519a) (NativeFormatImporter) -> (artifact id: '9d0a3a48e4156b96b3c76ca702bf7bff') in 0.0013097 seconds
Start importing Assets/LayeredTerrain/GrassSoil/Square/LandformStoneRoad/Mask-13.asset using Guid(116a8c3b6ac195a4ebb8e3c7a9989ddc) (NativeFormatImporter) -> (artifact id: '871e193410b26687800828802aef7920') in 0.0012294 seconds
Start importing Assets/LayeredTerrain/GrassSoil/Square/LandformGrass/Mask-02.asset using Guid(315648227c153724090125e98f4cba15) (NativeFormatImporter) -> (artifact id: 'd08b86b0e86b5ac26e9107766d5008d1') in 0.0012755 seconds
Start importing Assets/LayeredTerrain/GrassSoil/Square/LandformStoneRoad/Mask-11.asset using Guid(519050a0a5a9f5847b095ee0b83437a0) (NativeFormatImporter) -> (artifact id: 'ae100c2ae270a66d81134616e885003c') in 0.0015435 seconds
Start importing Assets/LayeredTerrain/GrassSoil/Square/LandformGrass/Mask-14.asset using Guid(81815b76ad7c06c47bf1bc7b65624ffd) (NativeFormatImporter) -> (artifact id: 'e00c4c5ecbd51682bc3c65bf8d862a23') in 0.0014759 seconds
Start importing Assets/LayeredTerrain/GrassSoil/Square/LandformSoil/Mask-03.asset using Guid(b1c5384b4651e4a4a82d483cc64aae79) (NativeFormatImporter) -> (artifact id: '45c12fb41048b850cd7cb0f3e535436a') in 0.0012999 seconds
Start importing Assets/LayeredTerrain/GrassSoil/Square/LandformGrass/Mask-15.asset using Guid(027119ab30d86a546a5d935d6e9ec608) (NativeFormatImporter) -> (artifact id: '7e821f282e19a2a4d5825e548df9693a') in 0.0013532 seconds
Start importing Assets/LayeredTerrain/GrassSoil/Square/LandformGrass/Mask-00.asset using Guid(13f70a46e499e0146bffd256e7c14483) (NativeFormatImporter) -> (artifact id: '2a9713a59b72231d0d554c49e274b85a') in 0.0013202 seconds
Start importing Assets/LayeredTerrain/GrassSoil/Square/LandformSoil/Mask-00.asset using Guid(8303f71f8469fd7459473d47391ab0b3) (NativeFormatImporter) -> (artifact id: '1442dfc314550b70b27dde3dada60cc7') in 0.0011987 seconds
Start importing Assets/LayeredTerrain/GrassSoil/Square/LandformSoil/Mask-01.asset using Guid(d33072ada9e1bb749adcc5938680d51a) (NativeFormatImporter) -> (artifact id: '7a8f58bad24b64f744799cb0b0b9228f') in 0.0011774 seconds
Start importing Assets/LayeredTerrain/GrassSoil/Square/LandformStoneRoad/Mask-09.asset using Guid(d30b19c2c64338a4fa9211b305cf65b1) (NativeFormatImporter) -> (artifact id: '59211e6be04f7e5724ec1a1b38221d71') in 0.0012211 seconds
Start importing Assets/LayeredTerrain/GrassSoil/Square/LandformSoil/Mask-13.asset using Guid(548b829df136ae948902efdc96ee70bb) (NativeFormatImporter) -> (artifact id: 'd770f2a72e8453a69c8ff146ee623ca5') in 0.0011816 seconds
Start importing Assets/LayeredTerrain/GrassSoil/Square/LandformStoneRoad/Mask-00.asset using Guid(74d1d4b679c3aec43af1bd30b6c4aea1) (NativeFormatImporter) -> (artifact id: '4c60ffb732228db343f89511449fce3b') in 0.0012235 seconds
Start importing Assets/LayeredTerrain/GrassSoil/Square/LandformGrass/Mask-01.asset using Guid(35cbc7e6bd8f2f84d9c7965779c9b2eb) (NativeFormatImporter) -> (artifact id: '7cd6fe12f157cd0a0b2a210183323c21') in 0.0012071 seconds
Start importing Assets/LayeredTerrain/GrassSoil/Square/LandformGrass/Mask-10.asset using Guid(5728d44dd2630ff40849746ce5d849d7) (NativeFormatImporter) -> (artifact id: '57d0e56c944d10ea9c02adfa74800a28') in 0.0012359 seconds
Start importing Assets/LayeredTerrain/GrassSoil/Square/LandformSoil/Mask-09.asset using Guid(67347eef4df492941b15d16b687e2cb7) (NativeFormatImporter) -> (artifact id: '0b3fee03fb07b35a5fbe9374ec056b4b') in 0.0011942 seconds
Start importing Assets/LayeredTerrain/GrassSoil/Square/LandformGrass/Mask-04.asset using Guid(87737865bdb87ec43864ad3d997d7626) (NativeFormatImporter) -> (artifact id: '83b9f8cc1d095defdc009bd1839b690f') in 0.001215 seconds
Start importing Assets/LayeredTerrain/GrassSoil/Square/LandformSoil/Mask-02.asset using Guid(87e33da937f65d34fb027eebfd8c1343) (NativeFormatImporter) -> (artifact id: '031756e6cc2b3a5ef2ddcaf8740ee21f') in 0.0012112 seconds
Start importing Assets/LayeredTerrain/GrassSoil/Square/LandformGrass/Mask-08.asset using Guid(b781c12832a4cd84392ab7d35a405505) (NativeFormatImporter) -> (artifact id: 'c734ab3f59a9e28ca19de35691f15a63') in 0.0011679 seconds
Start importing Assets/LayeredTerrain/GrassSoil/Square/LandformStoneRoad/Mask-04.asset using Guid(f70ec30b59552144a97e4da8fea5520c) (NativeFormatImporter) -> (artifact id: '67ab708a109917ddbe110252083911c2') in 0.0011733 seconds
Start importing Assets/LayeredTerrain/GrassSoil/Square/LandformStoneRoad/Mask-05.asset using Guid(08c7afe6a1108a84b9f8ac99c7fa610e) (NativeFormatImporter) -> (artifact id: 'a8026e8f0c10f4b634f0c477d7f79ba5') in 0.0012542 seconds
Start importing Assets/LayeredTerrain/GrassSoil/Square/LandformStoneRoad/Mask-14.asset using Guid(39202684bd500f14184c5131ac46a6dd) (NativeFormatImporter) -> (artifact id: 'b43c0e8abc2951d26427ba0ee51e7ebb') in 0.0011864 seconds
Start importing Assets/LayeredTerrain/GrassSoil/Square/LandformSoil/SoilSquareLandformTileSet.asset using Guid(897d878e9497c6e4d935ea42058d6001) (NativeFormatImporter) -> (artifact id: '17e85a477bcdc5aaf3c7a2ca1f1f5d8e') in 0.001235 seconds
Start importing Assets/Editor/Tests/Fixtures/CanonicalBattlefieldMap/EditorOperationsSmoke.asset using Guid(b96a6df669e584148be8256f6384ecee) (NativeFormatImporter) -> (artifact id: '1316e254e4e7cbf1b7064f6df82b50c6') in 0.0011991 seconds
Start importing Assets/LayeredTerrain/GrassSoil/Square/LandformStoneRoad/StoneRoadSquareLandformTileSet.asset using Guid(0a6730ef0e26d5b49b9ae3129ee21909) (NativeFormatImporter) -> (artifact id: '48456893df0f467254b3256235820444') in 0.0012789 seconds
Start importing Assets/LayeredTerrain/GrassSoil/Square/LandformStoneRoad/Mask-10.asset using Guid(caa578d738fb0414e820ab1e3541b03f) (NativeFormatImporter) -> (artifact id: 'be4dcdbbc4fe728152242b70b5e9bb78') in 0.0011614 seconds
Start importing Assets/LayeredTerrain/GrassSoil/Square/LandformSoil/Mask-07.asset using Guid(2ce20b5da48d1ae43956c41d22ecd92e) (NativeFormatImporter) -> (artifact id: '7c41af1778c9689fc8cf1f4e4fcccd2c') in 0.0013111 seconds
Start importing Assets/LayeredTerrain/GrassSoil/Square/LandformSoil/Mask-11.asset using Guid(2c6bd62321830da498ea7724ae626857) (NativeFormatImporter) -> (artifact id: 'b1033fab3dddb68d369a244413a84ab3') in 0.0012448 seconds
Start importing Assets/LayeredTerrain/GrassSoil/Square/LandformStoneRoad/Mask-15.asset using Guid(5cbc1f25709453b4a90de7054d0ce9b7) (NativeFormatImporter) -> (artifact id: 'ca75aea14a03badd729ba37b57fc7710') in 0.0012229 seconds
Start importing Assets/LayeredTerrain/GrassSoil/Square/LandformGrass/Mask-09.asset using Guid(8c5fb632240287d48a17621f58d3a651) (NativeFormatImporter) -> (artifact id: '77c6cf5113d6c96189dbf6818d84fd5f') in 0.0012084 seconds
Start importing Assets/LayeredTerrain/GrassSoil/Square/LandformSoil/Mask-12.asset using Guid(bc85f424c35a6c845b2186949136a828) (NativeFormatImporter) -> (artifact id: '08c355397adee775c3834a7a7a0bf465') in 0.0012164 seconds
Start importing Assets/LayeredTerrain/GrassSoil/Square/LandformSoil/Mask-10.asset using Guid(0dfe2c0efe3330c4d9570f0061d459b9) (NativeFormatImporter) -> (artifact id: '88decb540b9e036a0400c2d34dbc707c') in 0.0011755 seconds
Start importing Assets/LayeredTerrain/GrassSoil/Square/LandformGrass/Mask-03.asset using Guid(1db706b3e9547554e9081663c6442ba0) (NativeFormatImporter) -> (artifact id: 'fdfbe87044d88284093ccc42787947e0') in 0.0012202 seconds
Start importing Assets/LayeredTerrain/GrassSoil/Square/LandformStoneRoad/Mask-02.asset using Guid(1d9b71389b4697e4586703b25f185da7) (NativeFormatImporter) -> (artifact id: 'dbb50fa57ab28462356bbd1a8ebab835') in 0.0012258 seconds
Start importing Assets/LayeredTerrain/GrassSoil/Square/LandformSoil/Mask-05.asset using Guid(2de42da45e48f974e9a74a6970e6e643) (NativeFormatImporter) -> (artifact id: '6e739e360d22b33fd378e6acefe9d800') in 0.001195 seconds
Start importing Assets/LayeredTerrain/GrassSoil/Square/LandformGrass/Mask-11.asset using Guid(5d253dc28016ae64db4653758ac0af88) (NativeFormatImporter) -> (artifact id: '4dbb166b77c04b10385ee89749d834d3') in 0.0012365 seconds
Start importing Assets/LayeredTerrain/GrassSoil/Square/LandformSoil/Mask-04.asset using Guid(5d4806f722710eb40b1cf937cc6498b6) (NativeFormatImporter) -> (artifact id: 'a825e4a02be2364dca6cd5d251c2a1af') in 0.0012908 seconds
Start importing Assets/LayeredTerrain/GrassSoil/Square/LandformStoneRoad/Mask-01.asset using Guid(add98a42caf91414387900c1b29b92c6) (NativeFormatImporter) -> (artifact id: 'a1a43dffdd1f7cdd6311169ade464c57') in 0.0012143 seconds
Start importing Assets/LayeredTerrain/GrassSoil/Square/LandformGrass/Mask-06.asset using Guid(cd0f4d7279da9f84caa8c319e7ab29f9) (NativeFormatImporter) -> (artifact id: '52937737c65259daea7bed84aa0a8a04') in 0.0011621 seconds
Start importing Assets/LayeredTerrain/GrassSoil/Square/LandformGrass/Mask-07.asset using Guid(4e65cf042fab2c1448282809779edb8a) (NativeFormatImporter) -> (artifact id: '8cc68977b954eb6d618706e748b65e8b') in 0.0012162 seconds
Start importing Assets/LayeredTerrain/GrassSoil/Square/LandformGrass/Mask-13.asset using Guid(7e2014d33d57f294f97dea5ed30b730c) (NativeFormatImporter) -> (artifact id: '93ec9328dc52bc61493ece4ef09f812b') in 0.0011887 seconds
Start importing Assets/LayeredTerrain/GrassSoil/Square/LandformSoil/Mask-14.asset using Guid(ae949dd8d7965fa41b1d3481d8bf8e30) (NativeFormatImporter) -> (artifact id: '13d3e8fadf25938fb6084c9eacdc285d') in 0.0012011 seconds
Start importing Assets/LayeredTerrain/GrassSoil/Square/LandformStoneRoad/Mask-08.asset using Guid(aecab5b9f537b5349adcff0900809717) (NativeFormatImporter) -> (artifact id: '6723e7d6eab214144e2a993643460ee5') in 0.0011835 seconds
Start importing Assets/LayeredTerrain/GrassSoil/Square/LandformSoil/Mask-15.asset using Guid(ce833c44287e15a44945e738038eb1c3) (NativeFormatImporter) -> (artifact id: '7c1ac2f82e318d432012af6c6509f07a') in 0.0011807 seconds
Start importing Assets/LayeredTerrain/GrassSoil/Square/LandformSoil/Mask-08.asset using Guid(ee6f4f16a4085914dbcb15919c60654c) (NativeFormatImporter) -> (artifact id: '2a403aad88716c1a9d6ee321599dc86f') in 0.0011753 seconds
Start importing Assets/LayeredTerrain/GrassSoil/Square/LandformStoneRoad/Mask-12.asset using Guid(2f49f6b2d05a8804097e79c69e515dc3) (NativeFormatImporter) -> (artifact id: '3512849ba8746b3929337e37047f52c2') in 0.0012683 seconds
Start importing Assets/LayeredTerrain/GrassSoil/Square/LandformSoil/Mask-06.asset using Guid(3ff6ff5cd14cc7441a6a84cdde5ff745) (NativeFormatImporter) -> (artifact id: 'c47a955bf9dc32d5bb761f8069ffd421') in 0.0011694 seconds
Start importing Assets/LayeredTerrain/GrassSoil/Square/LandformStoneRoad/Mask-06.asset using Guid(df46002ea561b404889b370e84a77f83) (NativeFormatImporter) -> (artifact id: 'c73fed30de3e790341265e9a3306482c') in 0.0011807 seconds
Start importing Assets/LayeredTerrain/GrassSoil/Square/LandformStoneRoad/Mask-03.asset using Guid(df1e863caf3bc5441a0d4c507b76c311) (NativeFormatImporter) -> (artifact id: 'a9a2fb8e8c6cb1c0cdbe880f9de699ac') in 0.0011681 seconds
Start importing Assets/LayeredTerrain/GrassSoil/Square/LandformGrass/GrassSquareLandformTileSet.asset using Guid(ef399dc10411dd84ab6a276f72e506ea) (NativeFormatImporter) -> (artifact id: '3f3f806b6373e60abb62a5adaf65a9f7') in 0.0011904 seconds
Refreshing native plugins compatible for Editor in 0.16 ms, found 0 plugins.
Preloading 0 native plugins for Editor in 0.00 ms.
Asset Pipeline Refresh (id=9d1e9ac8ae56b47419998bef410393f4): Total: 0.089 seconds - Initiated by StopAssetImportingV2(NoUpdateAssetOptions)
Native 256 px square grass, soil and stone-road landforms generated.
UnityEngine.Debug:ExtractStackTraceNoAlloc (byte*,int,string)
UnityEngine.StackTraceUtility:ExtractStackTrace ()
UnityEngine.DebugLogHandler:Internal_Log (UnityEngine.LogType,UnityEngine.LogOption,string,UnityEngine.Object)
UnityEngine.DebugLogHandler:LogFormat (UnityEngine.LogType,UnityEngine.Object,string,object[])
UnityEngine.Logger:Log (UnityEngine.LogType,object)
UnityEngine.Debug:Log (object)
FruitDefense.Editor.SquareTerrainArtGenerator:GenerateDeterministicLandforms () (at Assets/Editor/Tools/SquareTerrainArtGenerator.cs:87)
FruitDefense.Editor.SquareTerrainArtGenerator:GenerateAvailableSquareAssets () (at Assets/Editor/Tools/SquareTerrainArtGenerator.cs:134)
FruitDefense.Editor.LayeredTerrainArtSetup:EnsurePaletteAssets () (at Assets/Editor/Tools/LayeredTerrainArtSetup.cs:62)
FruitDefense.Editor.CanonicalBattlefieldMapEditorSmoke:LoadCurrentReleasePalette () (at Assets/Editor/Tests/CanonicalBattlefieldMapEditorSmoke.cs:77)
FruitDefense.Editor.CanonicalBattlefieldMapEditorSmoke:ValidateContourPopupAvailability () (at Assets/Editor/Tests/CanonicalBattlefieldMapEditorSmoke.cs:31)
FruitDefense.Editor.CanonicalBattlefieldMapEditorSmoke:Validate () (at Assets/Editor/Tests/CanonicalBattlefieldMapEditorSmoke.cs:24)
FruitDefense.Editor.ProjectSetup:SmokeValidate () (at Assets/Editor/Tools/ProjectSetup.cs:244)
FruitDefense.Editor.P0ValidationSuite:Run () (at Assets/Editor/Tests/P0ValidationSuite.cs:18)

(Filename: Assets/Editor/Tools/SquareTerrainArtGenerator.cs Line: 87)

Asset Pipeline Refresh (id=f04fcf31eb794ab4bb7822e9b4b16bb1): Total: 0.032 seconds - Initiated by RefreshV2(NoUpdateAssetOptions)
Start importing Assets/LayeredTerrain/GrassSoil/Square/EdgeGrassOnSoilPainted/Mask-15.asset using Guid(a17969b175ec3354c8fe533c48257f94) (NativeFormatImporter) -> (artifact id: '99f211a0ff210a0c86467a3e625714fe') in 0.0014438 seconds
Start importing Assets/LayeredTerrain/GrassSoil/Square/EdgeGrassOnSoilPainted/Mask-04.asset using Guid(e2449efc0c1116648a5b9cbfe33d8e81) (NativeFormatImporter) -> (artifact id: '18145ed9e628d5f8340c44824db6c8be') in 0.0012797 seconds
Start importing Assets/LayeredTerrain/GrassSoil/Square/EdgeGrassOnSoilPainted/Mask-14.asset using Guid(4328f421ed4ea34439d6e4e50990e24a) (NativeFormatImporter) -> (artifact id: '6bbe4451c7dca2d4de869403308041cf') in 0.0013382 seconds
Start importing Assets/LayeredTerrain/GrassSoil/Square/EdgeGrassOnSoilPainted/Mask-11.asset using Guid(04aab987cd98a4440b66bb727667d8db) (NativeFormatImporter) -> (artifact id: 'eb6fb6ecd423e575e0946462aa243d66') in 0.0012253 seconds
Start importing Assets/LayeredTerrain/GrassSoil/Square/EdgeGrassOnSoilPainted/Mask-13.asset using Guid(75f61e4d96323eb4e906226b1dd8a16a) (NativeFormatImporter) -> (artifact id: '7952dc870547efbd422b012b46d2b17a') in 0.0011994 seconds
Start importing Assets/LayeredTerrain/GrassSoil/Square/EdgeGrassOnSoilPainted/Mask-08.asset using Guid(062a9acbc752b0342becc47471c8dad4) (NativeFormatImporter) -> (artifact id: 'ee86fce3dc4587f247fc6e398cfff9cd') in 0.0011979 seconds
Start importing Assets/LayeredTerrain/GrassSoil/Square/EdgeGrassOnSoilPainted/Mask-12.asset using Guid(17347530ba5655e4cb59ff249a976ea1) (NativeFormatImporter) -> (artifact id: '27e6bc4eabc1e74cb23636389ffd9263') in 0.0012249 seconds
Start importing Assets/LayeredTerrain/GrassSoil/Square/EdgeGrassOnSoilPainted/Mask-00.asset using Guid(676ca911d7a7bbf408a30856d7cc6990) (NativeFormatImporter) -> (artifact id: '557d3d98682769dd5e96ded56f4299cf') in 0.001207 seconds
Start importing Assets/LayeredTerrain/GrassSoil/Square/EdgeGrassOnSoilPainted/Mask-10.asset using Guid(e75c1031ec799e0448fd29d3082006b4) (NativeFormatImporter) -> (artifact id: 'c8e41218e8984dd46c91b31d7703de4f') in 0.0012009 seconds
Start importing Assets/LayeredTerrain/GrassSoil/Square/EdgeGrassOnSoilPainted/Mask-09.asset using Guid(a8a7730f3a6dd484198f1b19fed8a24f) (NativeFormatImporter) -> (artifact id: '5597baddb442bf8a928e37d39723d50b') in 0.0011955 seconds
Start importing Assets/LayeredTerrain/GrassSoil/Square/EdgeGrassOnSoilPainted/Mask-07.asset using Guid(f8b2f90201834fa478634d3f30f6af16) (NativeFormatImporter) -> (artifact id: 'a306cb5e617a8648a67a81dc94516e9e') in 0.0011964 seconds
Start importing Assets/LayeredTerrain/GrassSoil/Square/EdgeGrassOnSoilPainted/Mask-06.asset using Guid(19882d23e028ac94e8abd02f91624ba8) (NativeFormatImporter) -> (artifact id: '54900e8224e5828f7c6a4f69fec6db72') in 0.0012141 seconds
Start importing Assets/LayeredTerrain/GrassSoil/Square/EdgeGrassOnSoilPainted/Mask-01.asset using Guid(b94d4b2cd03a1b04b83a81974d966227) (NativeFormatImporter) -> (artifact id: '7caf427609fab688c51f9caa2ce6a79f') in 0.0012221 seconds
Start importing Assets/LayeredTerrain/GrassSoil/Square/EdgeGrassOnSoilPainted/Mask-03.asset using Guid(1a4a3cc4af69bbc4aaabde52016c4f95) (NativeFormatImporter) -> (artifact id: 'af45f85c0f45a239757e36be7c184f6c') in 0.0013156 seconds
Start importing Assets/LayeredTerrain/GrassSoil/Square/EdgeGrassOnSoilPainted/Mask-05.asset using Guid(bacdc75efb95eda42aa6803845d196c4) (NativeFormatImporter) -> (artifact id: '6d469253745d86e884993bfadfef01d0') in 0.0012427 seconds
Start importing Assets/LayeredTerrain/GrassSoil/Square/EdgeGrassOnSoilPainted/GrassOnSoilSquarePaintedTileSet.asset using Guid(1b984e39e61f8734d8c54b032e84c3a3) (NativeFormatImporter) -> (artifact id: '612bda68ec02f7c1be620eb4ba627873') in 0.0012289 seconds
Start importing Assets/LayeredTerrain/GrassSoil/Square/EdgeGrassOnSoilPainted/Mask-02.asset using Guid(8d6a7e51f29762f4796204a57546e522) (NativeFormatImporter) -> (artifact id: '504e9a251c8e415c78cba5f93910b005') in 0.0012153 seconds
Refreshing native plugins compatible for Editor in 0.16 ms, found 0 plugins.
Preloading 0 native plugins for Editor in 0.00 ms.
Asset Pipeline Refresh (id=93f491a5dedbcd446a1dc8e86ad0b5a1): Total: 0.034 seconds - Initiated by StopAssetImportingV2(NoUpdateAssetOptions)
Accepted ribbon lip profile packaged as a top-down grass feather with base-grass RGB, guide-owned topology and no soil wall or outline.
UnityEngine.Debug:ExtractStackTraceNoAlloc (byte*,int,string)
UnityEngine.StackTraceUtility:ExtractStackTrace ()
UnityEngine.DebugLogHandler:Internal_Log (UnityEngine.LogType,UnityEngine.LogOption,string,UnityEngine.Object)
UnityEngine.DebugLogHandler:LogFormat (UnityEngine.LogType,UnityEngine.Object,string,object[])
UnityEngine.Logger:Log (UnityEngine.LogType,object)
UnityEngine.Debug:Log (object)
FruitDefense.Editor.SquareTerrainArtGenerator:PackageAcceptedGrassOnSoilCandidate () (at Assets/Editor/Tools/SquareTerrainArtGenerator.cs:126)
FruitDefense.Editor.SquareTerrainArtGenerator:GenerateAvailableSquareAssets () (at Assets/Editor/Tools/SquareTerrainArtGenerator.cs:138)
FruitDefense.Editor.LayeredTerrainArtSetup:EnsurePaletteAssets () (at Assets/Editor/Tools/LayeredTerrainArtSetup.cs:62)
FruitDefense.Editor.CanonicalBattlefieldMapEditorSmoke:LoadCurrentReleasePalette () (at Assets/Editor/Tests/CanonicalBattlefieldMapEditorSmoke.cs:77)
FruitDefense.Editor.CanonicalBattlefieldMapEditorSmoke:ValidateContourPopupAvailability () (at Assets/Editor/Tests/CanonicalBattlefieldMapEditorSmoke.cs:31)
FruitDefense.Editor.CanonicalBattlefieldMapEditorSmoke:Validate () (at Assets/Editor/Tests/CanonicalBattlefieldMapEditorSmoke.cs:24)
FruitDefense.Editor.ProjectSetup:SmokeValidate () (at Assets/Editor/Tools/ProjectSetup.cs:244)
FruitDefense.Editor.P0ValidationSuite:Run () (at Assets/Editor/Tests/P0ValidationSuite.cs:18)

(Filename: Assets/Editor/Tools/SquareTerrainArtGenerator.cs Line: 126)

Start importing Assets/LayeredTerrain/GrassSoil/LandformSoil/Mask-07.asset using Guid(40244693c163e6541baff892b129cb00) (NativeFormatImporter) -> (artifact id: 'e65830c68ae7e03467001a0296ab0069') in 0.0014537 seconds
Start importing Assets/LayeredTerrain/GrassSoil/EdgeGrassOnSoilRefined/Mask-07.asset using Guid(418e9fec0ca97b64ab0f4c86dc0fd006) (NativeFormatImporter) -> (artifact id: 'cd9c2cf18fdd38f609098f7d0cc15714') in 0.0012535 seconds
Start importing Assets/LayeredTerrain/CompositeBrushes/OriginalGrassSoil/OriginalGrassSoilReverseLandformTileSet.asset using Guid(813c3f8ce1d51a24093ce2c5ed1547fa) (NativeFormatImporter) -> (artifact id: 'b5291246265ecb7af0dd8a3a19f371a0') in 0.0013618 seconds
Start importing Assets/LayeredTerrain/GrassSoil/Authoring/SoilBase.asset using Guid(a158e7b4dd9e7c448b398f9b22a9f9c2) (NativeFormatImporter) -> (artifact id: '1d93f5ffd6651520cc292a513066cccb') in 0.0013545 seconds
Start importing Assets/LayeredTerrain/GrassSoil/EdgeGrassOnSoilRefined/Mask-05.asset using Guid(f15a3346efbbefb40babba4ef8f6ffa7) (NativeFormatImporter) -> (artifact id: '0325b05872f53d4d8922d91b29b864f9') in 0.0013321 seconds
Start importing Assets/LayeredTerrain/GrassSoil/LandformSoil/Mask-04.asset using Guid(f1fab5de0afca5445ba4970fcd52bbbe) (NativeFormatImporter) -> (artifact id: '09085b923c9ce06113de808e0225d25b') in 0.0012554 seconds
Start importing Assets/LayeredTerrain/GrassSoil/EdgeGrassOnSoilRefined/Mask-14.asset using Guid(1292b21714ab41b4197a410a29053ee2) (NativeFormatImporter) -> (artifact id: '113ba810aee874d1280699a85e7183b6') in 0.0012702 seconds
Start importing Assets/LayeredTerrain/GrassSoil/LandformGrass/Mask-08.asset using Guid(52e1998e35a61a047bd24dd910b6bb8c) (NativeFormatImporter) -> (artifact id: '675f77c88e6e0d975abaaae9f510d95d') in 0.0012419 seconds
Start importing Assets/LayeredTerrain/GrassSoil/EdgeGrassOnSoilRefined/Mask-15.asset using Guid(a2ee8cf7722d54542bb6934c3c7acca3) (NativeFormatImporter) -> (artifact id: '6edcf8d7d3f26ee03919cdd607084ab1') in 0.0011964 seconds
Start importing Assets/LayeredTerrain/GrassSoil/EdgeGrassOnSoilRefined/Mask-11.asset using Guid(c29b700cc6f883f4d8d20d2a190eee05) (NativeFormatImporter) -> (artifact id: 'f51c180f858faa73b198142b42927cfc') in 0.0012185 seconds
Start importing Assets/LayeredTerrain/GrassSoil/LandformGrass/Mask-07.asset using Guid(d285b7a144ce1134ba6f4b02b003db14) (NativeFormatImporter) -> (artifact id: '0038d19d51d9c42dea9465db3b105f39') in 0.0013402 seconds
Start importing Assets/LayeredTerrain/GrassSoil/LandformSoil/Mask-01.asset using Guid(030d3f064f313fe4aa4dd2ab0ae33f07) (NativeFormatImporter) -> (artifact id: '3fd5251983b6578fd68bf6bc3bb3b4e3') in 0.0012023 seconds
Start importing Assets/LayeredTerrain/GrassSoil/EdgeGrassOnSoilRefined/Mask-10.asset using Guid(c32eb2f88b196e04f96b1b2b04ea7efe) (NativeFormatImporter) -> (artifact id: '2d01cd9893dc47967ba87373e479eb7e') in 0.0012341 seconds
Start importing Assets/LayeredTerrain/GrassSoil/LandformSoil/Mask-13.asset using Guid(04bdecbe02f95ef46986c7056c2b7c3b) (NativeFormatImporter) -> (artifact id: '15f31c02a38b8c10ecc25938dd45d64e') in 0.001205 seconds
Start importing Assets/LayeredTerrain/GrassSoil/EdgeGrassOnSoilRefined/Mask-00.asset using Guid(e4a3c845026f4254892939518018693f) (NativeFormatImporter) -> (artifact id: '3a031e969e7d12b8ad7d8420c2b35c82') in 0.0012552 seconds
Start importing Assets/LayeredTerrain/GrassSoil/LandformSoil/Mask-03.asset using Guid(15a3542839f831f41a0a24e5e9e2f22c) (NativeFormatImporter) -> (artifact id: '6e77d59b695c8200cb85f17fa75a4b54') in 0.0012194 seconds
Start importing Assets/LayeredTerrain/GrassSoil/LandformSoil/Mask-02.asset using Guid(f587922c248637745a6249f84c52611e) (NativeFormatImporter) -> (artifact id: '75844366cc32f023f1e40453bee8aa54') in 0.0012172 seconds
Start importing Assets/LayeredTerrain/GrassSoil/LandformGrass/Mask-09.asset using Guid(165dc20b52db7d14488b55217f6ac108) (NativeFormatImporter) -> (artifact id: '72e38899c33e0e3ced6ed6d0356b17dc') in 0.001224 seconds
Start importing Assets/LayeredTerrain/GrassSoil/LandformSoil/Mask-11.asset using Guid(86718e5a68b1dcc47854d71bba5a1c17) (NativeFormatImporter) -> (artifact id: '04f57e67d298deb7839321669f6f5937') in 0.0012398 seconds
Start importing Assets/LayeredTerrain/GrassSoil/EdgeGrassOnSoilRefined/Mask-09.asset using Guid(86c349d56e9db3e4e849d6749cdfbfbe) (NativeFormatImporter) -> (artifact id: 'a3a3937713e26dae2d17075614e230de') in 0.0012374 seconds
Start importing Assets/LayeredTerrain/CompositeBrushes/GrassSoil/GrassSoilReverseLandformTileSet.asset using Guid(17ff6febab517824eb695d29e0459a1f) (NativeFormatImporter) -> (artifact id: '3aac16350dc78571bdc4c034dd153e34') in 0.001488 seconds
Start importing Assets/LayeredTerrain/GrassSoil/LandformSoil/Mask-09.asset using Guid(478b7d64a48c32541abd22cde03a7210) (NativeFormatImporter) -> (artifact id: 'df61b4f661f9c0aded60f089bd901d4a') in 0.0012313 seconds
Start importing Assets/LayeredTerrain/GrassSoil/LandformSoil/Mask-05.asset using Guid(878e7bb9dfa805f47b4b88fef4623c4b) (NativeFormatImporter) -> (artifact id: '6433cd5ece3fc29e9694b9c40d1cce7b') in 0.0012505 seconds
Start importing Assets/LayeredTerrain/CompositeBrushes/StoneWater/StoneWaterReverseLandformTileSet.asset using Guid(97ffcbb8c3ab6264e80693ccaf0c43de) (NativeFormatImporter) -> (artifact id: '098d79a46ae44df4e4eabca0ead85233') in 0.0012936 seconds
Start importing Assets/LayeredTerrain/GrassSoil/LandformSoil/Mask-14.asset using Guid(a7806afe4f019d445bbf552f9eece05e) (NativeFormatImporter) -> (artifact id: 'e86c3f661d3698b3e540fda453881940') in 0.0014542 seconds
Start importing Assets/LayeredTerrain/GrassSoil/EdgeGrassOnSoilRefined/Mask-13.asset using Guid(a7d1a82699efeae47a6ca0a5bb112ae7) (NativeFormatImporter) -> (artifact id: 'a78e3ab795bab51c2fb8875ea81a3142') in 0.0013048 seconds
Start importing Assets/LayeredTerrain/GrassSoil/EdgeGrassOnSoilRefined/GrassOnSoilRefinedTileSet.asset using Guid(b75665e5083dab441a2805aa7b5e1562) (NativeFormatImporter) -> (artifact id: '9a378045af94549dd04c416ddd049034') in 0.0013392 seconds
Start importing Assets/LayeredTerrain/GrassSoil/LandformGrass/Mask-14.asset using Guid(c7287b8c949516949b483b111ceb39a0) (NativeFormatImporter) -> (artifact id: '742a261e597b802d91fa4c4b50193514') in 0.0012444 seconds
Start importing Assets/LayeredTerrain/GrassSoil/LandformSoil/Mask-00.asset using Guid(88d5b3d83381240419fa7d0a9d6c2c63) (NativeFormatImporter) -> (artifact id: 'ec59939a8b52efe47b329a71ceccb6a9') in 0.0014144 seconds
Start importing Assets/LayeredTerrain/GrassSoil/LandformGrass/Mask-13.asset using Guid(e80621ea42744c243ac2ec385c32b338) (NativeFormatImporter) -> (artifact id: 'c073a20a8e0628f7baf4a55a699ae105') in 0.0012296 seconds
Start importing Assets/LayeredTerrain/GrassSoil/LandformGrass/Mask-00.asset using Guid(c92ffc9e81d587840892eb05cf844fbf) (NativeFormatImporter) -> (artifact id: '6de21ee1cddad2dc5dc822438a8f4094') in 0.001212 seconds
Start importing Assets/LayeredTerrain/GrassSoil/LandformSoil/Mask-08.asset using Guid(d98e1448816e2f443a1e4e6b40e7cc25) (NativeFormatImporter) -> (artifact id: '8c84979613e06175002d882607152e4e') in 0.0013542 seconds
Start importing Assets/LayeredTerrain/GrassSoil/LandformSoil/Mask-15.asset using Guid(e95509ac4ec30484ab37daa221658805) (NativeFormatImporter) -> (artifact id: 'f96248f32c56c962dfe506862d5fb21b') in 0.0012137 seconds
Start importing Assets/LayeredTerrain/GrassSoil/EdgeGrassOnSoilRefined/Mask-06.asset using Guid(e9ac41d989ad93f4ca1a691487107c16) (NativeFormatImporter) -> (artifact id: 'e9daccbac2653977ee343c02f273f598') in 0.0012053 seconds
Start importing Assets/LayeredTerrain/GrassSoil/LandformSoil/Mask-10.asset using Guid(f95d6c7578efacd4cb1f12c63e1d8ff8) (NativeFormatImporter) -> (artifact id: '90d43f8749769d1781298dd6bba5d61f') in 0.0011862 seconds
Start importing Assets/LayeredTerrain/GrassSoil/LandformGrass/Mask-10.asset using Guid(0a64b675a1f765c409b8f9deea1eb208) (NativeFormatImporter) -> (artifact id: '09c03947b8c465db650824308fe637f1') in 0.0013815 seconds
Start importing Assets/LayeredTerrain/GrassSoil/EdgeGrassOnSoilRefined/Mask-12.asset using Guid(3a09b8d94e4515f4fa39c4292c8052a7) (NativeFormatImporter) -> (artifact id: 'af83cf963396621d9d3bad458f6ed2a9') in 0.0012292 seconds
Start importing Assets/LayeredTerrain/GrassSoil/LandformSoil/Mask-06.asset using Guid(4ab46eb735954bf45977209e4a936a01) (NativeFormatImporter) -> (artifact id: '8450f37df15f7709b95c5c346493f1fd') in 0.0011968 seconds
Start importing Assets/LayeredTerrain/GrassSoil/LandformGrass/Mask-15.asset using Guid(7a5208b63b1d6284285e932c3708e65d) (NativeFormatImporter) -> (artifact id: '67ddae65d0c7a750e13eb34b9baf8365') in 0.0011864 seconds
Start importing Assets/LayeredTerrain/GrassSoil/LandformGrass/Mask-05.asset using Guid(3b4a2864fb45c5b4fae56fc1f697bbdd) (NativeFormatImporter) -> (artifact id: 'cf3f476c92289c5b074cb8ea3198ce61') in 0.0011961 seconds
Start importing Assets/LayeredTerrain/GrassSoil/EdgeGrassOnSoilRefined/Mask-08.asset using Guid(9b3d0613b51d86146bf5ea0994b42ddd) (NativeFormatImporter) -> (artifact id: '4e302c1a03e18f66e6c41c139ec180d3') in 0.0012037 seconds
Start importing Assets/LayeredTerrain/GrassSoil/LandformGrass/Mask-11.asset using Guid(bb6bc251a6bbcf54480e7f80f2181f2a) (NativeFormatImporter) -> (artifact id: '857582d6d96bb87d66880447573db021') in 0.0012837 seconds
Start importing Assets/LayeredTerrain/GrassSoil/LandformSoil/Mask-12.asset using Guid(3cfb4949c07b1bf43bc66661515525d7) (NativeFormatImporter) -> (artifact id: '3a6ea6ab140b5d680c9d80d68e71cee7') in 0.0012126 seconds
Start importing Assets/LayeredTerrain/GrassSoil/EdgeGrassOnSoilRefined/Mask-04.asset using Guid(6cca3f06a711ab34992417d66eeec087) (NativeFormatImporter) -> (artifact id: 'be2a2aeb01573b6be77d3a2b070fef25') in 0.0011889 seconds
Start importing Assets/LayeredTerrain/GrassSoil/Authoring/GrassBase.asset using Guid(3d71b1ea4e270714eb43b3b4541cda21) (NativeFormatImporter) -> (artifact id: '3f5ae16e96393bccc7f5f4d3650a3ce6') in 0.0011868 seconds
Start importing Assets/LayeredTerrain/GrassSoil/LandformGrass/Mask-06.asset using Guid(5d15d49b3c156ae479bd995b33107c67) (NativeFormatImporter) -> (artifact id: '05abb2ca9d5f1492af0ec896fb864d4e') in 0.0014047 seconds
Start importing Assets/LayeredTerrain/GrassSoil/LandformGrass/Mask-01.asset using Guid(7d609e3f17078a44f9a89e21b68ae180) (NativeFormatImporter) -> (artifact id: 'a1ebd9002be9baca60bb274969bc4dc2') in 0.0015277 seconds
Start importing Assets/LayeredTerrain/GrassSoil/LandformGrass/Mask-04.asset using Guid(ede22ab8e9b7bcc4da28aa41887e8614) (NativeFormatImporter) -> (artifact id: '42c1c0d805e7b323f147012ab0eb20fb') in 0.0014577 seconds
Start importing Assets/LayeredTerrain/GrassSoil/LandformSoil/SoilLandformTileSet.asset using Guid(3e1155418d0567f44af4b96697c9dd09) (NativeFormatImporter) -> (artifact id: 'df15b8c45196950bc4219bee97aafc82') in 0.001346 seconds
Start importing Assets/LayeredTerrain/GrassSoil/EdgeGrassOnSoilRefined/Mask-02.asset using Guid(6ef5433501c908740932ed7d05777790) (NativeFormatImporter) -> (artifact id: '25936841c896ee6e32acaadabe2f5ad9') in 0.0012768 seconds
Start importing Assets/LayeredTerrain/GrassSoil/EdgeGrassOnSoilRefined/Mask-01.asset using Guid(8e0671f07975b7c43b734d81c5ff11bc) (NativeFormatImporter) -> (artifact id: 'c6f3c5aa165967eeb465f4156418931b') in 0.0012987 seconds
Start importing Assets/LayeredTerrain/GrassSoil/EdgeGrassOnSoilRefined/Mask-03.asset using Guid(de5135a77f40df84b9a7170011242e63) (NativeFormatImporter) -> (artifact id: 'c4b8007304dbcd55f4ed04fb4957f5a6') in 0.0012005 seconds
Start importing Assets/LayeredTerrain/GrassSoil/LandformGrass/GrassLandformTileSet.asset using Guid(2fc47b69529dfb541a089c835adb5ce8) (NativeFormatImporter) -> (artifact id: '7d9b947ceee84338616124256f8ad829') in 0.0013166 seconds
Start importing Assets/LayeredTerrain/GrassSoil/LandformGrass/Mask-12.asset using Guid(bfcde0f6045b297478b7cca21b2bd212) (NativeFormatImporter) -> (artifact id: 'fcc2d08d622fb7725cf22421d7d46e31') in 0.0014474 seconds
Start importing Assets/LayeredTerrain/GrassSoil/LandformGrass/Mask-02.asset using Guid(cfb8b16aec24e064ba3c8b202f110c99) (NativeFormatImporter) -> (artifact id: '918a9e9785ac5cd4f4174f2fe29d6d53') in 0.0013165 seconds
Start importing Assets/LayeredTerrain/GrassSoil/LandformGrass/Mask-03.asset using Guid(cf797356fdd5ba54fb021059b4e0c786) (NativeFormatImporter) -> (artifact id: '297c0fc42e401c9d7fd0a377a3b5b28e') in 0.0014207 seconds
Refreshing native plugins compatible for Editor in 0.16 ms, found 0 plugins.
Preloading 0 native plugins for Editor in 0.00 ms.
Asset Pipeline Refresh (id=bd0c71c5500be3948b5c65414e12f56a): Total: 0.098 seconds - Initiated by StopAssetImportingV2(NoUpdateAssetOptions)
Start importing Assets/LayeredTerrain/CompositeBrushes/OriginalGrassSoil/OriginalGrassSoilBrush.asset using Guid(21a71232d6e654e4b8c7960242ff7182) (NativeFormatImporter) -> (artifact id: '3547d87e50bc075e0e2036afaef240e2') in 0.0015678 seconds
Start importing Assets/LayeredTerrain/CompositeBrushes/OriginalGrassSoil/OriginalGrassSoilReverseLandformTileSet.asset using Guid(813c3f8ce1d51a24093ce2c5ed1547fa) (NativeFormatImporter) -> (artifact id: 'b5291246265ecb7af0dd8a3a19f371a0') in 0.0013931 seconds
Refreshing native plugins compatible for Editor in 0.16 ms, found 0 plugins.
Preloading 0 native plugins for Editor in 0.00 ms.
Asset Pipeline Refresh (id=c3bb1eba073c8114d8a8af4a8ee65526): Total: 0.012 seconds - Initiated by StopAssetImportingV2(NoUpdateAssetOptions)
Start importing Assets/Battlefield/Terrain/OrchardDefaultTerrainPalette.asset using Guid(8f09d513b82ee0048abd5a50378dbb0c) (NativeFormatImporter) -> (artifact id: 'af117db4ea5f59db66e2603074e05e44') in 0.0017675 seconds
Refreshing native plugins compatible for Editor in 0.17 ms, found 0 plugins.
Preloading 0 native plugins for Editor in 0.00 ms.
Asset Pipeline Refresh (id=15b48a4e890f50b46a49bd0712c65058): Total: 0.012 seconds - Initiated by StopAssetImportingV2(NoUpdateAssetOptions)
Start importing Assets/Battlefield/Terrain/OrchardDefaultTerrainPalette.asset using Guid(8f09d513b82ee0048abd5a50378dbb0c) (NativeFormatImporter) -> (artifact id: 'af117db4ea5f59db66e2603074e05e44') in 0.0016406 seconds
Refreshing native plugins compatible for Editor in 0.13 ms, found 0 plugins.
Preloading 0 native plugins for Editor in 0.00 ms.
Asset Pipeline Refresh (id=087776970de752c40838281d52a4a263): Total: 0.009 seconds - Initiated by StopAssetImportingV2(NoUpdateAssetOptions)
Opening scene 'Assets/Scenes/Battle.unity additively'
Loaded scene 'Assets/Scenes/Battle.unity'
	Deserialize:            0.876 ms
	Integration:            0.356 ms
	Integration of assets:  0.002 ms
	Thread Wait Time:       0.006 ms
	Total Operation Time:   1.239 ms
Opening scene 'Assets/Scenes/Battle.unity additively'
Loaded scene 'Assets/Scenes/Battle.unity'
	Deserialize:            0.329 ms
	Integration:            0.056 ms
	Integration of assets:  0.001 ms
	Thread Wait Time:       0.005 ms
	Total Operation Time:   0.391 ms
CANONICAL_BATTLEFIELD_MAP_EDITOR_SMOKE_OK
UnityEngine.Debug:ExtractStackTraceNoAlloc (byte*,int,string)
UnityEngine.StackTraceUtility:ExtractStackTrace ()
UnityEngine.DebugLogHandler:Internal_Log (UnityEngine.LogType,UnityEngine.LogOption,string,UnityEngine.Object)
UnityEngine.DebugLogHandler:LogFormat (UnityEngine.LogType,UnityEngine.Object,string,object[])
UnityEngine.Logger:Log (UnityEngine.LogType,object)
UnityEngine.Debug:Log (object)
FruitDefense.Editor.CanonicalBattlefieldMapEditorSmoke:Validate () (at Assets/Editor/Tests/CanonicalBattlefieldMapEditorSmoke.cs:26)
FruitDefense.Editor.ProjectSetup:SmokeValidate () (at Assets/Editor/Tools/ProjectSetup.cs:244)
FruitDefense.Editor.P0ValidationSuite:Run () (at Assets/Editor/Tests/P0ValidationSuite.cs:18)

(Filename: Assets/Editor/Tests/CanonicalBattlefieldMapEditorSmoke.cs Line: 26)

Asset Pipeline Refresh (id=48ecef9872f11564ba3e58acefb9ddb8): Total: 0.002 seconds - Initiated by StopAssetImportingV2(NoUpdateAssetOptions)
Asset Pipeline Refresh (id=ccdb1a4297e63c54ab1f3c31e1bff73a): Total: 0.011 seconds - Initiated by RefreshV2(NoUpdateAssetOptions)
Opening scene 'Assets/Scenes/Battle.unity additively'
Loaded scene 'Assets/Scenes/Battle.unity'
	Deserialize:            0.395 ms
	Integration:            0.088 ms
	Integration of assets:  0.001 ms
	Thread Wait Time:       0.005 ms
	Total Operation Time:   0.489 ms
Asset Pipeline Refresh (id=6acb45fb3b327594ea0a435cd343e505): Total: 0.002 seconds - Initiated by StopAssetImportingV2(NoUpdateAssetOptions)
Asset Pipeline Refresh (id=d46e3011cfee1d044928d68178822186): Total: 0.002 seconds - Initiated by RefreshV2(NoUpdateAssetOptions)
Start importing Assets/Editor/Tests/Fixtures/CanonicalBattlefieldMap/GeneratedPublicationSmoke.asset using Guid(03c5eebe6fd26d04ea40d782f5f1832e) (NativeFormatImporter) -> (artifact id: '245561b76f92f17d6202a0d3b8c4f609') in 0.0013662 seconds
Refreshing native plugins compatible for Editor in 0.15 ms, found 0 plugins.
Preloading 0 native plugins for Editor in 0.00 ms.
Asset Pipeline Refresh (id=03a95bbf98ecbeb4f852f763f619b310): Total: 0.011 seconds - Initiated by StopAssetImportingV2(NoUpdateAssetOptions)
Start importing Assets/Editor/Tests/Fixtures/CanonicalBattlefieldMap/GeneratedPublicationSmoke.asset using Guid(03c5eebe6fd26d04ea40d782f5f1832e) (NativeFormatImporter) -> (artifact id: '245561b76f92f17d6202a0d3b8c4f609') in 0.001518 seconds
Refreshing native plugins compatible for Editor in 0.14 ms, found 0 plugins.
Preloading 0 native plugins for Editor in 0.00 ms.
Asset Pipeline Refresh (id=0366d2dde4c78494aac042e5dbb79736): Total: 0.009 seconds - Initiated by StopAssetImportingV2(NoUpdateAssetOptions)
Start importing Assets/Editor/Tests/Fixtures/CanonicalBattlefieldMap/GeneratedPublicationSmoke.asset using Guid(03c5eebe6fd26d04ea40d782f5f1832e) (NativeFormatImporter) -> (artifact id: '245561b76f92f17d6202a0d3b8c4f609') in 0.0014473 seconds
Refreshing native plugins compatible for Editor in 0.15 ms, found 0 plugins.
Preloading 0 native plugins for Editor in 0.00 ms.
Asset Pipeline Refresh (id=9273181905a976f4ea0553ddf4ef0566): Total: 0.010 seconds - Initiated by StopAssetImportingV2(NoUpdateAssetOptions)
Start importing Assets/Editor/Tests/Fixtures/CanonicalBattlefieldMap/GeneratedPublicationSmoke.asset using Guid(03c5eebe6fd26d04ea40d782f5f1832e) (NativeFormatImporter) -> (artifact id: '245561b76f92f17d6202a0d3b8c4f609') in 0.0014096 seconds
Refreshing native plugins compatible for Editor in 0.14 ms, found 0 plugins.
Preloading 0 native plugins for Editor in 0.00 ms.
Asset Pipeline Refresh (id=e6f33608bbd05594ebb1fd53f504a386): Total: 0.009 seconds - Initiated by StopAssetImportingV2(NoUpdateAssetOptions)
Start importing Assets/Editor/Tests/Fixtures/CanonicalBattlefieldMap/GeneratedPublicationSmoke.asset using Guid(03c5eebe6fd26d04ea40d782f5f1832e) (NativeFormatImporter) -> (artifact id: 'bdbc0064593a8a4cc5edbbea6e9c62b1') in 0.0015996 seconds
Refreshing native plugins compatible for Editor in 0.42 ms, found 0 plugins.
Preloading 0 native plugins for Editor in 0.00 ms.
Asset Pipeline Refresh (id=9a72b24d5b7fd2740aed1cb416891c1d): Total: 0.012 seconds - Initiated by StopAssetImportingV2(NoUpdateAssetOptions)
Start importing Assets/Editor/Tests/Fixtures/CanonicalBattlefieldMap/GeneratedPublicationSmoke.asset using Guid(03c5eebe6fd26d04ea40d782f5f1832e) (NativeFormatImporter) -> (artifact id: 'bdbc0064593a8a4cc5edbbea6e9c62b1') in 0.0014228 seconds
Refreshing native plugins compatible for Editor in 0.13 ms, found 0 plugins.
Preloading 0 native plugins for Editor in 0.00 ms.
Asset Pipeline Refresh (id=ef715f0d194ec5944bd33e7bcd0467ef): Total: 0.009 seconds - Initiated by StopAssetImportingV2(NoUpdateAssetOptions)
Start importing Assets/Editor/Tests/Fixtures/CanonicalBattlefieldMap/GeneratedPublicationSmoke.asset using Guid(03c5eebe6fd26d04ea40d782f5f1832e) (NativeFormatImporter) -> (artifact id: 'abad6e32788d1c265e20bd3ad75a13ea') in 0.0014146 seconds
Refreshing native plugins compatible for Editor in 0.14 ms, found 0 plugins.
Preloading 0 native plugins for Editor in 0.00 ms.
Asset Pipeline Refresh (id=f25245233be468d4ca8437780e294ab3): Total: 0.010 seconds - Initiated by StopAssetImportingV2(NoUpdateAssetOptions)
Start importing Assets/Editor/Tests/Fixtures/CanonicalBattlefieldMap/GeneratedPublicationSmoke.asset using Guid(03c5eebe6fd26d04ea40d782f5f1832e) (NativeFormatImporter) -> (artifact id: 'abad6e32788d1c265e20bd3ad75a13ea') in 0.0013614 seconds
Refreshing native plugins compatible for Editor in 0.15 ms, found 0 plugins.
Preloading 0 native plugins for Editor in 0.00 ms.
Asset Pipeline Refresh (id=d0d38186a378f8b4986b888bf8576b2d): Total: 0.009 seconds - Initiated by StopAssetImportingV2(NoUpdateAssetOptions)
Start importing Assets/Editor/Tests/Fixtures/CanonicalBattlefieldMap/GeneratedPublicationSmoke.asset using Guid(03c5eebe6fd26d04ea40d782f5f1832e) (NativeFormatImporter) -> (artifact id: '245561b76f92f17d6202a0d3b8c4f609') in 0.0016367 seconds
Refreshing native plugins compatible for Editor in 0.16 ms, found 0 plugins.
Preloading 0 native plugins for Editor in 0.00 ms.
Asset Pipeline Refresh (id=215dc6d40167ebe4c8614c633b3627e1): Total: 0.010 seconds - Initiated by StopAssetImportingV2(NoUpdateAssetOptions)
Start importing Assets/Editor/Tests/Fixtures/CanonicalBattlefieldMap/GeneratedPublicationSmoke.asset using Guid(03c5eebe6fd26d04ea40d782f5f1832e) (NativeFormatImporter) -> (artifact id: '245561b76f92f17d6202a0d3b8c4f609') in 0.0013839 seconds
Refreshing native plugins compatible for Editor in 0.13 ms, found 0 plugins.
Preloading 0 native plugins for Editor in 0.00 ms.
Asset Pipeline Refresh (id=be94a3d7bc09ae64e94357c0465a9f72): Total: 0.009 seconds - Initiated by StopAssetImportingV2(NoUpdateAssetOptions)
Start importing Assets/Editor/Tests/Fixtures/CanonicalBattlefieldMap/GeneratedPublicationSmoke.asset using Guid(03c5eebe6fd26d04ea40d782f5f1832e) (NativeFormatImporter) -> (artifact id: '7e7f3710697060b8f23c242d87380d88') in 0.0013985 seconds
Refreshing native plugins compatible for Editor in 0.21 ms, found 0 plugins.
Preloading 0 native plugins for Editor in 0.00 ms.
Asset Pipeline Refresh (id=0a3c3a2034603ad42b315df53fc4b5c7): Total: 0.010 seconds - Initiated by StopAssetImportingV2(NoUpdateAssetOptions)
Start importing Assets/Editor/Tests/Fixtures/CanonicalBattlefieldMap/GeneratedPublicationSmoke.asset using Guid(03c5eebe6fd26d04ea40d782f5f1832e) (NativeFormatImporter) -> (artifact id: '7e7f3710697060b8f23c242d87380d88') in 0.0013799 seconds
Refreshing native plugins compatible for Editor in 0.15 ms, found 0 plugins.
Preloading 0 native plugins for Editor in 0.00 ms.
Asset Pipeline Refresh (id=9a754f5ad44bccf4eb81dff6fb46b3c9): Total: 0.009 seconds - Initiated by StopAssetImportingV2(NoUpdateAssetOptions)
Start importing Assets/Editor/Tests/Fixtures/CanonicalBattlefieldMap/GeneratedPublicationSmoke.asset using Guid(03c5eebe6fd26d04ea40d782f5f1832e) (NativeFormatImporter) -> (artifact id: '7e7f3710697060b8f23c242d87380d88') in 0.0014661 seconds
Refreshing native plugins compatible for Editor in 0.14 ms, found 0 plugins.
Preloading 0 native plugins for Editor in 0.00 ms.
Asset Pipeline Refresh (id=b58940a102b3dad4aa673b2568804c2a): Total: 0.010 seconds - Initiated by StopAssetImportingV2(NoUpdateAssetOptions)
Refreshing native plugins compatible for Editor in 0.16 ms, found 0 plugins.
Preloading 0 native plugins for Editor in 0.00 ms.
Asset Pipeline Refresh (id=cf19bc461a690154588fbdf728ac2fd4): Total: 0.009 seconds - Initiated by StopAssetImportingV2(NoUpdateAssetOptions)
Asset Pipeline Refresh (id=de6f26ab686845547a9eebb96a136a61): Total: 0.049 seconds - Initiated by RefreshV2(NoUpdateAssetOptions)
CANONICAL_BATTLEFIELD_MAP_PUBLICATION_SMOKE_OK
UnityEngine.Debug:ExtractStackTraceNoAlloc (byte*,int,string)
UnityEngine.StackTraceUtility:ExtractStackTrace ()
UnityEngine.DebugLogHandler:Internal_Log (UnityEngine.LogType,UnityEngine.LogOption,string,UnityEngine.Object)
UnityEngine.DebugLogHandler:LogFormat (UnityEngine.LogType,UnityEngine.Object,string,object[])
UnityEngine.Logger:Log (UnityEngine.LogType,object)
UnityEngine.Debug:Log (object)
FruitDefense.Editor.CanonicalBattlefieldMapPublicationSmoke:Validate () (at Assets/Editor/Tests/CanonicalBattlefieldMapPublicationSmoke.cs:30)
FruitDefense.Editor.ProjectSetup:SmokeValidate () (at Assets/Editor/Tools/ProjectSetup.cs:245)
FruitDefense.Editor.P0ValidationSuite:Run () (at Assets/Editor/Tests/P0ValidationSuite.cs:18)

(Filename: Assets/Editor/Tests/CanonicalBattlefieldMapPublicationSmoke.cs Line: 30)

Asset Pipeline Refresh (id=055ee473ec97d47458a2b61d99703c8e): Total: 0.000 seconds - Initiated by StopAssetImportingV2(NoUpdateAssetOptions)
Asset Pipeline Refresh (id=054ad55b37d15e64b8564e44cfc55e5c): Total: 0.006 seconds - Initiated by RefreshV2(NoUpdateAssetOptions)
FRUIT_DEFENSE_DUAL_GRID_PIXEL_ALL_PROFILES_OK count=2
UnityEngine.Debug:ExtractStackTraceNoAlloc (byte*,int,string)
UnityEngine.StackTraceUtility:ExtractStackTrace ()
UnityEngine.DebugLogHandler:Internal_Log (UnityEngine.LogType,UnityEngine.LogOption,string,UnityEngine.Object)
UnityEngine.DebugLogHandler:LogFormat (UnityEngine.LogType,UnityEngine.Object,string,object[])
UnityEngine.Logger:Log (UnityEngine.LogType,object)
UnityEngine.Debug:Log (object)
FruitDefense.Editor.DualGridPixelTileSetGenerator:ValidateGeneratedPixelTileSet () (at Assets/Editor/Tools/DualGridPixelTileSetGenerator.cs:346)
FruitDefense.Editor.DualGridTilemapSmoke:Validate () (at Assets/Editor/Tests/DualGridTilemapSmoke.cs:42)
FruitDefense.Editor.ProjectSetup:SmokeValidate () (at Assets/Editor/Tools/ProjectSetup.cs:246)
FruitDefense.Editor.P0ValidationSuite:Run () (at Assets/Editor/Tests/P0ValidationSuite.cs:18)

(Filename: Assets/Editor/Tools/DualGridPixelTileSetGenerator.cs Line: 346)

FRUIT_DEFENSE_DUAL_GRID_PIXEL_WIZARD_SMOKE_OK
UnityEngine.Debug:ExtractStackTraceNoAlloc (byte*,int,string)
UnityEngine.StackTraceUtility:ExtractStackTrace ()
UnityEngine.DebugLogHandler:Internal_Log (UnityEngine.LogType,UnityEngine.LogOption,string,UnityEngine.Object)
UnityEngine.DebugLogHandler:LogFormat (UnityEngine.LogType,UnityEngine.Object,string,object[])
UnityEngine.Logger:Log (UnityEngine.LogType,object)
UnityEngine.Debug:Log (object)
FruitDefense.Editor.DualGridPixelTerrainWizardSmoke:Validate () (at Assets/Editor/Tests/DualGridPixelTerrainWizardSmoke.cs:42)
FruitDefense.Editor.DualGridTilemapSmoke:Validate () (at Assets/Editor/Tests/DualGridTilemapSmoke.cs:43)
FruitDefense.Editor.ProjectSetup:SmokeValidate () (at Assets/Editor/Tools/ProjectSetup.cs:246)
FruitDefense.Editor.P0ValidationSuite:Run () (at Assets/Editor/Tests/P0ValidationSuite.cs:18)

(Filename: Assets/Editor/Tests/DualGridPixelTerrainWizardSmoke.cs Line: 42)

FRUIT_DEFENSE_DUAL_GRID_SMOKE_OK
UnityEngine.Debug:ExtractStackTraceNoAlloc (byte*,int,string)
UnityEngine.StackTraceUtility:ExtractStackTrace ()
UnityEngine.DebugLogHandler:Internal_Log (UnityEngine.LogType,UnityEngine.LogOption,string,UnityEngine.Object)
UnityEngine.DebugLogHandler:LogFormat (UnityEngine.LogType,UnityEngine.Object,string,object[])
UnityEngine.Logger:Log (UnityEngine.LogType,object)
UnityEngine.Debug:Log (object)
FruitDefense.Editor.DualGridTilemapSmoke:Validate () (at Assets/Editor/Tests/DualGridTilemapSmoke.cs:45)
FruitDefense.Editor.ProjectSetup:SmokeValidate () (at Assets/Editor/Tools/ProjectSetup.cs:246)
FruitDefense.Editor.P0ValidationSuite:Run () (at Assets/Editor/Tests/P0ValidationSuite.cs:18)

(Filename: Assets/Editor/Tests/DualGridTilemapSmoke.cs Line: 45)

Asset Pipeline Refresh (id=b2fd617538ce52f4f8926eab742c5cf2): Total: 0.003 seconds - Initiated by RefreshV2(NoUpdateAssetOptions)
Asset Pipeline Refresh (id=2a8ed15ff2a50c84aaeae8dbd08ff998): Total: 0.035 seconds - Initiated by RefreshV2(NoUpdateAssetOptions)
Square contour topology guide generated: Assets/LayeredTerrain/GrassSoil/Square/Topology/SquareContourTopologyGuide.png
UnityEngine.Debug:ExtractStackTraceNoAlloc (byte*,int,string)
UnityEngine.StackTraceUtility:ExtractStackTrace ()
UnityEngine.DebugLogHandler:Internal_Log (UnityEngine.LogType,UnityEngine.LogOption,string,UnityEngine.Object)
UnityEngine.DebugLogHandler:LogFormat (UnityEngine.LogType,UnityEngine.Object,string,object[])
UnityEngine.Logger:Log (UnityEngine.LogType,object)
UnityEngine.Debug:Log (object)
FruitDefense.Editor.SquareTerrainArtGenerator:GenerateTopologyGuide () (at Assets/Editor/Tools/SquareTerrainArtGenerator.cs:42)
FruitDefense.Editor.SquareTerrainArtGenerator:GenerateAvailableSquareAssets () (at Assets/Editor/Tools/SquareTerrainArtGenerator.cs:133)
FruitDefense.Editor.LayeredTerrainArtSetup:EnsurePaletteAssets () (at Assets/Editor/Tools/LayeredTerrainArtSetup.cs:62)
FruitDefense.Editor.LayeredTerrainTilemapSmoke:Validate () (at Assets/Editor/Tests/LayeredTerrainTilemapSmoke.cs:14)
FruitDefense.Editor.ProjectSetup:SmokeValidate () (at Assets/Editor/Tools/ProjectSetup.cs:247)
FruitDefense.Editor.P0ValidationSuite:Run () (at Assets/Editor/Tests/P0ValidationSuite.cs:18)

(Filename: Assets/Editor/Tools/SquareTerrainArtGenerator.cs Line: 42)

Asset Pipeline Refresh (id=bb153cac522ebb043817e5a20acc735e): Total: 0.036 seconds - Initiated by RefreshV2(NoUpdateAssetOptions)
Asset Pipeline Refresh (id=9f91c2028f6f9e44bbd36ed57596b750): Total: 0.028 seconds - Initiated by RefreshV2(NoUpdateAssetOptions)
Asset Pipeline Refresh (id=712b63390e914204ab0ea1625cb02c54): Total: 0.039 seconds - Initiated by RefreshV2(NoUpdateAssetOptions)
Start importing Assets/LayeredTerrain/GrassSoil/Square/LandformStoneRoad/Mask-07.asset using Guid(b02fd980a2abc6b41974d859a777fb1d) (NativeFormatImporter) -> (artifact id: '09027e8d963d8fd928277d96f7735e27') in 0.0014835 seconds
Start importing Assets/LayeredTerrain/GrassSoil/Square/LandformGrass/Mask-05.asset using Guid(d04330ef8020b8a41b9e4589cb202101) (NativeFormatImporter) -> (artifact id: '4e5972f1b6c2ded32e8e48532b67135b') in 0.0013061 seconds
Start importing Assets/LayeredTerrain/GrassSoil/Square/LandformGrass/Mask-12.asset using Guid(d00b41817e9bc0741ad148ea3e94519a) (NativeFormatImporter) -> (artifact id: '9d0a3a48e4156b96b3c76ca702bf7bff') in 0.0012559 seconds
Start importing Assets/LayeredTerrain/GrassSoil/Square/LandformStoneRoad/Mask-13.asset using Guid(116a8c3b6ac195a4ebb8e3c7a9989ddc) (NativeFormatImporter) -> (artifact id: '871e193410b26687800828802aef7920') in 0.0012778 seconds
Start importing Assets/LayeredTerrain/GrassSoil/Square/LandformGrass/Mask-02.asset using Guid(315648227c153724090125e98f4cba15) (NativeFormatImporter) -> (artifact id: 'd08b86b0e86b5ac26e9107766d5008d1') in 0.0012049 seconds
Start importing Assets/LayeredTerrain/GrassSoil/Square/LandformStoneRoad/Mask-11.asset using Guid(519050a0a5a9f5847b095ee0b83437a0) (NativeFormatImporter) -> (artifact id: 'ae100c2ae270a66d81134616e885003c') in 0.001194 seconds
Start importing Assets/LayeredTerrain/GrassSoil/Square/LandformGrass/Mask-14.asset using Guid(81815b76ad7c06c47bf1bc7b65624ffd) (NativeFormatImporter) -> (artifact id: 'e00c4c5ecbd51682bc3c65bf8d862a23') in 0.0011659 seconds
Start importing Assets/LayeredTerrain/GrassSoil/Square/LandformSoil/Mask-03.asset using Guid(b1c5384b4651e4a4a82d483cc64aae79) (NativeFormatImporter) -> (artifact id: '45c12fb41048b850cd7cb0f3e535436a') in 0.0012691 seconds
Start importing Assets/LayeredTerrain/GrassSoil/Square/LandformGrass/Mask-15.asset using Guid(027119ab30d86a546a5d935d6e9ec608) (NativeFormatImporter) -> (artifact id: '7e821f282e19a2a4d5825e548df9693a') in 0.0011693 seconds
Start importing Assets/LayeredTerrain/GrassSoil/Square/LandformGrass/Mask-00.asset using Guid(13f70a46e499e0146bffd256e7c14483) (NativeFormatImporter) -> (artifact id: '2a9713a59b72231d0d554c49e274b85a') in 0.0012003 seconds
Start importing Assets/LayeredTerrain/GrassSoil/Square/LandformSoil/Mask-00.asset using Guid(8303f71f8469fd7459473d47391ab0b3) (NativeFormatImporter) -> (artifact id: '1442dfc314550b70b27dde3dada60cc7') in 0.0012013 seconds
Start importing Assets/LayeredTerrain/GrassSoil/Square/LandformSoil/Mask-01.asset using Guid(d33072ada9e1bb749adcc5938680d51a) (NativeFormatImporter) -> (artifact id: '7a8f58bad24b64f744799cb0b0b9228f') in 0.0012023 seconds
Start importing Assets/LayeredTerrain/GrassSoil/Square/LandformStoneRoad/Mask-09.asset using Guid(d30b19c2c64338a4fa9211b305cf65b1) (NativeFormatImporter) -> (artifact id: '59211e6be04f7e5724ec1a1b38221d71') in 0.001176 seconds
Start importing Assets/LayeredTerrain/GrassSoil/Square/LandformSoil/Mask-13.asset using Guid(548b829df136ae948902efdc96ee70bb) (NativeFormatImporter) -> (artifact id: 'd770f2a72e8453a69c8ff146ee623ca5') in 0.0011688 seconds
Start importing Assets/LayeredTerrain/GrassSoil/Square/LandformStoneRoad/Mask-00.asset using Guid(74d1d4b679c3aec43af1bd30b6c4aea1) (NativeFormatImporter) -> (artifact id: '4c60ffb732228db343f89511449fce3b') in 0.0011831 seconds
Start importing Assets/LayeredTerrain/GrassSoil/Square/LandformGrass/Mask-01.asset using Guid(35cbc7e6bd8f2f84d9c7965779c9b2eb) (NativeFormatImporter) -> (artifact id: '7cd6fe12f157cd0a0b2a210183323c21') in 0.0011826 seconds
Start importing Assets/LayeredTerrain/GrassSoil/Square/LandformGrass/Mask-10.asset using Guid(5728d44dd2630ff40849746ce5d849d7) (NativeFormatImporter) -> (artifact id: '57d0e56c944d10ea9c02adfa74800a28') in 0.0011682 seconds
Start importing Assets/LayeredTerrain/GrassSoil/Square/LandformSoil/Mask-09.asset using Guid(67347eef4df492941b15d16b687e2cb7) (NativeFormatImporter) -> (artifact id: '0b3fee03fb07b35a5fbe9374ec056b4b') in 0.0012272 seconds
Start importing Assets/LayeredTerrain/GrassSoil/Square/LandformGrass/Mask-04.asset using Guid(87737865bdb87ec43864ad3d997d7626) (NativeFormatImporter) -> (artifact id: '83b9f8cc1d095defdc009bd1839b690f') in 0.0012576 seconds
Start importing Assets/LayeredTerrain/GrassSoil/Square/LandformSoil/Mask-02.asset using Guid(87e33da937f65d34fb027eebfd8c1343) (NativeFormatImporter) -> (artifact id: '031756e6cc2b3a5ef2ddcaf8740ee21f') in 0.001294 seconds
Start importing Assets/LayeredTerrain/GrassSoil/Square/LandformGrass/Mask-08.asset using Guid(b781c12832a4cd84392ab7d35a405505) (NativeFormatImporter) -> (artifact id: 'c734ab3f59a9e28ca19de35691f15a63') in 0.0011965 seconds
Start importing Assets/LayeredTerrain/GrassSoil/Square/LandformStoneRoad/Mask-04.asset using Guid(f70ec30b59552144a97e4da8fea5520c) (NativeFormatImporter) -> (artifact id: '67ab708a109917ddbe110252083911c2') in 0.0011986 seconds
Start importing Assets/LayeredTerrain/GrassSoil/Square/LandformStoneRoad/Mask-05.asset using Guid(08c7afe6a1108a84b9f8ac99c7fa610e) (NativeFormatImporter) -> (artifact id: 'a8026e8f0c10f4b634f0c477d7f79ba5') in 0.0012133 seconds
Start importing Assets/LayeredTerrain/GrassSoil/Square/LandformStoneRoad/Mask-14.asset using Guid(39202684bd500f14184c5131ac46a6dd) (NativeFormatImporter) -> (artifact id: 'b43c0e8abc2951d26427ba0ee51e7ebb') in 0.0012331 seconds
Start importing Assets/LayeredTerrain/GrassSoil/Square/LandformSoil/SoilSquareLandformTileSet.asset using Guid(897d878e9497c6e4d935ea42058d6001) (NativeFormatImporter) -> (artifact id: '17e85a477bcdc5aaf3c7a2ca1f1f5d8e') in 0.0012464 seconds
Start importing Assets/LayeredTerrain/GrassSoil/Square/LandformStoneRoad/StoneRoadSquareLandformTileSet.asset using Guid(0a6730ef0e26d5b49b9ae3129ee21909) (NativeFormatImporter) -> (artifact id: '48456893df0f467254b3256235820444') in 0.0012343 seconds
Start importing Assets/LayeredTerrain/GrassSoil/Square/LandformStoneRoad/Mask-10.asset using Guid(caa578d738fb0414e820ab1e3541b03f) (NativeFormatImporter) -> (artifact id: 'be4dcdbbc4fe728152242b70b5e9bb78') in 0.0012297 seconds
Start importing Assets/LayeredTerrain/GrassSoil/Square/LandformSoil/Mask-07.asset using Guid(2ce20b5da48d1ae43956c41d22ecd92e) (NativeFormatImporter) -> (artifact id: '7c41af1778c9689fc8cf1f4e4fcccd2c') in 0.0011723 seconds
Start importing Assets/LayeredTerrain/GrassSoil/Square/LandformSoil/Mask-11.asset using Guid(2c6bd62321830da498ea7724ae626857) (NativeFormatImporter) -> (artifact id: 'b1033fab3dddb68d369a244413a84ab3') in 0.0011912 seconds
Start importing Assets/LayeredTerrain/GrassSoil/Square/LandformStoneRoad/Mask-15.asset using Guid(5cbc1f25709453b4a90de7054d0ce9b7) (NativeFormatImporter) -> (artifact id: 'ca75aea14a03badd729ba37b57fc7710') in 0.0012965 seconds
Start importing Assets/LayeredTerrain/GrassSoil/Square/LandformGrass/Mask-09.asset using Guid(8c5fb632240287d48a17621f58d3a651) (NativeFormatImporter) -> (artifact id: '77c6cf5113d6c96189dbf6818d84fd5f') in 0.0012084 seconds
Start importing Assets/LayeredTerrain/GrassSoil/Square/LandformSoil/Mask-12.asset using Guid(bc85f424c35a6c845b2186949136a828) (NativeFormatImporter) -> (artifact id: '08c355397adee775c3834a7a7a0bf465') in 0.0012064 seconds
Start importing Assets/LayeredTerrain/GrassSoil/Square/LandformSoil/Mask-10.asset using Guid(0dfe2c0efe3330c4d9570f0061d459b9) (NativeFormatImporter) -> (artifact id: '88decb540b9e036a0400c2d34dbc707c') in 0.0011974 seconds
Start importing Assets/LayeredTerrain/GrassSoil/Square/LandformGrass/Mask-03.asset using Guid(1db706b3e9547554e9081663c6442ba0) (NativeFormatImporter) -> (artifact id: 'fdfbe87044d88284093ccc42787947e0') in 0.0011992 seconds
Start importing Assets/LayeredTerrain/GrassSoil/Square/LandformStoneRoad/Mask-02.asset using Guid(1d9b71389b4697e4586703b25f185da7) (NativeFormatImporter) -> (artifact id: 'dbb50fa57ab28462356bbd1a8ebab835') in 0.0011746 seconds
Start importing Assets/LayeredTerrain/GrassSoil/Square/LandformSoil/Mask-05.asset using Guid(2de42da45e48f974e9a74a6970e6e643) (NativeFormatImporter) -> (artifact id: '6e739e360d22b33fd378e6acefe9d800') in 0.001184 seconds
Start importing Assets/LayeredTerrain/GrassSoil/Square/LandformGrass/Mask-11.asset using Guid(5d253dc28016ae64db4653758ac0af88) (NativeFormatImporter) -> (artifact id: '4dbb166b77c04b10385ee89749d834d3') in 0.0011673 seconds
Start importing Assets/LayeredTerrain/GrassSoil/Square/LandformSoil/Mask-04.asset using Guid(5d4806f722710eb40b1cf937cc6498b6) (NativeFormatImporter) -> (artifact id: 'a825e4a02be2364dca6cd5d251c2a1af') in 0.0011868 seconds
Start importing Assets/LayeredTerrain/GrassSoil/Square/LandformStoneRoad/Mask-01.asset using Guid(add98a42caf91414387900c1b29b92c6) (NativeFormatImporter) -> (artifact id: 'a1a43dffdd1f7cdd6311169ade464c57') in 0.0011842 seconds
Start importing Assets/LayeredTerrain/GrassSoil/Square/LandformGrass/Mask-06.asset using Guid(cd0f4d7279da9f84caa8c319e7ab29f9) (NativeFormatImporter) -> (artifact id: '52937737c65259daea7bed84aa0a8a04') in 0.0011753 seconds
Start importing Assets/LayeredTerrain/GrassSoil/Square/LandformGrass/Mask-07.asset using Guid(4e65cf042fab2c1448282809779edb8a) (NativeFormatImporter) -> (artifact id: '8cc68977b954eb6d618706e748b65e8b') in 0.0012171 seconds
Start importing Assets/LayeredTerrain/GrassSoil/Square/LandformGrass/Mask-13.asset using Guid(7e2014d33d57f294f97dea5ed30b730c) (NativeFormatImporter) -> (artifact id: '93ec9328dc52bc61493ece4ef09f812b') in 0.0012359 seconds
Start importing Assets/LayeredTerrain/GrassSoil/Square/LandformSoil/Mask-14.asset using Guid(ae949dd8d7965fa41b1d3481d8bf8e30) (NativeFormatImporter) -> (artifact id: '13d3e8fadf25938fb6084c9eacdc285d') in 0.0012133 seconds
Start importing Assets/LayeredTerrain/GrassSoil/Square/LandformStoneRoad/Mask-08.asset using Guid(aecab5b9f537b5349adcff0900809717) (NativeFormatImporter) -> (artifact id: '6723e7d6eab214144e2a993643460ee5') in 0.0011714 seconds
Start importing Assets/LayeredTerrain/GrassSoil/Square/LandformSoil/Mask-15.asset using Guid(ce833c44287e15a44945e738038eb1c3) (NativeFormatImporter) -> (artifact id: '7c1ac2f82e318d432012af6c6509f07a') in 0.0012379 seconds
Start importing Assets/LayeredTerrain/GrassSoil/Square/LandformSoil/Mask-08.asset using Guid(ee6f4f16a4085914dbcb15919c60654c) (NativeFormatImporter) -> (artifact id: '2a403aad88716c1a9d6ee321599dc86f') in 0.0012414 seconds
Start importing Assets/LayeredTerrain/GrassSoil/Square/LandformStoneRoad/Mask-12.asset using Guid(2f49f6b2d05a8804097e79c69e515dc3) (NativeFormatImporter) -> (artifact id: '3512849ba8746b3929337e37047f52c2') in 0.0012073 seconds
Start importing Assets/LayeredTerrain/GrassSoil/Square/LandformSoil/Mask-06.asset using Guid(3ff6ff5cd14cc7441a6a84cdde5ff745) (NativeFormatImporter) -> (artifact id: 'c47a955bf9dc32d5bb761f8069ffd421') in 0.0011487 seconds
Start importing Assets/LayeredTerrain/GrassSoil/Square/LandformStoneRoad/Mask-06.asset using Guid(df46002ea561b404889b370e84a77f83) (NativeFormatImporter) -> (artifact id: 'c73fed30de3e790341265e9a3306482c') in 0.0011482 seconds
Start importing Assets/LayeredTerrain/GrassSoil/Square/LandformStoneRoad/Mask-03.asset using Guid(df1e863caf3bc5441a0d4c507b76c311) (NativeFormatImporter) -> (artifact id: 'a9a2fb8e8c6cb1c0cdbe880f9de699ac') in 0.0011675 seconds
Start importing Assets/LayeredTerrain/GrassSoil/Square/LandformGrass/GrassSquareLandformTileSet.asset using Guid(ef399dc10411dd84ab6a276f72e506ea) (NativeFormatImporter) -> (artifact id: '3f3f806b6373e60abb62a5adaf65a9f7') in 0.0011799 seconds
Refreshing native plugins compatible for Editor in 0.24 ms, found 0 plugins.
Preloading 0 native plugins for Editor in 0.00 ms.
Asset Pipeline Refresh (id=e4292d91451d6e6478b5d12135d76782): Total: 0.085 seconds - Initiated by StopAssetImportingV2(NoUpdateAssetOptions)
Native 256 px square grass, soil and stone-road landforms generated.
UnityEngine.Debug:ExtractStackTraceNoAlloc (byte*,int,string)
UnityEngine.StackTraceUtility:ExtractStackTrace ()
UnityEngine.DebugLogHandler:Internal_Log (UnityEngine.LogType,UnityEngine.LogOption,string,UnityEngine.Object)
UnityEngine.DebugLogHandler:LogFormat (UnityEngine.LogType,UnityEngine.Object,string,object[])
UnityEngine.Logger:Log (UnityEngine.LogType,object)
UnityEngine.Debug:Log (object)
FruitDefense.Editor.SquareTerrainArtGenerator:GenerateDeterministicLandforms () (at Assets/Editor/Tools/SquareTerrainArtGenerator.cs:87)
FruitDefense.Editor.SquareTerrainArtGenerator:GenerateAvailableSquareAssets () (at Assets/Editor/Tools/SquareTerrainArtGenerator.cs:134)
FruitDefense.Editor.LayeredTerrainArtSetup:EnsurePaletteAssets () (at Assets/Editor/Tools/LayeredTerrainArtSetup.cs:62)
FruitDefense.Editor.LayeredTerrainTilemapSmoke:Validate () (at Assets/Editor/Tests/LayeredTerrainTilemapSmoke.cs:14)
FruitDefense.Editor.ProjectSetup:SmokeValidate () (at Assets/Editor/Tools/ProjectSetup.cs:247)
FruitDefense.Editor.P0ValidationSuite:Run () (at Assets/Editor/Tests/P0ValidationSuite.cs:18)

(Filename: Assets/Editor/Tools/SquareTerrainArtGenerator.cs Line: 87)

Asset Pipeline Refresh (id=58feab5e6214ba54baa168b434caa17e): Total: 0.035 seconds - Initiated by RefreshV2(NoUpdateAssetOptions)
Start importing Assets/LayeredTerrain/GrassSoil/Square/EdgeGrassOnSoilPainted/Mask-15.asset using Guid(a17969b175ec3354c8fe533c48257f94) (NativeFormatImporter) -> (artifact id: '99f211a0ff210a0c86467a3e625714fe') in 0.0016444 seconds
Start importing Assets/LayeredTerrain/GrassSoil/Square/EdgeGrassOnSoilPainted/Mask-04.asset using Guid(e2449efc0c1116648a5b9cbfe33d8e81) (NativeFormatImporter) -> (artifact id: '18145ed9e628d5f8340c44824db6c8be') in 0.0014205 seconds
Start importing Assets/LayeredTerrain/GrassSoil/Square/EdgeGrassOnSoilPainted/Mask-14.asset using Guid(4328f421ed4ea34439d6e4e50990e24a) (NativeFormatImporter) -> (artifact id: '6bbe4451c7dca2d4de869403308041cf') in 0.001674 seconds
Start importing Assets/LayeredTerrain/GrassSoil/Square/EdgeGrassOnSoilPainted/Mask-11.asset using Guid(04aab987cd98a4440b66bb727667d8db) (NativeFormatImporter) -> (artifact id: 'eb6fb6ecd423e575e0946462aa243d66') in 0.0014225 seconds
Start importing Assets/LayeredTerrain/GrassSoil/Square/EdgeGrassOnSoilPainted/Mask-13.asset using Guid(75f61e4d96323eb4e906226b1dd8a16a) (NativeFormatImporter) -> (artifact id: '7952dc870547efbd422b012b46d2b17a') in 0.0013775 seconds
Start importing Assets/LayeredTerrain/GrassSoil/Square/EdgeGrassOnSoilPainted/Mask-08.asset using Guid(062a9acbc752b0342becc47471c8dad4) (NativeFormatImporter) -> (artifact id: 'ee86fce3dc4587f247fc6e398cfff9cd') in 0.001319 seconds
Start importing Assets/LayeredTerrain/GrassSoil/Square/EdgeGrassOnSoilPainted/Mask-12.asset using Guid(17347530ba5655e4cb59ff249a976ea1) (NativeFormatImporter) -> (artifact id: '27e6bc4eabc1e74cb23636389ffd9263') in 0.0015264 seconds
Start importing Assets/LayeredTerrain/GrassSoil/Square/EdgeGrassOnSoilPainted/Mask-00.asset using Guid(676ca911d7a7bbf408a30856d7cc6990) (NativeFormatImporter) -> (artifact id: '557d3d98682769dd5e96ded56f4299cf') in 0.0012387 seconds
Start importing Assets/LayeredTerrain/GrassSoil/Square/EdgeGrassOnSoilPainted/Mask-10.asset using Guid(e75c1031ec799e0448fd29d3082006b4) (NativeFormatImporter) -> (artifact id: 'c8e41218e8984dd46c91b31d7703de4f') in 0.0011999 seconds
Start importing Assets/LayeredTerrain/GrassSoil/Square/EdgeGrassOnSoilPainted/Mask-09.asset using Guid(a8a7730f3a6dd484198f1b19fed8a24f) (NativeFormatImporter) -> (artifact id: '5597baddb442bf8a928e37d39723d50b') in 0.0012903 seconds
Start importing Assets/LayeredTerrain/GrassSoil/Square/EdgeGrassOnSoilPainted/Mask-07.asset using Guid(f8b2f90201834fa478634d3f30f6af16) (NativeFormatImporter) -> (artifact id: 'a306cb5e617a8648a67a81dc94516e9e') in 0.0012351 seconds
Start importing Assets/LayeredTerrain/GrassSoil/Square/EdgeGrassOnSoilPainted/Mask-06.asset using Guid(19882d23e028ac94e8abd02f91624ba8) (NativeFormatImporter) -> (artifact id: '54900e8224e5828f7c6a4f69fec6db72') in 0.0012898 seconds
Start importing Assets/LayeredTerrain/GrassSoil/Square/EdgeGrassOnSoilPainted/Mask-01.asset using Guid(b94d4b2cd03a1b04b83a81974d966227) (NativeFormatImporter) -> (artifact id: '7caf427609fab688c51f9caa2ce6a79f') in 0.0012532 seconds
Start importing Assets/LayeredTerrain/GrassSoil/Square/EdgeGrassOnSoilPainted/Mask-03.asset using Guid(1a4a3cc4af69bbc4aaabde52016c4f95) (NativeFormatImporter) -> (artifact id: 'af45f85c0f45a239757e36be7c184f6c') in 0.0012807 seconds
Start importing Assets/LayeredTerrain/GrassSoil/Square/EdgeGrassOnSoilPainted/Mask-05.asset using Guid(bacdc75efb95eda42aa6803845d196c4) (NativeFormatImporter) -> (artifact id: '6d469253745d86e884993bfadfef01d0') in 0.0013175 seconds
Start importing Assets/LayeredTerrain/GrassSoil/Square/EdgeGrassOnSoilPainted/GrassOnSoilSquarePaintedTileSet.asset using Guid(1b984e39e61f8734d8c54b032e84c3a3) (NativeFormatImporter) -> (artifact id: '612bda68ec02f7c1be620eb4ba627873') in 0.001274 seconds
Start importing Assets/LayeredTerrain/GrassSoil/Square/EdgeGrassOnSoilPainted/Mask-02.asset using Guid(8d6a7e51f29762f4796204a57546e522) (NativeFormatImporter) -> (artifact id: '504e9a251c8e415c78cba5f93910b005') in 0.0012088 seconds
Refreshing native plugins compatible for Editor in 0.18 ms, found 0 plugins.
Preloading 0 native plugins for Editor in 0.00 ms.
Asset Pipeline Refresh (id=1732b73a7afa5e443a6c42e47c7611a5): Total: 0.037 seconds - Initiated by StopAssetImportingV2(NoUpdateAssetOptions)
Accepted ribbon lip profile packaged as a top-down grass feather with base-grass RGB, guide-owned topology and no soil wall or outline.
UnityEngine.Debug:ExtractStackTraceNoAlloc (byte*,int,string)
UnityEngine.StackTraceUtility:ExtractStackTrace ()
UnityEngine.DebugLogHandler:Internal_Log (UnityEngine.LogType,UnityEngine.LogOption,string,UnityEngine.Object)
UnityEngine.DebugLogHandler:LogFormat (UnityEngine.LogType,UnityEngine.Object,string,object[])
UnityEngine.Logger:Log (UnityEngine.LogType,object)
UnityEngine.Debug:Log (object)
FruitDefense.Editor.SquareTerrainArtGenerator:PackageAcceptedGrassOnSoilCandidate () (at Assets/Editor/Tools/SquareTerrainArtGenerator.cs:126)
FruitDefense.Editor.SquareTerrainArtGenerator:GenerateAvailableSquareAssets () (at Assets/Editor/Tools/SquareTerrainArtGenerator.cs:138)
FruitDefense.Editor.LayeredTerrainArtSetup:EnsurePaletteAssets () (at Assets/Editor/Tools/LayeredTerrainArtSetup.cs:62)
FruitDefense.Editor.LayeredTerrainTilemapSmoke:Validate () (at Assets/Editor/Tests/LayeredTerrainTilemapSmoke.cs:14)
FruitDefense.Editor.ProjectSetup:SmokeValidate () (at Assets/Editor/Tools/ProjectSetup.cs:247)
FruitDefense.Editor.P0ValidationSuite:Run () (at Assets/Editor/Tests/P0ValidationSuite.cs:18)

(Filename: Assets/Editor/Tools/SquareTerrainArtGenerator.cs Line: 126)

Start importing Assets/LayeredTerrain/GrassSoil/LandformSoil/Mask-07.asset using Guid(40244693c163e6541baff892b129cb00) (NativeFormatImporter) -> (artifact id: 'e65830c68ae7e03467001a0296ab0069') in 0.0014845 seconds
Start importing Assets/LayeredTerrain/GrassSoil/EdgeGrassOnSoilRefined/Mask-07.asset using Guid(418e9fec0ca97b64ab0f4c86dc0fd006) (NativeFormatImporter) -> (artifact id: 'cd9c2cf18fdd38f609098f7d0cc15714') in 0.0015011 seconds
Start importing Assets/LayeredTerrain/CompositeBrushes/OriginalGrassSoil/OriginalGrassSoilReverseLandformTileSet.asset using Guid(813c3f8ce1d51a24093ce2c5ed1547fa) (NativeFormatImporter) -> (artifact id: 'b5291246265ecb7af0dd8a3a19f371a0') in 0.0013577 seconds
Start importing Assets/LayeredTerrain/GrassSoil/Authoring/SoilBase.asset using Guid(a158e7b4dd9e7c448b398f9b22a9f9c2) (NativeFormatImporter) -> (artifact id: '1d93f5ffd6651520cc292a513066cccb') in 0.0012724 seconds
Start importing Assets/LayeredTerrain/GrassSoil/EdgeGrassOnSoilRefined/Mask-05.asset using Guid(f15a3346efbbefb40babba4ef8f6ffa7) (NativeFormatImporter) -> (artifact id: '0325b05872f53d4d8922d91b29b864f9') in 0.0012761 seconds
Start importing Assets/LayeredTerrain/GrassSoil/LandformSoil/Mask-04.asset using Guid(f1fab5de0afca5445ba4970fcd52bbbe) (NativeFormatImporter) -> (artifact id: '09085b923c9ce06113de808e0225d25b') in 0.0012181 seconds
Start importing Assets/LayeredTerrain/GrassSoil/EdgeGrassOnSoilRefined/Mask-14.asset using Guid(1292b21714ab41b4197a410a29053ee2) (NativeFormatImporter) -> (artifact id: '113ba810aee874d1280699a85e7183b6') in 0.0011789 seconds
Start importing Assets/LayeredTerrain/GrassSoil/LandformGrass/Mask-08.asset using Guid(52e1998e35a61a047bd24dd910b6bb8c) (NativeFormatImporter) -> (artifact id: '675f77c88e6e0d975abaaae9f510d95d') in 0.0012252 seconds
Start importing Assets/LayeredTerrain/GrassSoil/EdgeGrassOnSoilRefined/Mask-15.asset using Guid(a2ee8cf7722d54542bb6934c3c7acca3) (NativeFormatImporter) -> (artifact id: '6edcf8d7d3f26ee03919cdd607084ab1') in 0.0011947 seconds
Start importing Assets/LayeredTerrain/GrassSoil/EdgeGrassOnSoilRefined/Mask-11.asset using Guid(c29b700cc6f883f4d8d20d2a190eee05) (NativeFormatImporter) -> (artifact id: 'f51c180f858faa73b198142b42927cfc') in 0.0012215 seconds
Start importing Assets/LayeredTerrain/GrassSoil/LandformGrass/Mask-07.asset using Guid(d285b7a144ce1134ba6f4b02b003db14) (NativeFormatImporter) -> (artifact id: '0038d19d51d9c42dea9465db3b105f39') in 0.0012491 seconds
Start importing Assets/LayeredTerrain/GrassSoil/LandformSoil/Mask-01.asset using Guid(030d3f064f313fe4aa4dd2ab0ae33f07) (NativeFormatImporter) -> (artifact id: '3fd5251983b6578fd68bf6bc3bb3b4e3') in 0.0013812 seconds
Start importing Assets/LayeredTerrain/GrassSoil/EdgeGrassOnSoilRefined/Mask-10.asset using Guid(c32eb2f88b196e04f96b1b2b04ea7efe) (NativeFormatImporter) -> (artifact id: '2d01cd9893dc47967ba87373e479eb7e') in 0.001258 seconds
Start importing Assets/LayeredTerrain/GrassSoil/LandformSoil/Mask-13.asset using Guid(04bdecbe02f95ef46986c7056c2b7c3b) (NativeFormatImporter) -> (artifact id: '15f31c02a38b8c10ecc25938dd45d64e') in 0.0012776 seconds
Start importing Assets/LayeredTerrain/GrassSoil/EdgeGrassOnSoilRefined/Mask-00.asset using Guid(e4a3c845026f4254892939518018693f) (NativeFormatImporter) -> (artifact id: '3a031e969e7d12b8ad7d8420c2b35c82') in 0.0012438 seconds
Start importing Assets/LayeredTerrain/GrassSoil/LandformSoil/Mask-03.asset using Guid(15a3542839f831f41a0a24e5e9e2f22c) (NativeFormatImporter) -> (artifact id: '6e77d59b695c8200cb85f17fa75a4b54') in 0.0011957 seconds
Start importing Assets/LayeredTerrain/GrassSoil/LandformSoil/Mask-02.asset using Guid(f587922c248637745a6249f84c52611e) (NativeFormatImporter) -> (artifact id: '75844366cc32f023f1e40453bee8aa54') in 0.0012399 seconds
Start importing Assets/LayeredTerrain/GrassSoil/LandformGrass/Mask-09.asset using Guid(165dc20b52db7d14488b55217f6ac108) (NativeFormatImporter) -> (artifact id: '72e38899c33e0e3ced6ed6d0356b17dc') in 0.0011596 seconds
Start importing Assets/LayeredTerrain/GrassSoil/LandformSoil/Mask-11.asset using Guid(86718e5a68b1dcc47854d71bba5a1c17) (NativeFormatImporter) -> (artifact id: '04f57e67d298deb7839321669f6f5937') in 0.0011941 seconds
Start importing Assets/LayeredTerrain/GrassSoil/EdgeGrassOnSoilRefined/Mask-09.asset using Guid(86c349d56e9db3e4e849d6749cdfbfbe) (NativeFormatImporter) -> (artifact id: 'a3a3937713e26dae2d17075614e230de') in 0.0011965 seconds
Start importing Assets/LayeredTerrain/CompositeBrushes/GrassSoil/GrassSoilReverseLandformTileSet.asset using Guid(17ff6febab517824eb695d29e0459a1f) (NativeFormatImporter) -> (artifact id: '3aac16350dc78571bdc4c034dd153e34') in 0.0012233 seconds
Start importing Assets/LayeredTerrain/GrassSoil/LandformSoil/Mask-09.asset using Guid(478b7d64a48c32541abd22cde03a7210) (NativeFormatImporter) -> (artifact id: 'df61b4f661f9c0aded60f089bd901d4a') in 0.0011768 seconds
Start importing Assets/LayeredTerrain/GrassSoil/LandformSoil/Mask-05.asset using Guid(878e7bb9dfa805f47b4b88fef4623c4b) (NativeFormatImporter) -> (artifact id: '6433cd5ece3fc29e9694b9c40d1cce7b') in 0.0012038 seconds
Start importing Assets/LayeredTerrain/CompositeBrushes/StoneWater/StoneWaterReverseLandformTileSet.asset using Guid(97ffcbb8c3ab6264e80693ccaf0c43de) (NativeFormatImporter) -> (artifact id: '098d79a46ae44df4e4eabca0ead85233') in 0.0012494 seconds
Start importing Assets/LayeredTerrain/GrassSoil/LandformSoil/Mask-14.asset using Guid(a7806afe4f019d445bbf552f9eece05e) (NativeFormatImporter) -> (artifact id: 'e86c3f661d3698b3e540fda453881940') in 0.0015147 seconds
Start importing Assets/LayeredTerrain/GrassSoil/EdgeGrassOnSoilRefined/Mask-13.asset using Guid(a7d1a82699efeae47a6ca0a5bb112ae7) (NativeFormatImporter) -> (artifact id: 'a78e3ab795bab51c2fb8875ea81a3142') in 0.001395 seconds
Start importing Assets/LayeredTerrain/GrassSoil/EdgeGrassOnSoilRefined/GrassOnSoilRefinedTileSet.asset using Guid(b75665e5083dab441a2805aa7b5e1562) (NativeFormatImporter) -> (artifact id: '9a378045af94549dd04c416ddd049034') in 0.001665 seconds
Start importing Assets/LayeredTerrain/GrassSoil/LandformGrass/Mask-14.asset using Guid(c7287b8c949516949b483b111ceb39a0) (NativeFormatImporter) -> (artifact id: '742a261e597b802d91fa4c4b50193514') in 0.0016845 seconds
Start importing Assets/LayeredTerrain/GrassSoil/LandformSoil/Mask-00.asset using Guid(88d5b3d83381240419fa7d0a9d6c2c63) (NativeFormatImporter) -> (artifact id: 'ec59939a8b52efe47b329a71ceccb6a9') in 0.0015124 seconds
Start importing Assets/LayeredTerrain/GrassSoil/LandformGrass/Mask-13.asset using Guid(e80621ea42744c243ac2ec385c32b338) (NativeFormatImporter) -> (artifact id: 'c073a20a8e0628f7baf4a55a699ae105') in 0.0013155 seconds
Start importing Assets/LayeredTerrain/GrassSoil/LandformGrass/Mask-00.asset using Guid(c92ffc9e81d587840892eb05cf844fbf) (NativeFormatImporter) -> (artifact id: '6de21ee1cddad2dc5dc822438a8f4094') in 0.0012383 seconds
Start importing Assets/LayeredTerrain/GrassSoil/LandformSoil/Mask-08.asset using Guid(d98e1448816e2f443a1e4e6b40e7cc25) (NativeFormatImporter) -> (artifact id: '8c84979613e06175002d882607152e4e') in 0.0012032 seconds
Start importing Assets/LayeredTerrain/GrassSoil/LandformSoil/Mask-15.asset using Guid(e95509ac4ec30484ab37daa221658805) (NativeFormatImporter) -> (artifact id: 'f96248f32c56c962dfe506862d5fb21b') in 0.0012626 seconds
Start importing Assets/LayeredTerrain/GrassSoil/EdgeGrassOnSoilRefined/Mask-06.asset using Guid(e9ac41d989ad93f4ca1a691487107c16) (NativeFormatImporter) -> (artifact id: 'e9daccbac2653977ee343c02f273f598') in 0.0013571 seconds
Start importing Assets/LayeredTerrain/GrassSoil/LandformSoil/Mask-10.asset using Guid(f95d6c7578efacd4cb1f12c63e1d8ff8) (NativeFormatImporter) -> (artifact id: '90d43f8749769d1781298dd6bba5d61f') in 0.0012884 seconds
Start importing Assets/LayeredTerrain/GrassSoil/LandformGrass/Mask-10.asset using Guid(0a64b675a1f765c409b8f9deea1eb208) (NativeFormatImporter) -> (artifact id: '09c03947b8c465db650824308fe637f1') in 0.0013996 seconds
Start importing Assets/LayeredTerrain/GrassSoil/EdgeGrassOnSoilRefined/Mask-12.asset using Guid(3a09b8d94e4515f4fa39c4292c8052a7) (NativeFormatImporter) -> (artifact id: 'af83cf963396621d9d3bad458f6ed2a9') in 0.0013292 seconds
Start importing Assets/LayeredTerrain/GrassSoil/LandformSoil/Mask-06.asset using Guid(4ab46eb735954bf45977209e4a936a01) (NativeFormatImporter) -> (artifact id: '8450f37df15f7709b95c5c346493f1fd') in 0.0013251 seconds
Start importing Assets/LayeredTerrain/GrassSoil/LandformGrass/Mask-15.asset using Guid(7a5208b63b1d6284285e932c3708e65d) (NativeFormatImporter) -> (artifact id: '67ddae65d0c7a750e13eb34b9baf8365') in 0.001269 seconds
Start importing Assets/LayeredTerrain/GrassSoil/LandformGrass/Mask-05.asset using Guid(3b4a2864fb45c5b4fae56fc1f697bbdd) (NativeFormatImporter) -> (artifact id: 'cf3f476c92289c5b074cb8ea3198ce61') in 0.0012752 seconds
Start importing Assets/LayeredTerrain/GrassSoil/EdgeGrassOnSoilRefined/Mask-08.asset using Guid(9b3d0613b51d86146bf5ea0994b42ddd) (NativeFormatImporter) -> (artifact id: '4e302c1a03e18f66e6c41c139ec180d3') in 0.0011774 seconds
Start importing Assets/LayeredTerrain/GrassSoil/LandformGrass/Mask-11.asset using Guid(bb6bc251a6bbcf54480e7f80f2181f2a) (NativeFormatImporter) -> (artifact id: '857582d6d96bb87d66880447573db021') in 0.0012077 seconds
Start importing Assets/LayeredTerrain/GrassSoil/LandformSoil/Mask-12.asset using Guid(3cfb4949c07b1bf43bc66661515525d7) (NativeFormatImporter) -> (artifact id: '3a6ea6ab140b5d680c9d80d68e71cee7') in 0.0011714 seconds
Start importing Assets/LayeredTerrain/GrassSoil/EdgeGrassOnSoilRefined/Mask-04.asset using Guid(6cca3f06a711ab34992417d66eeec087) (NativeFormatImporter) -> (artifact id: 'be2a2aeb01573b6be77d3a2b070fef25') in 0.0011603 seconds
Start importing Assets/LayeredTerrain/GrassSoil/Authoring/GrassBase.asset using Guid(3d71b1ea4e270714eb43b3b4541cda21) (NativeFormatImporter) -> (artifact id: '3f5ae16e96393bccc7f5f4d3650a3ce6') in 0.0013802 seconds
Start importing Assets/LayeredTerrain/GrassSoil/LandformGrass/Mask-06.asset using Guid(5d15d49b3c156ae479bd995b33107c67) (NativeFormatImporter) -> (artifact id: '05abb2ca9d5f1492af0ec896fb864d4e') in 0.0012023 seconds
Start importing Assets/LayeredTerrain/GrassSoil/LandformGrass/Mask-01.asset using Guid(7d609e3f17078a44f9a89e21b68ae180) (NativeFormatImporter) -> (artifact id: 'a1ebd9002be9baca60bb274969bc4dc2') in 0.0012253 seconds
Start importing Assets/LayeredTerrain/GrassSoil/LandformGrass/Mask-04.asset using Guid(ede22ab8e9b7bcc4da28aa41887e8614) (NativeFormatImporter) -> (artifact id: '42c1c0d805e7b323f147012ab0eb20fb') in 0.0011604 seconds
Start importing Assets/LayeredTerrain/GrassSoil/LandformSoil/SoilLandformTileSet.asset using Guid(3e1155418d0567f44af4b96697c9dd09) (NativeFormatImporter) -> (artifact id: 'df15b8c45196950bc4219bee97aafc82') in 0.00125 seconds
Start importing Assets/LayeredTerrain/GrassSoil/EdgeGrassOnSoilRefined/Mask-02.asset using Guid(6ef5433501c908740932ed7d05777790) (NativeFormatImporter) -> (artifact id: '25936841c896ee6e32acaadabe2f5ad9') in 0.0012507 seconds
Start importing Assets/LayeredTerrain/GrassSoil/EdgeGrassOnSoilRefined/Mask-01.asset using Guid(8e0671f07975b7c43b734d81c5ff11bc) (NativeFormatImporter) -> (artifact id: 'c6f3c5aa165967eeb465f4156418931b') in 0.0011847 seconds
Start importing Assets/LayeredTerrain/GrassSoil/EdgeGrassOnSoilRefined/Mask-03.asset using Guid(de5135a77f40df84b9a7170011242e63) (NativeFormatImporter) -> (artifact id: 'c4b8007304dbcd55f4ed04fb4957f5a6') in 0.0011492 seconds
Start importing Assets/LayeredTerrain/GrassSoil/LandformGrass/GrassLandformTileSet.asset using Guid(2fc47b69529dfb541a089c835adb5ce8) (NativeFormatImporter) -> (artifact id: '7d9b947ceee84338616124256f8ad829') in 0.001281 seconds
Start importing Assets/LayeredTerrain/GrassSoil/LandformGrass/Mask-12.asset using Guid(bfcde0f6045b297478b7cca21b2bd212) (NativeFormatImporter) -> (artifact id: 'fcc2d08d622fb7725cf22421d7d46e31') in 0.0011585 seconds
Start importing Assets/LayeredTerrain/GrassSoil/LandformGrass/Mask-02.asset using Guid(cfb8b16aec24e064ba3c8b202f110c99) (NativeFormatImporter) -> (artifact id: '918a9e9785ac5cd4f4174f2fe29d6d53') in 0.0012923 seconds
Start importing Assets/LayeredTerrain/GrassSoil/LandformGrass/Mask-03.asset using Guid(cf797356fdd5ba54fb021059b4e0c786) (NativeFormatImporter) -> (artifact id: '297c0fc42e401c9d7fd0a377a3b5b28e') in 0.0015185 seconds
Refreshing native plugins compatible for Editor in 0.16 ms, found 0 plugins.
Preloading 0 native plugins for Editor in 0.00 ms.
Asset Pipeline Refresh (id=4fe1ef5d2154fec45a4b74b262548259): Total: 0.099 seconds - Initiated by StopAssetImportingV2(NoUpdateAssetOptions)
Start importing Assets/LayeredTerrain/CompositeBrushes/OriginalGrassSoil/OriginalGrassSoilBrush.asset using Guid(21a71232d6e654e4b8c7960242ff7182) (NativeFormatImporter) -> (artifact id: '3547d87e50bc075e0e2036afaef240e2') in 0.0015434 seconds
Start importing Assets/LayeredTerrain/CompositeBrushes/OriginalGrassSoil/OriginalGrassSoilReverseLandformTileSet.asset using Guid(813c3f8ce1d51a24093ce2c5ed1547fa) (NativeFormatImporter) -> (artifact id: 'b5291246265ecb7af0dd8a3a19f371a0') in 0.0013115 seconds
Refreshing native plugins compatible for Editor in 0.15 ms, found 0 plugins.
Preloading 0 native plugins for Editor in 0.00 ms.
Asset Pipeline Refresh (id=f0ed8323390ddeb4d982098c18110e14): Total: 0.012 seconds - Initiated by StopAssetImportingV2(NoUpdateAssetOptions)
Start importing Assets/Battlefield/Terrain/OrchardDefaultTerrainPalette.asset using Guid(8f09d513b82ee0048abd5a50378dbb0c) (NativeFormatImporter) -> (artifact id: 'af117db4ea5f59db66e2603074e05e44') in 0.0014668 seconds
Refreshing native plugins compatible for Editor in 0.15 ms, found 0 plugins.
Preloading 0 native plugins for Editor in 0.00 ms.
Asset Pipeline Refresh (id=4163cce6131ce4e4980092b782f81a40): Total: 0.010 seconds - Initiated by StopAssetImportingV2(NoUpdateAssetOptions)
FRUIT_DEFENSE_LAYERED_TERRAIN_TILEMAP_OK
UnityEngine.Debug:ExtractStackTraceNoAlloc (byte*,int,string)
UnityEngine.StackTraceUtility:ExtractStackTrace ()
UnityEngine.DebugLogHandler:Internal_Log (UnityEngine.LogType,UnityEngine.LogOption,string,UnityEngine.Object)
UnityEngine.DebugLogHandler:LogFormat (UnityEngine.LogType,UnityEngine.Object,string,object[])
UnityEngine.Logger:Log (UnityEngine.LogType,object)
UnityEngine.Debug:Log (object)
FruitDefense.Editor.LayeredTerrainTilemapSmoke:Validate () (at Assets/Editor/Tests/LayeredTerrainTilemapSmoke.cs:153)
FruitDefense.Editor.ProjectSetup:SmokeValidate () (at Assets/Editor/Tools/ProjectSetup.cs:247)
FruitDefense.Editor.P0ValidationSuite:Run () (at Assets/Editor/Tests/P0ValidationSuite.cs:18)

(Filename: Assets/Editor/Tests/LayeredTerrainTilemapSmoke.cs Line: 153)

Asset Pipeline Refresh (id=b1550c730d9b52844b31fb6571c4b498): Total: 0.011 seconds - Initiated by RefreshV2(NoUpdateAssetOptions)
Asset Pipeline Refresh (id=4a79b8bb94e9bea43a2d66ee925a35fb): Total: 0.030 seconds - Initiated by RefreshV2(NoUpdateAssetOptions)
Square contour topology guide generated: Assets/LayeredTerrain/GrassSoil/Square/Topology/SquareContourTopologyGuide.png
UnityEngine.Debug:ExtractStackTraceNoAlloc (byte*,int,string)
UnityEngine.StackTraceUtility:ExtractStackTrace ()
UnityEngine.DebugLogHandler:Internal_Log (UnityEngine.LogType,UnityEngine.LogOption,string,UnityEngine.Object)
UnityEngine.DebugLogHandler:LogFormat (UnityEngine.LogType,UnityEngine.Object,string,object[])
UnityEngine.Logger:Log (UnityEngine.LogType,object)
UnityEngine.Debug:Log (object)
FruitDefense.Editor.SquareTerrainArtGenerator:GenerateTopologyGuide () (at Assets/Editor/Tools/SquareTerrainArtGenerator.cs:42)
FruitDefense.Editor.SquareTerrainArtGenerator:GenerateAvailableSquareAssets () (at Assets/Editor/Tools/SquareTerrainArtGenerator.cs:133)
FruitDefense.Editor.LayeredTerrainArtSetup:EnsurePaletteAssets () (at Assets/Editor/Tools/LayeredTerrainArtSetup.cs:62)
FruitDefense.Editor.LayeredTerrainPainterSmoke:Validate () (at Assets/Editor/Tests/LayeredTerrainPainterSmoke.cs:18)
FruitDefense.Editor.ProjectSetup:SmokeValidate () (at Assets/Editor/Tools/ProjectSetup.cs:248)
FruitDefense.Editor.P0ValidationSuite:Run () (at Assets/Editor/Tests/P0ValidationSuite.cs:18)

(Filename: Assets/Editor/Tools/SquareTerrainArtGenerator.cs Line: 42)

Asset Pipeline Refresh (id=ee3afa3ceaa6a754383f5144f8011209): Total: 0.039 seconds - Initiated by RefreshV2(NoUpdateAssetOptions)
Asset Pipeline Refresh (id=d76447d900e6fd945b3d08cfebb33543): Total: 0.028 seconds - Initiated by RefreshV2(NoUpdateAssetOptions)
Asset Pipeline Refresh (id=53a9aba9e9a31ae438f0b2c83b20a67f): Total: 0.026 seconds - Initiated by RefreshV2(NoUpdateAssetOptions)
Start importing Assets/LayeredTerrain/GrassSoil/Square/LandformStoneRoad/Mask-07.asset using Guid(b02fd980a2abc6b41974d859a777fb1d) (NativeFormatImporter) -> (artifact id: '09027e8d963d8fd928277d96f7735e27') in 0.0014495 seconds
Start importing Assets/LayeredTerrain/GrassSoil/Square/LandformGrass/Mask-05.asset using Guid(d04330ef8020b8a41b9e4589cb202101) (NativeFormatImporter) -> (artifact id: '4e5972f1b6c2ded32e8e48532b67135b') in 0.0012465 seconds
Start importing Assets/LayeredTerrain/GrassSoil/Square/LandformGrass/Mask-12.asset using Guid(d00b41817e9bc0741ad148ea3e94519a) (NativeFormatImporter) -> (artifact id: '9d0a3a48e4156b96b3c76ca702bf7bff') in 0.0012401 seconds
Start importing Assets/LayeredTerrain/GrassSoil/Square/LandformStoneRoad/Mask-13.asset using Guid(116a8c3b6ac195a4ebb8e3c7a9989ddc) (NativeFormatImporter) -> (artifact id: '871e193410b26687800828802aef7920') in 0.0012472 seconds
Start importing Assets/LayeredTerrain/GrassSoil/Square/LandformGrass/Mask-02.asset using Guid(315648227c153724090125e98f4cba15) (NativeFormatImporter) -> (artifact id: 'd08b86b0e86b5ac26e9107766d5008d1') in 0.0012379 seconds
Start importing Assets/LayeredTerrain/GrassSoil/Square/LandformStoneRoad/Mask-11.asset using Guid(519050a0a5a9f5847b095ee0b83437a0) (NativeFormatImporter) -> (artifact id: 'ae100c2ae270a66d81134616e885003c') in 0.0011968 seconds
Start importing Assets/LayeredTerrain/GrassSoil/Square/LandformGrass/Mask-14.asset using Guid(81815b76ad7c06c47bf1bc7b65624ffd) (NativeFormatImporter) -> (artifact id: 'e00c4c5ecbd51682bc3c65bf8d862a23') in 0.0011956 seconds
Start importing Assets/LayeredTerrain/GrassSoil/Square/LandformSoil/Mask-03.asset using Guid(b1c5384b4651e4a4a82d483cc64aae79) (NativeFormatImporter) -> (artifact id: '45c12fb41048b850cd7cb0f3e535436a') in 0.0011936 seconds
Start importing Assets/LayeredTerrain/GrassSoil/Square/LandformGrass/Mask-15.asset using Guid(027119ab30d86a546a5d935d6e9ec608) (NativeFormatImporter) -> (artifact id: '7e821f282e19a2a4d5825e548df9693a') in 0.001389 seconds
Start importing Assets/LayeredTerrain/GrassSoil/Square/LandformGrass/Mask-00.asset using Guid(13f70a46e499e0146bffd256e7c14483) (NativeFormatImporter) -> (artifact id: '2a9713a59b72231d0d554c49e274b85a') in 0.0012619 seconds
Start importing Assets/LayeredTerrain/GrassSoil/Square/LandformSoil/Mask-00.asset using Guid(8303f71f8469fd7459473d47391ab0b3) (NativeFormatImporter) -> (artifact id: '1442dfc314550b70b27dde3dada60cc7') in 0.0012083 seconds
Start importing Assets/LayeredTerrain/GrassSoil/Square/LandformSoil/Mask-01.asset using Guid(d33072ada9e1bb749adcc5938680d51a) (NativeFormatImporter) -> (artifact id: '7a8f58bad24b64f744799cb0b0b9228f') in 0.0012512 seconds
Start importing Assets/LayeredTerrain/GrassSoil/Square/LandformStoneRoad/Mask-09.asset using Guid(d30b19c2c64338a4fa9211b305cf65b1) (NativeFormatImporter) -> (artifact id: '59211e6be04f7e5724ec1a1b38221d71') in 0.00122 seconds
Start importing Assets/LayeredTerrain/GrassSoil/Square/LandformSoil/Mask-13.asset using Guid(548b829df136ae948902efdc96ee70bb) (NativeFormatImporter) -> (artifact id: 'd770f2a72e8453a69c8ff146ee623ca5') in 0.0011966 seconds
Start importing Assets/LayeredTerrain/GrassSoil/Square/LandformStoneRoad/Mask-00.asset using Guid(74d1d4b679c3aec43af1bd30b6c4aea1) (NativeFormatImporter) -> (artifact id: '4c60ffb732228db343f89511449fce3b') in 0.0011903 seconds
Start importing Assets/LayeredTerrain/GrassSoil/Square/LandformGrass/Mask-01.asset using Guid(35cbc7e6bd8f2f84d9c7965779c9b2eb) (NativeFormatImporter) -> (artifact id: '7cd6fe12f157cd0a0b2a210183323c21') in 0.0011962 seconds
Start importing Assets/LayeredTerrain/GrassSoil/Square/LandformGrass/Mask-10.asset using Guid(5728d44dd2630ff40849746ce5d849d7) (NativeFormatImporter) -> (artifact id: '57d0e56c944d10ea9c02adfa74800a28') in 0.0011683 seconds
Start importing Assets/LayeredTerrain/GrassSoil/Square/LandformSoil/Mask-09.asset using Guid(67347eef4df492941b15d16b687e2cb7) (NativeFormatImporter) -> (artifact id: '0b3fee03fb07b35a5fbe9374ec056b4b') in 0.0012039 seconds
Start importing Assets/LayeredTerrain/GrassSoil/Square/LandformGrass/Mask-04.asset using Guid(87737865bdb87ec43864ad3d997d7626) (NativeFormatImporter) -> (artifact id: '83b9f8cc1d095defdc009bd1839b690f') in 0.001286 seconds
Start importing Assets/LayeredTerrain/GrassSoil/Square/LandformSoil/Mask-02.asset using Guid(87e33da937f65d34fb027eebfd8c1343) (NativeFormatImporter) -> (artifact id: '031756e6cc2b3a5ef2ddcaf8740ee21f') in 0.0012862 seconds
Start importing Assets/LayeredTerrain/GrassSoil/Square/LandformGrass/Mask-08.asset using Guid(b781c12832a4cd84392ab7d35a405505) (NativeFormatImporter) -> (artifact id: 'c734ab3f59a9e28ca19de35691f15a63') in 0.0011892 seconds
Start importing Assets/LayeredTerrain/GrassSoil/Square/LandformStoneRoad/Mask-04.asset using Guid(f70ec30b59552144a97e4da8fea5520c) (NativeFormatImporter) -> (artifact id: '67ab708a109917ddbe110252083911c2') in 0.0011865 seconds
Start importing Assets/LayeredTerrain/GrassSoil/Square/LandformStoneRoad/Mask-05.asset using Guid(08c7afe6a1108a84b9f8ac99c7fa610e) (NativeFormatImporter) -> (artifact id: 'a8026e8f0c10f4b634f0c477d7f79ba5') in 0.0012317 seconds
Start importing Assets/LayeredTerrain/GrassSoil/Square/LandformStoneRoad/Mask-14.asset using Guid(39202684bd500f14184c5131ac46a6dd) (NativeFormatImporter) -> (artifact id: 'b43c0e8abc2951d26427ba0ee51e7ebb') in 0.0012003 seconds
Start importing Assets/LayeredTerrain/GrassSoil/Square/LandformSoil/SoilSquareLandformTileSet.asset using Guid(897d878e9497c6e4d935ea42058d6001) (NativeFormatImporter) -> (artifact id: '17e85a477bcdc5aaf3c7a2ca1f1f5d8e') in 0.0012444 seconds
Start importing Assets/LayeredTerrain/GrassSoil/Square/LandformStoneRoad/StoneRoadSquareLandformTileSet.asset using Guid(0a6730ef0e26d5b49b9ae3129ee21909) (NativeFormatImporter) -> (artifact id: '48456893df0f467254b3256235820444') in 0.0012258 seconds
Start importing Assets/LayeredTerrain/GrassSoil/Square/LandformStoneRoad/Mask-10.asset using Guid(caa578d738fb0414e820ab1e3541b03f) (NativeFormatImporter) -> (artifact id: 'be4dcdbbc4fe728152242b70b5e9bb78') in 0.0011768 seconds
Start importing Assets/LayeredTerrain/GrassSoil/Square/LandformSoil/Mask-07.asset using Guid(2ce20b5da48d1ae43956c41d22ecd92e) (NativeFormatImporter) -> (artifact id: '7c41af1778c9689fc8cf1f4e4fcccd2c') in 0.0012015 seconds
Start importing Assets/LayeredTerrain/GrassSoil/Square/LandformSoil/Mask-11.asset using Guid(2c6bd62321830da498ea7724ae626857) (NativeFormatImporter) -> (artifact id: 'b1033fab3dddb68d369a244413a84ab3') in 0.0011518 seconds
Start importing Assets/LayeredTerrain/GrassSoil/Square/LandformStoneRoad/Mask-15.asset using Guid(5cbc1f25709453b4a90de7054d0ce9b7) (NativeFormatImporter) -> (artifact id: 'ca75aea14a03badd729ba37b57fc7710') in 0.001212 seconds
Start importing Assets/LayeredTerrain/GrassSoil/Square/LandformGrass/Mask-09.asset using Guid(8c5fb632240287d48a17621f58d3a651) (NativeFormatImporter) -> (artifact id: '77c6cf5113d6c96189dbf6818d84fd5f') in 0.0012679 seconds
Start importing Assets/LayeredTerrain/GrassSoil/Square/LandformSoil/Mask-12.asset using Guid(bc85f424c35a6c845b2186949136a828) (NativeFormatImporter) -> (artifact id: '08c355397adee775c3834a7a7a0bf465') in 0.0011787 seconds
Start importing Assets/LayeredTerrain/GrassSoil/Square/LandformSoil/Mask-10.asset using Guid(0dfe2c0efe3330c4d9570f0061d459b9) (NativeFormatImporter) -> (artifact id: '88decb540b9e036a0400c2d34dbc707c') in 0.0012274 seconds
Start importing Assets/LayeredTerrain/GrassSoil/Square/LandformGrass/Mask-03.asset using Guid(1db706b3e9547554e9081663c6442ba0) (NativeFormatImporter) -> (artifact id: 'fdfbe87044d88284093ccc42787947e0') in 0.0012353 seconds
Start importing Assets/LayeredTerrain/GrassSoil/Square/LandformStoneRoad/Mask-02.asset using Guid(1d9b71389b4697e4586703b25f185da7) (NativeFormatImporter) -> (artifact id: 'dbb50fa57ab28462356bbd1a8ebab835') in 0.0011739 seconds
Start importing Assets/LayeredTerrain/GrassSoil/Square/LandformSoil/Mask-05.asset using Guid(2de42da45e48f974e9a74a6970e6e643) (NativeFormatImporter) -> (artifact id: '6e739e360d22b33fd378e6acefe9d800') in 0.0011876 seconds
Start importing Assets/LayeredTerrain/GrassSoil/Square/LandformGrass/Mask-11.asset using Guid(5d253dc28016ae64db4653758ac0af88) (NativeFormatImporter) -> (artifact id: '4dbb166b77c04b10385ee89749d834d3') in 0.0011736 seconds
Start importing Assets/LayeredTerrain/GrassSoil/Square/LandformSoil/Mask-04.asset using Guid(5d4806f722710eb40b1cf937cc6498b6) (NativeFormatImporter) -> (artifact id: 'a825e4a02be2364dca6cd5d251c2a1af') in 0.0012151 seconds
Start importing Assets/LayeredTerrain/GrassSoil/Square/LandformStoneRoad/Mask-01.asset using Guid(add98a42caf91414387900c1b29b92c6) (NativeFormatImporter) -> (artifact id: 'a1a43dffdd1f7cdd6311169ade464c57') in 0.0012241 seconds
Start importing Assets/LayeredTerrain/GrassSoil/Square/LandformGrass/Mask-06.asset using Guid(cd0f4d7279da9f84caa8c319e7ab29f9) (NativeFormatImporter) -> (artifact id: '52937737c65259daea7bed84aa0a8a04') in 0.0012409 seconds
Start importing Assets/LayeredTerrain/GrassSoil/Square/LandformGrass/Mask-07.asset using Guid(4e65cf042fab2c1448282809779edb8a) (NativeFormatImporter) -> (artifact id: '8cc68977b954eb6d618706e748b65e8b') in 0.0012855 seconds
Start importing Assets/LayeredTerrain/GrassSoil/Square/LandformGrass/Mask-13.asset using Guid(7e2014d33d57f294f97dea5ed30b730c) (NativeFormatImporter) -> (artifact id: '93ec9328dc52bc61493ece4ef09f812b') in 0.0011779 seconds
Start importing Assets/LayeredTerrain/GrassSoil/Square/LandformSoil/Mask-14.asset using Guid(ae949dd8d7965fa41b1d3481d8bf8e30) (NativeFormatImporter) -> (artifact id: '13d3e8fadf25938fb6084c9eacdc285d') in 0.0011873 seconds
Start importing Assets/LayeredTerrain/GrassSoil/Square/LandformStoneRoad/Mask-08.asset using Guid(aecab5b9f537b5349adcff0900809717) (NativeFormatImporter) -> (artifact id: '6723e7d6eab214144e2a993643460ee5') in 0.0011913 seconds
Start importing Assets/LayeredTerrain/GrassSoil/Square/LandformSoil/Mask-15.asset using Guid(ce833c44287e15a44945e738038eb1c3) (NativeFormatImporter) -> (artifact id: '7c1ac2f82e318d432012af6c6509f07a') in 0.0011674 seconds
Start importing Assets/LayeredTerrain/GrassSoil/Square/LandformSoil/Mask-08.asset using Guid(ee6f4f16a4085914dbcb15919c60654c) (NativeFormatImporter) -> (artifact id: '2a403aad88716c1a9d6ee321599dc86f') in 0.0011424 seconds
Start importing Assets/LayeredTerrain/GrassSoil/Square/LandformStoneRoad/Mask-12.asset using Guid(2f49f6b2d05a8804097e79c69e515dc3) (NativeFormatImporter) -> (artifact id: '3512849ba8746b3929337e37047f52c2') in 0.001176 seconds
Start importing Assets/LayeredTerrain/GrassSoil/Square/LandformSoil/Mask-06.asset using Guid(3ff6ff5cd14cc7441a6a84cdde5ff745) (NativeFormatImporter) -> (artifact id: 'c47a955bf9dc32d5bb761f8069ffd421') in 0.0011994 seconds
Start importing Assets/LayeredTerrain/GrassSoil/Square/LandformStoneRoad/Mask-06.asset using Guid(df46002ea561b404889b370e84a77f83) (NativeFormatImporter) -> (artifact id: 'c73fed30de3e790341265e9a3306482c') in 0.0011931 seconds
Start importing Assets/LayeredTerrain/GrassSoil/Square/LandformStoneRoad/Mask-03.asset using Guid(df1e863caf3bc5441a0d4c507b76c311) (NativeFormatImporter) -> (artifact id: 'a9a2fb8e8c6cb1c0cdbe880f9de699ac') in 0.001227 seconds
Start importing Assets/LayeredTerrain/GrassSoil/Square/LandformGrass/GrassSquareLandformTileSet.asset using Guid(ef399dc10411dd84ab6a276f72e506ea) (NativeFormatImporter) -> (artifact id: '3f3f806b6373e60abb62a5adaf65a9f7') in 0.0013151 seconds
Refreshing native plugins compatible for Editor in 0.18 ms, found 0 plugins.
Preloading 0 native plugins for Editor in 0.00 ms.
Asset Pipeline Refresh (id=111dde6389f7fa04eafc1acfb359f882): Total: 0.086 seconds - Initiated by StopAssetImportingV2(NoUpdateAssetOptions)
Native 256 px square grass, soil and stone-road landforms generated.
UnityEngine.Debug:ExtractStackTraceNoAlloc (byte*,int,string)
UnityEngine.StackTraceUtility:ExtractStackTrace ()
UnityEngine.DebugLogHandler:Internal_Log (UnityEngine.LogType,UnityEngine.LogOption,string,UnityEngine.Object)
UnityEngine.DebugLogHandler:LogFormat (UnityEngine.LogType,UnityEngine.Object,string,object[])
UnityEngine.Logger:Log (UnityEngine.LogType,object)
UnityEngine.Debug:Log (object)
FruitDefense.Editor.SquareTerrainArtGenerator:GenerateDeterministicLandforms () (at Assets/Editor/Tools/SquareTerrainArtGenerator.cs:87)
FruitDefense.Editor.SquareTerrainArtGenerator:GenerateAvailableSquareAssets () (at Assets/Editor/Tools/SquareTerrainArtGenerator.cs:134)
FruitDefense.Editor.LayeredTerrainArtSetup:EnsurePaletteAssets () (at Assets/Editor/Tools/LayeredTerrainArtSetup.cs:62)
FruitDefense.Editor.LayeredTerrainPainterSmoke:Validate () (at Assets/Editor/Tests/LayeredTerrainPainterSmoke.cs:18)
FruitDefense.Editor.ProjectSetup:SmokeValidate () (at Assets/Editor/Tools/ProjectSetup.cs:248)
FruitDefense.Editor.P0ValidationSuite:Run () (at Assets/Editor/Tests/P0ValidationSuite.cs:18)

(Filename: Assets/Editor/Tools/SquareTerrainArtGenerator.cs Line: 87)

Asset Pipeline Refresh (id=c8f6ff2fefad00d4cac9e2bf89b06796): Total: 0.041 seconds - Initiated by RefreshV2(NoUpdateAssetOptions)
Start importing Assets/LayeredTerrain/GrassSoil/Square/EdgeGrassOnSoilPainted/Mask-15.asset using Guid(a17969b175ec3354c8fe533c48257f94) (NativeFormatImporter) -> (artifact id: '99f211a0ff210a0c86467a3e625714fe') in 0.0021145 seconds
Start importing Assets/LayeredTerrain/GrassSoil/Square/EdgeGrassOnSoilPainted/Mask-04.asset using Guid(e2449efc0c1116648a5b9cbfe33d8e81) (NativeFormatImporter) -> (artifact id: '18145ed9e628d5f8340c44824db6c8be') in 0.0015124 seconds
Start importing Assets/LayeredTerrain/GrassSoil/Square/EdgeGrassOnSoilPainted/Mask-14.asset using Guid(4328f421ed4ea34439d6e4e50990e24a) (NativeFormatImporter) -> (artifact id: '6bbe4451c7dca2d4de869403308041cf') in 0.0017602 seconds
Start importing Assets/LayeredTerrain/GrassSoil/Square/EdgeGrassOnSoilPainted/Mask-11.asset using Guid(04aab987cd98a4440b66bb727667d8db) (NativeFormatImporter) -> (artifact id: 'eb6fb6ecd423e575e0946462aa243d66') in 0.0014515 seconds
Start importing Assets/LayeredTerrain/GrassSoil/Square/EdgeGrassOnSoilPainted/Mask-13.asset using Guid(75f61e4d96323eb4e906226b1dd8a16a) (NativeFormatImporter) -> (artifact id: '7952dc870547efbd422b012b46d2b17a') in 0.001396 seconds
Start importing Assets/LayeredTerrain/GrassSoil/Square/EdgeGrassOnSoilPainted/Mask-08.asset using Guid(062a9acbc752b0342becc47471c8dad4) (NativeFormatImporter) -> (artifact id: 'ee86fce3dc4587f247fc6e398cfff9cd') in 0.0014258 seconds
Start importing Assets/LayeredTerrain/GrassSoil/Square/EdgeGrassOnSoilPainted/Mask-12.asset using Guid(17347530ba5655e4cb59ff249a976ea1) (NativeFormatImporter) -> (artifact id: '27e6bc4eabc1e74cb23636389ffd9263') in 0.0013235 seconds
Start importing Assets/LayeredTerrain/GrassSoil/Square/EdgeGrassOnSoilPainted/Mask-00.asset using Guid(676ca911d7a7bbf408a30856d7cc6990) (NativeFormatImporter) -> (artifact id: '557d3d98682769dd5e96ded56f4299cf') in 0.0012289 seconds
Start importing Assets/LayeredTerrain/GrassSoil/Square/EdgeGrassOnSoilPainted/Mask-10.asset using Guid(e75c1031ec799e0448fd29d3082006b4) (NativeFormatImporter) -> (artifact id: 'c8e41218e8984dd46c91b31d7703de4f') in 0.0012612 seconds
Start importing Assets/LayeredTerrain/GrassSoil/Square/EdgeGrassOnSoilPainted/Mask-09.asset using Guid(a8a7730f3a6dd484198f1b19fed8a24f) (NativeFormatImporter) -> (artifact id: '5597baddb442bf8a928e37d39723d50b') in 0.0012768 seconds
Start importing Assets/LayeredTerrain/GrassSoil/Square/EdgeGrassOnSoilPainted/Mask-07.asset using Guid(f8b2f90201834fa478634d3f30f6af16) (NativeFormatImporter) -> (artifact id: 'a306cb5e617a8648a67a81dc94516e9e') in 0.0011975 seconds
Start importing Assets/LayeredTerrain/GrassSoil/Square/EdgeGrassOnSoilPainted/Mask-06.asset using Guid(19882d23e028ac94e8abd02f91624ba8) (NativeFormatImporter) -> (artifact id: '54900e8224e5828f7c6a4f69fec6db72') in 0.0012671 seconds
Start importing Assets/LayeredTerrain/GrassSoil/Square/EdgeGrassOnSoilPainted/Mask-01.asset using Guid(b94d4b2cd03a1b04b83a81974d966227) (NativeFormatImporter) -> (artifact id: '7caf427609fab688c51f9caa2ce6a79f') in 0.0012051 seconds
Start importing Assets/LayeredTerrain/GrassSoil/Square/EdgeGrassOnSoilPainted/Mask-03.asset using Guid(1a4a3cc4af69bbc4aaabde52016c4f95) (NativeFormatImporter) -> (artifact id: 'af45f85c0f45a239757e36be7c184f6c') in 0.0012157 seconds
Start importing Assets/LayeredTerrain/GrassSoil/Square/EdgeGrassOnSoilPainted/Mask-05.asset using Guid(bacdc75efb95eda42aa6803845d196c4) (NativeFormatImporter) -> (artifact id: '6d469253745d86e884993bfadfef01d0') in 0.0012615 seconds
Start importing Assets/LayeredTerrain/GrassSoil/Square/EdgeGrassOnSoilPainted/GrassOnSoilSquarePaintedTileSet.asset using Guid(1b984e39e61f8734d8c54b032e84c3a3) (NativeFormatImporter) -> (artifact id: '612bda68ec02f7c1be620eb4ba627873') in 0.0013035 seconds
Start importing Assets/LayeredTerrain/GrassSoil/Square/EdgeGrassOnSoilPainted/Mask-02.asset using Guid(8d6a7e51f29762f4796204a57546e522) (NativeFormatImporter) -> (artifact id: '504e9a251c8e415c78cba5f93910b005') in 0.0015236 seconds
Refreshing native plugins compatible for Editor in 0.17 ms, found 0 plugins.
Preloading 0 native plugins for Editor in 0.00 ms.
Asset Pipeline Refresh (id=ddb252f3eab9d4341997d1ae4f9671d8): Total: 0.040 seconds - Initiated by StopAssetImportingV2(NoUpdateAssetOptions)
Accepted ribbon lip profile packaged as a top-down grass feather with base-grass RGB, guide-owned topology and no soil wall or outline.
UnityEngine.Debug:ExtractStackTraceNoAlloc (byte*,int,string)
UnityEngine.StackTraceUtility:ExtractStackTrace ()
UnityEngine.DebugLogHandler:Internal_Log (UnityEngine.LogType,UnityEngine.LogOption,string,UnityEngine.Object)
UnityEngine.DebugLogHandler:LogFormat (UnityEngine.LogType,UnityEngine.Object,string,object[])
UnityEngine.Logger:Log (UnityEngine.LogType,object)
UnityEngine.Debug:Log (object)
FruitDefense.Editor.SquareTerrainArtGenerator:PackageAcceptedGrassOnSoilCandidate () (at Assets/Editor/Tools/SquareTerrainArtGenerator.cs:126)
FruitDefense.Editor.SquareTerrainArtGenerator:GenerateAvailableSquareAssets () (at Assets/Editor/Tools/SquareTerrainArtGenerator.cs:138)
FruitDefense.Editor.LayeredTerrainArtSetup:EnsurePaletteAssets () (at Assets/Editor/Tools/LayeredTerrainArtSetup.cs:62)
FruitDefense.Editor.LayeredTerrainPainterSmoke:Validate () (at Assets/Editor/Tests/LayeredTerrainPainterSmoke.cs:18)
FruitDefense.Editor.ProjectSetup:SmokeValidate () (at Assets/Editor/Tools/ProjectSetup.cs:248)
FruitDefense.Editor.P0ValidationSuite:Run () (at Assets/Editor/Tests/P0ValidationSuite.cs:18)

(Filename: Assets/Editor/Tools/SquareTerrainArtGenerator.cs Line: 126)

Start importing Assets/LayeredTerrain/GrassSoil/LandformSoil/Mask-07.asset using Guid(40244693c163e6541baff892b129cb00) (NativeFormatImporter) -> (artifact id: 'e65830c68ae7e03467001a0296ab0069') in 0.0014676 seconds
Start importing Assets/LayeredTerrain/GrassSoil/EdgeGrassOnSoilRefined/Mask-07.asset using Guid(418e9fec0ca97b64ab0f4c86dc0fd006) (NativeFormatImporter) -> (artifact id: 'cd9c2cf18fdd38f609098f7d0cc15714') in 0.0015088 seconds
Start importing Assets/LayeredTerrain/CompositeBrushes/OriginalGrassSoil/OriginalGrassSoilReverseLandformTileSet.asset using Guid(813c3f8ce1d51a24093ce2c5ed1547fa) (NativeFormatImporter) -> (artifact id: 'b5291246265ecb7af0dd8a3a19f371a0') in 0.0014258 seconds
Start importing Assets/LayeredTerrain/GrassSoil/Authoring/SoilBase.asset using Guid(a158e7b4dd9e7c448b398f9b22a9f9c2) (NativeFormatImporter) -> (artifact id: '1d93f5ffd6651520cc292a513066cccb') in 0.0012591 seconds
Start importing Assets/LayeredTerrain/GrassSoil/EdgeGrassOnSoilRefined/Mask-05.asset using Guid(f15a3346efbbefb40babba4ef8f6ffa7) (NativeFormatImporter) -> (artifact id: '0325b05872f53d4d8922d91b29b864f9') in 0.0012549 seconds
Start importing Assets/LayeredTerrain/GrassSoil/LandformSoil/Mask-04.asset using Guid(f1fab5de0afca5445ba4970fcd52bbbe) (NativeFormatImporter) -> (artifact id: '09085b923c9ce06113de808e0225d25b') in 0.0012131 seconds
Start importing Assets/LayeredTerrain/GrassSoil/EdgeGrassOnSoilRefined/Mask-14.asset using Guid(1292b21714ab41b4197a410a29053ee2) (NativeFormatImporter) -> (artifact id: '113ba810aee874d1280699a85e7183b6') in 0.0012058 seconds
Start importing Assets/LayeredTerrain/GrassSoil/LandformGrass/Mask-08.asset using Guid(52e1998e35a61a047bd24dd910b6bb8c) (NativeFormatImporter) -> (artifact id: '675f77c88e6e0d975abaaae9f510d95d') in 0.0011917 seconds
Start importing Assets/LayeredTerrain/GrassSoil/EdgeGrassOnSoilRefined/Mask-15.asset using Guid(a2ee8cf7722d54542bb6934c3c7acca3) (NativeFormatImporter) -> (artifact id: '6edcf8d7d3f26ee03919cdd607084ab1') in 0.0011844 seconds
Start importing Assets/LayeredTerrain/GrassSoil/EdgeGrassOnSoilRefined/Mask-11.asset using Guid(c29b700cc6f883f4d8d20d2a190eee05) (NativeFormatImporter) -> (artifact id: 'f51c180f858faa73b198142b42927cfc') in 0.0011833 seconds
Start importing Assets/LayeredTerrain/GrassSoil/LandformGrass/Mask-07.asset using Guid(d285b7a144ce1134ba6f4b02b003db14) (NativeFormatImporter) -> (artifact id: '0038d19d51d9c42dea9465db3b105f39') in 0.0012793 seconds
Start importing Assets/LayeredTerrain/GrassSoil/LandformSoil/Mask-01.asset using Guid(030d3f064f313fe4aa4dd2ab0ae33f07) (NativeFormatImporter) -> (artifact id: '3fd5251983b6578fd68bf6bc3bb3b4e3') in 0.0012135 seconds
Start importing Assets/LayeredTerrain/GrassSoil/EdgeGrassOnSoilRefined/Mask-10.asset using Guid(c32eb2f88b196e04f96b1b2b04ea7efe) (NativeFormatImporter) -> (artifact id: '2d01cd9893dc47967ba87373e479eb7e') in 0.0011923 seconds
Start importing Assets/LayeredTerrain/GrassSoil/LandformSoil/Mask-13.asset using Guid(04bdecbe02f95ef46986c7056c2b7c3b) (NativeFormatImporter) -> (artifact id: '15f31c02a38b8c10ecc25938dd45d64e') in 0.0012348 seconds
Start importing Assets/LayeredTerrain/GrassSoil/EdgeGrassOnSoilRefined/Mask-00.asset using Guid(e4a3c845026f4254892939518018693f) (NativeFormatImporter) -> (artifact id: '3a031e969e7d12b8ad7d8420c2b35c82') in 0.0012091 seconds
Start importing Assets/LayeredTerrain/GrassSoil/LandformSoil/Mask-03.asset using Guid(15a3542839f831f41a0a24e5e9e2f22c) (NativeFormatImporter) -> (artifact id: '6e77d59b695c8200cb85f17fa75a4b54') in 0.0012282 seconds
Start importing Assets/LayeredTerrain/GrassSoil/LandformSoil/Mask-02.asset using Guid(f587922c248637745a6249f84c52611e) (NativeFormatImporter) -> (artifact id: '75844366cc32f023f1e40453bee8aa54') in 0.001236 seconds
Start importing Assets/LayeredTerrain/GrassSoil/LandformGrass/Mask-09.asset using Guid(165dc20b52db7d14488b55217f6ac108) (NativeFormatImporter) -> (artifact id: '72e38899c33e0e3ced6ed6d0356b17dc') in 0.0012064 seconds
Start importing Assets/LayeredTerrain/GrassSoil/LandformSoil/Mask-11.asset using Guid(86718e5a68b1dcc47854d71bba5a1c17) (NativeFormatImporter) -> (artifact id: '04f57e67d298deb7839321669f6f5937') in 0.0012088 seconds
Start importing Assets/LayeredTerrain/GrassSoil/EdgeGrassOnSoilRefined/Mask-09.asset using Guid(86c349d56e9db3e4e849d6749cdfbfbe) (NativeFormatImporter) -> (artifact id: 'a3a3937713e26dae2d17075614e230de') in 0.0011604 seconds
Start importing Assets/LayeredTerrain/CompositeBrushes/GrassSoil/GrassSoilReverseLandformTileSet.asset using Guid(17ff6febab517824eb695d29e0459a1f) (NativeFormatImporter) -> (artifact id: '3aac16350dc78571bdc4c034dd153e34') in 0.0012421 seconds
Start importing Assets/LayeredTerrain/GrassSoil/LandformSoil/Mask-09.asset using Guid(478b7d64a48c32541abd22cde03a7210) (NativeFormatImporter) -> (artifact id: 'df61b4f661f9c0aded60f089bd901d4a') in 0.0011804 seconds
Start importing Assets/LayeredTerrain/GrassSoil/LandformSoil/Mask-05.asset using Guid(878e7bb9dfa805f47b4b88fef4623c4b) (NativeFormatImporter) -> (artifact id: '6433cd5ece3fc29e9694b9c40d1cce7b') in 0.0011902 seconds
Start importing Assets/LayeredTerrain/CompositeBrushes/StoneWater/StoneWaterReverseLandformTileSet.asset using Guid(97ffcbb8c3ab6264e80693ccaf0c43de) (NativeFormatImporter) -> (artifact id: '098d79a46ae44df4e4eabca0ead85233') in 0.0011838 seconds
Start importing Assets/LayeredTerrain/GrassSoil/LandformSoil/Mask-14.asset using Guid(a7806afe4f019d445bbf552f9eece05e) (NativeFormatImporter) -> (artifact id: 'e86c3f661d3698b3e540fda453881940') in 0.0013232 seconds
Start importing Assets/LayeredTerrain/GrassSoil/EdgeGrassOnSoilRefined/Mask-13.asset using Guid(a7d1a82699efeae47a6ca0a5bb112ae7) (NativeFormatImporter) -> (artifact id: 'a78e3ab795bab51c2fb8875ea81a3142') in 0.0014699 seconds
Start importing Assets/LayeredTerrain/GrassSoil/EdgeGrassOnSoilRefined/GrassOnSoilRefinedTileSet.asset using Guid(b75665e5083dab441a2805aa7b5e1562) (NativeFormatImporter) -> (artifact id: '9a378045af94549dd04c416ddd049034') in 0.0013435 seconds
Start importing Assets/LayeredTerrain/GrassSoil/LandformGrass/Mask-14.asset using Guid(c7287b8c949516949b483b111ceb39a0) (NativeFormatImporter) -> (artifact id: '742a261e597b802d91fa4c4b50193514') in 0.0014552 seconds
Start importing Assets/LayeredTerrain/GrassSoil/LandformSoil/Mask-00.asset using Guid(88d5b3d83381240419fa7d0a9d6c2c63) (NativeFormatImporter) -> (artifact id: 'ec59939a8b52efe47b329a71ceccb6a9') in 0.0012987 seconds
Start importing Assets/LayeredTerrain/GrassSoil/LandformGrass/Mask-13.asset using Guid(e80621ea42744c243ac2ec385c32b338) (NativeFormatImporter) -> (artifact id: 'c073a20a8e0628f7baf4a55a699ae105') in 0.0012656 seconds
Start importing Assets/LayeredTerrain/GrassSoil/LandformGrass/Mask-00.asset using Guid(c92ffc9e81d587840892eb05cf844fbf) (NativeFormatImporter) -> (artifact id: '6de21ee1cddad2dc5dc822438a8f4094') in 0.0012055 seconds
Start importing Assets/LayeredTerrain/GrassSoil/LandformSoil/Mask-08.asset using Guid(d98e1448816e2f443a1e4e6b40e7cc25) (NativeFormatImporter) -> (artifact id: '8c84979613e06175002d882607152e4e') in 0.0012198 seconds
Start importing Assets/LayeredTerrain/GrassSoil/LandformSoil/Mask-15.asset using Guid(e95509ac4ec30484ab37daa221658805) (NativeFormatImporter) -> (artifact id: 'f96248f32c56c962dfe506862d5fb21b') in 0.0011822 seconds
Start importing Assets/LayeredTerrain/GrassSoil/EdgeGrassOnSoilRefined/Mask-06.asset using Guid(e9ac41d989ad93f4ca1a691487107c16) (NativeFormatImporter) -> (artifact id: 'e9daccbac2653977ee343c02f273f598') in 0.0012028 seconds
Start importing Assets/LayeredTerrain/GrassSoil/LandformSoil/Mask-10.asset using Guid(f95d6c7578efacd4cb1f12c63e1d8ff8) (NativeFormatImporter) -> (artifact id: '90d43f8749769d1781298dd6bba5d61f') in 0.0012865 seconds
Start importing Assets/LayeredTerrain/GrassSoil/LandformGrass/Mask-10.asset using Guid(0a64b675a1f765c409b8f9deea1eb208) (NativeFormatImporter) -> (artifact id: '09c03947b8c465db650824308fe637f1') in 0.0014812 seconds
Start importing Assets/LayeredTerrain/GrassSoil/EdgeGrassOnSoilRefined/Mask-12.asset using Guid(3a09b8d94e4515f4fa39c4292c8052a7) (NativeFormatImporter) -> (artifact id: 'af83cf963396621d9d3bad458f6ed2a9') in 0.0012418 seconds
Start importing Assets/LayeredTerrain/GrassSoil/LandformSoil/Mask-06.asset using Guid(4ab46eb735954bf45977209e4a936a01) (NativeFormatImporter) -> (artifact id: '8450f37df15f7709b95c5c346493f1fd') in 0.0012044 seconds
Start importing Assets/LayeredTerrain/GrassSoil/LandformGrass/Mask-15.asset using Guid(7a5208b63b1d6284285e932c3708e65d) (NativeFormatImporter) -> (artifact id: '67ddae65d0c7a750e13eb34b9baf8365') in 0.0012537 seconds
Start importing Assets/LayeredTerrain/GrassSoil/LandformGrass/Mask-05.asset using Guid(3b4a2864fb45c5b4fae56fc1f697bbdd) (NativeFormatImporter) -> (artifact id: 'cf3f476c92289c5b074cb8ea3198ce61') in 0.0012263 seconds
Start importing Assets/LayeredTerrain/GrassSoil/EdgeGrassOnSoilRefined/Mask-08.asset using Guid(9b3d0613b51d86146bf5ea0994b42ddd) (NativeFormatImporter) -> (artifact id: '4e302c1a03e18f66e6c41c139ec180d3') in 0.001185 seconds
Start importing Assets/LayeredTerrain/GrassSoil/LandformGrass/Mask-11.asset using Guid(bb6bc251a6bbcf54480e7f80f2181f2a) (NativeFormatImporter) -> (artifact id: '857582d6d96bb87d66880447573db021') in 0.0011982 seconds
Start importing Assets/LayeredTerrain/GrassSoil/LandformSoil/Mask-12.asset using Guid(3cfb4949c07b1bf43bc66661515525d7) (NativeFormatImporter) -> (artifact id: '3a6ea6ab140b5d680c9d80d68e71cee7') in 0.0012 seconds
Start importing Assets/LayeredTerrain/GrassSoil/EdgeGrassOnSoilRefined/Mask-04.asset using Guid(6cca3f06a711ab34992417d66eeec087) (NativeFormatImporter) -> (artifact id: 'be2a2aeb01573b6be77d3a2b070fef25') in 0.0012126 seconds
Start importing Assets/LayeredTerrain/GrassSoil/Authoring/GrassBase.asset using Guid(3d71b1ea4e270714eb43b3b4541cda21) (NativeFormatImporter) -> (artifact id: '3f5ae16e96393bccc7f5f4d3650a3ce6') in 0.0012499 seconds
Start importing Assets/LayeredTerrain/GrassSoil/LandformGrass/Mask-06.asset using Guid(5d15d49b3c156ae479bd995b33107c67) (NativeFormatImporter) -> (artifact id: '05abb2ca9d5f1492af0ec896fb864d4e') in 0.0013073 seconds
Start importing Assets/LayeredTerrain/GrassSoil/LandformGrass/Mask-01.asset using Guid(7d609e3f17078a44f9a89e21b68ae180) (NativeFormatImporter) -> (artifact id: 'a1ebd9002be9baca60bb274969bc4dc2') in 0.0012594 seconds
Start importing Assets/LayeredTerrain/GrassSoil/LandformGrass/Mask-04.asset using Guid(ede22ab8e9b7bcc4da28aa41887e8614) (NativeFormatImporter) -> (artifact id: '42c1c0d805e7b323f147012ab0eb20fb') in 0.0012556 seconds
Start importing Assets/LayeredTerrain/GrassSoil/LandformSoil/SoilLandformTileSet.asset using Guid(3e1155418d0567f44af4b96697c9dd09) (NativeFormatImporter) -> (artifact id: 'df15b8c45196950bc4219bee97aafc82') in 0.0012978 seconds
Start importing Assets/LayeredTerrain/GrassSoil/EdgeGrassOnSoilRefined/Mask-02.asset using Guid(6ef5433501c908740932ed7d05777790) (NativeFormatImporter) -> (artifact id: '25936841c896ee6e32acaadabe2f5ad9') in 0.0012389 seconds
Start importing Assets/LayeredTerrain/GrassSoil/EdgeGrassOnSoilRefined/Mask-01.asset using Guid(8e0671f07975b7c43b734d81c5ff11bc) (NativeFormatImporter) -> (artifact id: 'c6f3c5aa165967eeb465f4156418931b') in 0.0011842 seconds
Start importing Assets/LayeredTerrain/GrassSoil/EdgeGrassOnSoilRefined/Mask-03.asset using Guid(de5135a77f40df84b9a7170011242e63) (NativeFormatImporter) -> (artifact id: 'c4b8007304dbcd55f4ed04fb4957f5a6') in 0.0012215 seconds
Start importing Assets/LayeredTerrain/GrassSoil/LandformGrass/GrassLandformTileSet.asset using Guid(2fc47b69529dfb541a089c835adb5ce8) (NativeFormatImporter) -> (artifact id: '7d9b947ceee84338616124256f8ad829') in 0.0012297 seconds
Start importing Assets/LayeredTerrain/GrassSoil/LandformGrass/Mask-12.asset using Guid(bfcde0f6045b297478b7cca21b2bd212) (NativeFormatImporter) -> (artifact id: 'fcc2d08d622fb7725cf22421d7d46e31') in 0.0012532 seconds
Start importing Assets/LayeredTerrain/GrassSoil/LandformGrass/Mask-02.asset using Guid(cfb8b16aec24e064ba3c8b202f110c99) (NativeFormatImporter) -> (artifact id: '918a9e9785ac5cd4f4174f2fe29d6d53') in 0.001175 seconds
Start importing Assets/LayeredTerrain/GrassSoil/LandformGrass/Mask-03.asset using Guid(cf797356fdd5ba54fb021059b4e0c786) (NativeFormatImporter) -> (artifact id: '297c0fc42e401c9d7fd0a377a3b5b28e') in 0.001216 seconds
Refreshing native plugins compatible for Editor in 0.20 ms, found 0 plugins.
Preloading 0 native plugins for Editor in 0.00 ms.
Asset Pipeline Refresh (id=87e432cfb13718746898fe2bafe885e6): Total: 0.097 seconds - Initiated by StopAssetImportingV2(NoUpdateAssetOptions)
Start importing Assets/LayeredTerrain/CompositeBrushes/OriginalGrassSoil/OriginalGrassSoilBrush.asset using Guid(21a71232d6e654e4b8c7960242ff7182) (NativeFormatImporter) -> (artifact id: '3547d87e50bc075e0e2036afaef240e2') in 0.0013755 seconds
Start importing Assets/LayeredTerrain/CompositeBrushes/OriginalGrassSoil/OriginalGrassSoilReverseLandformTileSet.asset using Guid(813c3f8ce1d51a24093ce2c5ed1547fa) (NativeFormatImporter) -> (artifact id: 'b5291246265ecb7af0dd8a3a19f371a0') in 0.0013843 seconds
Refreshing native plugins compatible for Editor in 0.14 ms, found 0 plugins.
Preloading 0 native plugins for Editor in 0.00 ms.
Asset Pipeline Refresh (id=465cc410542c60e4db47f36e7d02dec3): Total: 0.012 seconds - Initiated by StopAssetImportingV2(NoUpdateAssetOptions)
Start importing Assets/Battlefield/Terrain/OrchardDefaultTerrainPalette.asset using Guid(8f09d513b82ee0048abd5a50378dbb0c) (NativeFormatImporter) -> (artifact id: 'af117db4ea5f59db66e2603074e05e44') in 0.0012964 seconds
Refreshing native plugins compatible for Editor in 0.13 ms, found 0 plugins.
Preloading 0 native plugins for Editor in 0.00 ms.
Asset Pipeline Refresh (id=c5dcf25770ca23d49aa842edf214c73d): Total: 0.009 seconds - Initiated by StopAssetImportingV2(NoUpdateAssetOptions)
Asset Pipeline Refresh (id=665d7e5acbba095479c28a80d8b41cac): Total: 0.010 seconds - Initiated by RefreshV2(NoUpdateAssetOptions)
Asset Pipeline Refresh (id=f4e4728d67ac6584386579d34907d4d0): Total: 0.027 seconds - Initiated by RefreshV2(NoUpdateAssetOptions)
Square contour topology guide generated: Assets/LayeredTerrain/GrassSoil/Square/Topology/SquareContourTopologyGuide.png
UnityEngine.Debug:ExtractStackTraceNoAlloc (byte*,int,string)
UnityEngine.StackTraceUtility:ExtractStackTrace ()
UnityEngine.DebugLogHandler:Internal_Log (UnityEngine.LogType,UnityEngine.LogOption,string,UnityEngine.Object)
UnityEngine.DebugLogHandler:LogFormat (UnityEngine.LogType,UnityEngine.Object,string,object[])
UnityEngine.Logger:Log (UnityEngine.LogType,object)
UnityEngine.Debug:Log (object)
FruitDefense.Editor.SquareTerrainArtGenerator:GenerateTopologyGuide () (at Assets/Editor/Tools/SquareTerrainArtGenerator.cs:42)
FruitDefense.Editor.SquareTerrainArtGenerator:GenerateAvailableSquareAssets () (at Assets/Editor/Tools/SquareTerrainArtGenerator.cs:133)
FruitDefense.Editor.LayeredTerrainArtSetup:EnsurePaletteAssets () (at Assets/Editor/Tools/LayeredTerrainArtSetup.cs:62)
FruitDefense.Editor.LayeredTerrainPainterSmoke:ValidateRegisteredBrushApplication () (at Assets/Editor/Tests/LayeredTerrainPainterSmoke.cs:99)
FruitDefense.Editor.LayeredTerrainPainterSmoke:Validate () (at Assets/Editor/Tests/LayeredTerrainPainterSmoke.cs:26)
FruitDefense.Editor.ProjectSetup:SmokeValidate () (at Assets/Editor/Tools/ProjectSetup.cs:248)
FruitDefense.Editor.P0ValidationSuite:Run () (at Assets/Editor/Tests/P0ValidationSuite.cs:18)

(Filename: Assets/Editor/Tools/SquareTerrainArtGenerator.cs Line: 42)

Asset Pipeline Refresh (id=8ae3c047bf3cf6d409ba600a53ba2394): Total: 0.036 seconds - Initiated by RefreshV2(NoUpdateAssetOptions)
Asset Pipeline Refresh (id=df0dcab64ef28484c90dae940f2a6e17): Total: 0.027 seconds - Initiated by RefreshV2(NoUpdateAssetOptions)
Asset Pipeline Refresh (id=34d08b1285cca7a45be03f45eb0fecfd): Total: 0.025 seconds - Initiated by RefreshV2(NoUpdateAssetOptions)
Start importing Assets/LayeredTerrain/GrassSoil/Square/LandformStoneRoad/Mask-07.asset using Guid(b02fd980a2abc6b41974d859a777fb1d) (NativeFormatImporter) -> (artifact id: '09027e8d963d8fd928277d96f7735e27') in 0.0014772 seconds
Start importing Assets/LayeredTerrain/GrassSoil/Square/LandformGrass/Mask-05.asset using Guid(d04330ef8020b8a41b9e4589cb202101) (NativeFormatImporter) -> (artifact id: '4e5972f1b6c2ded32e8e48532b67135b') in 0.0012443 seconds
Start importing Assets/LayeredTerrain/GrassSoil/Square/LandformGrass/Mask-12.asset using Guid(d00b41817e9bc0741ad148ea3e94519a) (NativeFormatImporter) -> (artifact id: '9d0a3a48e4156b96b3c76ca702bf7bff') in 0.0012316 seconds
Start importing Assets/LayeredTerrain/GrassSoil/Square/LandformStoneRoad/Mask-13.asset using Guid(116a8c3b6ac195a4ebb8e3c7a9989ddc) (NativeFormatImporter) -> (artifact id: '871e193410b26687800828802aef7920') in 0.0012316 seconds
Start importing Assets/LayeredTerrain/GrassSoil/Square/LandformGrass/Mask-02.asset using Guid(315648227c153724090125e98f4cba15) (NativeFormatImporter) -> (artifact id: 'd08b86b0e86b5ac26e9107766d5008d1') in 0.0011973 seconds
Start importing Assets/LayeredTerrain/GrassSoil/Square/LandformStoneRoad/Mask-11.asset using Guid(519050a0a5a9f5847b095ee0b83437a0) (NativeFormatImporter) -> (artifact id: 'ae100c2ae270a66d81134616e885003c') in 0.0011786 seconds
Start importing Assets/LayeredTerrain/GrassSoil/Square/LandformGrass/Mask-14.asset using Guid(81815b76ad7c06c47bf1bc7b65624ffd) (NativeFormatImporter) -> (artifact id: 'e00c4c5ecbd51682bc3c65bf8d862a23') in 0.0011798 seconds
Start importing Assets/LayeredTerrain/GrassSoil/Square/LandformSoil/Mask-03.asset using Guid(b1c5384b4651e4a4a82d483cc64aae79) (NativeFormatImporter) -> (artifact id: '45c12fb41048b850cd7cb0f3e535436a') in 0.0012138 seconds
Start importing Assets/LayeredTerrain/GrassSoil/Square/LandformGrass/Mask-15.asset using Guid(027119ab30d86a546a5d935d6e9ec608) (NativeFormatImporter) -> (artifact id: '7e821f282e19a2a4d5825e548df9693a') in 0.0011955 seconds
Start importing Assets/LayeredTerrain/GrassSoil/Square/LandformGrass/Mask-00.asset using Guid(13f70a46e499e0146bffd256e7c14483) (NativeFormatImporter) -> (artifact id: '2a9713a59b72231d0d554c49e274b85a') in 0.0012523 seconds
Start importing Assets/LayeredTerrain/GrassSoil/Square/LandformSoil/Mask-00.asset using Guid(8303f71f8469fd7459473d47391ab0b3) (NativeFormatImporter) -> (artifact id: '1442dfc314550b70b27dde3dada60cc7') in 0.001172 seconds
Start importing Assets/LayeredTerrain/GrassSoil/Square/LandformSoil/Mask-01.asset using Guid(d33072ada9e1bb749adcc5938680d51a) (NativeFormatImporter) -> (artifact id: '7a8f58bad24b64f744799cb0b0b9228f') in 0.0011621 seconds
Start importing Assets/LayeredTerrain/GrassSoil/Square/LandformStoneRoad/Mask-09.asset using Guid(d30b19c2c64338a4fa9211b305cf65b1) (NativeFormatImporter) -> (artifact id: '59211e6be04f7e5724ec1a1b38221d71') in 0.0011986 seconds
Start importing Assets/LayeredTerrain/GrassSoil/Square/LandformSoil/Mask-13.asset using Guid(548b829df136ae948902efdc96ee70bb) (NativeFormatImporter) -> (artifact id: 'd770f2a72e8453a69c8ff146ee623ca5') in 0.0012248 seconds
Start importing Assets/LayeredTerrain/GrassSoil/Square/LandformStoneRoad/Mask-00.asset using Guid(74d1d4b679c3aec43af1bd30b6c4aea1) (NativeFormatImporter) -> (artifact id: '4c60ffb732228db343f89511449fce3b') in 0.0012242 seconds
Start importing Assets/LayeredTerrain/GrassSoil/Square/LandformGrass/Mask-01.asset using Guid(35cbc7e6bd8f2f84d9c7965779c9b2eb) (NativeFormatImporter) -> (artifact id: '7cd6fe12f157cd0a0b2a210183323c21') in 0.0012167 seconds
Start importing Assets/LayeredTerrain/GrassSoil/Square/LandformGrass/Mask-10.asset using Guid(5728d44dd2630ff40849746ce5d849d7) (NativeFormatImporter) -> (artifact id: '57d0e56c944d10ea9c02adfa74800a28') in 0.0011944 seconds
Start importing Assets/LayeredTerrain/GrassSoil/Square/LandformSoil/Mask-09.asset using Guid(67347eef4df492941b15d16b687e2cb7) (NativeFormatImporter) -> (artifact id: '0b3fee03fb07b35a5fbe9374ec056b4b') in 0.0012062 seconds
Start importing Assets/LayeredTerrain/GrassSoil/Square/LandformGrass/Mask-04.asset using Guid(87737865bdb87ec43864ad3d997d7626) (NativeFormatImporter) -> (artifact id: '83b9f8cc1d095defdc009bd1839b690f') in 0.0012022 seconds
Start importing Assets/LayeredTerrain/GrassSoil/Square/LandformSoil/Mask-02.asset using Guid(87e33da937f65d34fb027eebfd8c1343) (NativeFormatImporter) -> (artifact id: '031756e6cc2b3a5ef2ddcaf8740ee21f') in 0.0012449 seconds
Start importing Assets/LayeredTerrain/GrassSoil/Square/LandformGrass/Mask-08.asset using Guid(b781c12832a4cd84392ab7d35a405505) (NativeFormatImporter) -> (artifact id: 'c734ab3f59a9e28ca19de35691f15a63') in 0.0013567 seconds
Start importing Assets/LayeredTerrain/GrassSoil/Square/LandformStoneRoad/Mask-04.asset using Guid(f70ec30b59552144a97e4da8fea5520c) (NativeFormatImporter) -> (artifact id: '67ab708a109917ddbe110252083911c2') in 0.0012235 seconds
Start importing Assets/LayeredTerrain/GrassSoil/Square/LandformStoneRoad/Mask-05.asset using Guid(08c7afe6a1108a84b9f8ac99c7fa610e) (NativeFormatImporter) -> (artifact id: 'a8026e8f0c10f4b634f0c477d7f79ba5') in 0.0012136 seconds
Start importing Assets/LayeredTerrain/GrassSoil/Square/LandformStoneRoad/Mask-14.asset using Guid(39202684bd500f14184c5131ac46a6dd) (NativeFormatImporter) -> (artifact id: 'b43c0e8abc2951d26427ba0ee51e7ebb') in 0.0012068 seconds
Start importing Assets/LayeredTerrain/GrassSoil/Square/LandformSoil/SoilSquareLandformTileSet.asset using Guid(897d878e9497c6e4d935ea42058d6001) (NativeFormatImporter) -> (artifact id: '17e85a477bcdc5aaf3c7a2ca1f1f5d8e') in 0.0012317 seconds
Start importing Assets/LayeredTerrain/GrassSoil/Square/LandformStoneRoad/StoneRoadSquareLandformTileSet.asset using Guid(0a6730ef0e26d5b49b9ae3129ee21909) (NativeFormatImporter) -> (artifact id: '48456893df0f467254b3256235820444') in 0.0012419 seconds
Start importing Assets/LayeredTerrain/GrassSoil/Square/LandformStoneRoad/Mask-10.asset using Guid(caa578d738fb0414e820ab1e3541b03f) (NativeFormatImporter) -> (artifact id: 'be4dcdbbc4fe728152242b70b5e9bb78') in 0.0012395 seconds
Start importing Assets/LayeredTerrain/GrassSoil/Square/LandformSoil/Mask-07.asset using Guid(2ce20b5da48d1ae43956c41d22ecd92e) (NativeFormatImporter) -> (artifact id: '7c41af1778c9689fc8cf1f4e4fcccd2c') in 0.0012442 seconds
Start importing Assets/LayeredTerrain/GrassSoil/Square/LandformSoil/Mask-11.asset using Guid(2c6bd62321830da498ea7724ae626857) (NativeFormatImporter) -> (artifact id: 'b1033fab3dddb68d369a244413a84ab3') in 0.0012314 seconds
Start importing Assets/LayeredTerrain/GrassSoil/Square/LandformStoneRoad/Mask-15.asset using Guid(5cbc1f25709453b4a90de7054d0ce9b7) (NativeFormatImporter) -> (artifact id: 'ca75aea14a03badd729ba37b57fc7710') in 0.001191 seconds
Start importing Assets/LayeredTerrain/GrassSoil/Square/LandformGrass/Mask-09.asset using Guid(8c5fb632240287d48a17621f58d3a651) (NativeFormatImporter) -> (artifact id: '77c6cf5113d6c96189dbf6818d84fd5f') in 0.0012036 seconds
Start importing Assets/LayeredTerrain/GrassSoil/Square/LandformSoil/Mask-12.asset using Guid(bc85f424c35a6c845b2186949136a828) (NativeFormatImporter) -> (artifact id: '08c355397adee775c3834a7a7a0bf465') in 0.0013703 seconds
Start importing Assets/LayeredTerrain/GrassSoil/Square/LandformSoil/Mask-10.asset using Guid(0dfe2c0efe3330c4d9570f0061d459b9) (NativeFormatImporter) -> (artifact id: '88decb540b9e036a0400c2d34dbc707c') in 0.0012372 seconds
Start importing Assets/LayeredTerrain/GrassSoil/Square/LandformGrass/Mask-03.asset using Guid(1db706b3e9547554e9081663c6442ba0) (NativeFormatImporter) -> (artifact id: 'fdfbe87044d88284093ccc42787947e0') in 0.0011854 seconds
Start importing Assets/LayeredTerrain/GrassSoil/Square/LandformStoneRoad/Mask-02.asset using Guid(1d9b71389b4697e4586703b25f185da7) (NativeFormatImporter) -> (artifact id: 'dbb50fa57ab28462356bbd1a8ebab835') in 0.0012019 seconds
Start importing Assets/LayeredTerrain/GrassSoil/Square/LandformSoil/Mask-05.asset using Guid(2de42da45e48f974e9a74a6970e6e643) (NativeFormatImporter) -> (artifact id: '6e739e360d22b33fd378e6acefe9d800') in 0.0012073 seconds
Start importing Assets/LayeredTerrain/GrassSoil/Square/LandformGrass/Mask-11.asset using Guid(5d253dc28016ae64db4653758ac0af88) (NativeFormatImporter) -> (artifact id: '4dbb166b77c04b10385ee89749d834d3') in 0.0011794 seconds
Start importing Assets/LayeredTerrain/GrassSoil/Square/LandformSoil/Mask-04.asset using Guid(5d4806f722710eb40b1cf937cc6498b6) (NativeFormatImporter) -> (artifact id: 'a825e4a02be2364dca6cd5d251c2a1af') in 0.0011561 seconds
Start importing Assets/LayeredTerrain/GrassSoil/Square/LandformStoneRoad/Mask-01.asset using Guid(add98a42caf91414387900c1b29b92c6) (NativeFormatImporter) -> (artifact id: 'a1a43dffdd1f7cdd6311169ade464c57') in 0.0011827 seconds
Start importing Assets/LayeredTerrain/GrassSoil/Square/LandformGrass/Mask-06.asset using Guid(cd0f4d7279da9f84caa8c319e7ab29f9) (NativeFormatImporter) -> (artifact id: '52937737c65259daea7bed84aa0a8a04') in 0.0012231 seconds
Start importing Assets/LayeredTerrain/GrassSoil/Square/LandformGrass/Mask-07.asset using Guid(4e65cf042fab2c1448282809779edb8a) (NativeFormatImporter) -> (artifact id: '8cc68977b954eb6d618706e748b65e8b') in 0.0012772 seconds
Start importing Assets/LayeredTerrain/GrassSoil/Square/LandformGrass/Mask-13.asset using Guid(7e2014d33d57f294f97dea5ed30b730c) (NativeFormatImporter) -> (artifact id: '93ec9328dc52bc61493ece4ef09f812b') in 0.001383 seconds
Start importing Assets/LayeredTerrain/GrassSoil/Square/LandformSoil/Mask-14.asset using Guid(ae949dd8d7965fa41b1d3481d8bf8e30) (NativeFormatImporter) -> (artifact id: '13d3e8fadf25938fb6084c9eacdc285d') in 0.0012465 seconds
Start importing Assets/LayeredTerrain/GrassSoil/Square/LandformStoneRoad/Mask-08.asset using Guid(aecab5b9f537b5349adcff0900809717) (NativeFormatImporter) -> (artifact id: '6723e7d6eab214144e2a993643460ee5') in 0.0012169 seconds
Start importing Assets/LayeredTerrain/GrassSoil/Square/LandformSoil/Mask-15.asset using Guid(ce833c44287e15a44945e738038eb1c3) (NativeFormatImporter) -> (artifact id: '7c1ac2f82e318d432012af6c6509f07a') in 0.0011973 seconds
Start importing Assets/LayeredTerrain/GrassSoil/Square/LandformSoil/Mask-08.asset using Guid(ee6f4f16a4085914dbcb15919c60654c) (NativeFormatImporter) -> (artifact id: '2a403aad88716c1a9d6ee321599dc86f') in 0.0012439 seconds
Start importing Assets/LayeredTerrain/GrassSoil/Square/LandformStoneRoad/Mask-12.asset using Guid(2f49f6b2d05a8804097e79c69e515dc3) (NativeFormatImporter) -> (artifact id: '3512849ba8746b3929337e37047f52c2') in 0.0011851 seconds
Start importing Assets/LayeredTerrain/GrassSoil/Square/LandformSoil/Mask-06.asset using Guid(3ff6ff5cd14cc7441a6a84cdde5ff745) (NativeFormatImporter) -> (artifact id: 'c47a955bf9dc32d5bb761f8069ffd421') in 0.0011868 seconds
Start importing Assets/LayeredTerrain/GrassSoil/Square/LandformStoneRoad/Mask-06.asset using Guid(df46002ea561b404889b370e84a77f83) (NativeFormatImporter) -> (artifact id: 'c73fed30de3e790341265e9a3306482c') in 0.001197 seconds
Start importing Assets/LayeredTerrain/GrassSoil/Square/LandformStoneRoad/Mask-03.asset using Guid(df1e863caf3bc5441a0d4c507b76c311) (NativeFormatImporter) -> (artifact id: 'a9a2fb8e8c6cb1c0cdbe880f9de699ac') in 0.0011887 seconds
Start importing Assets/LayeredTerrain/GrassSoil/Square/LandformGrass/GrassSquareLandformTileSet.asset using Guid(ef399dc10411dd84ab6a276f72e506ea) (NativeFormatImporter) -> (artifact id: '3f3f806b6373e60abb62a5adaf65a9f7') in 0.0012217 seconds
Refreshing native plugins compatible for Editor in 0.20 ms, found 0 plugins.
Preloading 0 native plugins for Editor in 0.00 ms.
Asset Pipeline Refresh (id=ce445c7b4af912849a834415b4d1e114): Total: 0.086 seconds - Initiated by StopAssetImportingV2(NoUpdateAssetOptions)
Native 256 px square grass, soil and stone-road landforms generated.
UnityEngine.Debug:ExtractStackTraceNoAlloc (byte*,int,string)
UnityEngine.StackTraceUtility:ExtractStackTrace ()
UnityEngine.DebugLogHandler:Internal_Log (UnityEngine.LogType,UnityEngine.LogOption,string,UnityEngine.Object)
UnityEngine.DebugLogHandler:LogFormat (UnityEngine.LogType,UnityEngine.Object,string,object[])
UnityEngine.Logger:Log (UnityEngine.LogType,object)
UnityEngine.Debug:Log (object)
FruitDefense.Editor.SquareTerrainArtGenerator:GenerateDeterministicLandforms () (at Assets/Editor/Tools/SquareTerrainArtGenerator.cs:87)
FruitDefense.Editor.SquareTerrainArtGenerator:GenerateAvailableSquareAssets () (at Assets/Editor/Tools/SquareTerrainArtGenerator.cs:134)
FruitDefense.Editor.LayeredTerrainArtSetup:EnsurePaletteAssets () (at Assets/Editor/Tools/LayeredTerrainArtSetup.cs:62)
FruitDefense.Editor.LayeredTerrainPainterSmoke:ValidateRegisteredBrushApplication () (at Assets/Editor/Tests/LayeredTerrainPainterSmoke.cs:99)
FruitDefense.Editor.LayeredTerrainPainterSmoke:Validate () (at Assets/Editor/Tests/LayeredTerrainPainterSmoke.cs:26)
FruitDefense.Editor.ProjectSetup:SmokeValidate () (at Assets/Editor/Tools/ProjectSetup.cs:248)
FruitDefense.Editor.P0ValidationSuite:Run () (at Assets/Editor/Tests/P0ValidationSuite.cs:18)

(Filename: Assets/Editor/Tools/SquareTerrainArtGenerator.cs Line: 87)

Asset Pipeline Refresh (id=ede6d5b880553de40bd56898e142a0ce): Total: 0.031 seconds - Initiated by RefreshV2(NoUpdateAssetOptions)
Start importing Assets/LayeredTerrain/GrassSoil/Square/EdgeGrassOnSoilPainted/Mask-15.asset using Guid(a17969b175ec3354c8fe533c48257f94) (NativeFormatImporter) -> (artifact id: '99f211a0ff210a0c86467a3e625714fe') in 0.0014927 seconds
Start importing Assets/LayeredTerrain/GrassSoil/Square/EdgeGrassOnSoilPainted/Mask-04.asset using Guid(e2449efc0c1116648a5b9cbfe33d8e81) (NativeFormatImporter) -> (artifact id: '18145ed9e628d5f8340c44824db6c8be') in 0.0014575 seconds
Start importing Assets/LayeredTerrain/GrassSoil/Square/EdgeGrassOnSoilPainted/Mask-14.asset using Guid(4328f421ed4ea34439d6e4e50990e24a) (NativeFormatImporter) -> (artifact id: '6bbe4451c7dca2d4de869403308041cf') in 0.0012681 seconds
Start importing Assets/LayeredTerrain/GrassSoil/Square/EdgeGrassOnSoilPainted/Mask-11.asset using Guid(04aab987cd98a4440b66bb727667d8db) (NativeFormatImporter) -> (artifact id: 'eb6fb6ecd423e575e0946462aa243d66') in 0.0012009 seconds
Start importing Assets/LayeredTerrain/GrassSoil/Square/EdgeGrassOnSoilPainted/Mask-13.asset using Guid(75f61e4d96323eb4e906226b1dd8a16a) (NativeFormatImporter) -> (artifact id: '7952dc870547efbd422b012b46d2b17a') in 0.0012204 seconds
Start importing Assets/LayeredTerrain/GrassSoil/Square/EdgeGrassOnSoilPainted/Mask-08.asset using Guid(062a9acbc752b0342becc47471c8dad4) (NativeFormatImporter) -> (artifact id: 'ee86fce3dc4587f247fc6e398cfff9cd') in 0.0012004 seconds
Start importing Assets/LayeredTerrain/GrassSoil/Square/EdgeGrassOnSoilPainted/Mask-12.asset using Guid(17347530ba5655e4cb59ff249a976ea1) (NativeFormatImporter) -> (artifact id: '27e6bc4eabc1e74cb23636389ffd9263') in 0.0011783 seconds
Start importing Assets/LayeredTerrain/GrassSoil/Square/EdgeGrassOnSoilPainted/Mask-00.asset using Guid(676ca911d7a7bbf408a30856d7cc6990) (NativeFormatImporter) -> (artifact id: '557d3d98682769dd5e96ded56f4299cf') in 0.0012009 seconds
Start importing Assets/LayeredTerrain/GrassSoil/Square/EdgeGrassOnSoilPainted/Mask-10.asset using Guid(e75c1031ec799e0448fd29d3082006b4) (NativeFormatImporter) -> (artifact id: 'c8e41218e8984dd46c91b31d7703de4f') in 0.001152 seconds
Start importing Assets/LayeredTerrain/GrassSoil/Square/EdgeGrassOnSoilPainted/Mask-09.asset using Guid(a8a7730f3a6dd484198f1b19fed8a24f) (NativeFormatImporter) -> (artifact id: '5597baddb442bf8a928e37d39723d50b') in 0.0011878 seconds
Start importing Assets/LayeredTerrain/GrassSoil/Square/EdgeGrassOnSoilPainted/Mask-07.asset using Guid(f8b2f90201834fa478634d3f30f6af16) (NativeFormatImporter) -> (artifact id: 'a306cb5e617a8648a67a81dc94516e9e') in 0.0012746 seconds
Start importing Assets/LayeredTerrain/GrassSoil/Square/EdgeGrassOnSoilPainted/Mask-06.asset using Guid(19882d23e028ac94e8abd02f91624ba8) (NativeFormatImporter) -> (artifact id: '54900e8224e5828f7c6a4f69fec6db72') in 0.0015798 seconds
Start importing Assets/LayeredTerrain/GrassSoil/Square/EdgeGrassOnSoilPainted/Mask-01.asset using Guid(b94d4b2cd03a1b04b83a81974d966227) (NativeFormatImporter) -> (artifact id: '7caf427609fab688c51f9caa2ce6a79f') in 0.0014633 seconds
Start importing Assets/LayeredTerrain/GrassSoil/Square/EdgeGrassOnSoilPainted/Mask-03.asset using Guid(1a4a3cc4af69bbc4aaabde52016c4f95) (NativeFormatImporter) -> (artifact id: 'af45f85c0f45a239757e36be7c184f6c') in 0.0013756 seconds
Start importing Assets/LayeredTerrain/GrassSoil/Square/EdgeGrassOnSoilPainted/Mask-05.asset using Guid(bacdc75efb95eda42aa6803845d196c4) (NativeFormatImporter) -> (artifact id: '6d469253745d86e884993bfadfef01d0') in 0.0012525 seconds
Start importing Assets/LayeredTerrain/GrassSoil/Square/EdgeGrassOnSoilPainted/GrassOnSoilSquarePaintedTileSet.asset using Guid(1b984e39e61f8734d8c54b032e84c3a3) (NativeFormatImporter) -> (artifact id: '612bda68ec02f7c1be620eb4ba627873') in 0.0012901 seconds
Start importing Assets/LayeredTerrain/GrassSoil/Square/EdgeGrassOnSoilPainted/Mask-02.asset using Guid(8d6a7e51f29762f4796204a57546e522) (NativeFormatImporter) -> (artifact id: '504e9a251c8e415c78cba5f93910b005') in 0.0012875 seconds
Refreshing native plugins compatible for Editor in 0.16 ms, found 0 plugins.
Preloading 0 native plugins for Editor in 0.00 ms.
Asset Pipeline Refresh (id=a059554b0a8d412449bf09875138308f): Total: 0.035 seconds - Initiated by StopAssetImportingV2(NoUpdateAssetOptions)
Accepted ribbon lip profile packaged as a top-down grass feather with base-grass RGB, guide-owned topology and no soil wall or outline.
UnityEngine.Debug:ExtractStackTraceNoAlloc (byte*,int,string)
UnityEngine.StackTraceUtility:ExtractStackTrace ()
UnityEngine.DebugLogHandler:Internal_Log (UnityEngine.LogType,UnityEngine.LogOption,string,UnityEngine.Object)
UnityEngine.DebugLogHandler:LogFormat (UnityEngine.LogType,UnityEngine.Object,string,object[])
UnityEngine.Logger:Log (UnityEngine.LogType,object)
UnityEngine.Debug:Log (object)
FruitDefense.Editor.SquareTerrainArtGenerator:PackageAcceptedGrassOnSoilCandidate () (at Assets/Editor/Tools/SquareTerrainArtGenerator.cs:126)
FruitDefense.Editor.SquareTerrainArtGenerator:GenerateAvailableSquareAssets () (at Assets/Editor/Tools/SquareTerrainArtGenerator.cs:138)
FruitDefense.Editor.LayeredTerrainArtSetup:EnsurePaletteAssets () (at Assets/Editor/Tools/LayeredTerrainArtSetup.cs:62)
FruitDefense.Editor.LayeredTerrainPainterSmoke:ValidateRegisteredBrushApplication () (at Assets/Editor/Tests/LayeredTerrainPainterSmoke.cs:99)
FruitDefense.Editor.LayeredTerrainPainterSmoke:Validate () (at Assets/Editor/Tests/LayeredTerrainPainterSmoke.cs:26)
FruitDefense.Editor.ProjectSetup:SmokeValidate () (at Assets/Editor/Tools/ProjectSetup.cs:248)
FruitDefense.Editor.P0ValidationSuite:Run () (at Assets/Editor/Tests/P0ValidationSuite.cs:18)

(Filename: Assets/Editor/Tools/SquareTerrainArtGenerator.cs Line: 126)

Start importing Assets/LayeredTerrain/GrassSoil/LandformSoil/Mask-07.asset using Guid(40244693c163e6541baff892b129cb00) (NativeFormatImporter) -> (artifact id: 'e65830c68ae7e03467001a0296ab0069') in 0.0016299 seconds
Start importing Assets/LayeredTerrain/GrassSoil/EdgeGrassOnSoilRefined/Mask-07.asset using Guid(418e9fec0ca97b64ab0f4c86dc0fd006) (NativeFormatImporter) -> (artifact id: 'cd9c2cf18fdd38f609098f7d0cc15714') in 0.0013997 seconds
Start importing Assets/LayeredTerrain/CompositeBrushes/OriginalGrassSoil/OriginalGrassSoilReverseLandformTileSet.asset using Guid(813c3f8ce1d51a24093ce2c5ed1547fa) (NativeFormatImporter) -> (artifact id: 'b5291246265ecb7af0dd8a3a19f371a0') in 0.0014902 seconds
Start importing Assets/LayeredTerrain/GrassSoil/Authoring/SoilBase.asset using Guid(a158e7b4dd9e7c448b398f9b22a9f9c2) (NativeFormatImporter) -> (artifact id: '1d93f5ffd6651520cc292a513066cccb') in 0.0013172 seconds
Start importing Assets/LayeredTerrain/GrassSoil/EdgeGrassOnSoilRefined/Mask-05.asset using Guid(f15a3346efbbefb40babba4ef8f6ffa7) (NativeFormatImporter) -> (artifact id: '0325b05872f53d4d8922d91b29b864f9') in 0.0012803 seconds
Start importing Assets/LayeredTerrain/GrassSoil/LandformSoil/Mask-04.asset using Guid(f1fab5de0afca5445ba4970fcd52bbbe) (NativeFormatImporter) -> (artifact id: '09085b923c9ce06113de808e0225d25b') in 0.0012116 seconds
Start importing Assets/LayeredTerrain/GrassSoil/EdgeGrassOnSoilRefined/Mask-14.asset using Guid(1292b21714ab41b4197a410a29053ee2) (NativeFormatImporter) -> (artifact id: '113ba810aee874d1280699a85e7183b6') in 0.001205 seconds
Start importing Assets/LayeredTerrain/GrassSoil/LandformGrass/Mask-08.asset using Guid(52e1998e35a61a047bd24dd910b6bb8c) (NativeFormatImporter) -> (artifact id: '675f77c88e6e0d975abaaae9f510d95d') in 0.0012341 seconds
Start importing Assets/LayeredTerrain/GrassSoil/EdgeGrassOnSoilRefined/Mask-15.asset using Guid(a2ee8cf7722d54542bb6934c3c7acca3) (NativeFormatImporter) -> (artifact id: '6edcf8d7d3f26ee03919cdd607084ab1') in 0.0013126 seconds
Start importing Assets/LayeredTerrain/GrassSoil/EdgeGrassOnSoilRefined/Mask-11.asset using Guid(c29b700cc6f883f4d8d20d2a190eee05) (NativeFormatImporter) -> (artifact id: 'f51c180f858faa73b198142b42927cfc') in 0.001294 seconds
Start importing Assets/LayeredTerrain/GrassSoil/LandformGrass/Mask-07.asset using Guid(d285b7a144ce1134ba6f4b02b003db14) (NativeFormatImporter) -> (artifact id: '0038d19d51d9c42dea9465db3b105f39') in 0.0011893 seconds
Start importing Assets/LayeredTerrain/GrassSoil/LandformSoil/Mask-01.asset using Guid(030d3f064f313fe4aa4dd2ab0ae33f07) (NativeFormatImporter) -> (artifact id: '3fd5251983b6578fd68bf6bc3bb3b4e3') in 0.0011756 seconds
Start importing Assets/LayeredTerrain/GrassSoil/EdgeGrassOnSoilRefined/Mask-10.asset using Guid(c32eb2f88b196e04f96b1b2b04ea7efe) (NativeFormatImporter) -> (artifact id: '2d01cd9893dc47967ba87373e479eb7e') in 0.0013714 seconds
Start importing Assets/LayeredTerrain/GrassSoil/LandformSoil/Mask-13.asset using Guid(04bdecbe02f95ef46986c7056c2b7c3b) (NativeFormatImporter) -> (artifact id: '15f31c02a38b8c10ecc25938dd45d64e') in 0.0013214 seconds
Start importing Assets/LayeredTerrain/GrassSoil/EdgeGrassOnSoilRefined/Mask-00.asset using Guid(e4a3c845026f4254892939518018693f) (NativeFormatImporter) -> (artifact id: '3a031e969e7d12b8ad7d8420c2b35c82') in 0.0012621 seconds
Start importing Assets/LayeredTerrain/GrassSoil/LandformSoil/Mask-03.asset using Guid(15a3542839f831f41a0a24e5e9e2f22c) (NativeFormatImporter) -> (artifact id: '6e77d59b695c8200cb85f17fa75a4b54') in 0.0012343 seconds
Start importing Assets/LayeredTerrain/GrassSoil/LandformSoil/Mask-02.asset using Guid(f587922c248637745a6249f84c52611e) (NativeFormatImporter) -> (artifact id: '75844366cc32f023f1e40453bee8aa54') in 0.0012565 seconds
Start importing Assets/LayeredTerrain/GrassSoil/LandformGrass/Mask-09.asset using Guid(165dc20b52db7d14488b55217f6ac108) (NativeFormatImporter) -> (artifact id: '72e38899c33e0e3ced6ed6d0356b17dc') in 0.0012252 seconds
Start importing Assets/LayeredTerrain/GrassSoil/LandformSoil/Mask-11.asset using Guid(86718e5a68b1dcc47854d71bba5a1c17) (NativeFormatImporter) -> (artifact id: '04f57e67d298deb7839321669f6f5937') in 0.0012261 seconds
Start importing Assets/LayeredTerrain/GrassSoil/EdgeGrassOnSoilRefined/Mask-09.asset using Guid(86c349d56e9db3e4e849d6749cdfbfbe) (NativeFormatImporter) -> (artifact id: 'a3a3937713e26dae2d17075614e230de') in 0.0012304 seconds
Start importing Assets/LayeredTerrain/CompositeBrushes/GrassSoil/GrassSoilReverseLandformTileSet.asset using Guid(17ff6febab517824eb695d29e0459a1f) (NativeFormatImporter) -> (artifact id: '3aac16350dc78571bdc4c034dd153e34') in 0.0012656 seconds
Start importing Assets/LayeredTerrain/GrassSoil/LandformSoil/Mask-09.asset using Guid(478b7d64a48c32541abd22cde03a7210) (NativeFormatImporter) -> (artifact id: 'df61b4f661f9c0aded60f089bd901d4a') in 0.0012366 seconds
Start importing Assets/LayeredTerrain/GrassSoil/LandformSoil/Mask-05.asset using Guid(878e7bb9dfa805f47b4b88fef4623c4b) (NativeFormatImporter) -> (artifact id: '6433cd5ece3fc29e9694b9c40d1cce7b') in 0.0013351 seconds
Start importing Assets/LayeredTerrain/CompositeBrushes/StoneWater/StoneWaterReverseLandformTileSet.asset using Guid(97ffcbb8c3ab6264e80693ccaf0c43de) (NativeFormatImporter) -> (artifact id: '098d79a46ae44df4e4eabca0ead85233') in 0.0012565 seconds
Start importing Assets/LayeredTerrain/GrassSoil/LandformSoil/Mask-14.asset using Guid(a7806afe4f019d445bbf552f9eece05e) (NativeFormatImporter) -> (artifact id: 'e86c3f661d3698b3e540fda453881940') in 0.0014975 seconds
Start importing Assets/LayeredTerrain/GrassSoil/EdgeGrassOnSoilRefined/Mask-13.asset using Guid(a7d1a82699efeae47a6ca0a5bb112ae7) (NativeFormatImporter) -> (artifact id: 'a78e3ab795bab51c2fb8875ea81a3142') in 0.0011961 seconds
Start importing Assets/LayeredTerrain/GrassSoil/EdgeGrassOnSoilRefined/GrassOnSoilRefinedTileSet.asset using Guid(b75665e5083dab441a2805aa7b5e1562) (NativeFormatImporter) -> (artifact id: '9a378045af94549dd04c416ddd049034') in 0.0012409 seconds
Start importing Assets/LayeredTerrain/GrassSoil/LandformGrass/Mask-14.asset using Guid(c7287b8c949516949b483b111ceb39a0) (NativeFormatImporter) -> (artifact id: '742a261e597b802d91fa4c4b50193514') in 0.0012011 seconds
Start importing Assets/LayeredTerrain/GrassSoil/LandformSoil/Mask-00.asset using Guid(88d5b3d83381240419fa7d0a9d6c2c63) (NativeFormatImporter) -> (artifact id: 'ec59939a8b52efe47b329a71ceccb6a9') in 0.0012455 seconds
Start importing Assets/LayeredTerrain/GrassSoil/LandformGrass/Mask-13.asset using Guid(e80621ea42744c243ac2ec385c32b338) (NativeFormatImporter) -> (artifact id: 'c073a20a8e0628f7baf4a55a699ae105') in 0.0013053 seconds
Start importing Assets/LayeredTerrain/GrassSoil/LandformGrass/Mask-00.asset using Guid(c92ffc9e81d587840892eb05cf844fbf) (NativeFormatImporter) -> (artifact id: '6de21ee1cddad2dc5dc822438a8f4094') in 0.00127 seconds
Start importing Assets/LayeredTerrain/GrassSoil/LandformSoil/Mask-08.asset using Guid(d98e1448816e2f443a1e4e6b40e7cc25) (NativeFormatImporter) -> (artifact id: '8c84979613e06175002d882607152e4e') in 0.0011901 seconds
Start importing Assets/LayeredTerrain/GrassSoil/LandformSoil/Mask-15.asset using Guid(e95509ac4ec30484ab37daa221658805) (NativeFormatImporter) -> (artifact id: 'f96248f32c56c962dfe506862d5fb21b') in 0.0013803 seconds
Start importing Assets/LayeredTerrain/GrassSoil/EdgeGrassOnSoilRefined/Mask-06.asset using Guid(e9ac41d989ad93f4ca1a691487107c16) (NativeFormatImporter) -> (artifact id: 'e9daccbac2653977ee343c02f273f598') in 0.0013383 seconds
Start importing Assets/LayeredTerrain/GrassSoil/LandformSoil/Mask-10.asset using Guid(f95d6c7578efacd4cb1f12c63e1d8ff8) (NativeFormatImporter) -> (artifact id: '90d43f8749769d1781298dd6bba5d61f') in 0.0012289 seconds
Start importing Assets/LayeredTerrain/GrassSoil/LandformGrass/Mask-10.asset using Guid(0a64b675a1f765c409b8f9deea1eb208) (NativeFormatImporter) -> (artifact id: '09c03947b8c465db650824308fe637f1') in 0.0011981 seconds
Start importing Assets/LayeredTerrain/GrassSoil/EdgeGrassOnSoilRefined/Mask-12.asset using Guid(3a09b8d94e4515f4fa39c4292c8052a7) (NativeFormatImporter) -> (artifact id: 'af83cf963396621d9d3bad458f6ed2a9') in 0.0011647 seconds
Start importing Assets/LayeredTerrain/GrassSoil/LandformSoil/Mask-06.asset using Guid(4ab46eb735954bf45977209e4a936a01) (NativeFormatImporter) -> (artifact id: '8450f37df15f7709b95c5c346493f1fd') in 0.0011999 seconds
Start importing Assets/LayeredTerrain/GrassSoil/LandformGrass/Mask-15.asset using Guid(7a5208b63b1d6284285e932c3708e65d) (NativeFormatImporter) -> (artifact id: '67ddae65d0c7a750e13eb34b9baf8365') in 0.0012092 seconds
Start importing Assets/LayeredTerrain/GrassSoil/LandformGrass/Mask-05.asset using Guid(3b4a2864fb45c5b4fae56fc1f697bbdd) (NativeFormatImporter) -> (artifact id: 'cf3f476c92289c5b074cb8ea3198ce61') in 0.0011809 seconds
Start importing Assets/LayeredTerrain/GrassSoil/EdgeGrassOnSoilRefined/Mask-08.asset using Guid(9b3d0613b51d86146bf5ea0994b42ddd) (NativeFormatImporter) -> (artifact id: '4e302c1a03e18f66e6c41c139ec180d3') in 0.0012647 seconds
Start importing Assets/LayeredTerrain/GrassSoil/LandformGrass/Mask-11.asset using Guid(bb6bc251a6bbcf54480e7f80f2181f2a) (NativeFormatImporter) -> (artifact id: '857582d6d96bb87d66880447573db021') in 0.0012169 seconds
Start importing Assets/LayeredTerrain/GrassSoil/LandformSoil/Mask-12.asset using Guid(3cfb4949c07b1bf43bc66661515525d7) (NativeFormatImporter) -> (artifact id: '3a6ea6ab140b5d680c9d80d68e71cee7') in 0.0013757 seconds
Start importing Assets/LayeredTerrain/GrassSoil/EdgeGrassOnSoilRefined/Mask-04.asset using Guid(6cca3f06a711ab34992417d66eeec087) (NativeFormatImporter) -> (artifact id: 'be2a2aeb01573b6be77d3a2b070fef25') in 0.0012568 seconds
Start importing Assets/LayeredTerrain/GrassSoil/Authoring/GrassBase.asset using Guid(3d71b1ea4e270714eb43b3b4541cda21) (NativeFormatImporter) -> (artifact id: '3f5ae16e96393bccc7f5f4d3650a3ce6') in 0.0012575 seconds
Start importing Assets/LayeredTerrain/GrassSoil/LandformGrass/Mask-06.asset using Guid(5d15d49b3c156ae479bd995b33107c67) (NativeFormatImporter) -> (artifact id: '05abb2ca9d5f1492af0ec896fb864d4e') in 0.0012361 seconds
Start importing Assets/LayeredTerrain/GrassSoil/LandformGrass/Mask-01.asset using Guid(7d609e3f17078a44f9a89e21b68ae180) (NativeFormatImporter) -> (artifact id: 'a1ebd9002be9baca60bb274969bc4dc2') in 0.0012387 seconds
Start importing Assets/LayeredTerrain/GrassSoil/LandformGrass/Mask-04.asset using Guid(ede22ab8e9b7bcc4da28aa41887e8614) (NativeFormatImporter) -> (artifact id: '42c1c0d805e7b323f147012ab0eb20fb') in 0.0011764 seconds
Start importing Assets/LayeredTerrain/GrassSoil/LandformSoil/SoilLandformTileSet.asset using Guid(3e1155418d0567f44af4b96697c9dd09) (NativeFormatImporter) -> (artifact id: 'df15b8c45196950bc4219bee97aafc82') in 0.0012328 seconds
Start importing Assets/LayeredTerrain/GrassSoil/EdgeGrassOnSoilRefined/Mask-02.asset using Guid(6ef5433501c908740932ed7d05777790) (NativeFormatImporter) -> (artifact id: '25936841c896ee6e32acaadabe2f5ad9') in 0.0012926 seconds
Start importing Assets/LayeredTerrain/GrassSoil/EdgeGrassOnSoilRefined/Mask-01.asset using Guid(8e0671f07975b7c43b734d81c5ff11bc) (NativeFormatImporter) -> (artifact id: 'c6f3c5aa165967eeb465f4156418931b') in 0.0011873 seconds
Start importing Assets/LayeredTerrain/GrassSoil/EdgeGrassOnSoilRefined/Mask-03.asset using Guid(de5135a77f40df84b9a7170011242e63) (NativeFormatImporter) -> (artifact id: 'c4b8007304dbcd55f4ed04fb4957f5a6') in 0.0011789 seconds
Start importing Assets/LayeredTerrain/GrassSoil/LandformGrass/GrassLandformTileSet.asset using Guid(2fc47b69529dfb541a089c835adb5ce8) (NativeFormatImporter) -> (artifact id: '7d9b947ceee84338616124256f8ad829') in 0.0011847 seconds
Start importing Assets/LayeredTerrain/GrassSoil/LandformGrass/Mask-12.asset using Guid(bfcde0f6045b297478b7cca21b2bd212) (NativeFormatImporter) -> (artifact id: 'fcc2d08d622fb7725cf22421d7d46e31') in 0.0012097 seconds
Start importing Assets/LayeredTerrain/GrassSoil/LandformGrass/Mask-02.asset using Guid(cfb8b16aec24e064ba3c8b202f110c99) (NativeFormatImporter) -> (artifact id: '918a9e9785ac5cd4f4174f2fe29d6d53') in 0.0014006 seconds
Start importing Assets/LayeredTerrain/GrassSoil/LandformGrass/Mask-03.asset using Guid(cf797356fdd5ba54fb021059b4e0c786) (NativeFormatImporter) -> (artifact id: '297c0fc42e401c9d7fd0a377a3b5b28e') in 0.0012708 seconds
Refreshing native plugins compatible for Editor in 0.16 ms, found 0 plugins.
Preloading 0 native plugins for Editor in 0.00 ms.
Asset Pipeline Refresh (id=da671c465df851a46a534ab3eb9721d5): Total: 0.097 seconds - Initiated by StopAssetImportingV2(NoUpdateAssetOptions)
Start importing Assets/LayeredTerrain/CompositeBrushes/OriginalGrassSoil/OriginalGrassSoilBrush.asset using Guid(21a71232d6e654e4b8c7960242ff7182) (NativeFormatImporter) -> (artifact id: '3547d87e50bc075e0e2036afaef240e2') in 0.0014256 seconds
Start importing Assets/LayeredTerrain/CompositeBrushes/OriginalGrassSoil/OriginalGrassSoilReverseLandformTileSet.asset using Guid(813c3f8ce1d51a24093ce2c5ed1547fa) (NativeFormatImporter) -> (artifact id: 'b5291246265ecb7af0dd8a3a19f371a0') in 0.0013233 seconds
Refreshing native plugins compatible for Editor in 0.15 ms, found 0 plugins.
Preloading 0 native plugins for Editor in 0.00 ms.
Asset Pipeline Refresh (id=fd4b9c173801eeb46b4f6aa1381baf9f): Total: 0.012 seconds - Initiated by StopAssetImportingV2(NoUpdateAssetOptions)
Start importing Assets/Battlefield/Terrain/OrchardDefaultTerrainPalette.asset using Guid(8f09d513b82ee0048abd5a50378dbb0c) (NativeFormatImporter) -> (artifact id: 'af117db4ea5f59db66e2603074e05e44') in 0.0012831 seconds
Refreshing native plugins compatible for Editor in 0.14 ms, found 0 plugins.
Preloading 0 native plugins for Editor in 0.00 ms.
Asset Pipeline Refresh (id=aa6fcdf9ece98cf498ecdb100880593f): Total: 0.009 seconds - Initiated by StopAssetImportingV2(NoUpdateAssetOptions)
Opening scene 'Assets/Scenes/LayeredTerrainDemo.unity additively'
Loaded scene 'Assets/Scenes/LayeredTerrainDemo.unity'
	Deserialize:            2.264 ms
	Integration:            0.647 ms
	Integration of assets:  0.002 ms
	Thread Wait Time:       0.007 ms
	Total Operation Time:   2.919 ms
FRUIT_DEFENSE_LAYERED_TERRAIN_PAINTER_OK
UnityEngine.Debug:ExtractStackTraceNoAlloc (byte*,int,string)
UnityEngine.StackTraceUtility:ExtractStackTrace ()
UnityEngine.DebugLogHandler:Internal_Log (UnityEngine.LogType,UnityEngine.LogOption,string,UnityEngine.Object)
UnityEngine.DebugLogHandler:LogFormat (UnityEngine.LogType,UnityEngine.Object,string,object[])
UnityEngine.Logger:Log (UnityEngine.LogType,object)
UnityEngine.Debug:Log (object)
FruitDefense.Editor.LayeredTerrainPainterSmoke:Validate () (at Assets/Editor/Tests/LayeredTerrainPainterSmoke.cs:35)
FruitDefense.Editor.ProjectSetup:SmokeValidate () (at Assets/Editor/Tools/ProjectSetup.cs:248)
FruitDefense.Editor.P0ValidationSuite:Run () (at Assets/Editor/Tests/P0ValidationSuite.cs:18)

(Filename: Assets/Editor/Tests/LayeredTerrainPainterSmoke.cs Line: 35)

Asset Pipeline Refresh (id=fc73b5814b3d6d448a856f7511c5e855): Total: 0.013 seconds - Initiated by RefreshV2(NoUpdateAssetOptions)
Asset Pipeline Refresh (id=e4e3ffd6d4a9dbf4ca6e53d0070eefc3): Total: 0.028 seconds - Initiated by RefreshV2(NoUpdateAssetOptions)
Square contour topology guide generated: Assets/LayeredTerrain/GrassSoil/Square/Topology/SquareContourTopologyGuide.png
UnityEngine.Debug:ExtractStackTraceNoAlloc (byte*,int,string)
UnityEngine.StackTraceUtility:ExtractStackTrace ()
UnityEngine.DebugLogHandler:Internal_Log (UnityEngine.LogType,UnityEngine.LogOption,string,UnityEngine.Object)
UnityEngine.DebugLogHandler:LogFormat (UnityEngine.LogType,UnityEngine.Object,string,object[])
UnityEngine.Logger:Log (UnityEngine.LogType,object)
UnityEngine.Debug:Log (object)
FruitDefense.Editor.SquareTerrainArtGenerator:GenerateTopologyGuide () (at Assets/Editor/Tools/SquareTerrainArtGenerator.cs:42)
FruitDefense.Editor.SquareTerrainArtGenerator:GenerateAvailableSquareAssets () (at Assets/Editor/Tools/SquareTerrainArtGenerator.cs:133)
FruitDefense.Editor.LayeredTerrainArtSetup:EnsurePaletteAssets () (at Assets/Editor/Tools/LayeredTerrainArtSetup.cs:62)
FruitDefense.Editor.TerrainBrushRegistrySmoke:Validate () (at Assets/Editor/Tests/TerrainBrushRegistrySmoke.cs:14)
FruitDefense.Editor.ProjectSetup:SmokeValidate () (at Assets/Editor/Tools/ProjectSetup.cs:249)
FruitDefense.Editor.P0ValidationSuite:Run () (at Assets/Editor/Tests/P0ValidationSuite.cs:18)

(Filename: Assets/Editor/Tools/SquareTerrainArtGenerator.cs Line: 42)

Asset Pipeline Refresh (id=fd4dbc02835089c478499dd7d99d6f82): Total: 0.035 seconds - Initiated by RefreshV2(NoUpdateAssetOptions)
Asset Pipeline Refresh (id=5589d9dcf5ae853459ff69cd9dab69f3): Total: 0.025 seconds - Initiated by RefreshV2(NoUpdateAssetOptions)
Asset Pipeline Refresh (id=c6ce107b2468378418bc8e8435abfe5c): Total: 0.027 seconds - Initiated by RefreshV2(NoUpdateAssetOptions)
Start importing Assets/LayeredTerrain/GrassSoil/Square/LandformStoneRoad/Mask-07.asset using Guid(b02fd980a2abc6b41974d859a777fb1d) (NativeFormatImporter) -> (artifact id: '09027e8d963d8fd928277d96f7735e27') in 0.0015897 seconds
Start importing Assets/LayeredTerrain/GrassSoil/Square/LandformGrass/Mask-05.asset using Guid(d04330ef8020b8a41b9e4589cb202101) (NativeFormatImporter) -> (artifact id: '4e5972f1b6c2ded32e8e48532b67135b') in 0.0013109 seconds
Start importing Assets/LayeredTerrain/GrassSoil/Square/LandformGrass/Mask-12.asset using Guid(d00b41817e9bc0741ad148ea3e94519a) (NativeFormatImporter) -> (artifact id: '9d0a3a48e4156b96b3c76ca702bf7bff') in 0.0012404 seconds
Start importing Assets/LayeredTerrain/GrassSoil/Square/LandformStoneRoad/Mask-13.asset using Guid(116a8c3b6ac195a4ebb8e3c7a9989ddc) (NativeFormatImporter) -> (artifact id: '871e193410b26687800828802aef7920') in 0.0011987 seconds
Start importing Assets/LayeredTerrain/GrassSoil/Square/LandformGrass/Mask-02.asset using Guid(315648227c153724090125e98f4cba15) (NativeFormatImporter) -> (artifact id: 'd08b86b0e86b5ac26e9107766d5008d1') in 0.001359 seconds
Start importing Assets/LayeredTerrain/GrassSoil/Square/LandformStoneRoad/Mask-11.asset using Guid(519050a0a5a9f5847b095ee0b83437a0) (NativeFormatImporter) -> (artifact id: 'ae100c2ae270a66d81134616e885003c') in 0.0012972 seconds
Start importing Assets/LayeredTerrain/GrassSoil/Square/LandformGrass/Mask-14.asset using Guid(81815b76ad7c06c47bf1bc7b65624ffd) (NativeFormatImporter) -> (artifact id: 'e00c4c5ecbd51682bc3c65bf8d862a23') in 0.0012182 seconds
Start importing Assets/LayeredTerrain/GrassSoil/Square/LandformSoil/Mask-03.asset using Guid(b1c5384b4651e4a4a82d483cc64aae79) (NativeFormatImporter) -> (artifact id: '45c12fb41048b850cd7cb0f3e535436a') in 0.0012321 seconds
Start importing Assets/LayeredTerrain/GrassSoil/Square/LandformGrass/Mask-15.asset using Guid(027119ab30d86a546a5d935d6e9ec608) (NativeFormatImporter) -> (artifact id: '7e821f282e19a2a4d5825e548df9693a') in 0.0011986 seconds
Start importing Assets/LayeredTerrain/GrassSoil/Square/LandformGrass/Mask-00.asset using Guid(13f70a46e499e0146bffd256e7c14483) (NativeFormatImporter) -> (artifact id: '2a9713a59b72231d0d554c49e274b85a') in 0.0013545 seconds
Start importing Assets/LayeredTerrain/GrassSoil/Square/LandformSoil/Mask-00.asset using Guid(8303f71f8469fd7459473d47391ab0b3) (NativeFormatImporter) -> (artifact id: '1442dfc314550b70b27dde3dada60cc7') in 0.001239 seconds
Start importing Assets/LayeredTerrain/GrassSoil/Square/LandformSoil/Mask-01.asset using Guid(d33072ada9e1bb749adcc5938680d51a) (NativeFormatImporter) -> (artifact id: '7a8f58bad24b64f744799cb0b0b9228f') in 0.001208 seconds
Start importing Assets/LayeredTerrain/GrassSoil/Square/LandformStoneRoad/Mask-09.asset using Guid(d30b19c2c64338a4fa9211b305cf65b1) (NativeFormatImporter) -> (artifact id: '59211e6be04f7e5724ec1a1b38221d71') in 0.0013366 seconds
Start importing Assets/LayeredTerrain/GrassSoil/Square/LandformSoil/Mask-13.asset using Guid(548b829df136ae948902efdc96ee70bb) (NativeFormatImporter) -> (artifact id: 'd770f2a72e8453a69c8ff146ee623ca5') in 0.0013369 seconds
Start importing Assets/LayeredTerrain/GrassSoil/Square/LandformStoneRoad/Mask-00.asset using Guid(74d1d4b679c3aec43af1bd30b6c4aea1) (NativeFormatImporter) -> (artifact id: '4c60ffb732228db343f89511449fce3b') in 0.0013884 seconds
Start importing Assets/LayeredTerrain/GrassSoil/Square/LandformGrass/Mask-01.asset using Guid(35cbc7e6bd8f2f84d9c7965779c9b2eb) (NativeFormatImporter) -> (artifact id: '7cd6fe12f157cd0a0b2a210183323c21') in 0.0012208 seconds
Start importing Assets/LayeredTerrain/GrassSoil/Square/LandformGrass/Mask-10.asset using Guid(5728d44dd2630ff40849746ce5d849d7) (NativeFormatImporter) -> (artifact id: '57d0e56c944d10ea9c02adfa74800a28') in 0.0012082 seconds
Start importing Assets/LayeredTerrain/GrassSoil/Square/LandformSoil/Mask-09.asset using Guid(67347eef4df492941b15d16b687e2cb7) (NativeFormatImporter) -> (artifact id: '0b3fee03fb07b35a5fbe9374ec056b4b') in 0.0012414 seconds
Start importing Assets/LayeredTerrain/GrassSoil/Square/LandformGrass/Mask-04.asset using Guid(87737865bdb87ec43864ad3d997d7626) (NativeFormatImporter) -> (artifact id: '83b9f8cc1d095defdc009bd1839b690f') in 0.0012986 seconds
Start importing Assets/LayeredTerrain/GrassSoil/Square/LandformSoil/Mask-02.asset using Guid(87e33da937f65d34fb027eebfd8c1343) (NativeFormatImporter) -> (artifact id: '031756e6cc2b3a5ef2ddcaf8740ee21f') in 0.0012017 seconds
Start importing Assets/LayeredTerrain/GrassSoil/Square/LandformGrass/Mask-08.asset using Guid(b781c12832a4cd84392ab7d35a405505) (NativeFormatImporter) -> (artifact id: 'c734ab3f59a9e28ca19de35691f15a63') in 0.0012443 seconds
Start importing Assets/LayeredTerrain/GrassSoil/Square/LandformStoneRoad/Mask-04.asset using Guid(f70ec30b59552144a97e4da8fea5520c) (NativeFormatImporter) -> (artifact id: '67ab708a109917ddbe110252083911c2') in 0.0012402 seconds
Start importing Assets/LayeredTerrain/GrassSoil/Square/LandformStoneRoad/Mask-05.asset using Guid(08c7afe6a1108a84b9f8ac99c7fa610e) (NativeFormatImporter) -> (artifact id: 'a8026e8f0c10f4b634f0c477d7f79ba5') in 0.0012711 seconds
Start importing Assets/LayeredTerrain/GrassSoil/Square/LandformStoneRoad/Mask-14.asset using Guid(39202684bd500f14184c5131ac46a6dd) (NativeFormatImporter) -> (artifact id: 'b43c0e8abc2951d26427ba0ee51e7ebb') in 0.0011996 seconds
Start importing Assets/LayeredTerrain/GrassSoil/Square/LandformSoil/SoilSquareLandformTileSet.asset using Guid(897d878e9497c6e4d935ea42058d6001) (NativeFormatImporter) -> (artifact id: '17e85a477bcdc5aaf3c7a2ca1f1f5d8e') in 0.0013329 seconds
Start importing Assets/LayeredTerrain/GrassSoil/Square/LandformStoneRoad/StoneRoadSquareLandformTileSet.asset using Guid(0a6730ef0e26d5b49b9ae3129ee21909) (NativeFormatImporter) -> (artifact id: '48456893df0f467254b3256235820444') in 0.0012479 seconds
Start importing Assets/LayeredTerrain/GrassSoil/Square/LandformStoneRoad/Mask-10.asset using Guid(caa578d738fb0414e820ab1e3541b03f) (NativeFormatImporter) -> (artifact id: 'be4dcdbbc4fe728152242b70b5e9bb78') in 0.0011653 seconds
Start importing Assets/LayeredTerrain/GrassSoil/Square/LandformSoil/Mask-07.asset using Guid(2ce20b5da48d1ae43956c41d22ecd92e) (NativeFormatImporter) -> (artifact id: '7c41af1778c9689fc8cf1f4e4fcccd2c') in 0.0011672 seconds
Start importing Assets/LayeredTerrain/GrassSoil/Square/LandformSoil/Mask-11.asset using Guid(2c6bd62321830da498ea7724ae626857) (NativeFormatImporter) -> (artifact id: 'b1033fab3dddb68d369a244413a84ab3') in 0.0012058 seconds
Start importing Assets/LayeredTerrain/GrassSoil/Square/LandformStoneRoad/Mask-15.asset using Guid(5cbc1f25709453b4a90de7054d0ce9b7) (NativeFormatImporter) -> (artifact id: 'ca75aea14a03badd729ba37b57fc7710') in 0.0012203 seconds
Start importing Assets/LayeredTerrain/GrassSoil/Square/LandformGrass/Mask-09.asset using Guid(8c5fb632240287d48a17621f58d3a651) (NativeFormatImporter) -> (artifact id: '77c6cf5113d6c96189dbf6818d84fd5f') in 0.0012292 seconds
Start importing Assets/LayeredTerrain/GrassSoil/Square/LandformSoil/Mask-12.asset using Guid(bc85f424c35a6c845b2186949136a828) (NativeFormatImporter) -> (artifact id: '08c355397adee775c3834a7a7a0bf465') in 0.0011869 seconds
Start importing Assets/LayeredTerrain/GrassSoil/Square/LandformSoil/Mask-10.asset using Guid(0dfe2c0efe3330c4d9570f0061d459b9) (NativeFormatImporter) -> (artifact id: '88decb540b9e036a0400c2d34dbc707c') in 0.0012025 seconds
Start importing Assets/LayeredTerrain/GrassSoil/Square/LandformGrass/Mask-03.asset using Guid(1db706b3e9547554e9081663c6442ba0) (NativeFormatImporter) -> (artifact id: 'fdfbe87044d88284093ccc42787947e0') in 0.0012606 seconds
Start importing Assets/LayeredTerrain/GrassSoil/Square/LandformStoneRoad/Mask-02.asset using Guid(1d9b71389b4697e4586703b25f185da7) (NativeFormatImporter) -> (artifact id: 'dbb50fa57ab28462356bbd1a8ebab835') in 0.0012502 seconds
Start importing Assets/LayeredTerrain/GrassSoil/Square/LandformSoil/Mask-05.asset using Guid(2de42da45e48f974e9a74a6970e6e643) (NativeFormatImporter) -> (artifact id: '6e739e360d22b33fd378e6acefe9d800') in 0.0013086 seconds
Start importing Assets/LayeredTerrain/GrassSoil/Square/LandformGrass/Mask-11.asset using Guid(5d253dc28016ae64db4653758ac0af88) (NativeFormatImporter) -> (artifact id: '4dbb166b77c04b10385ee89749d834d3') in 0.0012695 seconds
Start importing Assets/LayeredTerrain/GrassSoil/Square/LandformSoil/Mask-04.asset using Guid(5d4806f722710eb40b1cf937cc6498b6) (NativeFormatImporter) -> (artifact id: 'a825e4a02be2364dca6cd5d251c2a1af') in 0.0012635 seconds
Start importing Assets/LayeredTerrain/GrassSoil/Square/LandformStoneRoad/Mask-01.asset using Guid(add98a42caf91414387900c1b29b92c6) (NativeFormatImporter) -> (artifact id: 'a1a43dffdd1f7cdd6311169ade464c57') in 0.0012344 seconds
Start importing Assets/LayeredTerrain/GrassSoil/Square/LandformGrass/Mask-06.asset using Guid(cd0f4d7279da9f84caa8c319e7ab29f9) (NativeFormatImporter) -> (artifact id: '52937737c65259daea7bed84aa0a8a04') in 0.0012389 seconds
Start importing Assets/LayeredTerrain/GrassSoil/Square/LandformGrass/Mask-07.asset using Guid(4e65cf042fab2c1448282809779edb8a) (NativeFormatImporter) -> (artifact id: '8cc68977b954eb6d618706e748b65e8b') in 0.0012632 seconds
Start importing Assets/LayeredTerrain/GrassSoil/Square/LandformGrass/Mask-13.asset using Guid(7e2014d33d57f294f97dea5ed30b730c) (NativeFormatImporter) -> (artifact id: '93ec9328dc52bc61493ece4ef09f812b') in 0.0012311 seconds
Start importing Assets/LayeredTerrain/GrassSoil/Square/LandformSoil/Mask-14.asset using Guid(ae949dd8d7965fa41b1d3481d8bf8e30) (NativeFormatImporter) -> (artifact id: '13d3e8fadf25938fb6084c9eacdc285d') in 0.0012234 seconds
Start importing Assets/LayeredTerrain/GrassSoil/Square/LandformStoneRoad/Mask-08.asset using Guid(aecab5b9f537b5349adcff0900809717) (NativeFormatImporter) -> (artifact id: '6723e7d6eab214144e2a993643460ee5') in 0.0011932 seconds
Start importing Assets/LayeredTerrain/GrassSoil/Square/LandformSoil/Mask-15.asset using Guid(ce833c44287e15a44945e738038eb1c3) (NativeFormatImporter) -> (artifact id: '7c1ac2f82e318d432012af6c6509f07a') in 0.0011987 seconds
Start importing Assets/LayeredTerrain/GrassSoil/Square/LandformSoil/Mask-08.asset using Guid(ee6f4f16a4085914dbcb15919c60654c) (NativeFormatImporter) -> (artifact id: '2a403aad88716c1a9d6ee321599dc86f') in 0.0012491 seconds
Start importing Assets/LayeredTerrain/GrassSoil/Square/LandformStoneRoad/Mask-12.asset using Guid(2f49f6b2d05a8804097e79c69e515dc3) (NativeFormatImporter) -> (artifact id: '3512849ba8746b3929337e37047f52c2') in 0.0013387 seconds
Start importing Assets/LayeredTerrain/GrassSoil/Square/LandformSoil/Mask-06.asset using Guid(3ff6ff5cd14cc7441a6a84cdde5ff745) (NativeFormatImporter) -> (artifact id: 'c47a955bf9dc32d5bb761f8069ffd421') in 0.0012908 seconds
Start importing Assets/LayeredTerrain/GrassSoil/Square/LandformStoneRoad/Mask-06.asset using Guid(df46002ea561b404889b370e84a77f83) (NativeFormatImporter) -> (artifact id: 'c73fed30de3e790341265e9a3306482c') in 0.0011963 seconds
Start importing Assets/LayeredTerrain/GrassSoil/Square/LandformStoneRoad/Mask-03.asset using Guid(df1e863caf3bc5441a0d4c507b76c311) (NativeFormatImporter) -> (artifact id: 'a9a2fb8e8c6cb1c0cdbe880f9de699ac') in 0.0011866 seconds
Start importing Assets/LayeredTerrain/GrassSoil/Square/LandformGrass/GrassSquareLandformTileSet.asset using Guid(ef399dc10411dd84ab6a276f72e506ea) (NativeFormatImporter) -> (artifact id: '3f3f806b6373e60abb62a5adaf65a9f7') in 0.0012603 seconds
Refreshing native plugins compatible for Editor in 0.16 ms, found 0 plugins.
Preloading 0 native plugins for Editor in 0.00 ms.
Asset Pipeline Refresh (id=4fed448d1d9b5c84681b2c900a42d42b): Total: 0.088 seconds - Initiated by StopAssetImportingV2(NoUpdateAssetOptions)
Native 256 px square grass, soil and stone-road landforms generated.
UnityEngine.Debug:ExtractStackTraceNoAlloc (byte*,int,string)
UnityEngine.StackTraceUtility:ExtractStackTrace ()
UnityEngine.DebugLogHandler:Internal_Log (UnityEngine.LogType,UnityEngine.LogOption,string,UnityEngine.Object)
UnityEngine.DebugLogHandler:LogFormat (UnityEngine.LogType,UnityEngine.Object,string,object[])
UnityEngine.Logger:Log (UnityEngine.LogType,object)
UnityEngine.Debug:Log (object)
FruitDefense.Editor.SquareTerrainArtGenerator:GenerateDeterministicLandforms () (at Assets/Editor/Tools/SquareTerrainArtGenerator.cs:87)
FruitDefense.Editor.SquareTerrainArtGenerator:GenerateAvailableSquareAssets () (at Assets/Editor/Tools/SquareTerrainArtGenerator.cs:134)
FruitDefense.Editor.LayeredTerrainArtSetup:EnsurePaletteAssets () (at Assets/Editor/Tools/LayeredTerrainArtSetup.cs:62)
FruitDefense.Editor.TerrainBrushRegistrySmoke:Validate () (at Assets/Editor/Tests/TerrainBrushRegistrySmoke.cs:14)
FruitDefense.Editor.ProjectSetup:SmokeValidate () (at Assets/Editor/Tools/ProjectSetup.cs:249)
FruitDefense.Editor.P0ValidationSuite:Run () (at Assets/Editor/Tests/P0ValidationSuite.cs:18)

(Filename: Assets/Editor/Tools/SquareTerrainArtGenerator.cs Line: 87)

Asset Pipeline Refresh (id=79839ee38b513ac4f8f44394b429144f): Total: 0.041 seconds - Initiated by RefreshV2(NoUpdateAssetOptions)
Start importing Assets/LayeredTerrain/GrassSoil/Square/EdgeGrassOnSoilPainted/Mask-15.asset using Guid(a17969b175ec3354c8fe533c48257f94) (NativeFormatImporter) -> (artifact id: '99f211a0ff210a0c86467a3e625714fe') in 0.0014151 seconds
Start importing Assets/LayeredTerrain/GrassSoil/Square/EdgeGrassOnSoilPainted/Mask-04.asset using Guid(e2449efc0c1116648a5b9cbfe33d8e81) (NativeFormatImporter) -> (artifact id: '18145ed9e628d5f8340c44824db6c8be') in 0.0012523 seconds
Start importing Assets/LayeredTerrain/GrassSoil/Square/EdgeGrassOnSoilPainted/Mask-14.asset using Guid(4328f421ed4ea34439d6e4e50990e24a) (NativeFormatImporter) -> (artifact id: '6bbe4451c7dca2d4de869403308041cf') in 0.001398 seconds
Start importing Assets/LayeredTerrain/GrassSoil/Square/EdgeGrassOnSoilPainted/Mask-11.asset using Guid(04aab987cd98a4440b66bb727667d8db) (NativeFormatImporter) -> (artifact id: 'eb6fb6ecd423e575e0946462aa243d66') in 0.0012044 seconds
Start importing Assets/LayeredTerrain/GrassSoil/Square/EdgeGrassOnSoilPainted/Mask-13.asset using Guid(75f61e4d96323eb4e906226b1dd8a16a) (NativeFormatImporter) -> (artifact id: '7952dc870547efbd422b012b46d2b17a') in 0.0011997 seconds
Start importing Assets/LayeredTerrain/GrassSoil/Square/EdgeGrassOnSoilPainted/Mask-08.asset using Guid(062a9acbc752b0342becc47471c8dad4) (NativeFormatImporter) -> (artifact id: 'ee86fce3dc4587f247fc6e398cfff9cd') in 0.0012155 seconds
Start importing Assets/LayeredTerrain/GrassSoil/Square/EdgeGrassOnSoilPainted/Mask-12.asset using Guid(17347530ba5655e4cb59ff249a976ea1) (NativeFormatImporter) -> (artifact id: '27e6bc4eabc1e74cb23636389ffd9263') in 0.0011838 seconds
Start importing Assets/LayeredTerrain/GrassSoil/Square/EdgeGrassOnSoilPainted/Mask-00.asset using Guid(676ca911d7a7bbf408a30856d7cc6990) (NativeFormatImporter) -> (artifact id: '557d3d98682769dd5e96ded56f4299cf') in 0.0012444 seconds
Start importing Assets/LayeredTerrain/GrassSoil/Square/EdgeGrassOnSoilPainted/Mask-10.asset using Guid(e75c1031ec799e0448fd29d3082006b4) (NativeFormatImporter) -> (artifact id: 'c8e41218e8984dd46c91b31d7703de4f') in 0.0012232 seconds
Start importing Assets/LayeredTerrain/GrassSoil/Square/EdgeGrassOnSoilPainted/Mask-09.asset using Guid(a8a7730f3a6dd484198f1b19fed8a24f) (NativeFormatImporter) -> (artifact id: '5597baddb442bf8a928e37d39723d50b') in 0.0012005 seconds
Start importing Assets/LayeredTerrain/GrassSoil/Square/EdgeGrassOnSoilPainted/Mask-07.asset using Guid(f8b2f90201834fa478634d3f30f6af16) (NativeFormatImporter) -> (artifact id: 'a306cb5e617a8648a67a81dc94516e9e') in 0.0012746 seconds
Start importing Assets/LayeredTerrain/GrassSoil/Square/EdgeGrassOnSoilPainted/Mask-06.asset using Guid(19882d23e028ac94e8abd02f91624ba8) (NativeFormatImporter) -> (artifact id: '54900e8224e5828f7c6a4f69fec6db72') in 0.0012312 seconds
Start importing Assets/LayeredTerrain/GrassSoil/Square/EdgeGrassOnSoilPainted/Mask-01.asset using Guid(b94d4b2cd03a1b04b83a81974d966227) (NativeFormatImporter) -> (artifact id: '7caf427609fab688c51f9caa2ce6a79f') in 0.0012569 seconds
Start importing Assets/LayeredTerrain/GrassSoil/Square/EdgeGrassOnSoilPainted/Mask-03.asset using Guid(1a4a3cc4af69bbc4aaabde52016c4f95) (NativeFormatImporter) -> (artifact id: 'af45f85c0f45a239757e36be7c184f6c') in 0.0012024 seconds
Start importing Assets/LayeredTerrain/GrassSoil/Square/EdgeGrassOnSoilPainted/Mask-05.asset using Guid(bacdc75efb95eda42aa6803845d196c4) (NativeFormatImporter) -> (artifact id: '6d469253745d86e884993bfadfef01d0') in 0.0012161 seconds
Start importing Assets/LayeredTerrain/GrassSoil/Square/EdgeGrassOnSoilPainted/GrassOnSoilSquarePaintedTileSet.asset using Guid(1b984e39e61f8734d8c54b032e84c3a3) (NativeFormatImporter) -> (artifact id: '612bda68ec02f7c1be620eb4ba627873') in 0.0012888 seconds
Start importing Assets/LayeredTerrain/GrassSoil/Square/EdgeGrassOnSoilPainted/Mask-02.asset using Guid(8d6a7e51f29762f4796204a57546e522) (NativeFormatImporter) -> (artifact id: '504e9a251c8e415c78cba5f93910b005') in 0.0012677 seconds
Refreshing native plugins compatible for Editor in 0.15 ms, found 0 plugins.
Preloading 0 native plugins for Editor in 0.00 ms.
Asset Pipeline Refresh (id=8954f1ca08f48ec4aa10b6afb7aa221f): Total: 0.035 seconds - Initiated by StopAssetImportingV2(NoUpdateAssetOptions)
Accepted ribbon lip profile packaged as a top-down grass feather with base-grass RGB, guide-owned topology and no soil wall or outline.
UnityEngine.Debug:ExtractStackTraceNoAlloc (byte*,int,string)
UnityEngine.StackTraceUtility:ExtractStackTrace ()
UnityEngine.DebugLogHandler:Internal_Log (UnityEngine.LogType,UnityEngine.LogOption,string,UnityEngine.Object)
UnityEngine.DebugLogHandler:LogFormat (UnityEngine.LogType,UnityEngine.Object,string,object[])
UnityEngine.Logger:Log (UnityEngine.LogType,object)
UnityEngine.Debug:Log (object)
FruitDefense.Editor.SquareTerrainArtGenerator:PackageAcceptedGrassOnSoilCandidate () (at Assets/Editor/Tools/SquareTerrainArtGenerator.cs:126)
FruitDefense.Editor.SquareTerrainArtGenerator:GenerateAvailableSquareAssets () (at Assets/Editor/Tools/SquareTerrainArtGenerator.cs:138)
FruitDefense.Editor.LayeredTerrainArtSetup:EnsurePaletteAssets () (at Assets/Editor/Tools/LayeredTerrainArtSetup.cs:62)
FruitDefense.Editor.TerrainBrushRegistrySmoke:Validate () (at Assets/Editor/Tests/TerrainBrushRegistrySmoke.cs:14)
FruitDefense.Editor.ProjectSetup:SmokeValidate () (at Assets/Editor/Tools/ProjectSetup.cs:249)
FruitDefense.Editor.P0ValidationSuite:Run () (at Assets/Editor/Tests/P0ValidationSuite.cs:18)

(Filename: Assets/Editor/Tools/SquareTerrainArtGenerator.cs Line: 126)

Start importing Assets/LayeredTerrain/GrassSoil/LandformSoil/Mask-07.asset using Guid(40244693c163e6541baff892b129cb00) (NativeFormatImporter) -> (artifact id: 'e65830c68ae7e03467001a0296ab0069') in 0.0014556 seconds
Start importing Assets/LayeredTerrain/GrassSoil/EdgeGrassOnSoilRefined/Mask-07.asset using Guid(418e9fec0ca97b64ab0f4c86dc0fd006) (NativeFormatImporter) -> (artifact id: 'cd9c2cf18fdd38f609098f7d0cc15714') in 0.0012439 seconds
Start importing Assets/LayeredTerrain/CompositeBrushes/OriginalGrassSoil/OriginalGrassSoilReverseLandformTileSet.asset using Guid(813c3f8ce1d51a24093ce2c5ed1547fa) (NativeFormatImporter) -> (artifact id: 'b5291246265ecb7af0dd8a3a19f371a0') in 0.0012777 seconds
Start importing Assets/LayeredTerrain/GrassSoil/Authoring/SoilBase.asset using Guid(a158e7b4dd9e7c448b398f9b22a9f9c2) (NativeFormatImporter) -> (artifact id: '1d93f5ffd6651520cc292a513066cccb') in 0.0012446 seconds
Start importing Assets/LayeredTerrain/GrassSoil/EdgeGrassOnSoilRefined/Mask-05.asset using Guid(f15a3346efbbefb40babba4ef8f6ffa7) (NativeFormatImporter) -> (artifact id: '0325b05872f53d4d8922d91b29b864f9') in 0.0011973 seconds
Start importing Assets/LayeredTerrain/GrassSoil/LandformSoil/Mask-04.asset using Guid(f1fab5de0afca5445ba4970fcd52bbbe) (NativeFormatImporter) -> (artifact id: '09085b923c9ce06113de808e0225d25b') in 0.0012109 seconds
Start importing Assets/LayeredTerrain/GrassSoil/EdgeGrassOnSoilRefined/Mask-14.asset using Guid(1292b21714ab41b4197a410a29053ee2) (NativeFormatImporter) -> (artifact id: '113ba810aee874d1280699a85e7183b6') in 0.0011904 seconds
Start importing Assets/LayeredTerrain/GrassSoil/LandformGrass/Mask-08.asset using Guid(52e1998e35a61a047bd24dd910b6bb8c) (NativeFormatImporter) -> (artifact id: '675f77c88e6e0d975abaaae9f510d95d') in 0.002178 seconds
Start importing Assets/LayeredTerrain/GrassSoil/EdgeGrassOnSoilRefined/Mask-15.asset using Guid(a2ee8cf7722d54542bb6934c3c7acca3) (NativeFormatImporter) -> (artifact id: '6edcf8d7d3f26ee03919cdd607084ab1') in 0.0016994 seconds
Start importing Assets/LayeredTerrain/GrassSoil/EdgeGrassOnSoilRefined/Mask-11.asset using Guid(c29b700cc6f883f4d8d20d2a190eee05) (NativeFormatImporter) -> (artifact id: 'f51c180f858faa73b198142b42927cfc') in 0.0012963 seconds
Start importing Assets/LayeredTerrain/GrassSoil/LandformGrass/Mask-07.asset using Guid(d285b7a144ce1134ba6f4b02b003db14) (NativeFormatImporter) -> (artifact id: '0038d19d51d9c42dea9465db3b105f39') in 0.0012418 seconds
Start importing Assets/LayeredTerrain/GrassSoil/LandformSoil/Mask-01.asset using Guid(030d3f064f313fe4aa4dd2ab0ae33f07) (NativeFormatImporter) -> (artifact id: '3fd5251983b6578fd68bf6bc3bb3b4e3') in 0.0012585 seconds
Start importing Assets/LayeredTerrain/GrassSoil/EdgeGrassOnSoilRefined/Mask-10.asset using Guid(c32eb2f88b196e04f96b1b2b04ea7efe) (NativeFormatImporter) -> (artifact id: '2d01cd9893dc47967ba87373e479eb7e') in 0.0021415 seconds
Start importing Assets/LayeredTerrain/GrassSoil/LandformSoil/Mask-13.asset using Guid(04bdecbe02f95ef46986c7056c2b7c3b) (NativeFormatImporter) -> (artifact id: '15f31c02a38b8c10ecc25938dd45d64e') in 0.0012303 seconds
Start importing Assets/LayeredTerrain/GrassSoil/EdgeGrassOnSoilRefined/Mask-00.asset using Guid(e4a3c845026f4254892939518018693f) (NativeFormatImporter) -> (artifact id: '3a031e969e7d12b8ad7d8420c2b35c82') in 0.0012342 seconds
Start importing Assets/LayeredTerrain/GrassSoil/LandformSoil/Mask-03.asset using Guid(15a3542839f831f41a0a24e5e9e2f22c) (NativeFormatImporter) -> (artifact id: '6e77d59b695c8200cb85f17fa75a4b54') in 0.0012181 seconds
Start importing Assets/LayeredTerrain/GrassSoil/LandformSoil/Mask-02.asset using Guid(f587922c248637745a6249f84c52611e) (NativeFormatImporter) -> (artifact id: '75844366cc32f023f1e40453bee8aa54') in 0.0012721 seconds
Start importing Assets/LayeredTerrain/GrassSoil/LandformGrass/Mask-09.asset using Guid(165dc20b52db7d14488b55217f6ac108) (NativeFormatImporter) -> (artifact id: '72e38899c33e0e3ced6ed6d0356b17dc') in 0.0012585 seconds
Start importing Assets/LayeredTerrain/GrassSoil/LandformSoil/Mask-11.asset using Guid(86718e5a68b1dcc47854d71bba5a1c17) (NativeFormatImporter) -> (artifact id: '04f57e67d298deb7839321669f6f5937') in 0.0014724 seconds
Start importing Assets/LayeredTerrain/GrassSoil/EdgeGrassOnSoilRefined/Mask-09.asset using Guid(86c349d56e9db3e4e849d6749cdfbfbe) (NativeFormatImporter) -> (artifact id: 'a3a3937713e26dae2d17075614e230de') in 0.0012791 seconds
Start importing Assets/LayeredTerrain/CompositeBrushes/GrassSoil/GrassSoilReverseLandformTileSet.asset using Guid(17ff6febab517824eb695d29e0459a1f) (NativeFormatImporter) -> (artifact id: '3aac16350dc78571bdc4c034dd153e34') in 0.0013166 seconds
Start importing Assets/LayeredTerrain/GrassSoil/LandformSoil/Mask-09.asset using Guid(478b7d64a48c32541abd22cde03a7210) (NativeFormatImporter) -> (artifact id: 'df61b4f661f9c0aded60f089bd901d4a') in 0.0012831 seconds
Start importing Assets/LayeredTerrain/GrassSoil/LandformSoil/Mask-05.asset using Guid(878e7bb9dfa805f47b4b88fef4623c4b) (NativeFormatImporter) -> (artifact id: '6433cd5ece3fc29e9694b9c40d1cce7b') in 0.0012745 seconds
Start importing Assets/LayeredTerrain/CompositeBrushes/StoneWater/StoneWaterReverseLandformTileSet.asset using Guid(97ffcbb8c3ab6264e80693ccaf0c43de) (NativeFormatImporter) -> (artifact id: '098d79a46ae44df4e4eabca0ead85233') in 0.0012933 seconds
Start importing Assets/LayeredTerrain/GrassSoil/LandformSoil/Mask-14.asset using Guid(a7806afe4f019d445bbf552f9eece05e) (NativeFormatImporter) -> (artifact id: 'e86c3f661d3698b3e540fda453881940') in 0.0013709 seconds
Start importing Assets/LayeredTerrain/GrassSoil/EdgeGrassOnSoilRefined/Mask-13.asset using Guid(a7d1a82699efeae47a6ca0a5bb112ae7) (NativeFormatImporter) -> (artifact id: 'a78e3ab795bab51c2fb8875ea81a3142') in 0.0013229 seconds
Start importing Assets/LayeredTerrain/GrassSoil/EdgeGrassOnSoilRefined/GrassOnSoilRefinedTileSet.asset using Guid(b75665e5083dab441a2805aa7b5e1562) (NativeFormatImporter) -> (artifact id: '9a378045af94549dd04c416ddd049034') in 0.0014164 seconds
Start importing Assets/LayeredTerrain/GrassSoil/LandformGrass/Mask-14.asset using Guid(c7287b8c949516949b483b111ceb39a0) (NativeFormatImporter) -> (artifact id: '742a261e597b802d91fa4c4b50193514') in 0.001213 seconds
Start importing Assets/LayeredTerrain/GrassSoil/LandformSoil/Mask-00.asset using Guid(88d5b3d83381240419fa7d0a9d6c2c63) (NativeFormatImporter) -> (artifact id: 'ec59939a8b52efe47b329a71ceccb6a9') in 0.0012156 seconds
Start importing Assets/LayeredTerrain/GrassSoil/LandformGrass/Mask-13.asset using Guid(e80621ea42744c243ac2ec385c32b338) (NativeFormatImporter) -> (artifact id: 'c073a20a8e0628f7baf4a55a699ae105') in 0.0012136 seconds
Start importing Assets/LayeredTerrain/GrassSoil/LandformGrass/Mask-00.asset using Guid(c92ffc9e81d587840892eb05cf844fbf) (NativeFormatImporter) -> (artifact id: '6de21ee1cddad2dc5dc822438a8f4094') in 0.0011971 seconds
Start importing Assets/LayeredTerrain/GrassSoil/LandformSoil/Mask-08.asset using Guid(d98e1448816e2f443a1e4e6b40e7cc25) (NativeFormatImporter) -> (artifact id: '8c84979613e06175002d882607152e4e') in 0.0012019 seconds
Start importing Assets/LayeredTerrain/GrassSoil/LandformSoil/Mask-15.asset using Guid(e95509ac4ec30484ab37daa221658805) (NativeFormatImporter) -> (artifact id: 'f96248f32c56c962dfe506862d5fb21b') in 0.0011745 seconds
Start importing Assets/LayeredTerrain/GrassSoil/EdgeGrassOnSoilRefined/Mask-06.asset using Guid(e9ac41d989ad93f4ca1a691487107c16) (NativeFormatImporter) -> (artifact id: 'e9daccbac2653977ee343c02f273f598') in 0.001189 seconds
Start importing Assets/LayeredTerrain/GrassSoil/LandformSoil/Mask-10.asset using Guid(f95d6c7578efacd4cb1f12c63e1d8ff8) (NativeFormatImporter) -> (artifact id: '90d43f8749769d1781298dd6bba5d61f') in 0.0011955 seconds
Start importing Assets/LayeredTerrain/GrassSoil/LandformGrass/Mask-10.asset using Guid(0a64b675a1f765c409b8f9deea1eb208) (NativeFormatImporter) -> (artifact id: '09c03947b8c465db650824308fe637f1') in 0.001185 seconds
Start importing Assets/LayeredTerrain/GrassSoil/EdgeGrassOnSoilRefined/Mask-12.asset using Guid(3a09b8d94e4515f4fa39c4292c8052a7) (NativeFormatImporter) -> (artifact id: 'af83cf963396621d9d3bad458f6ed2a9') in 0.0012114 seconds
Start importing Assets/LayeredTerrain/GrassSoil/LandformSoil/Mask-06.asset using Guid(4ab46eb735954bf45977209e4a936a01) (NativeFormatImporter) -> (artifact id: '8450f37df15f7709b95c5c346493f1fd') in 0.0012611 seconds
Start importing Assets/LayeredTerrain/GrassSoil/LandformGrass/Mask-15.asset using Guid(7a5208b63b1d6284285e932c3708e65d) (NativeFormatImporter) -> (artifact id: '67ddae65d0c7a750e13eb34b9baf8365') in 0.0012028 seconds
Start importing Assets/LayeredTerrain/GrassSoil/LandformGrass/Mask-05.asset using Guid(3b4a2864fb45c5b4fae56fc1f697bbdd) (NativeFormatImporter) -> (artifact id: 'cf3f476c92289c5b074cb8ea3198ce61') in 0.0012116 seconds
Start importing Assets/LayeredTerrain/GrassSoil/EdgeGrassOnSoilRefined/Mask-08.asset using Guid(9b3d0613b51d86146bf5ea0994b42ddd) (NativeFormatImporter) -> (artifact id: '4e302c1a03e18f66e6c41c139ec180d3') in 0.0011503 seconds
Start importing Assets/LayeredTerrain/GrassSoil/LandformGrass/Mask-11.asset using Guid(bb6bc251a6bbcf54480e7f80f2181f2a) (NativeFormatImporter) -> (artifact id: '857582d6d96bb87d66880447573db021') in 0.0012092 seconds
Start importing Assets/LayeredTerrain/GrassSoil/LandformSoil/Mask-12.asset using Guid(3cfb4949c07b1bf43bc66661515525d7) (NativeFormatImporter) -> (artifact id: '3a6ea6ab140b5d680c9d80d68e71cee7') in 0.0011849 seconds
Start importing Assets/LayeredTerrain/GrassSoil/EdgeGrassOnSoilRefined/Mask-04.asset using Guid(6cca3f06a711ab34992417d66eeec087) (NativeFormatImporter) -> (artifact id: 'be2a2aeb01573b6be77d3a2b070fef25') in 0.0012828 seconds
Start importing Assets/LayeredTerrain/GrassSoil/Authoring/GrassBase.asset using Guid(3d71b1ea4e270714eb43b3b4541cda21) (NativeFormatImporter) -> (artifact id: '3f5ae16e96393bccc7f5f4d3650a3ce6') in 0.0012002 seconds
Start importing Assets/LayeredTerrain/GrassSoil/LandformGrass/Mask-06.asset using Guid(5d15d49b3c156ae479bd995b33107c67) (NativeFormatImporter) -> (artifact id: '05abb2ca9d5f1492af0ec896fb864d4e') in 0.0011731 seconds
Start importing Assets/LayeredTerrain/GrassSoil/LandformGrass/Mask-01.asset using Guid(7d609e3f17078a44f9a89e21b68ae180) (NativeFormatImporter) -> (artifact id: 'a1ebd9002be9baca60bb274969bc4dc2') in 0.0011807 seconds
Start importing Assets/LayeredTerrain/GrassSoil/LandformGrass/Mask-04.asset using Guid(ede22ab8e9b7bcc4da28aa41887e8614) (NativeFormatImporter) -> (artifact id: '42c1c0d805e7b323f147012ab0eb20fb') in 0.0012395 seconds
Start importing Assets/LayeredTerrain/GrassSoil/LandformSoil/SoilLandformTileSet.asset using Guid(3e1155418d0567f44af4b96697c9dd09) (NativeFormatImporter) -> (artifact id: 'df15b8c45196950bc4219bee97aafc82') in 0.0012883 seconds
Start importing Assets/LayeredTerrain/GrassSoil/EdgeGrassOnSoilRefined/Mask-02.asset using Guid(6ef5433501c908740932ed7d05777790) (NativeFormatImporter) -> (artifact id: '25936841c896ee6e32acaadabe2f5ad9') in 0.0012605 seconds
Start importing Assets/LayeredTerrain/GrassSoil/EdgeGrassOnSoilRefined/Mask-01.asset using Guid(8e0671f07975b7c43b734d81c5ff11bc) (NativeFormatImporter) -> (artifact id: 'c6f3c5aa165967eeb465f4156418931b') in 0.0011895 seconds
Start importing Assets/LayeredTerrain/GrassSoil/EdgeGrassOnSoilRefined/Mask-03.asset using Guid(de5135a77f40df84b9a7170011242e63) (NativeFormatImporter) -> (artifact id: 'c4b8007304dbcd55f4ed04fb4957f5a6') in 0.0011838 seconds
Start importing Assets/LayeredTerrain/GrassSoil/LandformGrass/GrassLandformTileSet.asset using Guid(2fc47b69529dfb541a089c835adb5ce8) (NativeFormatImporter) -> (artifact id: '7d9b947ceee84338616124256f8ad829') in 0.0012 seconds
Start importing Assets/LayeredTerrain/GrassSoil/LandformGrass/Mask-12.asset using Guid(bfcde0f6045b297478b7cca21b2bd212) (NativeFormatImporter) -> (artifact id: 'fcc2d08d622fb7725cf22421d7d46e31') in 0.0012352 seconds
Start importing Assets/LayeredTerrain/GrassSoil/LandformGrass/Mask-02.asset using Guid(cfb8b16aec24e064ba3c8b202f110c99) (NativeFormatImporter) -> (artifact id: '918a9e9785ac5cd4f4174f2fe29d6d53') in 0.0011627 seconds
Start importing Assets/LayeredTerrain/GrassSoil/LandformGrass/Mask-03.asset using Guid(cf797356fdd5ba54fb021059b4e0c786) (NativeFormatImporter) -> (artifact id: '297c0fc42e401c9d7fd0a377a3b5b28e') in 0.0011803 seconds
Refreshing native plugins compatible for Editor in 0.16 ms, found 0 plugins.
Preloading 0 native plugins for Editor in 0.00 ms.
Asset Pipeline Refresh (id=29e92fe0d685f4144a55c6d611ac8e93): Total: 0.098 seconds - Initiated by StopAssetImportingV2(NoUpdateAssetOptions)
Start importing Assets/LayeredTerrain/CompositeBrushes/OriginalGrassSoil/OriginalGrassSoilBrush.asset using Guid(21a71232d6e654e4b8c7960242ff7182) (NativeFormatImporter) -> (artifact id: '3547d87e50bc075e0e2036afaef240e2') in 0.0014145 seconds
Start importing Assets/LayeredTerrain/CompositeBrushes/OriginalGrassSoil/OriginalGrassSoilReverseLandformTileSet.asset using Guid(813c3f8ce1d51a24093ce2c5ed1547fa) (NativeFormatImporter) -> (artifact id: 'b5291246265ecb7af0dd8a3a19f371a0') in 0.0012935 seconds
Refreshing native plugins compatible for Editor in 0.14 ms, found 0 plugins.
Preloading 0 native plugins for Editor in 0.00 ms.
Asset Pipeline Refresh (id=0409a6f3447c4b14398be7669d5bb8ab): Total: 0.012 seconds - Initiated by StopAssetImportingV2(NoUpdateAssetOptions)
Start importing Assets/Battlefield/Terrain/OrchardDefaultTerrainPalette.asset using Guid(8f09d513b82ee0048abd5a50378dbb0c) (NativeFormatImporter) -> (artifact id: 'af117db4ea5f59db66e2603074e05e44') in 0.0012405 seconds
Refreshing native plugins compatible for Editor in 0.13 ms, found 0 plugins.
Preloading 0 native plugins for Editor in 0.00 ms.
Asset Pipeline Refresh (id=03e455d264ae56e48bc37930c14a0495): Total: 0.009 seconds - Initiated by StopAssetImportingV2(NoUpdateAssetOptions)
FRUIT_DEFENSE_TERRAIN_BRUSH_REGISTRY_OK count=3
UnityEngine.Debug:ExtractStackTraceNoAlloc (byte*,int,string)
UnityEngine.StackTraceUtility:ExtractStackTrace ()
UnityEngine.DebugLogHandler:Internal_Log (UnityEngine.LogType,UnityEngine.LogOption,string,UnityEngine.Object)
UnityEngine.DebugLogHandler:LogFormat (UnityEngine.LogType,UnityEngine.Object,string,object[])
UnityEngine.Logger:Log (UnityEngine.LogType,object)
UnityEngine.Debug:Log (object)
FruitDefense.Editor.TerrainBrushRegistrySmoke:Validate () (at Assets/Editor/Tests/TerrainBrushRegistrySmoke.cs:93)
FruitDefense.Editor.ProjectSetup:SmokeValidate () (at Assets/Editor/Tools/ProjectSetup.cs:249)
FruitDefense.Editor.P0ValidationSuite:Run () (at Assets/Editor/Tests/P0ValidationSuite.cs:18)

(Filename: Assets/Editor/Tests/TerrainBrushRegistrySmoke.cs Line: 93)

Battlefield terrain presentation stopped: Terrain palette 'palette.orchard.default' has no landform binding for surface 'surface.grass' with contour 'contour.square' at visual cell 8.
UnityEngine.Debug:ExtractStackTraceNoAlloc (byte*,int,string)
UnityEngine.StackTraceUtility:ExtractStackTrace ()
UnityEngine.DebugLogHandler:Internal_Log (UnityEngine.LogType,UnityEngine.LogOption,string,UnityEngine.Object)
UnityEngine.DebugLogHandler:LogFormat (UnityEngine.LogType,UnityEngine.Object,string,object[])
UnityEngine.Logger:Log (UnityEngine.LogType,object,UnityEngine.Object)
UnityEngine.Debug:LogWarning (object,UnityEngine.Object)
FruitDefense.FruitDefenseGame:SetTerrainPresentationError (string) (at Assets/Scripts/FruitDefenseGame.cs:1644)
FruitDefense.FruitDefenseGame:RefreshTerrainPresentationStatus () (at Assets/Scripts/FruitDefenseGame.cs:1633)
FruitDefense.FruitDefenseGame:CompleteInitialization (FruitDefense.Battle.BattleLaunchRequest,FruitDefense.App.IAppNavigator,FruitDefense.Battle.IBattleResultSink,FruitDefense.UI.RuntimeUiTheme,FruitDefense.Core.GameSimulation) (at Assets/Scripts/FruitDefenseGame.cs:769)
FruitDefense.FruitDefenseGame:Initialize (FruitDefense.Battle.BattleLaunchRequest,FruitDefense.App.IAppNavigator,FruitDefense.Battle.IBattleResultSink,FruitDefense.UI.RuntimeUiTheme,FruitDefense.Content.ResolvedLevelDefinition) (at Assets/Scripts/FruitDefenseGame.cs:698)
FruitDefense.Editor.BattlefieldDualGridTerrainSmoke:ValidateRuntimeTerrainFailurePolicy (FruitDefense.Tilemaps.BattlefieldTerrainPalette) (at Assets/Editor/Tests/BattlefieldDualGridTerrainSmoke.cs:285)
FruitDefense.Editor.BattlefieldDualGridTerrainSmoke:Validate () (at Assets/Editor/Tests/BattlefieldDualGridTerrainSmoke.cs:46)
FruitDefense.Editor.ProjectSetup:SmokeValidate () (at Assets/Editor/Tools/ProjectSetup.cs:250)
FruitDefense.Editor.P0ValidationSuite:Run () (at Assets/Editor/Tests/P0ValidationSuite.cs:18)

(Filename: Assets/Scripts/FruitDefenseGame.cs Line: 1644)

Asset Pipeline Refresh (id=d0ce92709e47089469ea97a0418910e5): Total: 0.012 seconds - Initiated by RefreshV2(NoUpdateAssetOptions)
Asset Pipeline Refresh (id=6af52403b4ea87d4abeabc72e86612bc): Total: 0.027 seconds - Initiated by RefreshV2(NoUpdateAssetOptions)
Square contour topology guide generated: Assets/LayeredTerrain/GrassSoil/Square/Topology/SquareContourTopologyGuide.png
UnityEngine.Debug:ExtractStackTraceNoAlloc (byte*,int,string)
UnityEngine.StackTraceUtility:ExtractStackTrace ()
UnityEngine.DebugLogHandler:Internal_Log (UnityEngine.LogType,UnityEngine.LogOption,string,UnityEngine.Object)
UnityEngine.DebugLogHandler:LogFormat (UnityEngine.LogType,UnityEngine.Object,string,object[])
UnityEngine.Logger:Log (UnityEngine.LogType,object)
UnityEngine.Debug:Log (object)
FruitDefense.Editor.SquareTerrainArtGenerator:GenerateTopologyGuide () (at Assets/Editor/Tools/SquareTerrainArtGenerator.cs:42)
FruitDefense.Editor.SquareTerrainArtGenerator:GenerateAvailableSquareAssets () (at Assets/Editor/Tools/SquareTerrainArtGenerator.cs:133)
FruitDefense.Editor.LayeredTerrainArtSetup:EnsurePaletteAssets () (at Assets/Editor/Tools/LayeredTerrainArtSetup.cs:62)
FruitDefense.Editor.ProjectSetup:ConfigureBattlefieldTerrain (FruitDefense.FruitDefenseGame) (at Assets/Editor/Tools/ProjectSetup.cs:217)
FruitDefense.Editor.BattlefieldDualGridTerrainSmoke:ValidateSetupBinding (FruitDefense.Tilemaps.BattlefieldTerrainPalette,FruitDefense.Tilemaps.DualGridTileSet,FruitDefense.Tilemaps.DualGridTileSet,UnityEngine.Texture2D) (at Assets/Editor/Tests/BattlefieldDualGridTerrainSmoke.cs:489)
FruitDefense.Editor.BattlefieldDualGridTerrainSmoke:Validate () (at Assets/Editor/Tests/BattlefieldDualGridTerrainSmoke.cs:92)
FruitDefense.Editor.ProjectSetup:SmokeValidate () (at Assets/Editor/Tools/ProjectSetup.cs:250)
FruitDefense.Editor.P0ValidationSuite:Run () (at Assets/Editor/Tests/P0ValidationSuite.cs:18)

(Filename: Assets/Editor/Tools/SquareTerrainArtGenerator.cs Line: 42)

Asset Pipeline Refresh (id=eba5800b231e841448253d6b4a3cc69a): Total: 0.035 seconds - Initiated by RefreshV2(NoUpdateAssetOptions)
Asset Pipeline Refresh (id=ab980ecb22b7b6b469566a35b0726100): Total: 0.025 seconds - Initiated by RefreshV2(NoUpdateAssetOptions)
Asset Pipeline Refresh (id=8754cf473e6841840836a6edeb720224): Total: 0.029 seconds - Initiated by RefreshV2(NoUpdateAssetOptions)
Start importing Assets/LayeredTerrain/GrassSoil/Square/LandformStoneRoad/Mask-07.asset using Guid(b02fd980a2abc6b41974d859a777fb1d) (NativeFormatImporter) -> (artifact id: '09027e8d963d8fd928277d96f7735e27') in 0.0018387 seconds
Start importing Assets/LayeredTerrain/GrassSoil/Square/LandformGrass/Mask-05.asset using Guid(d04330ef8020b8a41b9e4589cb202101) (NativeFormatImporter) -> (artifact id: '4e5972f1b6c2ded32e8e48532b67135b') in 0.0014632 seconds
Start importing Assets/LayeredTerrain/GrassSoil/Square/LandformGrass/Mask-12.asset using Guid(d00b41817e9bc0741ad148ea3e94519a) (NativeFormatImporter) -> (artifact id: '9d0a3a48e4156b96b3c76ca702bf7bff') in 0.001378 seconds
Start importing Assets/LayeredTerrain/GrassSoil/Square/LandformStoneRoad/Mask-13.asset using Guid(116a8c3b6ac195a4ebb8e3c7a9989ddc) (NativeFormatImporter) -> (artifact id: '871e193410b26687800828802aef7920') in 0.0014121 seconds
Start importing Assets/LayeredTerrain/GrassSoil/Square/LandformGrass/Mask-02.asset using Guid(315648227c153724090125e98f4cba15) (NativeFormatImporter) -> (artifact id: 'd08b86b0e86b5ac26e9107766d5008d1') in 0.0014036 seconds
Start importing Assets/LayeredTerrain/GrassSoil/Square/LandformStoneRoad/Mask-11.asset using Guid(519050a0a5a9f5847b095ee0b83437a0) (NativeFormatImporter) -> (artifact id: 'ae100c2ae270a66d81134616e885003c') in 0.0014267 seconds
Start importing Assets/LayeredTerrain/GrassSoil/Square/LandformGrass/Mask-14.asset using Guid(81815b76ad7c06c47bf1bc7b65624ffd) (NativeFormatImporter) -> (artifact id: 'e00c4c5ecbd51682bc3c65bf8d862a23') in 0.0012678 seconds
Start importing Assets/LayeredTerrain/GrassSoil/Square/LandformSoil/Mask-03.asset using Guid(b1c5384b4651e4a4a82d483cc64aae79) (NativeFormatImporter) -> (artifact id: '45c12fb41048b850cd7cb0f3e535436a') in 0.0012567 seconds
Start importing Assets/LayeredTerrain/GrassSoil/Square/LandformGrass/Mask-15.asset using Guid(027119ab30d86a546a5d935d6e9ec608) (NativeFormatImporter) -> (artifact id: '7e821f282e19a2a4d5825e548df9693a') in 0.0012602 seconds
Start importing Assets/LayeredTerrain/GrassSoil/Square/LandformGrass/Mask-00.asset using Guid(13f70a46e499e0146bffd256e7c14483) (NativeFormatImporter) -> (artifact id: '2a9713a59b72231d0d554c49e274b85a') in 0.0013446 seconds
Start importing Assets/LayeredTerrain/GrassSoil/Square/LandformSoil/Mask-00.asset using Guid(8303f71f8469fd7459473d47391ab0b3) (NativeFormatImporter) -> (artifact id: '1442dfc314550b70b27dde3dada60cc7') in 0.0011999 seconds
Start importing Assets/LayeredTerrain/GrassSoil/Square/LandformSoil/Mask-01.asset using Guid(d33072ada9e1bb749adcc5938680d51a) (NativeFormatImporter) -> (artifact id: '7a8f58bad24b64f744799cb0b0b9228f') in 0.0012419 seconds
Start importing Assets/LayeredTerrain/GrassSoil/Square/LandformStoneRoad/Mask-09.asset using Guid(d30b19c2c64338a4fa9211b305cf65b1) (NativeFormatImporter) -> (artifact id: '59211e6be04f7e5724ec1a1b38221d71') in 0.0012066 seconds
Start importing Assets/LayeredTerrain/GrassSoil/Square/LandformSoil/Mask-13.asset using Guid(548b829df136ae948902efdc96ee70bb) (NativeFormatImporter) -> (artifact id: 'd770f2a72e8453a69c8ff146ee623ca5') in 0.0011938 seconds
Start importing Assets/LayeredTerrain/GrassSoil/Square/LandformStoneRoad/Mask-00.asset using Guid(74d1d4b679c3aec43af1bd30b6c4aea1) (NativeFormatImporter) -> (artifact id: '4c60ffb732228db343f89511449fce3b') in 0.0012118 seconds
Start importing Assets/LayeredTerrain/GrassSoil/Square/LandformGrass/Mask-01.asset using Guid(35cbc7e6bd8f2f84d9c7965779c9b2eb) (NativeFormatImporter) -> (artifact id: '7cd6fe12f157cd0a0b2a210183323c21') in 0.001371 seconds
Start importing Assets/LayeredTerrain/GrassSoil/Square/LandformGrass/Mask-10.asset using Guid(5728d44dd2630ff40849746ce5d849d7) (NativeFormatImporter) -> (artifact id: '57d0e56c944d10ea9c02adfa74800a28') in 0.0013 seconds
Start importing Assets/LayeredTerrain/GrassSoil/Square/LandformSoil/Mask-09.asset using Guid(67347eef4df492941b15d16b687e2cb7) (NativeFormatImporter) -> (artifact id: '0b3fee03fb07b35a5fbe9374ec056b4b') in 0.0012844 seconds
Start importing Assets/LayeredTerrain/GrassSoil/Square/LandformGrass/Mask-04.asset using Guid(87737865bdb87ec43864ad3d997d7626) (NativeFormatImporter) -> (artifact id: '83b9f8cc1d095defdc009bd1839b690f') in 0.0013024 seconds
Start importing Assets/LayeredTerrain/GrassSoil/Square/LandformSoil/Mask-02.asset using Guid(87e33da937f65d34fb027eebfd8c1343) (NativeFormatImporter) -> (artifact id: '031756e6cc2b3a5ef2ddcaf8740ee21f') in 0.0014527 seconds
Start importing Assets/LayeredTerrain/GrassSoil/Square/LandformGrass/Mask-08.asset using Guid(b781c12832a4cd84392ab7d35a405505) (NativeFormatImporter) -> (artifact id: 'c734ab3f59a9e28ca19de35691f15a63') in 0.0012699 seconds
Start importing Assets/LayeredTerrain/GrassSoil/Square/LandformStoneRoad/Mask-04.asset using Guid(f70ec30b59552144a97e4da8fea5520c) (NativeFormatImporter) -> (artifact id: '67ab708a109917ddbe110252083911c2') in 0.0012192 seconds
Start importing Assets/LayeredTerrain/GrassSoil/Square/LandformStoneRoad/Mask-05.asset using Guid(08c7afe6a1108a84b9f8ac99c7fa610e) (NativeFormatImporter) -> (artifact id: 'a8026e8f0c10f4b634f0c477d7f79ba5') in 0.0012344 seconds
Start importing Assets/LayeredTerrain/GrassSoil/Square/LandformStoneRoad/Mask-14.asset using Guid(39202684bd500f14184c5131ac46a6dd) (NativeFormatImporter) -> (artifact id: 'b43c0e8abc2951d26427ba0ee51e7ebb') in 0.0012364 seconds
Start importing Assets/LayeredTerrain/GrassSoil/Square/LandformSoil/SoilSquareLandformTileSet.asset using Guid(897d878e9497c6e4d935ea42058d6001) (NativeFormatImporter) -> (artifact id: '17e85a477bcdc5aaf3c7a2ca1f1f5d8e') in 0.0012383 seconds
Start importing Assets/LayeredTerrain/GrassSoil/Square/LandformStoneRoad/StoneRoadSquareLandformTileSet.asset using Guid(0a6730ef0e26d5b49b9ae3129ee21909) (NativeFormatImporter) -> (artifact id: '48456893df0f467254b3256235820444') in 0.0012938 seconds
Start importing Assets/LayeredTerrain/GrassSoil/Square/LandformStoneRoad/Mask-10.asset using Guid(caa578d738fb0414e820ab1e3541b03f) (NativeFormatImporter) -> (artifact id: 'be4dcdbbc4fe728152242b70b5e9bb78') in 0.0012301 seconds
Start importing Assets/LayeredTerrain/GrassSoil/Square/LandformSoil/Mask-07.asset using Guid(2ce20b5da48d1ae43956c41d22ecd92e) (NativeFormatImporter) -> (artifact id: '7c41af1778c9689fc8cf1f4e4fcccd2c') in 0.0015263 seconds
Start importing Assets/LayeredTerrain/GrassSoil/Square/LandformSoil/Mask-11.asset using Guid(2c6bd62321830da498ea7724ae626857) (NativeFormatImporter) -> (artifact id: 'b1033fab3dddb68d369a244413a84ab3') in 0.0012279 seconds
Start importing Assets/LayeredTerrain/GrassSoil/Square/LandformStoneRoad/Mask-15.asset using Guid(5cbc1f25709453b4a90de7054d0ce9b7) (NativeFormatImporter) -> (artifact id: 'ca75aea14a03badd729ba37b57fc7710') in 0.001255 seconds
Start importing Assets/LayeredTerrain/GrassSoil/Square/LandformGrass/Mask-09.asset using Guid(8c5fb632240287d48a17621f58d3a651) (NativeFormatImporter) -> (artifact id: '77c6cf5113d6c96189dbf6818d84fd5f') in 0.0012056 seconds
Start importing Assets/LayeredTerrain/GrassSoil/Square/LandformSoil/Mask-12.asset using Guid(bc85f424c35a6c845b2186949136a828) (NativeFormatImporter) -> (artifact id: '08c355397adee775c3834a7a7a0bf465') in 0.0012811 seconds
Start importing Assets/LayeredTerrain/GrassSoil/Square/LandformSoil/Mask-10.asset using Guid(0dfe2c0efe3330c4d9570f0061d459b9) (NativeFormatImporter) -> (artifact id: '88decb540b9e036a0400c2d34dbc707c') in 0.0012975 seconds
Start importing Assets/LayeredTerrain/GrassSoil/Square/LandformGrass/Mask-03.asset using Guid(1db706b3e9547554e9081663c6442ba0) (NativeFormatImporter) -> (artifact id: 'fdfbe87044d88284093ccc42787947e0') in 0.0012097 seconds
Start importing Assets/LayeredTerrain/GrassSoil/Square/LandformStoneRoad/Mask-02.asset using Guid(1d9b71389b4697e4586703b25f185da7) (NativeFormatImporter) -> (artifact id: 'dbb50fa57ab28462356bbd1a8ebab835') in 0.0011742 seconds
Start importing Assets/LayeredTerrain/GrassSoil/Square/LandformSoil/Mask-05.asset using Guid(2de42da45e48f974e9a74a6970e6e643) (NativeFormatImporter) -> (artifact id: '6e739e360d22b33fd378e6acefe9d800') in 0.001167 seconds
Start importing Assets/LayeredTerrain/GrassSoil/Square/LandformGrass/Mask-11.asset using Guid(5d253dc28016ae64db4653758ac0af88) (NativeFormatImporter) -> (artifact id: '4dbb166b77c04b10385ee89749d834d3') in 0.0013782 seconds
Start importing Assets/LayeredTerrain/GrassSoil/Square/LandformSoil/Mask-04.asset using Guid(5d4806f722710eb40b1cf937cc6498b6) (NativeFormatImporter) -> (artifact id: 'a825e4a02be2364dca6cd5d251c2a1af') in 0.0012641 seconds
Start importing Assets/LayeredTerrain/GrassSoil/Square/LandformStoneRoad/Mask-01.asset using Guid(add98a42caf91414387900c1b29b92c6) (NativeFormatImporter) -> (artifact id: 'a1a43dffdd1f7cdd6311169ade464c57') in 0.0011859 seconds
Start importing Assets/LayeredTerrain/GrassSoil/Square/LandformGrass/Mask-06.asset using Guid(cd0f4d7279da9f84caa8c319e7ab29f9) (NativeFormatImporter) -> (artifact id: '52937737c65259daea7bed84aa0a8a04') in 0.001194 seconds
Start importing Assets/LayeredTerrain/GrassSoil/Square/LandformGrass/Mask-07.asset using Guid(4e65cf042fab2c1448282809779edb8a) (NativeFormatImporter) -> (artifact id: '8cc68977b954eb6d618706e748b65e8b') in 0.0012724 seconds
Start importing Assets/LayeredTerrain/GrassSoil/Square/LandformGrass/Mask-13.asset using Guid(7e2014d33d57f294f97dea5ed30b730c) (NativeFormatImporter) -> (artifact id: '93ec9328dc52bc61493ece4ef09f812b') in 0.0012538 seconds
Start importing Assets/LayeredTerrain/GrassSoil/Square/LandformSoil/Mask-14.asset using Guid(ae949dd8d7965fa41b1d3481d8bf8e30) (NativeFormatImporter) -> (artifact id: '13d3e8fadf25938fb6084c9eacdc285d') in 0.001364 seconds
Start importing Assets/LayeredTerrain/GrassSoil/Square/LandformStoneRoad/Mask-08.asset using Guid(aecab5b9f537b5349adcff0900809717) (NativeFormatImporter) -> (artifact id: '6723e7d6eab214144e2a993643460ee5') in 0.0011848 seconds
Start importing Assets/LayeredTerrain/GrassSoil/Square/LandformSoil/Mask-15.asset using Guid(ce833c44287e15a44945e738038eb1c3) (NativeFormatImporter) -> (artifact id: '7c1ac2f82e318d432012af6c6509f07a') in 0.0011731 seconds
Start importing Assets/LayeredTerrain/GrassSoil/Square/LandformSoil/Mask-08.asset using Guid(ee6f4f16a4085914dbcb15919c60654c) (NativeFormatImporter) -> (artifact id: '2a403aad88716c1a9d6ee321599dc86f') in 0.0012421 seconds
Start importing Assets/LayeredTerrain/GrassSoil/Square/LandformStoneRoad/Mask-12.asset using Guid(2f49f6b2d05a8804097e79c69e515dc3) (NativeFormatImporter) -> (artifact id: '3512849ba8746b3929337e37047f52c2') in 0.0015614 seconds
Start importing Assets/LayeredTerrain/GrassSoil/Square/LandformSoil/Mask-06.asset using Guid(3ff6ff5cd14cc7441a6a84cdde5ff745) (NativeFormatImporter) -> (artifact id: 'c47a955bf9dc32d5bb761f8069ffd421') in 0.0012441 seconds
Start importing Assets/LayeredTerrain/GrassSoil/Square/LandformStoneRoad/Mask-06.asset using Guid(df46002ea561b404889b370e84a77f83) (NativeFormatImporter) -> (artifact id: 'c73fed30de3e790341265e9a3306482c') in 0.0013361 seconds
Start importing Assets/LayeredTerrain/GrassSoil/Square/LandformStoneRoad/Mask-03.asset using Guid(df1e863caf3bc5441a0d4c507b76c311) (NativeFormatImporter) -> (artifact id: 'a9a2fb8e8c6cb1c0cdbe880f9de699ac') in 0.0013706 seconds
Start importing Assets/LayeredTerrain/GrassSoil/Square/LandformGrass/GrassSquareLandformTileSet.asset using Guid(ef399dc10411dd84ab6a276f72e506ea) (NativeFormatImporter) -> (artifact id: '3f3f806b6373e60abb62a5adaf65a9f7') in 0.0013619 seconds
Refreshing native plugins compatible for Editor in 0.16 ms, found 0 plugins.
Preloading 0 native plugins for Editor in 0.00 ms.
Asset Pipeline Refresh (id=e1808c501eefd9a4184fcfceec1aa4dc): Total: 0.091 seconds - Initiated by StopAssetImportingV2(NoUpdateAssetOptions)
Native 256 px square grass, soil and stone-road landforms generated.
UnityEngine.Debug:ExtractStackTraceNoAlloc (byte*,int,string)
UnityEngine.StackTraceUtility:ExtractStackTrace ()
UnityEngine.DebugLogHandler:Internal_Log (UnityEngine.LogType,UnityEngine.LogOption,string,UnityEngine.Object)
UnityEngine.DebugLogHandler:LogFormat (UnityEngine.LogType,UnityEngine.Object,string,object[])
UnityEngine.Logger:Log (UnityEngine.LogType,object)
UnityEngine.Debug:Log (object)
FruitDefense.Editor.SquareTerrainArtGenerator:GenerateDeterministicLandforms () (at Assets/Editor/Tools/SquareTerrainArtGenerator.cs:87)
FruitDefense.Editor.SquareTerrainArtGenerator:GenerateAvailableSquareAssets () (at Assets/Editor/Tools/SquareTerrainArtGenerator.cs:134)
FruitDefense.Editor.LayeredTerrainArtSetup:EnsurePaletteAssets () (at Assets/Editor/Tools/LayeredTerrainArtSetup.cs:62)
FruitDefense.Editor.ProjectSetup:ConfigureBattlefieldTerrain (FruitDefense.FruitDefenseGame) (at Assets/Editor/Tools/ProjectSetup.cs:217)
FruitDefense.Editor.BattlefieldDualGridTerrainSmoke:ValidateSetupBinding (FruitDefense.Tilemaps.BattlefieldTerrainPalette,FruitDefense.Tilemaps.DualGridTileSet,FruitDefense.Tilemaps.DualGridTileSet,UnityEngine.Texture2D) (at Assets/Editor/Tests/BattlefieldDualGridTerrainSmoke.cs:489)
FruitDefense.Editor.BattlefieldDualGridTerrainSmoke:Validate () (at Assets/Editor/Tests/BattlefieldDualGridTerrainSmoke.cs:92)
FruitDefense.Editor.ProjectSetup:SmokeValidate () (at Assets/Editor/Tools/ProjectSetup.cs:250)
FruitDefense.Editor.P0ValidationSuite:Run () (at Assets/Editor/Tests/P0ValidationSuite.cs:18)

(Filename: Assets/Editor/Tools/SquareTerrainArtGenerator.cs Line: 87)

Asset Pipeline Refresh (id=549da26fd3e241544a75907cbb41c569): Total: 0.039 seconds - Initiated by RefreshV2(NoUpdateAssetOptions)
Start importing Assets/LayeredTerrain/GrassSoil/Square/EdgeGrassOnSoilPainted/Mask-15.asset using Guid(a17969b175ec3354c8fe533c48257f94) (NativeFormatImporter) -> (artifact id: '99f211a0ff210a0c86467a3e625714fe') in 0.0014296 seconds
Start importing Assets/LayeredTerrain/GrassSoil/Square/EdgeGrassOnSoilPainted/Mask-04.asset using Guid(e2449efc0c1116648a5b9cbfe33d8e81) (NativeFormatImporter) -> (artifact id: '18145ed9e628d5f8340c44824db6c8be') in 0.0012298 seconds
Start importing Assets/LayeredTerrain/GrassSoil/Square/EdgeGrassOnSoilPainted/Mask-14.asset using Guid(4328f421ed4ea34439d6e4e50990e24a) (NativeFormatImporter) -> (artifact id: '6bbe4451c7dca2d4de869403308041cf') in 0.0011985 seconds
Start importing Assets/LayeredTerrain/GrassSoil/Square/EdgeGrassOnSoilPainted/Mask-11.asset using Guid(04aab987cd98a4440b66bb727667d8db) (NativeFormatImporter) -> (artifact id: 'eb6fb6ecd423e575e0946462aa243d66') in 0.0013576 seconds
Start importing Assets/LayeredTerrain/GrassSoil/Square/EdgeGrassOnSoilPainted/Mask-13.asset using Guid(75f61e4d96323eb4e906226b1dd8a16a) (NativeFormatImporter) -> (artifact id: '7952dc870547efbd422b012b46d2b17a') in 0.0013185 seconds
Start importing Assets/LayeredTerrain/GrassSoil/Square/EdgeGrassOnSoilPainted/Mask-08.asset using Guid(062a9acbc752b0342becc47471c8dad4) (NativeFormatImporter) -> (artifact id: 'ee86fce3dc4587f247fc6e398cfff9cd') in 0.0011908 seconds
Start importing Assets/LayeredTerrain/GrassSoil/Square/EdgeGrassOnSoilPainted/Mask-12.asset using Guid(17347530ba5655e4cb59ff249a976ea1) (NativeFormatImporter) -> (artifact id: '27e6bc4eabc1e74cb23636389ffd9263') in 0.0012398 seconds
Start importing Assets/LayeredTerrain/GrassSoil/Square/EdgeGrassOnSoilPainted/Mask-00.asset using Guid(676ca911d7a7bbf408a30856d7cc6990) (NativeFormatImporter) -> (artifact id: '557d3d98682769dd5e96ded56f4299cf') in 0.0012384 seconds
Start importing Assets/LayeredTerrain/GrassSoil/Square/EdgeGrassOnSoilPainted/Mask-10.asset using Guid(e75c1031ec799e0448fd29d3082006b4) (NativeFormatImporter) -> (artifact id: 'c8e41218e8984dd46c91b31d7703de4f') in 0.0012233 seconds
Start importing Assets/LayeredTerrain/GrassSoil/Square/EdgeGrassOnSoilPainted/Mask-09.asset using Guid(a8a7730f3a6dd484198f1b19fed8a24f) (NativeFormatImporter) -> (artifact id: '5597baddb442bf8a928e37d39723d50b') in 0.0012134 seconds
Start importing Assets/LayeredTerrain/GrassSoil/Square/EdgeGrassOnSoilPainted/Mask-07.asset using Guid(f8b2f90201834fa478634d3f30f6af16) (NativeFormatImporter) -> (artifact id: 'a306cb5e617a8648a67a81dc94516e9e') in 0.0011991 seconds
Start importing Assets/LayeredTerrain/GrassSoil/Square/EdgeGrassOnSoilPainted/Mask-06.asset using Guid(19882d23e028ac94e8abd02f91624ba8) (NativeFormatImporter) -> (artifact id: '54900e8224e5828f7c6a4f69fec6db72') in 0.0012119 seconds
Start importing Assets/LayeredTerrain/GrassSoil/Square/EdgeGrassOnSoilPainted/Mask-01.asset using Guid(b94d4b2cd03a1b04b83a81974d966227) (NativeFormatImporter) -> (artifact id: '7caf427609fab688c51f9caa2ce6a79f') in 0.0011601 seconds
Start importing Assets/LayeredTerrain/GrassSoil/Square/EdgeGrassOnSoilPainted/Mask-03.asset using Guid(1a4a3cc4af69bbc4aaabde52016c4f95) (NativeFormatImporter) -> (artifact id: 'af45f85c0f45a239757e36be7c184f6c') in 0.0012332 seconds
Start importing Assets/LayeredTerrain/GrassSoil/Square/EdgeGrassOnSoilPainted/Mask-05.asset using Guid(bacdc75efb95eda42aa6803845d196c4) (NativeFormatImporter) -> (artifact id: '6d469253745d86e884993bfadfef01d0') in 0.0012895 seconds
Start importing Assets/LayeredTerrain/GrassSoil/Square/EdgeGrassOnSoilPainted/GrassOnSoilSquarePaintedTileSet.asset using Guid(1b984e39e61f8734d8c54b032e84c3a3) (NativeFormatImporter) -> (artifact id: '612bda68ec02f7c1be620eb4ba627873') in 0.0012542 seconds
Start importing Assets/LayeredTerrain/GrassSoil/Square/EdgeGrassOnSoilPainted/Mask-02.asset using Guid(8d6a7e51f29762f4796204a57546e522) (NativeFormatImporter) -> (artifact id: '504e9a251c8e415c78cba5f93910b005') in 0.0012123 seconds
Refreshing native plugins compatible for Editor in 0.15 ms, found 0 plugins.
Preloading 0 native plugins for Editor in 0.00 ms.
Asset Pipeline Refresh (id=b25d16ad85ae05248b46c7f024d87f66): Total: 0.034 seconds - Initiated by StopAssetImportingV2(NoUpdateAssetOptions)
Accepted ribbon lip profile packaged as a top-down grass feather with base-grass RGB, guide-owned topology and no soil wall or outline.
UnityEngine.Debug:ExtractStackTraceNoAlloc (byte*,int,string)
UnityEngine.StackTraceUtility:ExtractStackTrace ()
UnityEngine.DebugLogHandler:Internal_Log (UnityEngine.LogType,UnityEngine.LogOption,string,UnityEngine.Object)
UnityEngine.DebugLogHandler:LogFormat (UnityEngine.LogType,UnityEngine.Object,string,object[])
UnityEngine.Logger:Log (UnityEngine.LogType,object)
UnityEngine.Debug:Log (object)
FruitDefense.Editor.SquareTerrainArtGenerator:PackageAcceptedGrassOnSoilCandidate () (at Assets/Editor/Tools/SquareTerrainArtGenerator.cs:126)
FruitDefense.Editor.SquareTerrainArtGenerator:GenerateAvailableSquareAssets () (at Assets/Editor/Tools/SquareTerrainArtGenerator.cs:138)
FruitDefense.Editor.LayeredTerrainArtSetup:EnsurePaletteAssets () (at Assets/Editor/Tools/LayeredTerrainArtSetup.cs:62)
FruitDefense.Editor.ProjectSetup:ConfigureBattlefieldTerrain (FruitDefense.FruitDefenseGame) (at Assets/Editor/Tools/ProjectSetup.cs:217)
FruitDefense.Editor.BattlefieldDualGridTerrainSmoke:ValidateSetupBinding (FruitDefense.Tilemaps.BattlefieldTerrainPalette,FruitDefense.Tilemaps.DualGridTileSet,FruitDefense.Tilemaps.DualGridTileSet,UnityEngine.Texture2D) (at Assets/Editor/Tests/BattlefieldDualGridTerrainSmoke.cs:489)
FruitDefense.Editor.BattlefieldDualGridTerrainSmoke:Validate () (at Assets/Editor/Tests/BattlefieldDualGridTerrainSmoke.cs:92)
FruitDefense.Editor.ProjectSetup:SmokeValidate () (at Assets/Editor/Tools/ProjectSetup.cs:250)
FruitDefense.Editor.P0ValidationSuite:Run () (at Assets/Editor/Tests/P0ValidationSuite.cs:18)

(Filename: Assets/Editor/Tools/SquareTerrainArtGenerator.cs Line: 126)

Start importing Assets/LayeredTerrain/GrassSoil/LandformSoil/Mask-07.asset using Guid(40244693c163e6541baff892b129cb00) (NativeFormatImporter) -> (artifact id: 'e65830c68ae7e03467001a0296ab0069') in 0.0017731 seconds
Start importing Assets/LayeredTerrain/GrassSoil/EdgeGrassOnSoilRefined/Mask-07.asset using Guid(418e9fec0ca97b64ab0f4c86dc0fd006) (NativeFormatImporter) -> (artifact id: 'cd9c2cf18fdd38f609098f7d0cc15714') in 0.0014364 seconds
Start importing Assets/LayeredTerrain/CompositeBrushes/OriginalGrassSoil/OriginalGrassSoilReverseLandformTileSet.asset using Guid(813c3f8ce1d51a24093ce2c5ed1547fa) (NativeFormatImporter) -> (artifact id: 'b5291246265ecb7af0dd8a3a19f371a0') in 0.0013878 seconds
Start importing Assets/LayeredTerrain/GrassSoil/Authoring/SoilBase.asset using Guid(a158e7b4dd9e7c448b398f9b22a9f9c2) (NativeFormatImporter) -> (artifact id: '1d93f5ffd6651520cc292a513066cccb') in 0.0013201 seconds
Start importing Assets/LayeredTerrain/GrassSoil/EdgeGrassOnSoilRefined/Mask-05.asset using Guid(f15a3346efbbefb40babba4ef8f6ffa7) (NativeFormatImporter) -> (artifact id: '0325b05872f53d4d8922d91b29b864f9') in 0.0012718 seconds
Start importing Assets/LayeredTerrain/GrassSoil/LandformSoil/Mask-04.asset using Guid(f1fab5de0afca5445ba4970fcd52bbbe) (NativeFormatImporter) -> (artifact id: '09085b923c9ce06113de808e0225d25b') in 0.0012115 seconds
Start importing Assets/LayeredTerrain/GrassSoil/EdgeGrassOnSoilRefined/Mask-14.asset using Guid(1292b21714ab41b4197a410a29053ee2) (NativeFormatImporter) -> (artifact id: '113ba810aee874d1280699a85e7183b6') in 0.0030011 seconds
Start importing Assets/LayeredTerrain/GrassSoil/LandformGrass/Mask-08.asset using Guid(52e1998e35a61a047bd24dd910b6bb8c) (NativeFormatImporter) -> (artifact id: '675f77c88e6e0d975abaaae9f510d95d') in 0.0015319 seconds
Start importing Assets/LayeredTerrain/GrassSoil/EdgeGrassOnSoilRefined/Mask-15.asset using Guid(a2ee8cf7722d54542bb6934c3c7acca3) (NativeFormatImporter) -> (artifact id: '6edcf8d7d3f26ee03919cdd607084ab1') in 0.001285 seconds
Start importing Assets/LayeredTerrain/GrassSoil/EdgeGrassOnSoilRefined/Mask-11.asset using Guid(c29b700cc6f883f4d8d20d2a190eee05) (NativeFormatImporter) -> (artifact id: 'f51c180f858faa73b198142b42927cfc') in 0.0012519 seconds
Start importing Assets/LayeredTerrain/GrassSoil/LandformGrass/Mask-07.asset using Guid(d285b7a144ce1134ba6f4b02b003db14) (NativeFormatImporter) -> (artifact id: '0038d19d51d9c42dea9465db3b105f39') in 0.0012668 seconds
Start importing Assets/LayeredTerrain/GrassSoil/LandformSoil/Mask-01.asset using Guid(030d3f064f313fe4aa4dd2ab0ae33f07) (NativeFormatImporter) -> (artifact id: '3fd5251983b6578fd68bf6bc3bb3b4e3') in 0.0012922 seconds
Start importing Assets/LayeredTerrain/GrassSoil/EdgeGrassOnSoilRefined/Mask-10.asset using Guid(c32eb2f88b196e04f96b1b2b04ea7efe) (NativeFormatImporter) -> (artifact id: '2d01cd9893dc47967ba87373e479eb7e') in 0.0012892 seconds
Start importing Assets/LayeredTerrain/GrassSoil/LandformSoil/Mask-13.asset using Guid(04bdecbe02f95ef46986c7056c2b7c3b) (NativeFormatImporter) -> (artifact id: '15f31c02a38b8c10ecc25938dd45d64e') in 0.0013449 seconds
Start importing Assets/LayeredTerrain/GrassSoil/EdgeGrassOnSoilRefined/Mask-00.asset using Guid(e4a3c845026f4254892939518018693f) (NativeFormatImporter) -> (artifact id: '3a031e969e7d12b8ad7d8420c2b35c82') in 0.0013777 seconds
Start importing Assets/LayeredTerrain/GrassSoil/LandformSoil/Mask-03.asset using Guid(15a3542839f831f41a0a24e5e9e2f22c) (NativeFormatImporter) -> (artifact id: '6e77d59b695c8200cb85f17fa75a4b54') in 0.0125268 seconds
Start importing Assets/LayeredTerrain/GrassSoil/LandformSoil/Mask-02.asset using Guid(f587922c248637745a6249f84c52611e) (NativeFormatImporter) -> (artifact id: '75844366cc32f023f1e40453bee8aa54') in 0.004899 seconds
Start importing Assets/LayeredTerrain/GrassSoil/LandformGrass/Mask-09.asset using Guid(165dc20b52db7d14488b55217f6ac108) (NativeFormatImporter) -> (artifact id: '72e38899c33e0e3ced6ed6d0356b17dc') in 0.0014008 seconds
Start importing Assets/LayeredTerrain/GrassSoil/LandformSoil/Mask-11.asset using Guid(86718e5a68b1dcc47854d71bba5a1c17) (NativeFormatImporter) -> (artifact id: '04f57e67d298deb7839321669f6f5937') in 0.0032123 seconds
Start importing Assets/LayeredTerrain/GrassSoil/EdgeGrassOnSoilRefined/Mask-09.asset using Guid(86c349d56e9db3e4e849d6749cdfbfbe) (NativeFormatImporter) -> (artifact id: 'a3a3937713e26dae2d17075614e230de') in 0.0013291 seconds
Start importing Assets/LayeredTerrain/CompositeBrushes/GrassSoil/GrassSoilReverseLandformTileSet.asset using Guid(17ff6febab517824eb695d29e0459a1f) (NativeFormatImporter) -> (artifact id: '3aac16350dc78571bdc4c034dd153e34') in 0.001314 seconds
Start importing Assets/LayeredTerrain/GrassSoil/LandformSoil/Mask-09.asset using Guid(478b7d64a48c32541abd22cde03a7210) (NativeFormatImporter) -> (artifact id: 'df61b4f661f9c0aded60f089bd901d4a') in 0.0025519 seconds
Start importing Assets/LayeredTerrain/GrassSoil/LandformSoil/Mask-05.asset using Guid(878e7bb9dfa805f47b4b88fef4623c4b) (NativeFormatImporter) -> (artifact id: '6433cd5ece3fc29e9694b9c40d1cce7b') in 0.0017647 seconds
Start importing Assets/LayeredTerrain/CompositeBrushes/StoneWater/StoneWaterReverseLandformTileSet.asset using Guid(97ffcbb8c3ab6264e80693ccaf0c43de) (NativeFormatImporter) -> (artifact id: '098d79a46ae44df4e4eabca0ead85233') in 0.0013695 seconds
Start importing Assets/LayeredTerrain/GrassSoil/LandformSoil/Mask-14.asset using Guid(a7806afe4f019d445bbf552f9eece05e) (NativeFormatImporter) -> (artifact id: 'e86c3f661d3698b3e540fda453881940') in 0.0014873 seconds
Start importing Assets/LayeredTerrain/GrassSoil/EdgeGrassOnSoilRefined/Mask-13.asset using Guid(a7d1a82699efeae47a6ca0a5bb112ae7) (NativeFormatImporter) -> (artifact id: 'a78e3ab795bab51c2fb8875ea81a3142') in 0.0013068 seconds
Start importing Assets/LayeredTerrain/GrassSoil/EdgeGrassOnSoilRefined/GrassOnSoilRefinedTileSet.asset using Guid(b75665e5083dab441a2805aa7b5e1562) (NativeFormatImporter) -> (artifact id: '9a378045af94549dd04c416ddd049034') in 0.0033438 seconds
Start importing Assets/LayeredTerrain/GrassSoil/LandformGrass/Mask-14.asset using Guid(c7287b8c949516949b483b111ceb39a0) (NativeFormatImporter) -> (artifact id: '742a261e597b802d91fa4c4b50193514') in 0.0013195 seconds
Start importing Assets/LayeredTerrain/GrassSoil/LandformSoil/Mask-00.asset using Guid(88d5b3d83381240419fa7d0a9d6c2c63) (NativeFormatImporter) -> (artifact id: 'ec59939a8b52efe47b329a71ceccb6a9') in 0.0013655 seconds
Start importing Assets/LayeredTerrain/GrassSoil/LandformGrass/Mask-13.asset using Guid(e80621ea42744c243ac2ec385c32b338) (NativeFormatImporter) -> (artifact id: 'c073a20a8e0628f7baf4a55a699ae105') in 0.0013038 seconds
Start importing Assets/LayeredTerrain/GrassSoil/LandformGrass/Mask-00.asset using Guid(c92ffc9e81d587840892eb05cf844fbf) (NativeFormatImporter) -> (artifact id: '6de21ee1cddad2dc5dc822438a8f4094') in 0.0013499 seconds
Start importing Assets/LayeredTerrain/GrassSoil/LandformSoil/Mask-08.asset using Guid(d98e1448816e2f443a1e4e6b40e7cc25) (NativeFormatImporter) -> (artifact id: '8c84979613e06175002d882607152e4e') in 0.0013066 seconds
Start importing Assets/LayeredTerrain/GrassSoil/LandformSoil/Mask-15.asset using Guid(e95509ac4ec30484ab37daa221658805) (NativeFormatImporter) -> (artifact id: 'f96248f32c56c962dfe506862d5fb21b') in 0.001261 seconds
Start importing Assets/LayeredTerrain/GrassSoil/EdgeGrassOnSoilRefined/Mask-06.asset using Guid(e9ac41d989ad93f4ca1a691487107c16) (NativeFormatImporter) -> (artifact id: 'e9daccbac2653977ee343c02f273f598') in 0.0012379 seconds
Start importing Assets/LayeredTerrain/GrassSoil/LandformSoil/Mask-10.asset using Guid(f95d6c7578efacd4cb1f12c63e1d8ff8) (NativeFormatImporter) -> (artifact id: '90d43f8749769d1781298dd6bba5d61f') in 0.0012257 seconds
Start importing Assets/LayeredTerrain/GrassSoil/LandformGrass/Mask-10.asset using Guid(0a64b675a1f765c409b8f9deea1eb208) (NativeFormatImporter) -> (artifact id: '09c03947b8c465db650824308fe637f1') in 0.0011913 seconds
Start importing Assets/LayeredTerrain/GrassSoil/EdgeGrassOnSoilRefined/Mask-12.asset using Guid(3a09b8d94e4515f4fa39c4292c8052a7) (NativeFormatImporter) -> (artifact id: 'af83cf963396621d9d3bad458f6ed2a9') in 0.0011937 seconds
Start importing Assets/LayeredTerrain/GrassSoil/LandformSoil/Mask-06.asset using Guid(4ab46eb735954bf45977209e4a936a01) (NativeFormatImporter) -> (artifact id: '8450f37df15f7709b95c5c346493f1fd') in 0.0012147 seconds
Start importing Assets/LayeredTerrain/GrassSoil/LandformGrass/Mask-15.asset using Guid(7a5208b63b1d6284285e932c3708e65d) (NativeFormatImporter) -> (artifact id: '67ddae65d0c7a750e13eb34b9baf8365') in 0.0012081 seconds
Start importing Assets/LayeredTerrain/GrassSoil/LandformGrass/Mask-05.asset using Guid(3b4a2864fb45c5b4fae56fc1f697bbdd) (NativeFormatImporter) -> (artifact id: 'cf3f476c92289c5b074cb8ea3198ce61') in 0.0014876 seconds
Start importing Assets/LayeredTerrain/GrassSoil/EdgeGrassOnSoilRefined/Mask-08.asset using Guid(9b3d0613b51d86146bf5ea0994b42ddd) (NativeFormatImporter) -> (artifact id: '4e302c1a03e18f66e6c41c139ec180d3') in 0.0013191 seconds
Start importing Assets/LayeredTerrain/GrassSoil/LandformGrass/Mask-11.asset using Guid(bb6bc251a6bbcf54480e7f80f2181f2a) (NativeFormatImporter) -> (artifact id: '857582d6d96bb87d66880447573db021') in 0.0014132 seconds
Start importing Assets/LayeredTerrain/GrassSoil/LandformSoil/Mask-12.asset using Guid(3cfb4949c07b1bf43bc66661515525d7) (NativeFormatImporter) -> (artifact id: '3a6ea6ab140b5d680c9d80d68e71cee7') in 0.0013186 seconds
Start importing Assets/LayeredTerrain/GrassSoil/EdgeGrassOnSoilRefined/Mask-04.asset using Guid(6cca3f06a711ab34992417d66eeec087) (NativeFormatImporter) -> (artifact id: 'be2a2aeb01573b6be77d3a2b070fef25') in 0.0012553 seconds
Start importing Assets/LayeredTerrain/GrassSoil/Authoring/GrassBase.asset using Guid(3d71b1ea4e270714eb43b3b4541cda21) (NativeFormatImporter) -> (artifact id: '3f5ae16e96393bccc7f5f4d3650a3ce6') in 0.0012548 seconds
Start importing Assets/LayeredTerrain/GrassSoil/LandformGrass/Mask-06.asset using Guid(5d15d49b3c156ae479bd995b33107c67) (NativeFormatImporter) -> (artifact id: '05abb2ca9d5f1492af0ec896fb864d4e') in 0.0012858 seconds
Start importing Assets/LayeredTerrain/GrassSoil/LandformGrass/Mask-01.asset using Guid(7d609e3f17078a44f9a89e21b68ae180) (NativeFormatImporter) -> (artifact id: 'a1ebd9002be9baca60bb274969bc4dc2') in 0.0012582 seconds
Start importing Assets/LayeredTerrain/GrassSoil/LandformGrass/Mask-04.asset using Guid(ede22ab8e9b7bcc4da28aa41887e8614) (NativeFormatImporter) -> (artifact id: '42c1c0d805e7b323f147012ab0eb20fb') in 0.0012409 seconds
Start importing Assets/LayeredTerrain/GrassSoil/LandformSoil/SoilLandformTileSet.asset using Guid(3e1155418d0567f44af4b96697c9dd09) (NativeFormatImporter) -> (artifact id: 'df15b8c45196950bc4219bee97aafc82') in 0.001324 seconds
Start importing Assets/LayeredTerrain/GrassSoil/EdgeGrassOnSoilRefined/Mask-02.asset using Guid(6ef5433501c908740932ed7d05777790) (NativeFormatImporter) -> (artifact id: '25936841c896ee6e32acaadabe2f5ad9') in 0.0012919 seconds
Start importing Assets/LayeredTerrain/GrassSoil/EdgeGrassOnSoilRefined/Mask-01.asset using Guid(8e0671f07975b7c43b734d81c5ff11bc) (NativeFormatImporter) -> (artifact id: 'c6f3c5aa165967eeb465f4156418931b') in 0.0012886 seconds
Start importing Assets/LayeredTerrain/GrassSoil/EdgeGrassOnSoilRefined/Mask-03.asset using Guid(de5135a77f40df84b9a7170011242e63) (NativeFormatImporter) -> (artifact id: 'c4b8007304dbcd55f4ed04fb4957f5a6') in 0.0012841 seconds
Start importing Assets/LayeredTerrain/GrassSoil/LandformGrass/GrassLandformTileSet.asset using Guid(2fc47b69529dfb541a089c835adb5ce8) (NativeFormatImporter) -> (artifact id: '7d9b947ceee84338616124256f8ad829') in 0.0012803 seconds
Start importing Assets/LayeredTerrain/GrassSoil/LandformGrass/Mask-12.asset using Guid(bfcde0f6045b297478b7cca21b2bd212) (NativeFormatImporter) -> (artifact id: 'fcc2d08d622fb7725cf22421d7d46e31') in 0.0013621 seconds
Start importing Assets/LayeredTerrain/GrassSoil/LandformGrass/Mask-02.asset using Guid(cfb8b16aec24e064ba3c8b202f110c99) (NativeFormatImporter) -> (artifact id: '918a9e9785ac5cd4f4174f2fe29d6d53') in 0.0012129 seconds
Start importing Assets/LayeredTerrain/GrassSoil/LandformGrass/Mask-03.asset using Guid(cf797356fdd5ba54fb021059b4e0c786) (NativeFormatImporter) -> (artifact id: '297c0fc42e401c9d7fd0a377a3b5b28e') in 0.0011993 seconds
Refreshing native plugins compatible for Editor in 0.16 ms, found 0 plugins.
Preloading 0 native plugins for Editor in 0.00 ms.
Asset Pipeline Refresh (id=d3d638ddbcb31da418ed15da17a80493): Total: 0.124 seconds - Initiated by StopAssetImportingV2(NoUpdateAssetOptions)
Start importing Assets/LayeredTerrain/CompositeBrushes/OriginalGrassSoil/OriginalGrassSoilBrush.asset using Guid(21a71232d6e654e4b8c7960242ff7182) (NativeFormatImporter) -> (artifact id: '3547d87e50bc075e0e2036afaef240e2') in 0.0015818 seconds
Start importing Assets/LayeredTerrain/CompositeBrushes/OriginalGrassSoil/OriginalGrassSoilReverseLandformTileSet.asset using Guid(813c3f8ce1d51a24093ce2c5ed1547fa) (NativeFormatImporter) -> (artifact id: 'b5291246265ecb7af0dd8a3a19f371a0') in 0.0013575 seconds
Refreshing native plugins compatible for Editor in 0.18 ms, found 0 plugins.
Preloading 0 native plugins for Editor in 0.00 ms.
Asset Pipeline Refresh (id=6332c5009d8a201448dfed3314ccfd8e): Total: 0.014 seconds - Initiated by StopAssetImportingV2(NoUpdateAssetOptions)
Start importing Assets/Battlefield/Terrain/OrchardDefaultTerrainPalette.asset using Guid(8f09d513b82ee0048abd5a50378dbb0c) (NativeFormatImporter) -> (artifact id: 'af117db4ea5f59db66e2603074e05e44') in 0.0013941 seconds
Refreshing native plugins compatible for Editor in 0.14 ms, found 0 plugins.
Preloading 0 native plugins for Editor in 0.00 ms.
Asset Pipeline Refresh (id=5bea7b650ecd4cd47b9300af343b42e6): Total: 0.010 seconds - Initiated by StopAssetImportingV2(NoUpdateAssetOptions)
Opening scene 'Assets/Scenes/Battle.unity additively'
Loaded scene 'Assets/Scenes/Battle.unity'
	Deserialize:            0.386 ms
	Integration:            0.133 ms
	Integration of assets:  0.001 ms
	Thread Wait Time:       0.019 ms
	Total Operation Time:   0.539 ms
FRUIT_DEFENSE_BATTLEFIELD_DUAL_GRID_TERRAIN_OK productionMaps=3 acceptanceFixtures=1
UnityEngine.Debug:ExtractStackTraceNoAlloc (byte*,int,string)
UnityEngine.StackTraceUtility:ExtractStackTrace ()
UnityEngine.DebugLogHandler:Internal_Log (UnityEngine.LogType,UnityEngine.LogOption,string,UnityEngine.Object)
UnityEngine.DebugLogHandler:LogFormat (UnityEngine.LogType,UnityEngine.Object,string,object[])
UnityEngine.Logger:Log (UnityEngine.LogType,object)
UnityEngine.Debug:Log (object)
FruitDefense.Editor.BattlefieldDualGridTerrainSmoke:Validate () (at Assets/Editor/Tests/BattlefieldDualGridTerrainSmoke.cs:94)
FruitDefense.Editor.ProjectSetup:SmokeValidate () (at Assets/Editor/Tools/ProjectSetup.cs:250)
FruitDefense.Editor.P0ValidationSuite:Run () (at Assets/Editor/Tests/P0ValidationSuite.cs:18)

(Filename: Assets/Editor/Tests/BattlefieldDualGridTerrainSmoke.cs Line: 94)

FRUIT_DEFENSE_PLANT_INTERACTION_PRESENTATION_OK
UnityEngine.Debug:ExtractStackTraceNoAlloc (byte*,int,string)
UnityEngine.StackTraceUtility:ExtractStackTrace ()
UnityEngine.DebugLogHandler:Internal_Log (UnityEngine.LogType,UnityEngine.LogOption,string,UnityEngine.Object)
UnityEngine.DebugLogHandler:LogFormat (UnityEngine.LogType,UnityEngine.Object,string,object[])
UnityEngine.Logger:Log (UnityEngine.LogType,object)
UnityEngine.Debug:Log (object)
FruitDefense.Editor.PlantInteractionPresentationSmoke:Run () (at Assets/Editor/Tests/PlantInteractionPresentationSmoke.cs:15)
FruitDefense.Editor.ProjectSetup:SmokeValidate () (at Assets/Editor/Tools/ProjectSetup.cs:251)
FruitDefense.Editor.P0ValidationSuite:Run () (at Assets/Editor/Tests/P0ValidationSuite.cs:18)

(Filename: Assets/Editor/Tests/PlantInteractionPresentationSmoke.cs Line: 15)

FRUIT_DEFENSE_COMBAT_FRAMEWORK_OK
UnityEngine.Debug:ExtractStackTraceNoAlloc (byte*,int,string)
UnityEngine.StackTraceUtility:ExtractStackTrace ()
UnityEngine.DebugLogHandler:Internal_Log (UnityEngine.LogType,UnityEngine.LogOption,string,UnityEngine.Object)
UnityEngine.DebugLogHandler:LogFormat (UnityEngine.LogType,UnityEngine.Object,string,object[])
UnityEngine.Logger:Log (UnityEngine.LogType,object)
UnityEngine.Debug:Log (object)
FruitDefense.Editor.CombatFrameworkSmoke:Run () (at Assets/Editor/Tests/CombatFrameworkSmoke.cs:23)
FruitDefense.Editor.ProjectSetup:SmokeValidate () (at Assets/Editor/Tools/ProjectSetup.cs:303)
FruitDefense.Editor.P0ValidationSuite:Run () (at Assets/Editor/Tests/P0ValidationSuite.cs:18)

(Filename: Assets/Editor/Tests/CombatFrameworkSmoke.cs Line: 23)

FRUIT_DEFENSE_LEVEL_MAP_CATALOG_OK
UnityEngine.Debug:ExtractStackTraceNoAlloc (byte*,int,string)
UnityEngine.StackTraceUtility:ExtractStackTrace ()
UnityEngine.DebugLogHandler:Internal_Log (UnityEngine.LogType,UnityEngine.LogOption,string,UnityEngine.Object)
UnityEngine.DebugLogHandler:LogFormat (UnityEngine.LogType,UnityEngine.Object,string,object[])
UnityEngine.Logger:Log (UnityEngine.LogType,object)
UnityEngine.Debug:Log (object)
FruitDefense.Editor.LevelMapCatalogSmoke:Run () (at Assets/Editor/Tests/LevelMapCatalogSmoke.cs:27)
FruitDefense.Editor.ProjectSetup:ValidateP1LevelCatalogPath () (at Assets/Editor/Tools/ProjectSetup.cs:346)
FruitDefense.Editor.ProjectSetup:SmokeValidate () (at Assets/Editor/Tools/ProjectSetup.cs:335)
FruitDefense.Editor.P0ValidationSuite:Run () (at Assets/Editor/Tests/P0ValidationSuite.cs:18)

(Filename: Assets/Editor/Tests/LevelMapCatalogSmoke.cs Line: 27)

FRUIT_DEFENSE_MULTI_LEVEL_SIMULATION_OK
UnityEngine.Debug:ExtractStackTraceNoAlloc (byte*,int,string)
UnityEngine.StackTraceUtility:ExtractStackTrace ()
UnityEngine.DebugLogHandler:Internal_Log (UnityEngine.LogType,UnityEngine.LogOption,string,UnityEngine.Object)
UnityEngine.DebugLogHandler:LogFormat (UnityEngine.LogType,UnityEngine.Object,string,object[])
UnityEngine.Logger:Log (UnityEngine.LogType,object)
UnityEngine.Debug:Log (object)
FruitDefense.Editor.MultiLevelSimulationSmoke:Run () (at Assets/Editor/Tests/MultiLevelSimulationSmoke.cs:29)
FruitDefense.Editor.ProjectSetup:ValidateP1LevelCatalogPath () (at Assets/Editor/Tools/ProjectSetup.cs:347)
FruitDefense.Editor.ProjectSetup:SmokeValidate () (at Assets/Editor/Tools/ProjectSetup.cs:335)
FruitDefense.Editor.P0ValidationSuite:Run () (at Assets/Editor/Tests/P0ValidationSuite.cs:18)

(Filename: Assets/Editor/Tests/MultiLevelSimulationSmoke.cs Line: 29)

FRUIT_DEFENSE_BATTLE_SNAPSHOT_V2_OK
UnityEngine.Debug:ExtractStackTraceNoAlloc (byte*,int,string)
UnityEngine.StackTraceUtility:ExtractStackTrace ()
UnityEngine.DebugLogHandler:Internal_Log (UnityEngine.LogType,UnityEngine.LogOption,string,UnityEngine.Object)
UnityEngine.DebugLogHandler:LogFormat (UnityEngine.LogType,UnityEngine.Object,string,object[])
UnityEngine.Logger:Log (UnityEngine.LogType,object)
UnityEngine.Debug:Log (object)
FruitDefense.Editor.BattleSnapshotV2Smoke:Run () (at Assets/Editor/Tests/BattleSnapshotV2Smoke.cs:20)
FruitDefense.Editor.ProjectSetup:ValidateP1LevelCatalogPath () (at Assets/Editor/Tools/ProjectSetup.cs:348)
FruitDefense.Editor.ProjectSetup:SmokeValidate () (at Assets/Editor/Tools/ProjectSetup.cs:335)
FruitDefense.Editor.P0ValidationSuite:Run () (at Assets/Editor/Tests/P0ValidationSuite.cs:18)

(Filename: Assets/Editor/Tests/BattleSnapshotV2Smoke.cs Line: 20)

Battlefield terrain presentation stopped: The active battle theme has no terrain palette identity.
UnityEngine.Debug:ExtractStackTraceNoAlloc (byte*,int,string)
UnityEngine.StackTraceUtility:ExtractStackTrace ()
UnityEngine.DebugLogHandler:Internal_Log (UnityEngine.LogType,UnityEngine.LogOption,string,UnityEngine.Object)
UnityEngine.DebugLogHandler:LogFormat (UnityEngine.LogType,UnityEngine.Object,string,object[])
UnityEngine.Logger:Log (UnityEngine.LogType,object,UnityEngine.Object)
UnityEngine.Debug:LogWarning (object,UnityEngine.Object)
FruitDefense.FruitDefenseGame:SetTerrainPresentationError (string) (at Assets/Scripts/FruitDefenseGame.cs:1644)
FruitDefense.FruitDefenseGame:RefreshTerrainPresentationStatus () (at Assets/Scripts/FruitDefenseGame.cs:1633)
FruitDefense.FruitDefenseGame:CompleteInitialization (FruitDefense.Battle.BattleLaunchRequest,FruitDefense.App.IAppNavigator,FruitDefense.Battle.IBattleResultSink,FruitDefense.UI.RuntimeUiTheme,FruitDefense.Core.GameSimulation) (at Assets/Scripts/FruitDefenseGame.cs:769)
FruitDefense.FruitDefenseGame:Initialize (FruitDefense.Battle.BattleLaunchRequest,FruitDefense.App.IAppNavigator,FruitDefense.Battle.IBattleResultSink,FruitDefense.UI.RuntimeUiTheme,FruitDefense.Core.BattlefieldMapDefinition) (at Assets/Scripts/FruitDefenseGame.cs:659)
FruitDefense.Editor.BattleSessionHostSmoke:ValidateInitializationAndLifecycle (FruitDefense.UI.RuntimeUiTheme) (at Assets/Editor/Tests/BattleSessionHostSmoke.cs:90)
FruitDefense.Editor.BattleSessionHostSmoke:Run () (at Assets/Editor/Tests/BattleSessionHostSmoke.cs:19)
FruitDefense.Editor.ProjectSetup:ValidateP1LevelCatalogPath () (at Assets/Editor/Tools/ProjectSetup.cs:349)
FruitDefense.Editor.ProjectSetup:SmokeValidate () (at Assets/Editor/Tools/ProjectSetup.cs:335)
FruitDefense.Editor.P0ValidationSuite:Run () (at Assets/Editor/Tests/P0ValidationSuite.cs:18)

(Filename: Assets/Scripts/FruitDefenseGame.cs Line: 1644)

Battlefield terrain presentation stopped: The active battle theme has no terrain palette identity.
UnityEngine.Debug:ExtractStackTraceNoAlloc (byte*,int,string)
UnityEngine.StackTraceUtility:ExtractStackTrace ()
UnityEngine.DebugLogHandler:Internal_Log (UnityEngine.LogType,UnityEngine.LogOption,string,UnityEngine.Object)
UnityEngine.DebugLogHandler:LogFormat (UnityEngine.LogType,UnityEngine.Object,string,object[])
UnityEngine.Logger:Log (UnityEngine.LogType,object,UnityEngine.Object)
UnityEngine.Debug:LogWarning (object,UnityEngine.Object)
FruitDefense.FruitDefenseGame:SetTerrainPresentationError (string) (at Assets/Scripts/FruitDefenseGame.cs:1644)
FruitDefense.FruitDefenseGame:RefreshTerrainPresentationStatus () (at Assets/Scripts/FruitDefenseGame.cs:1633)
FruitDefense.FruitDefenseGame:CompleteInitialization (FruitDefense.Battle.BattleLaunchRequest,FruitDefense.App.IAppNavigator,FruitDefense.Battle.IBattleResultSink,FruitDefense.UI.RuntimeUiTheme,FruitDefense.Core.GameSimulation) (at Assets/Scripts/FruitDefenseGame.cs:769)
FruitDefense.FruitDefenseGame:Initialize (FruitDefense.Battle.BattleLaunchRequest,FruitDefense.App.IAppNavigator,FruitDefense.Battle.IBattleResultSink,FruitDefense.UI.RuntimeUiTheme,FruitDefense.Core.BattlefieldMapDefinition) (at Assets/Scripts/FruitDefenseGame.cs:659)
FruitDefense.Editor.BattleSessionHostSmoke:ValidateDefeatResult (FruitDefense.UI.RuntimeUiTheme) (at Assets/Editor/Tests/BattleSessionHostSmoke.cs:175)
FruitDefense.Editor.BattleSessionHostSmoke:Run () (at Assets/Editor/Tests/BattleSessionHostSmoke.cs:20)
FruitDefense.Editor.ProjectSetup:ValidateP1LevelCatalogPath () (at Assets/Editor/Tools/ProjectSetup.cs:349)
FruitDefense.Editor.ProjectSetup:SmokeValidate () (at Assets/Editor/Tools/ProjectSetup.cs:335)
FruitDefense.Editor.P0ValidationSuite:Run () (at Assets/Editor/Tests/P0ValidationSuite.cs:18)

(Filename: Assets/Scripts/FruitDefenseGame.cs Line: 1644)

Battlefield terrain presentation stopped: The active battle theme has no terrain palette identity.
UnityEngine.Debug:ExtractStackTraceNoAlloc (byte*,int,string)
UnityEngine.StackTraceUtility:ExtractStackTrace ()
UnityEngine.DebugLogHandler:Internal_Log (UnityEngine.LogType,UnityEngine.LogOption,string,UnityEngine.Object)
UnityEngine.DebugLogHandler:LogFormat (UnityEngine.LogType,UnityEngine.Object,string,object[])
UnityEngine.Logger:Log (UnityEngine.LogType,object,UnityEngine.Object)
UnityEngine.Debug:LogWarning (object,UnityEngine.Object)
FruitDefense.FruitDefenseGame:SetTerrainPresentationError (string) (at Assets/Scripts/FruitDefenseGame.cs:1644)
FruitDefense.FruitDefenseGame:RefreshTerrainPresentationStatus () (at Assets/Scripts/FruitDefenseGame.cs:1633)
FruitDefense.FruitDefenseGame:CompleteInitialization (FruitDefense.Battle.BattleLaunchRequest,FruitDefense.App.IAppNavigator,FruitDefense.Battle.IBattleResultSink,FruitDefense.UI.RuntimeUiTheme,FruitDefense.Core.GameSimulation) (at Assets/Scripts/FruitDefenseGame.cs:769)
FruitDefense.FruitDefenseGame:Initialize (FruitDefense.Battle.BattleLaunchRequest,FruitDefense.App.IAppNavigator,FruitDefense.Battle.IBattleResultSink,FruitDefense.UI.RuntimeUiTheme,FruitDefense.Core.BattlefieldMapDefinition) (at Assets/Scripts/FruitDefenseGame.cs:659)
FruitDefense.Editor.BattleSessionHostSmoke:ValidateAcceptanceTerminalPreview (FruitDefense.UI.RuntimeUiTheme) (at Assets/Editor/Tests/BattleSessionHostSmoke.cs:204)
FruitDefense.Editor.BattleSessionHostSmoke:Run () (at Assets/Editor/Tests/BattleSessionHostSmoke.cs:21)
FruitDefense.Editor.ProjectSetup:ValidateP1LevelCatalogPath () (at Assets/Editor/Tools/ProjectSetup.cs:349)
FruitDefense.Editor.ProjectSetup:SmokeValidate () (at Assets/Editor/Tools/ProjectSetup.cs:335)
FruitDefense.Editor.P0ValidationSuite:Run () (at Assets/Editor/Tests/P0ValidationSuite.cs:18)

(Filename: Assets/Scripts/FruitDefenseGame.cs Line: 1644)

Fruit Defense battle session host validation passed.
UnityEngine.Debug:ExtractStackTraceNoAlloc (byte*,int,string)
UnityEngine.StackTraceUtility:ExtractStackTrace ()
UnityEngine.DebugLogHandler:Internal_Log (UnityEngine.LogType,UnityEngine.LogOption,string,UnityEngine.Object)
UnityEngine.DebugLogHandler:LogFormat (UnityEngine.LogType,UnityEngine.Object,string,object[])
UnityEngine.Logger:Log (UnityEngine.LogType,object)
UnityEngine.Debug:Log (object)
FruitDefense.Editor.BattleSessionHostSmoke:Run () (at Assets/Editor/Tests/BattleSessionHostSmoke.cs:22)
FruitDefense.Editor.ProjectSetup:ValidateP1LevelCatalogPath () (at Assets/Editor/Tools/ProjectSetup.cs:349)
FruitDefense.Editor.ProjectSetup:SmokeValidate () (at Assets/Editor/Tools/ProjectSetup.cs:335)
FruitDefense.Editor.P0ValidationSuite:Run () (at Assets/Editor/Tests/P0ValidationSuite.cs:18)

(Filename: Assets/Editor/Tests/BattleSessionHostSmoke.cs Line: 22)

FRUIT_DEFENSE_SHELL_OK
UnityEngine.Debug:ExtractStackTraceNoAlloc (byte*,int,string)
UnityEngine.StackTraceUtility:ExtractStackTrace ()
UnityEngine.DebugLogHandler:Internal_Log (UnityEngine.LogType,UnityEngine.LogOption,string,UnityEngine.Object)
UnityEngine.DebugLogHandler:LogFormat (UnityEngine.LogType,UnityEngine.Object,string,object[])
UnityEngine.Logger:Log (UnityEngine.LogType,object)
UnityEngine.Debug:Log (object)
FruitDefense.Shell.ShellFlowValidation:SmokeValidate (FruitDefense.UI.RuntimeUiTheme) (at Assets/Scripts/Shell/ShellFlowValidation.cs:15)
FruitDefense.Editor.ProjectSetup:ValidateP1LevelCatalogPath () (at Assets/Editor/Tools/ProjectSetup.cs:350)
FruitDefense.Editor.ProjectSetup:SmokeValidate () (at Assets/Editor/Tools/ProjectSetup.cs:335)
FruitDefense.Editor.P0ValidationSuite:Run () (at Assets/Editor/Tests/P0ValidationSuite.cs:18)

(Filename: Assets/Scripts/Shell/ShellFlowValidation.cs Line: 15)

Opening scene 'Assets/Scenes/Bootstrap.unity additively'
Loaded scene 'Assets/Scenes/Bootstrap.unity'
	Deserialize:            0.533 ms
	Integration:            0.101 ms
	Integration of assets:  0.002 ms
	Thread Wait Time:       0.006 ms
	Total Operation Time:   0.642 ms
FRUIT_DEFENSE_BATTLE_UI_LAYOUT_OK
UnityEngine.Debug:ExtractStackTraceNoAlloc (byte*,int,string)
UnityEngine.StackTraceUtility:ExtractStackTrace ()
UnityEngine.DebugLogHandler:Internal_Log (UnityEngine.LogType,UnityEngine.LogOption,string,UnityEngine.Object)
UnityEngine.DebugLogHandler:LogFormat (UnityEngine.LogType,UnityEngine.Object,string,object[])
UnityEngine.Logger:Log (UnityEngine.LogType,object)
UnityEngine.Debug:Log (object)
FruitDefense.Editor.BattleUiLayoutSmoke:Run () (at Assets/Editor/Tests/BattleUiLayoutSmoke.cs:23)
FruitDefense.Editor.ProjectSetup:SmokeValidate () (at Assets/Editor/Tools/ProjectSetup.cs:338)
FruitDefense.Editor.P0ValidationSuite:Run () (at Assets/Editor/Tests/P0ValidationSuite.cs:18)

(Filename: Assets/Editor/Tests/BattleUiLayoutSmoke.cs Line: 23)

Opening scene 'Assets/Scenes/Bootstrap.unity additively'
Loaded scene 'Assets/Scenes/Bootstrap.unity'
	Deserialize:            0.446 ms
	Integration:            0.090 ms
	Integration of assets:  0.001 ms
	Thread Wait Time:       0.005 ms
	Total Operation Time:   0.541 ms
Opening scene 'Assets/Scenes/Lobby.unity additively'
Loaded scene 'Assets/Scenes/Lobby.unity'
	Deserialize:            0.343 ms
	Integration:            0.069 ms
	Integration of assets:  0.001 ms
	Thread Wait Time:       0.005 ms
	Total Operation Time:   0.418 ms
Opening scene 'Assets/Scenes/Battle.unity additively'
Loaded scene 'Assets/Scenes/Battle.unity'
	Deserialize:            0.429 ms
	Integration:            0.075 ms
	Integration of assets:  0.001 ms
	Thread Wait Time:       0.006 ms
	Total Operation Time:   0.511 ms
Opening scene 'Assets/Scenes/Settlement.unity additively'
Loaded scene 'Assets/Scenes/Settlement.unity'
	Deserialize:            0.325 ms
	Integration:            0.077 ms
	Integration of assets:  0.001 ms
	Thread Wait Time:       0.006 ms
	Total Operation Time:   0.409 ms
Runtime UI visual system validation passed. Valid (0 warning(s)).
UnityEngine.Debug:ExtractStackTraceNoAlloc (byte*,int,string)
UnityEngine.StackTraceUtility:ExtractStackTrace ()
UnityEngine.DebugLogHandler:Internal_Log (UnityEngine.LogType,UnityEngine.LogOption,string,UnityEngine.Object)
UnityEngine.DebugLogHandler:LogFormat (UnityEngine.LogType,UnityEngine.Object,string,object[])
UnityEngine.Logger:Log (UnityEngine.LogType,object)
UnityEngine.Debug:Log (object)
FruitDefense.Editor.RuntimeUiVisualSystemValidator:ValidateReleaseOrThrow () (at Assets/Editor/Tools/RuntimeUiVisualSystemValidator.cs:179)
FruitDefense.Editor.ProjectSetup:SmokeValidate () (at Assets/Editor/Tools/ProjectSetup.cs:339)
FruitDefense.Editor.P0ValidationSuite:Run () (at Assets/Editor/Tests/P0ValidationSuite.cs:18)

(Filename: Assets/Editor/Tools/RuntimeUiVisualSystemValidator.cs Line: 179)

RUNTIME_UI_NINE_SLICE_PARTITION_OK matrices=9 x35=covered
UnityEngine.Debug:ExtractStackTraceNoAlloc (byte*,int,string)
UnityEngine.StackTraceUtility:ExtractStackTrace ()
UnityEngine.DebugLogHandler:Internal_Log (UnityEngine.LogType,UnityEngine.LogOption,string,UnityEngine.Object)
UnityEngine.DebugLogHandler:LogFormat (UnityEngine.LogType,UnityEngine.Object,string,object[])
UnityEngine.Logger:Log (UnityEngine.LogType,object)
UnityEngine.Debug:Log (object)
FruitDefense.Editor.RuntimeUiVisualSystemSmoke:ValidateNineSliceDevicePixelCoverage () (at Assets/Editor/Tests/RuntimeUiVisualSystemSmoke.cs:97)
FruitDefense.Editor.RuntimeUiVisualSystemSmoke:Run () (at Assets/Editor/Tests/RuntimeUiVisualSystemSmoke.cs:23)
FruitDefense.Editor.ProjectSetup:SmokeValidate () (at Assets/Editor/Tools/ProjectSetup.cs:340)
FruitDefense.Editor.P0ValidationSuite:Run () (at Assets/Editor/Tests/P0ValidationSuite.cs:18)

(Filename: Assets/Editor/Tests/RuntimeUiVisualSystemSmoke.cs Line: 97)

RUNTIME_UI_NINE_SLICE_SOURCE_UV_OK bindings=30
UnityEngine.Debug:ExtractStackTraceNoAlloc (byte*,int,string)
UnityEngine.StackTraceUtility:ExtractStackTrace ()
UnityEngine.DebugLogHandler:Internal_Log (UnityEngine.LogType,UnityEngine.LogOption,string,UnityEngine.Object)
UnityEngine.DebugLogHandler:LogFormat (UnityEngine.LogType,UnityEngine.Object,string,object[])
UnityEngine.Logger:Log (UnityEngine.LogType,object)
UnityEngine.Debug:Log (object)
FruitDefense.Editor.RuntimeUiVisualSystemSmoke:ValidateNineSliceSourceUvContract () (at Assets/Editor/Tests/RuntimeUiVisualSystemSmoke.cs:249)
FruitDefense.Editor.RuntimeUiVisualSystemSmoke:Run () (at Assets/Editor/Tests/RuntimeUiVisualSystemSmoke.cs:26)
FruitDefense.Editor.ProjectSetup:SmokeValidate () (at Assets/Editor/Tools/ProjectSetup.cs:340)
FruitDefense.Editor.P0ValidationSuite:Run () (at Assets/Editor/Tests/P0ValidationSuite.cs:18)

(Filename: Assets/Editor/Tests/RuntimeUiVisualSystemSmoke.cs Line: 249)

RUNTIME_UI_SCREEN_BACKGROUND_OPAQUE_OK sets=2 pre-fix-min-alpha=18
UnityEngine.Debug:ExtractStackTraceNoAlloc (byte*,int,string)
UnityEngine.StackTraceUtility:ExtractStackTrace ()
UnityEngine.DebugLogHandler:Internal_Log (UnityEngine.LogType,UnityEngine.LogOption,string,UnityEngine.Object)
UnityEngine.DebugLogHandler:LogFormat (UnityEngine.LogType,UnityEngine.Object,string,object[])
UnityEngine.Logger:Log (UnityEngine.LogType,object)
UnityEngine.Debug:Log (object)
FruitDefense.Editor.RuntimeUiVisualSystemSmoke:ValidateScreenBackgroundOpacityContract () (at Assets/Editor/Tests/RuntimeUiVisualSystemSmoke.cs:289)
FruitDefense.Editor.RuntimeUiVisualSystemSmoke:Run () (at Assets/Editor/Tests/RuntimeUiVisualSystemSmoke.cs:27)
FruitDefense.Editor.ProjectSetup:SmokeValidate () (at Assets/Editor/Tools/ProjectSetup.cs:340)
FruitDefense.Editor.P0ValidationSuite:Run () (at Assets/Editor/Tests/P0ValidationSuite.cs:18)

(Filename: Assets/Editor/Tests/RuntimeUiVisualSystemSmoke.cs Line: 289)

RUNTIME_UI_LOADING_PRIMARY_CONTRAST_OK ratio=3.2156
UnityEngine.Debug:ExtractStackTraceNoAlloc (byte*,int,string)
UnityEngine.StackTraceUtility:ExtractStackTrace ()
UnityEngine.DebugLogHandler:Internal_Log (UnityEngine.LogType,UnityEngine.LogOption,string,UnityEngine.Object)
UnityEngine.DebugLogHandler:LogFormat (UnityEngine.LogType,UnityEngine.Object,string,object[])
UnityEngine.Logger:Log (UnityEngine.LogType,object)
UnityEngine.Debug:Log (object)
FruitDefense.Editor.RuntimeUiVisualSystemSmoke:ValidateLoadingPrimaryContrast (FruitDefense.UI.RuntimeUiTheme) (at Assets/Editor/Tests/RuntimeUiVisualSystemSmoke.cs:369)
FruitDefense.Editor.RuntimeUiVisualSystemSmoke:Run () (at Assets/Editor/Tests/RuntimeUiVisualSystemSmoke.cs:28)
FruitDefense.Editor.ProjectSetup:SmokeValidate () (at Assets/Editor/Tools/ProjectSetup.cs:340)
FruitDefense.Editor.P0ValidationSuite:Run () (at Assets/Editor/Tests/P0ValidationSuite.cs:18)

(Filename: Assets/Editor/Tests/RuntimeUiVisualSystemSmoke.cs Line: 369)

RUNTIME_UI_SEMANTIC_STATE_CONTRAST_OK status-success=5.0910 status-warning=5.0910 status-error=5.0910 status-selected=3.6334 modal-title=5.2719
UnityEngine.Debug:ExtractStackTraceNoAlloc (byte*,int,string)
UnityEngine.StackTraceUtility:ExtractStackTrace ()
UnityEngine.DebugLogHandler:Internal_Log (UnityEngine.LogType,UnityEngine.LogOption,string,UnityEngine.Object)
UnityEngine.DebugLogHandler:LogFormat (UnityEngine.LogType,UnityEngine.Object,string,object[])
UnityEngine.Logger:Log (UnityEngine.LogType,object)
UnityEngine.Debug:Log (object)
FruitDefense.Editor.RuntimeUiVisualSystemSmoke:ValidateSemanticStateContrast (FruitDefense.UI.RuntimeUiTheme) (at Assets/Editor/Tests/RuntimeUiVisualSystemSmoke.cs:503)
FruitDefense.Editor.RuntimeUiVisualSystemSmoke:Run () (at Assets/Editor/Tests/RuntimeUiVisualSystemSmoke.cs:29)
FruitDefense.Editor.ProjectSetup:SmokeValidate () (at Assets/Editor/Tools/ProjectSetup.cs:340)
FruitDefense.Editor.P0ValidationSuite:Run () (at Assets/Editor/Tests/P0ValidationSuite.cs:18)

(Filename: Assets/Editor/Tests/RuntimeUiVisualSystemSmoke.cs Line: 503)

Start importing Assets/Editor/Tests/Fixtures/RuntimeUi/GeneratedInvalidPathRuntimeUiArtSet.asset using Guid(24b2dd6451017854fa780ff3c5066dc2) (NativeFormatImporter) -> (artifact id: '00def8c29d6abf40c0a5261469191d68') in 0.0016794 seconds
Refreshing native plugins compatible for Editor in 0.16 ms, found 0 plugins.
Preloading 0 native plugins for Editor in 0.00 ms.
Asset Pipeline Refresh (id=bb7261fb9a9bd4b4ebcb3b77ca3fcfb6): Total: 0.021 seconds - Initiated by StopAssetImportingV2(NoUpdateAssetOptions)
Start importing Assets/Editor/Tests/Fixtures/RuntimeUi/GeneratedInvalidPathRuntimeUiArtSet.asset using Guid(24b2dd6451017854fa780ff3c5066dc2) (NativeFormatImporter) -> (artifact id: '00def8c29d6abf40c0a5261469191d68') in 0.0015933 seconds
Refreshing native plugins compatible for Editor in 0.16 ms, found 0 plugins.
Preloading 0 native plugins for Editor in 0.00 ms.
Asset Pipeline Refresh (id=8665eb590a291ad4ea916db34bcc91ef): Total: 0.010 seconds - Initiated by StopAssetImportingV2(NoUpdateAssetOptions)
Refreshing native plugins compatible for Editor in 0.16 ms, found 0 plugins.
Preloading 0 native plugins for Editor in 0.00 ms.
Asset Pipeline Refresh (id=2c98a55aefe8c004da3e6f6bc8205f3f): Total: 0.009 seconds - Initiated by StopAssetImportingV2(NoUpdateAssetOptions)
Asset Pipeline Refresh (id=1e9f0c68c1be0164d875fb0d414c55d2): Total: 0.026 seconds - Initiated by RefreshV2(NoUpdateAssetOptions)
Start importing Assets/UI/Theme/ReleaseRuntimeUiTheme.asset using Guid(932a9783b6b3eee45970ab3ef84a4c39) (NativeFormatImporter) -> (artifact id: '59e7a32f2e620f38fa621becb49da557') in 0.0018201 seconds
Refreshing native plugins compatible for Editor in 0.16 ms, found 0 plugins.
Preloading 0 native plugins for Editor in 0.00 ms.
Asset Pipeline Refresh (id=6782d9b6995667b4082d3c5ed83a5c9b): Total: 0.011 seconds - Initiated by StopAssetImportingV2(NoUpdateAssetOptions)
Asset Pipeline Refresh (id=d096df694b83a3645a67bb29b6145d5a): Total: 0.007 seconds - Initiated by RefreshV2(NoUpdateAssetOptions)
Start importing Assets/UI/Art/Runtime/sunny-orchard/surface-screen-background.png using Guid(81c25e15dd0bd2802865ef47410f7840) (TextureImporter) -> (artifact id: '9509fc44c41363cf9d29a3b30e77efed') in 0.0046665 seconds
Refreshing native plugins compatible for Editor in 0.16 ms, found 0 plugins.
Preloading 0 native plugins for Editor in 0.00 ms.
Asset Pipeline Refresh (id=43df51d3caf84694c982d76fa83e3907): Total: 0.013 seconds - Initiated by StopAssetImportingV2(NoUpdateAssetOptions)
Start importing Assets/UI/Theme/ReleaseRuntimeUiTheme.asset using Guid(932a9783b6b3eee45970ab3ef84a4c39) (NativeFormatImporter) -> (artifact id: '59e7a32f2e620f38fa621becb49da557') in 0.0014347 seconds
Refreshing native plugins compatible for Editor in 0.18 ms, found 0 plugins.
Preloading 0 native plugins for Editor in 0.00 ms.
Asset Pipeline Refresh (id=997e57fb1bf47f346b64ea8cf115f0a9): Total: 0.010 seconds - Initiated by StopAssetImportingV2(NoUpdateAssetOptions)
Asset Pipeline Refresh (id=4dc07c45baaccc346b0d67ad0266da47): Total: 0.007 seconds - Initiated by RefreshV2(NoUpdateAssetOptions)
RUNTIME_UI_VISUAL_SYSTEM_SMOKE_OK
UnityEngine.Debug:ExtractStackTraceNoAlloc (byte*,int,string)
UnityEngine.StackTraceUtility:ExtractStackTrace ()
UnityEngine.DebugLogHandler:Internal_Log (UnityEngine.LogType,UnityEngine.LogOption,string,UnityEngine.Object)
UnityEngine.DebugLogHandler:LogFormat (UnityEngine.LogType,UnityEngine.Object,string,object[])
UnityEngine.Logger:Log (UnityEngine.LogType,object)
UnityEngine.Debug:Log (object)
FruitDefense.Editor.RuntimeUiVisualSystemSmoke:Run () (at Assets/Editor/Tests/RuntimeUiVisualSystemSmoke.cs:72)
FruitDefense.Editor.ProjectSetup:SmokeValidate () (at Assets/Editor/Tools/ProjectSetup.cs:340)
FruitDefense.Editor.P0ValidationSuite:Run () (at Assets/Editor/Tests/P0ValidationSuite.cs:18)

(Filename: Assets/Editor/Tests/RuntimeUiVisualSystemSmoke.cs Line: 72)

FRUIT_DEFENSE_SMOKE_OK
UnityEngine.Debug:ExtractStackTraceNoAlloc (byte*,int,string)
UnityEngine.StackTraceUtility:ExtractStackTrace ()
UnityEngine.DebugLogHandler:Internal_Log (UnityEngine.LogType,UnityEngine.LogOption,string,UnityEngine.Object)
UnityEngine.DebugLogHandler:LogFormat (UnityEngine.LogType,UnityEngine.Object,string,object[])
UnityEngine.Logger:Log (UnityEngine.LogType,object)
UnityEngine.Debug:Log (object)
FruitDefense.Editor.ProjectSetup:SmokeValidate () (at Assets/Editor/Tools/ProjectSetup.cs:341)
FruitDefense.Editor.P0ValidationSuite:Run () (at Assets/Editor/Tests/P0ValidationSuite.cs:18)

(Filename: Assets/Editor/Tools/ProjectSetup.cs Line: 341)

FRUIT_DEFENSE_P0_RELEASE_GATE_OK
UnityEngine.Debug:ExtractStackTraceNoAlloc (byte*,int,string)
UnityEngine.StackTraceUtility:ExtractStackTrace ()
UnityEngine.DebugLogHandler:Internal_Log (UnityEngine.LogType,UnityEngine.LogOption,string,UnityEngine.Object)
UnityEngine.DebugLogHandler:LogFormat (UnityEngine.LogType,UnityEngine.Object,string,object[])
UnityEngine.Logger:Log (UnityEngine.LogType,object)
UnityEngine.Debug:Log (object)
FruitDefense.Editor.P0ValidationSuite:Run () (at Assets/Editor/Tests/P0ValidationSuite.cs:19)

(Filename: Assets/Editor/Tests/P0ValidationSuite.cs Line: 19)

Batchmode quit successfully invoked - shutting down!
[Physics::Module] Cleanup current backend.
[Physics::Module] Id: 0xf2b8ea05
Input System module state changed to: ShutdownInProgress.
Input System polling thread exited.
Input System module state changed to: Shutdown.
[Licensing::IpcConnector] LicenseClient-18163-notifications channel disconnected successfully.
[Licensing::IpcConnector] LicenseClient-18163 channel disconnected successfully.
AcceleratorClientConnectionCallback - disconnected - :0
Cleanup mono
Exiting batchmode successfully now!
Exiting without the bug reporter. Application will terminate with return code 0